[Wed Jul 15 03:15:11 UTC 2026] Watchdog started
[Wed Jul 15 03:15:11 UTC 2026] Starting runner...
2026-07-15 03:15:11  INFO      ============================================================
2026-07-15 03:15:11  INFO      STARTUP  date=2026-07-15  pid=495154
2026-07-15 03:15:11  INFO      Strategy: Supertrend atr=14 mult=1.5 | 15-min | LIVE mode
2026-07-15 03:15:11  INFO      DYNAMIC BASKET (5): HCLTECH,LODHA,ADANIENSOL,JIOFIN,UNIONBANK | EMA filter=50
2026-07-15 03:15:11  INFO      Resolving NSE tokens...
2026-07-15 03:15:11  DEBUG     Starting new HTTPS connection (1): piconnect.flattrade.in:443
2026-07-15 03:15:12  DEBUG     https://piconnect.flattrade.in:443 "POST /PiConnectAPI/SearchScrip HTTP/1.1" 200 None
2026-07-15 03:15:12  INFO      Resolved  HCLTECH          token=7229  tick=0.1
2026-07-15 03:15:12  DEBUG     Starting new HTTPS connection (1): piconnect.flattrade.in:443
2026-07-15 03:15:12  DEBUG     https://piconnect.flattrade.in:443 "POST /PiConnectAPI/SearchScrip HTTP/1.1" 200 None
2026-07-15 03:15:12  INFO      Resolved  LODHA            token=3220  tick=0.05
2026-07-15 03:15:12  DEBUG     Starting new HTTPS connection (1): piconnect.flattrade.in:443
2026-07-15 03:15:12  DEBUG     https://piconnect.flattrade.in:443 "POST /PiConnectAPI/SearchScrip HTTP/1.1" 200 None
2026-07-15 03:15:12  INFO      Resolved  ADANIENSOL       token=10217  tick=0.1
2026-07-15 03:15:12  DEBUG     Starting new HTTPS connection (1): piconnect.flattrade.in:443
2026-07-15 03:15:13  DEBUG     https://piconnect.flattrade.in:443 "POST /PiConnectAPI/SearchScrip HTTP/1.1" 200 None
2026-07-15 03:15:13  INFO      Resolved  JIOFIN           token=18143  tick=0.01
2026-07-15 03:15:13  DEBUG     Starting new HTTPS connection (1): piconnect.flattrade.in:443
2026-07-15 03:15:13  DEBUG     https://piconnect.flattrade.in:443 "POST /PiConnectAPI/SearchScrip HTTP/1.1" 200 None
2026-07-15 03:15:13  INFO      Resolved  UNIONBANK        token=10753  tick=0.01
2026-07-15 03:15:13  DEBUG     Starting new HTTPS connection (1): piconnect.flattrade.in:443
2026-07-15 03:15:13  DEBUG     https://piconnect.flattrade.in:443 "POST /PiConnectAPI/PositionBook HTTP/1.1" 200 None
2026-07-15 03:15:13  DEBUG     Starting new HTTPS connection (1): piconnect.flattrade.in:443
2026-07-15 03:15:13  DEBUG     https://piconnect.flattrade.in:443 "POST /PiConnectAPI/Limits HTTP/1.1" 200 None
2026-07-15 03:15:13  INFO      *** LIVE MODE  cash=Rs1520  deploy(85%)=Rs1292  K=2  cap/stock=Rs646 (MIS notional 4x, CNC 1x) ***
2026-07-15 03:15:13  INFO      5 stocks | Rs646/trade | K=2 | EOD 15:00 IST
2026-07-15 03:15:13  INFO      ============================================================
2026-07-15 03:15:14  INFO      Websocket connected
2026-07-15 03:15:14  INFO      WS CONNECTED  subscribed=5 instruments
2026-07-15 03:15:14  INFO      Ticks -> data/2026-07-15/ticks.jsonl
2026-07-15 03:16:14  ERROR     WS ERROR  Connection to remote host was lost.
2026-07-15 03:16:14  ERROR     Connection to remote host was lost. - goodbye
2026-07-15 03:16:14  WARNING   WS DISCONNECTED  code=None  reason=None  trades=6  pnl=Rs+19.37
[Wed Jul 15 03:16:14 UTC 2026] Runner exited, restarting in 10s...
[Wed Jul 15 03:16:24 UTC 2026] Starting runner...
2026-07-15 03:16:24  INFO      ============================================================
2026-07-15 03:16:24  INFO      STARTUP  date=2026-07-15  pid=495162
2026-07-15 03:16:24  INFO      Strategy: Supertrend atr=14 mult=1.5 | 15-min | LIVE mode
2026-07-15 03:16:24  INFO      DYNAMIC BASKET (5): HCLTECH,LODHA,ADANIENSOL,JIOFIN,UNIONBANK | EMA filter=50
2026-07-15 03:16:24  INFO      Resolving NSE tokens...
2026-07-15 03:16:24  DEBUG     Starting new HTTPS connection (1): piconnect.flattrade.in:443
2026-07-15 03:16:24  DEBUG     https://piconnect.flattrade.in:443 "POST /PiConnectAPI/SearchScrip HTTP/1.1" 200 None
2026-07-15 03:16:24  INFO      Resolved  HCLTECH          token=7229  tick=0.1
2026-07-15 03:16:24  DEBUG     Starting new HTTPS connection (1): piconnect.flattrade.in:443
2026-07-15 03:16:24  DEBUG     https://piconnect.flattrade.in:443 "POST /PiConnectAPI/SearchScrip HTTP/1.1" 200 None
2026-07-15 03:16:24  INFO      Resolved  LODHA            token=3220  tick=0.05
2026-07-15 03:16:24  DEBUG     Starting new HTTPS connection (1): piconnect.flattrade.in:443
2026-07-15 03:16:25  DEBUG     https://piconnect.flattrade.in:443 "POST /PiConnectAPI/SearchScrip HTTP/1.1" 200 None
2026-07-15 03:16:25  INFO      Resolved  ADANIENSOL       token=10217  tick=0.1
2026-07-15 03:16:25  DEBUG     Starting new HTTPS connection (1): piconnect.flattrade.in:443
2026-07-15 03:16:25  DEBUG     https://piconnect.flattrade.in:443 "POST /PiConnectAPI/SearchScrip HTTP/1.1" 200 None
2026-07-15 03:16:25  INFO      Resolved  JIOFIN           token=18143  tick=0.01
2026-07-15 03:16:25  DEBUG     Starting new HTTPS connection (1): piconnect.flattrade.in:443
2026-07-15 03:16:25  DEBUG     https://piconnect.flattrade.in:443 "POST /PiConnectAPI/SearchScrip HTTP/1.1" 200 None
2026-07-15 03:16:25  INFO      Resolved  UNIONBANK        token=10753  tick=0.01
2026-07-15 03:16:25  DEBUG     Starting new HTTPS connection (1): piconnect.flattrade.in:443
2026-07-15 03:16:25  DEBUG     https://piconnect.flattrade.in:443 "POST /PiConnectAPI/PositionBook HTTP/1.1" 200 None
2026-07-15 03:16:25  DEBUG     Starting new HTTPS connection (1): piconnect.flattrade.in:443
2026-07-15 03:16:26  DEBUG     https://piconnect.flattrade.in:443 "POST /PiConnectAPI/Limits HTTP/1.1" 200 None
2026-07-15 03:16:26  INFO      *** LIVE MODE  cash=Rs1520  deploy(85%)=Rs1292  K=2  cap/stock=Rs646 (MIS notional 4x, CNC 1x) ***
2026-07-15 03:16:26  INFO      5 stocks | Rs646/trade | K=2 | EOD 15:00 IST
2026-07-15 03:16:26  INFO      ============================================================
2026-07-15 03:16:26  INFO      Websocket connected
2026-07-15 03:16:26  INFO      WS CONNECTED  subscribed=5 instruments
2026-07-15 03:16:26  INFO      Ticks -> data/2026-07-15/ticks.jsonl
2026-07-15 03:17:26  ERROR     WS ERROR  Connection to remote host was lost.
2026-07-15 03:17:26  ERROR     Connection to remote host was lost. - goodbye
2026-07-15 03:17:26  WARNING   WS DISCONNECTED  code=None  reason=None  trades=6  pnl=Rs+19.37
[Wed Jul 15 03:17:26 UTC 2026] Runner exited, restarting in 10s...
[Wed Jul 15 03:17:36 UTC 2026] Starting runner...
2026-07-15 03:17:36  INFO      ============================================================
2026-07-15 03:17:36  INFO      STARTUP  date=2026-07-15  pid=495219
2026-07-15 03:17:36  INFO      Strategy: Supertrend atr=14 mult=1.5 | 15-min | LIVE mode
2026-07-15 03:17:36  INFO      DYNAMIC BASKET (5): HCLTECH,LODHA,ADANIENSOL,JIOFIN,UNIONBANK | EMA filter=50
2026-07-15 03:17:36  INFO      Resolving NSE tokens...
2026-07-15 03:17:36  DEBUG     Starting new HTTPS connection (1): piconnect.flattrade.in:443
2026-07-15 03:17:36  DEBUG     https://piconnect.flattrade.in:443 "POST /PiConnectAPI/SearchScrip HTTP/1.1" 200 None
2026-07-15 03:17:36  INFO      Resolved  HCLTECH          token=7229  tick=0.1
2026-07-15 03:17:36  DEBUG     Starting new HTTPS connection (1): piconnect.flattrade.in:443
2026-07-15 03:17:37  DEBUG     https://piconnect.flattrade.in:443 "POST /PiConnectAPI/SearchScrip HTTP/1.1" 200 None
2026-07-15 03:17:37  INFO      Resolved  LODHA            token=3220  tick=0.05
2026-07-15 03:17:37  DEBUG     Starting new HTTPS connection (1): piconnect.flattrade.in:443
2026-07-15 03:17:37  DEBUG     https://piconnect.flattrade.in:443 "POST /PiConnectAPI/SearchScrip HTTP/1.1" 200 None
2026-07-15 03:17:37  INFO      Resolved  ADANIENSOL       token=10217  tick=0.1
2026-07-15 03:17:37  DEBUG     Starting new HTTPS connection (1): piconnect.flattrade.in:443
2026-07-15 03:17:37  DEBUG     https://piconnect.flattrade.in:443 "POST /PiConnectAPI/SearchScrip HTTP/1.1" 200 None
2026-07-15 03:17:37  INFO      Resolved  JIOFIN           token=18143  tick=0.01
2026-07-15 03:17:37  DEBUG     Starting new HTTPS connection (1): piconnect.flattrade.in:443
2026-07-15 03:17:37  DEBUG     https://piconnect.flattrade.in:443 "POST /PiConnectAPI/SearchScrip HTTP/1.1" 200 None
2026-07-15 03:17:37  INFO      Resolved  UNIONBANK        token=10753  tick=0.01
2026-07-15 03:17:37  DEBUG     Starting new HTTPS connection (1): piconnect.flattrade.in:443
2026-07-15 03:17:38  DEBUG     https://piconnect.flattrade.in:443 "POST /PiConnectAPI/PositionBook HTTP/1.1" 200 None
2026-07-15 03:17:38  DEBUG     Starting new HTTPS connection (1): piconnect.flattrade.in:443
2026-07-15 03:17:38  DEBUG     https://piconnect.flattrade.in:443 "POST /PiConnectAPI/Limits HTTP/1.1" 200 None
2026-07-15 03:17:38  INFO      *** LIVE MODE  cash=Rs1520  deploy(85%)=Rs1292  K=2  cap/stock=Rs646 (MIS notional 4x, CNC 1x) ***
2026-07-15 03:17:38  INFO      5 stocks | Rs646/trade | K=2 | EOD 15:00 IST
2026-07-15 03:17:38  INFO      ============================================================
2026-07-15 03:17:38  INFO      Websocket connected
2026-07-15 03:17:38  INFO      WS CONNECTED  subscribed=5 instruments
2026-07-15 03:17:38  INFO      Ticks -> data/2026-07-15/ticks.jsonl
2026-07-15 03:18:38  DEBUG     Sending ping
2026-07-15 03:18:38  ERROR     WS ERROR  Connection to remote host was lost.
2026-07-15 03:18:38  ERROR     Connection to remote host was lost. - goodbye
2026-07-15 03:18:38  WARNING   WS DISCONNECTED  code=None  reason=None  trades=6  pnl=Rs+19.37
[Wed Jul 15 03:18:38 UTC 2026] Runner exited, restarting in 10s...
[Wed Jul 15 03:18:48 UTC 2026] Starting runner...
2026-07-15 03:18:48  INFO      ============================================================
2026-07-15 03:18:48  INFO      STARTUP  date=2026-07-15  pid=495230
2026-07-15 03:18:48  INFO      Strategy: Supertrend atr=14 mult=1.5 | 15-min | LIVE mode
2026-07-15 03:18:48  INFO      DYNAMIC BASKET (5): HCLTECH,LODHA,ADANIENSOL,JIOFIN,UNIONBANK | EMA filter=50
2026-07-15 03:18:48  INFO      Resolving NSE tokens...
2026-07-15 03:18:48  DEBUG     Starting new HTTPS connection (1): piconnect.flattrade.in:443
2026-07-15 03:18:49  DEBUG     https://piconnect.flattrade.in:443 "POST /PiConnectAPI/SearchScrip HTTP/1.1" 200 None
2026-07-15 03:18:49  INFO      Resolved  HCLTECH          token=7229  tick=0.1
2026-07-15 03:18:49  DEBUG     Starting new HTTPS connection (1): piconnect.flattrade.in:443
2026-07-15 03:18:49  DEBUG     https://piconnect.flattrade.in:443 "POST /PiConnectAPI/SearchScrip HTTP/1.1" 200 None
2026-07-15 03:18:49  INFO      Resolved  LODHA            token=3220  tick=0.05
2026-07-15 03:18:49  DEBUG     Starting new HTTPS connection (1): piconnect.flattrade.in:443
2026-07-15 03:18:49  DEBUG     https://piconnect.flattrade.in:443 "POST /PiConnectAPI/SearchScrip HTTP/1.1" 200 None
2026-07-15 03:18:49  INFO      Resolved  ADANIENSOL       token=10217  tick=0.1
2026-07-15 03:18:49  DEBUG     Starting new HTTPS connection (1): piconnect.flattrade.in:443
2026-07-15 03:18:49  DEBUG     https://piconnect.flattrade.in:443 "POST /PiConnectAPI/SearchScrip HTTP/1.1" 200 None
2026-07-15 03:18:49  INFO      Resolved  JIOFIN           token=18143  tick=0.01
2026-07-15 03:18:49  DEBUG     Starting new HTTPS connection (1): piconnect.flattrade.in:443
2026-07-15 03:18:50  DEBUG     https://piconnect.flattrade.in:443 "POST /PiConnectAPI/SearchScrip HTTP/1.1" 200 None
2026-07-15 03:18:50  INFO      Resolved  UNIONBANK        token=10753  tick=0.01
2026-07-15 03:18:50  DEBUG     Starting new HTTPS connection (1): piconnect.flattrade.in:443
2026-07-15 03:18:50  DEBUG     https://piconnect.flattrade.in:443 "POST /PiConnectAPI/PositionBook HTTP/1.1" 200 None
2026-07-15 03:18:50  DEBUG     Starting new HTTPS connection (1): piconnect.flattrade.in:443
2026-07-15 03:18:50  DEBUG     https://piconnect.flattrade.in:443 "POST /PiConnectAPI/Limits HTTP/1.1" 200 None
2026-07-15 03:18:50  INFO      *** LIVE MODE  cash=Rs1520  deploy(85%)=Rs1292  K=2  cap/stock=Rs646 (MIS notional 4x, CNC 1x) ***
2026-07-15 03:18:50  INFO      5 stocks | Rs646/trade | K=2 | EOD 15:00 IST
2026-07-15 03:18:50  INFO      ============================================================
2026-07-15 03:18:50  INFO      Websocket connected
2026-07-15 03:18:51  INFO      WS CONNECTED  subscribed=5 instruments
2026-07-15 03:18:51  INFO      Ticks -> data/2026-07-15/ticks.jsonl
2026-07-15 03:19:50  DEBUG     Sending ping
2026-07-15 03:20:20  DEBUG     Sending ping
2026-07-15 03:20:50  DEBUG     Sending ping
2026-07-15 03:21:20  DEBUG     Sending ping
2026-07-15 03:21:50  DEBUG     Sending ping
2026-07-15 03:22:20  DEBUG     Sending ping
2026-07-15 03:22:50  DEBUG     Sending ping
2026-07-15 03:23:20  DEBUG     Sending ping
2026-07-15 03:23:50  DEBUG     Sending ping
2026-07-15 03:24:20  DEBUG     Sending ping
2026-07-15 03:24:50  DEBUG     Sending ping
2026-07-15 03:25:20  DEBUG     Sending ping
2026-07-15 03:25:50  DEBUG     Sending ping
2026-07-15 03:26:20  DEBUG     Sending ping
2026-07-15 03:26:50  DEBUG     Sending ping
2026-07-15 03:27:20  DEBUG     Sending ping
2026-07-15 03:27:50  DEBUG     Sending ping
2026-07-15 03:28:20  DEBUG     Sending ping
2026-07-15 03:28:50  DEBUG     Sending ping
2026-07-15 03:29:20  DEBUG     Sending ping
2026-07-15 03:29:50  DEBUG     Sending ping
2026-07-15 03:30:00  DEBUG     CANDLE  JIOFIN        O=235.97  H=235.97  L=235.97  C=235.97
2026-07-15 03:30:00  DEBUG     CANDLE  HCLTECH       O=1166.70  H=1166.70  L=1166.70  C=1166.70
2026-07-15 03:30:01  DEBUG     CANDLE  ADANIENSOL    O=1690.30  H=1690.30  L=1690.30  C=1690.30
2026-07-15 03:30:02  DEBUG     CANDLE  UNIONBANK     O=170.67  H=170.67  L=170.67  C=170.67
2026-07-15 03:30:02  DEBUG     CANDLE  LODHA         O=1147.25  H=1147.25  L=1147.25  C=1147.25
2026-07-15 03:30:20  DEBUG     Sending ping
2026-07-15 03:30:50  DEBUG     Sending ping
2026-07-15 03:31:20  DEBUG     Sending ping
2026-07-15 03:31:50  DEBUG     Sending ping
2026-07-15 03:32:20  DEBUG     Sending ping
2026-07-15 03:32:50  DEBUG     Sending ping
2026-07-15 03:33:20  DEBUG     Sending ping
2026-07-15 03:33:50  DEBUG     Sending ping
2026-07-15 03:34:20  DEBUG     Sending ping
2026-07-15 03:34:50  DEBUG     Sending ping
2026-07-15 03:35:20  DEBUG     Sending ping
2026-07-15 03:35:50  DEBUG     Sending ping
2026-07-15 03:36:20  DEBUG     Sending ping
2026-07-15 03:36:50  DEBUG     Sending ping
2026-07-15 03:37:20  DEBUG     Sending ping
2026-07-15 03:37:50  DEBUG     Sending ping
2026-07-15 03:38:20  DEBUG     Sending ping
2026-07-15 03:38:50  DEBUG     Sending ping
2026-07-15 03:39:20  DEBUG     Sending ping
2026-07-15 03:39:50  DEBUG     Sending ping
2026-07-15 03:40:20  DEBUG     Sending ping
2026-07-15 03:40:27  ERROR     WS ERROR  Connection to remote host was lost.
2026-07-15 03:40:27  ERROR     Connection to remote host was lost. - goodbye
2026-07-15 03:40:27  WARNING   WS DISCONNECTED  code=None  reason=None  trades=6  pnl=Rs+19.37
[Wed Jul 15 03:40:27 UTC 2026] Runner exited, restarting in 10s...
[Wed Jul 15 03:40:37 UTC 2026] Starting runner...
2026-07-15 03:40:37  INFO      ============================================================
2026-07-15 03:40:37  INFO      STARTUP  date=2026-07-15  pid=495849
2026-07-15 03:40:37  INFO      Strategy: Supertrend atr=14 mult=1.5 | 15-min | LIVE mode
2026-07-15 03:40:37  INFO      DYNAMIC BASKET (5): HCLTECH,LODHA,ADANIENSOL,JIOFIN,UNIONBANK | EMA filter=50
2026-07-15 03:40:37  INFO      Resolving NSE tokens...
2026-07-15 03:40:37  DEBUG     Starting new HTTPS connection (1): piconnect.flattrade.in:443
2026-07-15 03:40:37  DEBUG     https://piconnect.flattrade.in:443 "POST /PiConnectAPI/SearchScrip HTTP/1.1" 200 None
2026-07-15 03:40:37  INFO      Resolved  HCLTECH          token=7229  tick=0.1
2026-07-15 03:40:37  DEBUG     Starting new HTTPS connection (1): piconnect.flattrade.in:443
2026-07-15 03:40:37  DEBUG     https://piconnect.flattrade.in:443 "POST /PiConnectAPI/SearchScrip HTTP/1.1" 200 None
2026-07-15 03:40:37  INFO      Resolved  LODHA            token=3220  tick=0.05
2026-07-15 03:40:37  DEBUG     Starting new HTTPS connection (1): piconnect.flattrade.in:443
2026-07-15 03:40:38  DEBUG     https://piconnect.flattrade.in:443 "POST /PiConnectAPI/SearchScrip HTTP/1.1" 200 None
2026-07-15 03:40:38  INFO      Resolved  ADANIENSOL       token=10217  tick=0.1
2026-07-15 03:40:38  DEBUG     Starting new HTTPS connection (1): piconnect.flattrade.in:443
2026-07-15 03:40:38  DEBUG     https://piconnect.flattrade.in:443 "POST /PiConnectAPI/SearchScrip HTTP/1.1" 200 None
2026-07-15 03:40:38  INFO      Resolved  JIOFIN           token=18143  tick=0.01
2026-07-15 03:40:38  DEBUG     Starting new HTTPS connection (1): piconnect.flattrade.in:443
2026-07-15 03:40:38  DEBUG     https://piconnect.flattrade.in:443 "POST /PiConnectAPI/SearchScrip HTTP/1.1" 200 None
2026-07-15 03:40:38  INFO      Resolved  UNIONBANK        token=10753  tick=0.01
2026-07-15 03:40:38  DEBUG     Starting new HTTPS connection (1): piconnect.flattrade.in:443
2026-07-15 03:40:38  DEBUG     https://piconnect.flattrade.in:443 "POST /PiConnectAPI/PositionBook HTTP/1.1" 200 None
2026-07-15 03:40:38  DEBUG     Starting new HTTPS connection (1): piconnect.flattrade.in:443
2026-07-15 03:40:39  DEBUG     https://piconnect.flattrade.in:443 "POST /PiConnectAPI/Limits HTTP/1.1" 200 None
2026-07-15 03:40:39  INFO      *** LIVE MODE  cash=Rs1520  deploy(85%)=Rs1292  K=2  cap/stock=Rs646 (MIS notional 4x, CNC 1x) ***
2026-07-15 03:40:39  INFO      5 stocks | Rs646/trade | K=2 | EOD 15:00 IST
2026-07-15 03:40:39  INFO      ============================================================
2026-07-15 03:40:39  INFO      Websocket connected
2026-07-15 03:40:39  INFO      WS CONNECTED  subscribed=5 instruments
2026-07-15 03:40:39  INFO      Ticks -> data/2026-07-15/ticks.jsonl
2026-07-15 03:41:39  DEBUG     Sending ping
2026-07-15 03:41:39  ERROR     WS ERROR  Connection to remote host was lost.
2026-07-15 03:41:39  ERROR     Connection to remote host was lost. - goodbye
2026-07-15 03:41:39  WARNING   WS DISCONNECTED  code=None  reason=None  trades=6  pnl=Rs+19.37
[Wed Jul 15 03:41:39 UTC 2026] Runner exited, restarting in 10s...
[Wed Jul 15 03:41:49 UTC 2026] Starting runner...
2026-07-15 03:41:49  INFO      ============================================================
2026-07-15 03:41:49  INFO      STARTUP  date=2026-07-15  pid=495857
2026-07-15 03:41:49  INFO      Strategy: Supertrend atr=14 mult=1.5 | 15-min | LIVE mode
2026-07-15 03:41:49  INFO      DYNAMIC BASKET (5): HCLTECH,LODHA,ADANIENSOL,JIOFIN,UNIONBANK | EMA filter=50
2026-07-15 03:41:49  INFO      Resolving NSE tokens...
2026-07-15 03:41:49  DEBUG     Starting new HTTPS connection (1): piconnect.flattrade.in:443
2026-07-15 03:41:50  DEBUG     https://piconnect.flattrade.in:443 "POST /PiConnectAPI/SearchScrip HTTP/1.1" 200 None
2026-07-15 03:41:50  INFO      Resolved  HCLTECH          token=7229  tick=0.1
2026-07-15 03:41:50  DEBUG     Starting new HTTPS connection (1): piconnect.flattrade.in:443
2026-07-15 03:41:50  DEBUG     https://piconnect.flattrade.in:443 "POST /PiConnectAPI/SearchScrip HTTP/1.1" 200 None
2026-07-15 03:41:50  INFO      Resolved  LODHA            token=3220  tick=0.05
2026-07-15 03:41:50  DEBUG     Starting new HTTPS connection (1): piconnect.flattrade.in:443
2026-07-15 03:41:50  DEBUG     https://piconnect.flattrade.in:443 "POST /PiConnectAPI/SearchScrip HTTP/1.1" 200 None
2026-07-15 03:41:50  INFO      Resolved  ADANIENSOL       token=10217  tick=0.1
2026-07-15 03:41:50  DEBUG     Starting new HTTPS connection (1): piconnect.flattrade.in:443
2026-07-15 03:41:50  DEBUG     https://piconnect.flattrade.in:443 "POST /PiConnectAPI/SearchScrip HTTP/1.1" 200 None
2026-07-15 03:41:50  INFO      Resolved  JIOFIN           token=18143  tick=0.01
2026-07-15 03:41:50  DEBUG     Starting new HTTPS connection (1): piconnect.flattrade.in:443
2026-07-15 03:41:50  DEBUG     https://piconnect.flattrade.in:443 "POST /PiConnectAPI/SearchScrip HTTP/1.1" 200 None
2026-07-15 03:41:50  INFO      Resolved  UNIONBANK        token=10753  tick=0.01
2026-07-15 03:41:50  DEBUG     Starting new HTTPS connection (1): piconnect.flattrade.in:443
2026-07-15 03:41:51  DEBUG     https://piconnect.flattrade.in:443 "POST /PiConnectAPI/PositionBook HTTP/1.1" 200 None
2026-07-15 03:41:51  DEBUG     Starting new HTTPS connection (1): piconnect.flattrade.in:443
2026-07-15 03:41:51  DEBUG     https://piconnect.flattrade.in:443 "POST /PiConnectAPI/Limits HTTP/1.1" 200 None
2026-07-15 03:41:51  INFO      *** LIVE MODE  cash=Rs1520  deploy(85%)=Rs1292  K=2  cap/stock=Rs646 (MIS notional 4x, CNC 1x) ***
2026-07-15 03:41:51  INFO      5 stocks | Rs646/trade | K=2 | EOD 15:00 IST
2026-07-15 03:41:51  INFO      ============================================================
2026-07-15 03:41:51  INFO      Websocket connected
2026-07-15 03:41:51  INFO      WS CONNECTED  subscribed=5 instruments
2026-07-15 03:41:51  INFO      Ticks -> data/2026-07-15/ticks.jsonl
2026-07-15 03:42:51  ERROR     WS ERROR  Connection to remote host was lost.
2026-07-15 03:42:51  ERROR     Connection to remote host was lost. - goodbye
2026-07-15 03:42:51  WARNING   WS DISCONNECTED  code=None  reason=None  trades=6  pnl=Rs+19.37
[Wed Jul 15 03:42:51 UTC 2026] Runner exited, restarting in 10s...
[Wed Jul 15 03:43:01 UTC 2026] Starting runner...
2026-07-15 03:43:02  INFO      ============================================================
2026-07-15 03:43:02  INFO      STARTUP  date=2026-07-15  pid=495914
2026-07-15 03:43:02  INFO      Strategy: Supertrend atr=14 mult=1.5 | 15-min | LIVE mode
2026-07-15 03:43:02  INFO      DYNAMIC BASKET (5): HCLTECH,LODHA,ADANIENSOL,JIOFIN,UNIONBANK | EMA filter=50
2026-07-15 03:43:02  INFO      Resolving NSE tokens...
2026-07-15 03:43:02  DEBUG     Starting new HTTPS connection (1): piconnect.flattrade.in:443
2026-07-15 03:43:02  DEBUG     https://piconnect.flattrade.in:443 "POST /PiConnectAPI/SearchScrip HTTP/1.1" 200 None
2026-07-15 03:43:02  INFO      Resolved  HCLTECH          token=7229  tick=0.1
2026-07-15 03:43:02  DEBUG     Starting new HTTPS connection (1): piconnect.flattrade.in:443
2026-07-15 03:43:02  DEBUG     https://piconnect.flattrade.in:443 "POST /PiConnectAPI/SearchScrip HTTP/1.1" 200 None
2026-07-15 03:43:02  INFO      Resolved  LODHA            token=3220  tick=0.05
2026-07-15 03:43:02  DEBUG     Starting new HTTPS connection (1): piconnect.flattrade.in:443
2026-07-15 03:43:02  DEBUG     https://piconnect.flattrade.in:443 "POST /PiConnectAPI/SearchScrip HTTP/1.1" 200 None
2026-07-15 03:43:02  INFO      Resolved  ADANIENSOL       token=10217  tick=0.1
2026-07-15 03:43:02  DEBUG     Starting new HTTPS connection (1): piconnect.flattrade.in:443
2026-07-15 03:43:02  DEBUG     https://piconnect.flattrade.in:443 "POST /PiConnectAPI/SearchScrip HTTP/1.1" 200 None
2026-07-15 03:43:02  INFO      Resolved  JIOFIN           token=18143  tick=0.01
2026-07-15 03:43:02  DEBUG     Starting new HTTPS connection (1): piconnect.flattrade.in:443
2026-07-15 03:43:03  DEBUG     https://piconnect.flattrade.in:443 "POST /PiConnectAPI/SearchScrip HTTP/1.1" 200 None
2026-07-15 03:43:03  INFO      Resolved  UNIONBANK        token=10753  tick=0.01
2026-07-15 03:43:03  DEBUG     Starting new HTTPS connection (1): piconnect.flattrade.in:443
2026-07-15 03:43:03  DEBUG     https://piconnect.flattrade.in:443 "POST /PiConnectAPI/PositionBook HTTP/1.1" 200 None
2026-07-15 03:43:03  DEBUG     Starting new HTTPS connection (1): piconnect.flattrade.in:443
2026-07-15 03:43:03  DEBUG     https://piconnect.flattrade.in:443 "POST /PiConnectAPI/Limits HTTP/1.1" 200 None
2026-07-15 03:43:03  INFO      *** LIVE MODE  cash=Rs1520  deploy(85%)=Rs1292  K=2  cap/stock=Rs646 (MIS notional 4x, CNC 1x) ***
2026-07-15 03:43:03  INFO      5 stocks | Rs646/trade | K=2 | EOD 15:00 IST
2026-07-15 03:43:03  INFO      ============================================================
2026-07-15 03:43:04  INFO      Websocket connected
2026-07-15 03:43:04  INFO      WS CONNECTED  subscribed=5 instruments
2026-07-15 03:43:04  INFO      Ticks -> data/2026-07-15/ticks.jsonl
2026-07-15 03:44:04  DEBUG     Sending ping
2026-07-15 03:44:34  DEBUG     Sending ping
2026-07-15 03:45:01  DEBUG     CANDLE  UNIONBANK     O=171.21  H=171.21  L=171.21  C=171.21
2026-07-15 03:45:01  DEBUG     CANDLE  ADANIENSOL    O=1700.00  H=1700.00  L=1700.00  C=1700.00
2026-07-15 03:45:01  DEBUG     Starting new HTTPS connection (1): piconnect.flattrade.in:443
2026-07-15 03:45:02  DEBUG     https://piconnect.flattrade.in:443 "POST /PiConnectAPI/Limits HTTP/1.1" 200 None
2026-07-15 03:45:02  INFO      ORDER  ADANIENSOL    BUY    MIS   qty=1       price=Rs1701.90  reason=flip UP | atr=9.35 st=1685.98 sl=1685.98
2026-07-15 03:45:02  DEBUG     Starting new HTTPS connection (1): piconnect.flattrade.in:443
2026-07-15 03:45:02  DEBUG     https://piconnect.flattrade.in:443 "POST /PiConnectAPI/PlaceOrder HTTP/1.1" 200 None
2026-07-15 03:45:02  INFO      ACCEPTED  ADANIENSOL  norenordno=26071500004287
2026-07-15 03:45:02  INFO      CAPITAL  committed=Rs425.48  (added Rs425.48 for MIS ADANIENSOL)
2026-07-15 03:45:02  INFO      ENTRY #7    ADANIENSOL    LONG   Rs1701.90  qty=1  [flip UP | atr=9.35 st=1685.98 sl=1685.98]
2026-07-15 03:45:02  DEBUG     CANDLE  HCLTECH       O=1157.00  H=1157.00  L=1157.00  C=1157.00
2026-07-15 03:45:02  DEBUG     CANDLE  JIOFIN        O=237.20  H=237.20  L=237.20  C=237.20
2026-07-15 03:45:02  INFO      ORDER UPDATE  NewAck    ADANIENSOL-EQ  norenordno=26071500004287
2026-07-15 03:45:03  INFO      ORDER UPDATE  New       ADANIENSOL-EQ  norenordno=26071500004287
2026-07-15 03:45:03  INFO      FILL CONFIRMED  ADANIENSOL    BUY  actual=Rs1701.5000  est=Rs1701.9000  slippage=Rs-0.4000
2026-07-15 03:45:03  DEBUG     CANDLE  LODHA         O=1145.00  H=1145.00  L=1145.00  C=1145.00
2026-07-15 03:45:04  DEBUG     Sending ping
2026-07-15 03:45:25  INFO      ORDER  ADANIENSOL    SELL   MIS   qty=1       price=Rs1685.70  reason=HARD SL | entry=1700.00 atr=9.35
2026-07-15 03:45:25  DEBUG     Starting new HTTPS connection (1): piconnect.flattrade.in:443
2026-07-15 03:45:25  DEBUG     https://piconnect.flattrade.in:443 "POST /PiConnectAPI/PlaceOrder HTTP/1.1" 200 None
2026-07-15 03:45:25  INFO      ACCEPTED  ADANIENSOL  norenordno=26071500005375
2026-07-15 03:45:25  INFO      CAPITAL  committed=Rs4.05  (released Rs421.43 for MIS ADANIENSOL)
2026-07-15 03:45:25  INFO      EXIT ORDER  ADANIENSOL    SELL  qty=1  [HARD SL | entry=1700.00 atr=9.35] — awaiting fill
2026-07-15 03:45:25  INFO      ORDER UPDATE  NewAck    ADANIENSOL-EQ  norenordno=26071500005375
2026-07-15 03:45:25  INFO      ORDER UPDATE  New       ADANIENSOL-EQ  norenordno=26071500005375
2026-07-15 03:45:25  WARNING   ORDER CANCELED  ADANIENSOL-EQ  norenordno=26071500005375  reason=16388: cancelled by Exchange
2026-07-15 03:45:25  WARNING   EXIT UNFILLED  ADANIENSOL — Canceled; RETRY #1 (still holding, not booked)
2026-07-15 03:45:26  INFO      ORDER  ADANIENSOL    SELL   MIS   qty=1       price=Rs1685.60  reason=retry
2026-07-15 03:45:26  DEBUG     Starting new HTTPS connection (1): piconnect.flattrade.in:443
2026-07-15 03:45:26  DEBUG     https://piconnect.flattrade.in:443 "POST /PiConnectAPI/PlaceOrder HTTP/1.1" 200 None
2026-07-15 03:45:26  INFO      ACCEPTED  ADANIENSOL  norenordno=26071500005421
2026-07-15 03:45:26  INFO      CAPITAL  committed=Rs0.00  (released Rs421.40 for MIS ADANIENSOL)
2026-07-15 03:45:26  INFO      EXIT ORDER  ADANIENSOL    SELL  qty=1  [retry] — awaiting fill
2026-07-15 03:45:26  INFO      ORDER UPDATE  NewAck    ADANIENSOL-EQ  norenordno=26071500005421
2026-07-15 03:45:26  INFO      ORDER UPDATE  New       ADANIENSOL-EQ  norenordno=26071500005421
2026-07-15 03:45:26  WARNING   ORDER CANCELED  ADANIENSOL-EQ  norenordno=26071500005421  reason=16388: cancelled by Exchange
2026-07-15 03:45:26  WARNING   EXIT UNFILLED  ADANIENSOL — Canceled; RETRY #2 (still holding, not booked)
2026-07-15 03:45:27  INFO      ORDER  ADANIENSOL    SELL   MIS   qty=1       price=Rs1685.60  reason=retry
2026-07-15 03:45:27  DEBUG     Starting new HTTPS connection (1): piconnect.flattrade.in:443
2026-07-15 03:45:27  DEBUG     https://piconnect.flattrade.in:443 "POST /PiConnectAPI/PlaceOrder HTTP/1.1" 200 None
2026-07-15 03:45:27  INFO      ACCEPTED  ADANIENSOL  norenordno=26071500005462
2026-07-15 03:45:27  INFO      CAPITAL  committed=Rs0.00  (released Rs421.40 for MIS ADANIENSOL)
2026-07-15 03:45:27  INFO      EXIT ORDER  ADANIENSOL    SELL  qty=1  [retry] — awaiting fill
2026-07-15 03:45:27  INFO      ORDER UPDATE  NewAck    ADANIENSOL-EQ  norenordno=26071500005462
2026-07-15 03:45:27  INFO      ORDER UPDATE  New       ADANIENSOL-EQ  norenordno=26071500005462
2026-07-15 03:45:27  INFO      EXIT  ADANIENSOL    LOSS  net=Rs-16.10 (gross=Rs-15.50 cost=Rs0.60)  entry=Rs1701.50  exit=Rs1686.0000  qty=1  total=Rs+3.27  [retry]
2026-07-15 03:45:34  DEBUG     Sending ping
2026-07-15 03:46:04  DEBUG     Sending ping
2026-07-15 03:46:34  DEBUG     Sending ping
2026-07-15 03:47:04  DEBUG     Sending ping
2026-07-15 03:47:34  DEBUG     Sending ping
2026-07-15 03:48:04  DEBUG     Sending ping
2026-07-15 03:48:34  DEBUG     Sending ping
2026-07-15 03:49:04  DEBUG     Sending ping
2026-07-15 03:49:34  DEBUG     Sending ping
2026-07-15 03:50:04  DEBUG     Sending ping
2026-07-15 03:50:34  DEBUG     Sending ping
2026-07-15 03:51:04  DEBUG     Sending ping
2026-07-15 03:51:34  DEBUG     Sending ping
2026-07-15 03:52:04  DEBUG     Sending ping
2026-07-15 03:52:34  DEBUG     Sending ping
2026-07-15 03:53:04  DEBUG     Sending ping
2026-07-15 03:53:34  DEBUG     Sending ping
2026-07-15 03:54:04  DEBUG     Sending ping
2026-07-15 03:54:34  DEBUG     Sending ping
2026-07-15 03:55:04  DEBUG     Sending ping
2026-07-15 03:55:34  DEBUG     Sending ping
2026-07-15 03:56:04  DEBUG     Sending ping
2026-07-15 03:56:34  DEBUG     Sending ping
2026-07-15 03:57:04  DEBUG     Sending ping
2026-07-15 03:57:34  DEBUG     Sending ping
2026-07-15 03:58:04  DEBUG     Sending ping
2026-07-15 03:58:34  DEBUG     Sending ping
2026-07-15 03:59:04  DEBUG     Sending ping
2026-07-15 03:59:34  DEBUG     Sending ping
2026-07-15 04:00:00  DEBUG     CANDLE  HCLTECH       O=1153.00  H=1178.00  L=1145.00  C=1174.00
2026-07-15 04:00:00  DEBUG     CANDLE  UNIONBANK     O=171.85  H=172.69  L=170.86  C=172.60
2026-07-15 04:00:00  DEBUG     CANDLE  LODHA         O=1151.25  H=1172.70  L=1151.25  C=1170.55
2026-07-15 04:00:00  DEBUG     Starting new HTTPS connection (1): piconnect.flattrade.in:443
2026-07-15 04:00:00  DEBUG     https://piconnect.flattrade.in:443 "POST /PiConnectAPI/Limits HTTP/1.1" 200 None
2026-07-15 04:00:00  INFO      ORDER  LODHA         BUY    MIS   qty=2       price=Rs1171.00  reason=flip UP | atr=6.68 st=1151.96 sl=1160.54
2026-07-15 04:00:00  DEBUG     Starting new HTTPS connection (1): piconnect.flattrade.in:443
2026-07-15 04:00:01  DEBUG     https://piconnect.flattrade.in:443 "POST /PiConnectAPI/PlaceOrder HTTP/1.1" 200 None
2026-07-15 04:00:01  INFO      ACCEPTED  LODHA  norenordno=26071500035218
2026-07-15 04:00:01  INFO      CAPITAL  committed=Rs585.50  (added Rs585.50 for MIS LODHA)
2026-07-15 04:00:01  INFO      ENTRY #8    LODHA         LONG   Rs1171.00  qty=2  [flip UP | atr=6.68 st=1151.96 sl=1160.54]
2026-07-15 04:00:01  INFO      ORDER UPDATE  NewAck    LODHA-EQ  norenordno=26071500035218
2026-07-15 04:00:01  INFO      ORDER UPDATE  New       LODHA-EQ  norenordno=26071500035218
2026-07-15 04:00:01  INFO      FILL CONFIRMED  LODHA         BUY  actual=Rs1171.0000  est=Rs1171.0000  slippage=Rs+0.0000
2026-07-15 04:00:04  DEBUG     Sending ping
2026-07-15 04:00:04  DEBUG     CANDLE  JIOFIN        O=237.53  H=237.96  L=236.72  C=237.70
2026-07-15 04:00:05  DEBUG     CANDLE  ADANIENSOL    O=1701.90  H=1702.00  L=1684.40  C=1697.10
2026-07-15 04:00:34  DEBUG     Sending ping
2026-07-15 04:01:04  DEBUG     Sending ping
2026-07-15 04:01:34  DEBUG     Sending ping
2026-07-15 04:02:04  DEBUG     Sending ping
2026-07-15 04:02:34  DEBUG     Sending ping
2026-07-15 04:03:04  DEBUG     Sending ping
2026-07-15 04:03:34  DEBUG     Sending ping
2026-07-15 04:04:04  DEBUG     Sending ping
2026-07-15 04:04:34  DEBUG     Sending ping
2026-07-15 04:05:04  DEBUG     Sending ping
2026-07-15 04:05:34  DEBUG     Sending ping
2026-07-15 04:06:04  DEBUG     Sending ping
2026-07-15 04:06:34  DEBUG     Sending ping
2026-07-15 04:07:04  DEBUG     Sending ping
2026-07-15 04:07:34  DEBUG     Sending ping
2026-07-15 04:08:04  DEBUG     Sending ping
2026-07-15 04:08:34  DEBUG     Sending ping
2026-07-15 04:09:04  DEBUG     Sending ping
2026-07-15 04:09:34  DEBUG     Sending ping
2026-07-15 04:10:04  DEBUG     Sending ping
2026-07-15 04:10:34  DEBUG     Sending ping
2026-07-15 04:11:04  DEBUG     Sending ping
2026-07-15 04:11:34  DEBUG     Sending ping
2026-07-15 04:12:04  DEBUG     Sending ping
2026-07-15 04:12:34  DEBUG     Sending ping
2026-07-15 04:13:04  DEBUG     Sending ping
2026-07-15 04:13:34  DEBUG     Sending ping
2026-07-15 04:13:35  INFO      ORDER  LODHA         SELL   MIS   qty=2       price=Rs1170.40  reason=BREAKEVEN | entry=1170.55
2026-07-15 04:13:35  DEBUG     Starting new HTTPS connection (1): piconnect.flattrade.in:443
2026-07-15 04:13:36  DEBUG     https://piconnect.flattrade.in:443 "POST /PiConnectAPI/PlaceOrder HTTP/1.1" 200 None
2026-07-15 04:13:36  INFO      ACCEPTED  LODHA  norenordno=26071500050182
2026-07-15 04:13:36  INFO      CAPITAL  committed=Rs0.30  (released Rs585.20 for MIS LODHA)
2026-07-15 04:13:36  INFO      EXIT ORDER  LODHA         SELL  qty=2  [BREAKEVEN | entry=1170.55] — awaiting fill
2026-07-15 04:13:36  INFO      ORDER UPDATE  NewAck    LODHA-EQ  norenordno=26071500050182
2026-07-15 04:13:36  INFO      ORDER UPDATE  New       LODHA-EQ  norenordno=26071500050182
2026-07-15 04:13:36  INFO      EXIT  LODHA         LOSS  net=Rs-2.03 (gross=Rs-1.20 cost=Rs0.83)  entry=Rs1171.00  exit=Rs1170.4000  qty=2  total=Rs+1.24  [BREAKEVEN | entry=1170.55]
2026-07-15 04:14:04  DEBUG     Sending ping
2026-07-15 04:14:34  DEBUG     Sending ping
2026-07-15 04:15:01  DEBUG     CANDLE  UNIONBANK     O=172.65  H=172.90  L=171.93  C=172.05
2026-07-15 04:15:01  DEBUG     CANDLE  LODHA         O=1171.00  H=1178.90  L=1168.25  C=1170.40
2026-07-15 04:15:01  DEBUG     CANDLE  JIOFIN        O=237.73  H=238.32  L=237.64  C=237.84
2026-07-15 04:15:01  DEBUG     CANDLE  HCLTECH       O=1174.50  H=1180.40  L=1172.50  C=1173.30
2026-07-15 04:15:01  DEBUG     CANDLE  ADANIENSOL    O=1697.70  H=1703.80  L=1693.60  C=1695.10
2026-07-15 04:15:04  DEBUG     Sending ping
2026-07-15 04:15:34  DEBUG     Sending ping
2026-07-15 04:16:04  DEBUG     Sending ping
2026-07-15 04:16:34  DEBUG     Sending ping
2026-07-15 04:17:04  DEBUG     Sending ping
2026-07-15 04:17:34  DEBUG     Sending ping
2026-07-15 04:18:04  DEBUG     Sending ping
2026-07-15 04:18:34  DEBUG     Sending ping
2026-07-15 04:19:04  DEBUG     Sending ping
2026-07-15 04:19:34  DEBUG     Sending ping
2026-07-15 04:20:04  DEBUG     Sending ping
2026-07-15 04:20:34  DEBUG     Sending ping
2026-07-15 04:21:04  DEBUG     Sending ping
2026-07-15 04:21:34  DEBUG     Sending ping
2026-07-15 04:22:04  DEBUG     Sending ping
2026-07-15 04:22:34  DEBUG     Sending ping
2026-07-15 04:23:04  DEBUG     Sending ping
2026-07-15 04:23:34  DEBUG     Sending ping
2026-07-15 04:24:04  DEBUG     Sending ping
2026-07-15 04:24:34  DEBUG     Sending ping
2026-07-15 04:25:04  DEBUG     Sending ping
2026-07-15 04:25:34  DEBUG     Sending ping
2026-07-15 04:26:04  DEBUG     Sending ping
2026-07-15 04:26:34  DEBUG     Sending ping
2026-07-15 04:27:04  DEBUG     Sending ping
2026-07-15 04:27:34  DEBUG     Sending ping
2026-07-15 04:28:04  DEBUG     Sending ping
2026-07-15 04:28:34  DEBUG     Sending ping
2026-07-15 04:29:04  DEBUG     Sending ping
2026-07-15 04:29:34  DEBUG     Sending ping
2026-07-15 04:30:01  DEBUG     CANDLE  LODHA         O=1170.85  H=1173.85  L=1166.30  C=1170.65
2026-07-15 04:30:01  DEBUG     CANDLE  JIOFIN        O=237.88  H=238.27  L=237.71  C=238.06
2026-07-15 04:30:02  DEBUG     CANDLE  UNIONBANK     O=172.17  H=173.65  L=172.05  C=172.97
2026-07-15 04:30:04  DEBUG     Sending ping
2026-07-15 04:30:07  DEBUG     CANDLE  ADANIENSOL    O=1695.00  H=1696.00  L=1690.00  C=1690.20
2026-07-15 04:30:12  DEBUG     CANDLE  HCLTECH       O=1173.80  H=1179.50  L=1171.60  C=1176.50
2026-07-15 04:30:34  DEBUG     Sending ping
2026-07-15 04:31:04  DEBUG     Sending ping
2026-07-15 04:31:34  DEBUG     Sending ping
2026-07-15 04:32:04  DEBUG     Sending ping
2026-07-15 04:32:34  DEBUG     Sending ping
2026-07-15 04:33:04  DEBUG     Sending ping
2026-07-15 04:33:34  DEBUG     Sending ping
2026-07-15 04:34:04  DEBUG     Sending ping
2026-07-15 04:34:34  DEBUG     Sending ping
2026-07-15 04:35:04  DEBUG     Sending ping
2026-07-15 04:35:34  DEBUG     Sending ping
2026-07-15 04:36:04  DEBUG     Sending ping
2026-07-15 04:36:34  DEBUG     Sending ping
2026-07-15 04:37:04  DEBUG     Sending ping
2026-07-15 04:37:34  DEBUG     Sending ping
2026-07-15 04:38:04  DEBUG     Sending ping
2026-07-15 04:38:34  DEBUG     Sending ping
2026-07-15 04:39:04  DEBUG     Sending ping
2026-07-15 04:39:34  DEBUG     Sending ping
2026-07-15 04:40:04  DEBUG     Sending ping
2026-07-15 04:40:34  DEBUG     Sending ping
2026-07-15 04:41:04  DEBUG     Sending ping
2026-07-15 04:41:34  DEBUG     Sending ping
2026-07-15 04:42:04  DEBUG     Sending ping
2026-07-15 04:42:34  DEBUG     Sending ping
2026-07-15 04:43:04  DEBUG     Sending ping
2026-07-15 04:43:34  DEBUG     Sending ping
2026-07-15 04:44:04  DEBUG     Sending ping
2026-07-15 04:44:34  DEBUG     Sending ping
2026-07-15 04:45:00  DEBUG     CANDLE  UNIONBANK     O=172.90  H=172.97  L=172.25  C=172.42
2026-07-15 04:45:00  DEBUG     CANDLE  JIOFIN        O=238.04  H=238.38  L=237.84  C=238.18
2026-07-15 04:45:01  DEBUG     CANDLE  HCLTECH       O=1176.90  H=1180.70  L=1176.10  C=1178.80
2026-07-15 04:45:01  DEBUG     CANDLE  LODHA         O=1170.75  H=1172.20  L=1168.20  C=1170.50
2026-07-15 04:45:02  DEBUG     CANDLE  ADANIENSOL    O=1690.90  H=1691.10  L=1681.00  C=1682.70
2026-07-15 04:45:04  DEBUG     Sending ping
2026-07-15 04:45:34  DEBUG     Sending ping
2026-07-15 04:46:04  DEBUG     Sending ping
2026-07-15 04:46:34  DEBUG     Sending ping
2026-07-15 04:47:04  DEBUG     Sending ping
2026-07-15 04:47:34  DEBUG     Sending ping
2026-07-15 04:48:04  DEBUG     Sending ping
2026-07-15 04:48:34  DEBUG     Sending ping
2026-07-15 04:49:04  DEBUG     Sending ping
2026-07-15 04:49:34  DEBUG     Sending ping
2026-07-15 04:50:04  DEBUG     Sending ping
2026-07-15 04:50:34  DEBUG     Sending ping
2026-07-15 04:51:04  DEBUG     Sending ping
2026-07-15 04:51:34  DEBUG     Sending ping
2026-07-15 04:52:04  DEBUG     Sending ping
2026-07-15 04:52:34  DEBUG     Sending ping
2026-07-15 04:53:04  DEBUG     Sending ping
2026-07-15 04:53:34  DEBUG     Sending ping
2026-07-15 04:54:04  DEBUG     Sending ping
2026-07-15 04:54:34  DEBUG     Sending ping
2026-07-15 04:55:04  DEBUG     Sending ping
2026-07-15 04:55:34  DEBUG     Sending ping
2026-07-15 04:56:04  DEBUG     Sending ping
2026-07-15 04:56:34  DEBUG     Sending ping
2026-07-15 04:57:04  DEBUG     Sending ping
2026-07-15 04:57:34  DEBUG     Sending ping
2026-07-15 04:58:04  DEBUG     Sending ping
2026-07-15 04:58:34  DEBUG     Sending ping
2026-07-15 04:59:04  DEBUG     Sending ping
2026-07-15 04:59:34  DEBUG     Sending ping
2026-07-15 05:00:00  DEBUG     CANDLE  UNIONBANK     O=172.39  H=172.86  L=171.29  C=172.62
2026-07-15 05:00:00  DEBUG     CANDLE  ADANIENSOL    O=1683.00  H=1685.70  L=1676.00  C=1677.40
2026-07-15 05:00:01  DEBUG     CANDLE  JIOFIN        O=238.20  H=238.50  L=238.15  C=238.35
2026-07-15 05:00:04  DEBUG     Sending ping
2026-07-15 05:00:06  DEBUG     CANDLE  HCLTECH       O=1179.00  H=1179.10  L=1174.10  C=1174.60
2026-07-15 05:00:09  DEBUG     CANDLE  LODHA         O=1170.85  H=1172.00  L=1166.65  C=1167.90
2026-07-15 05:00:34  DEBUG     Sending ping
2026-07-15 05:01:04  DEBUG     Sending ping
2026-07-15 05:01:34  DEBUG     Sending ping
2026-07-15 05:02:04  DEBUG     Sending ping
2026-07-15 05:02:34  DEBUG     Sending ping
2026-07-15 05:03:04  DEBUG     Sending ping
2026-07-15 05:03:34  DEBUG     Sending ping
2026-07-15 05:04:04  DEBUG     Sending ping
2026-07-15 05:04:34  DEBUG     Sending ping
2026-07-15 05:05:04  DEBUG     Sending ping
2026-07-15 05:05:34  DEBUG     Sending ping
2026-07-15 05:06:04  DEBUG     Sending ping
2026-07-15 05:06:34  DEBUG     Sending ping
2026-07-15 05:07:04  DEBUG     Sending ping
2026-07-15 05:07:34  DEBUG     Sending ping
2026-07-15 05:08:04  DEBUG     Sending ping
2026-07-15 05:08:34  DEBUG     Sending ping
2026-07-15 05:09:04  DEBUG     Sending ping
2026-07-15 05:09:34  DEBUG     Sending ping
2026-07-15 05:10:04  DEBUG     Sending ping
2026-07-15 05:10:34  DEBUG     Sending ping
2026-07-15 05:11:04  DEBUG     Sending ping
2026-07-15 05:11:34  DEBUG     Sending ping
2026-07-15 05:12:04  DEBUG     Sending ping
2026-07-15 05:12:34  DEBUG     Sending ping
2026-07-15 05:13:04  DEBUG     Sending ping
2026-07-15 05:13:34  DEBUG     Sending ping
2026-07-15 05:14:04  DEBUG     Sending ping
2026-07-15 05:14:34  DEBUG     Sending ping
2026-07-15 05:15:00  DEBUG     CANDLE  HCLTECH       O=1174.30  H=1174.60  L=1170.40  C=1172.80
2026-07-15 05:15:01  DEBUG     CANDLE  ADANIENSOL    O=1677.50  H=1687.30  L=1676.80  C=1686.60
2026-07-15 05:15:01  DEBUG     CANDLE  LODHA         O=1168.00  H=1169.00  L=1164.35  C=1166.40
2026-07-15 05:15:03  DEBUG     CANDLE  JIOFIN        O=238.34  H=238.36  L=237.63  C=237.72
2026-07-15 05:15:04  DEBUG     Sending ping
2026-07-15 05:15:04  DEBUG     CANDLE  UNIONBANK     O=172.54  H=172.75  L=171.72  C=172.10
2026-07-15 05:15:34  DEBUG     Sending ping
2026-07-15 05:16:04  DEBUG     Sending ping
2026-07-15 05:16:34  DEBUG     Sending ping
2026-07-15 05:17:04  DEBUG     Sending ping
2026-07-15 05:17:34  DEBUG     Sending ping
2026-07-15 05:18:04  DEBUG     Sending ping
2026-07-15 05:18:34  DEBUG     Sending ping
2026-07-15 05:19:04  DEBUG     Sending ping
2026-07-15 05:19:34  DEBUG     Sending ping
2026-07-15 05:20:04  DEBUG     Sending ping
2026-07-15 05:20:34  DEBUG     Sending ping
2026-07-15 05:21:04  DEBUG     Sending ping
2026-07-15 05:21:34  DEBUG     Sending ping
2026-07-15 05:22:04  DEBUG     Sending ping
2026-07-15 05:22:34  DEBUG     Sending ping
2026-07-15 05:23:04  DEBUG     Sending ping
2026-07-15 05:23:34  DEBUG     Sending ping
2026-07-15 05:24:04  DEBUG     Sending ping
2026-07-15 05:24:34  DEBUG     Sending ping
2026-07-15 05:25:04  DEBUG     Sending ping
2026-07-15 05:25:34  DEBUG     Sending ping
2026-07-15 05:26:04  DEBUG     Sending ping
2026-07-15 05:26:34  DEBUG     Sending ping
2026-07-15 05:27:04  DEBUG     Sending ping
2026-07-15 05:27:34  DEBUG     Sending ping
2026-07-15 05:28:04  DEBUG     Sending ping
2026-07-15 05:28:34  DEBUG     Sending ping
2026-07-15 05:29:04  DEBUG     Sending ping
2026-07-15 05:29:34  DEBUG     Sending ping
2026-07-15 05:30:01  DEBUG     CANDLE  LODHA         O=1166.20  H=1168.50  L=1166.00  C=1167.90
2026-07-15 05:30:01  DEBUG     CANDLE  JIOFIN        O=237.66  H=237.75  L=237.15  C=237.34
2026-07-15 05:30:01  INFO      ORDER  JIOFIN        SELL   MIS   qty=10      price=Rs237.28   reason=flip DOWN | atr=0.66 st=238.39 sl=238.32
2026-07-15 05:30:01  DEBUG     Starting new HTTPS connection (1): piconnect.flattrade.in:443
2026-07-15 05:30:02  DEBUG     https://piconnect.flattrade.in:443 "POST /PiConnectAPI/PlaceOrder HTTP/1.1" 200 None
2026-07-15 05:30:02  INFO      ACCEPTED  JIOFIN  norenordno=26071500114209
2026-07-15 05:30:02  INFO      CAPITAL  committed=Rs0.00  (released Rs593.20 for MIS JIOFIN)
2026-07-15 05:30:02  INFO      ENTRY #9    JIOFIN        SHORT  Rs237.28  qty=10  [flip DOWN | atr=0.66 st=238.39 sl=238.32]
2026-07-15 05:30:02  DEBUG     CANDLE  HCLTECH       O=1172.40  H=1172.40  L=1169.20  C=1170.40
2026-07-15 05:30:02  INFO      ORDER UPDATE  NewAck    JIOFIN-EQ  norenordno=26071500114209
2026-07-15 05:30:02  INFO      ORDER UPDATE  New       JIOFIN-EQ  norenordno=26071500114209
2026-07-15 05:30:02  INFO      FILL CONFIRMED  JIOFIN        SELL  actual=Rs237.3500  est=Rs237.2800  slippage=Rs-0.0700
2026-07-15 05:30:02  DEBUG     CANDLE  UNIONBANK     O=172.17  H=172.78  L=172.10  C=172.15
2026-07-15 05:30:04  DEBUG     Sending ping
2026-07-15 05:30:04  DEBUG     CANDLE  ADANIENSOL    O=1687.00  H=1690.00  L=1681.00  C=1684.00
2026-07-15 05:30:34  DEBUG     Sending ping
2026-07-15 05:31:04  DEBUG     Sending ping
2026-07-15 05:31:34  DEBUG     Sending ping
2026-07-15 05:32:04  DEBUG     Sending ping
2026-07-15 05:32:34  DEBUG     Sending ping
2026-07-15 05:33:04  DEBUG     Sending ping
2026-07-15 05:33:34  DEBUG     Sending ping
2026-07-15 05:34:04  DEBUG     Sending ping
2026-07-15 05:34:34  DEBUG     Sending ping
2026-07-15 05:35:04  DEBUG     Sending ping
2026-07-15 05:35:34  DEBUG     Sending ping
2026-07-15 05:36:04  DEBUG     Sending ping
2026-07-15 05:36:34  DEBUG     Sending ping
2026-07-15 05:37:04  DEBUG     Sending ping
2026-07-15 05:37:34  DEBUG     Sending ping
2026-07-15 05:38:04  DEBUG     Sending ping
2026-07-15 05:38:34  DEBUG     Sending ping
2026-07-15 05:39:04  DEBUG     Sending ping
2026-07-15 05:39:34  DEBUG     Sending ping
2026-07-15 05:40:04  DEBUG     Sending ping
2026-07-15 05:40:34  DEBUG     Sending ping
2026-07-15 05:41:04  DEBUG     Sending ping
2026-07-15 05:41:34  DEBUG     Sending ping
2026-07-15 05:42:04  DEBUG     Sending ping
2026-07-15 05:42:34  DEBUG     Sending ping
2026-07-15 05:43:04  DEBUG     Sending ping
2026-07-15 05:43:34  DEBUG     Sending ping
2026-07-15 05:44:04  DEBUG     Sending ping
2026-07-15 05:44:34  DEBUG     Sending ping
2026-07-15 05:45:00  DEBUG     CANDLE  ADANIENSOL    O=1684.60  H=1693.50  L=1683.20  C=1689.40
2026-07-15 05:45:01  DEBUG     CANDLE  JIOFIN        O=237.35  H=237.67  L=237.11  C=237.20
2026-07-15 05:45:01  DEBUG     CANDLE  HCLTECH       O=1170.00  H=1174.00  L=1167.70  C=1168.90
2026-07-15 05:45:01  DEBUG     CANDLE  UNIONBANK     O=172.17  H=173.30  L=171.81  C=172.90
2026-07-15 05:45:04  DEBUG     Sending ping
2026-07-15 05:45:05  DEBUG     CANDLE  LODHA         O=1168.00  H=1178.20  L=1166.95  C=1170.75
2026-07-15 05:45:34  DEBUG     Sending ping
2026-07-15 05:46:04  DEBUG     Sending ping
2026-07-15 05:46:34  DEBUG     Sending ping
2026-07-15 05:47:04  DEBUG     Sending ping
2026-07-15 05:47:34  DEBUG     Sending ping
2026-07-15 05:48:04  DEBUG     Sending ping
2026-07-15 05:48:34  DEBUG     Sending ping
2026-07-15 05:49:04  DEBUG     Sending ping
2026-07-15 05:49:34  DEBUG     Sending ping
2026-07-15 05:50:04  DEBUG     Sending ping
2026-07-15 05:50:34  DEBUG     Sending ping
2026-07-15 05:51:04  DEBUG     Sending ping
2026-07-15 05:51:34  DEBUG     Sending ping
2026-07-15 05:52:04  DEBUG     Sending ping
2026-07-15 05:52:34  DEBUG     Sending ping
2026-07-15 05:53:04  DEBUG     Sending ping
2026-07-15 05:53:34  DEBUG     Sending ping
2026-07-15 05:53:45  ERROR     WS ERROR  Connection to remote host was lost.
2026-07-15 05:53:45  ERROR     Connection to remote host was lost. - goodbye
2026-07-15 05:53:45  WARNING   WS DISCONNECTED  code=None  reason=None  trades=9  pnl=Rs+1.24
[Wed Jul 15 05:53:45 UTC 2026] Runner exited, restarting in 10s...
[Wed Jul 15 05:53:55 UTC 2026] Starting runner...
2026-07-15 05:53:56  INFO      ============================================================
2026-07-15 05:53:56  INFO      STARTUP  date=2026-07-15  pid=499620
2026-07-15 05:53:56  INFO      Strategy: Supertrend atr=14 mult=1.5 | 15-min | LIVE mode
2026-07-15 05:53:56  INFO      DYNAMIC BASKET (5): HCLTECH,LODHA,ADANIENSOL,JIOFIN,UNIONBANK | EMA filter=50
2026-07-15 05:53:56  INFO      Resolving NSE tokens...
2026-07-15 05:53:56  DEBUG     Starting new HTTPS connection (1): piconnect.flattrade.in:443
2026-07-15 05:53:56  DEBUG     https://piconnect.flattrade.in:443 "POST /PiConnectAPI/SearchScrip HTTP/1.1" 200 None
2026-07-15 05:53:56  INFO      Resolved  HCLTECH          token=7229  tick=0.1
2026-07-15 05:53:56  DEBUG     Starting new HTTPS connection (1): piconnect.flattrade.in:443
2026-07-15 05:53:56  DEBUG     https://piconnect.flattrade.in:443 "POST /PiConnectAPI/SearchScrip HTTP/1.1" 200 None
2026-07-15 05:53:56  INFO      Resolved  LODHA            token=3220  tick=0.05
2026-07-15 05:53:56  DEBUG     Starting new HTTPS connection (1): piconnect.flattrade.in:443
2026-07-15 05:53:56  DEBUG     https://piconnect.flattrade.in:443 "POST /PiConnectAPI/SearchScrip HTTP/1.1" 200 None
2026-07-15 05:53:56  INFO      Resolved  ADANIENSOL       token=10217  tick=0.1
2026-07-15 05:53:56  DEBUG     Starting new HTTPS connection (1): piconnect.flattrade.in:443
2026-07-15 05:53:57  DEBUG     https://piconnect.flattrade.in:443 "POST /PiConnectAPI/SearchScrip HTTP/1.1" 200 None
2026-07-15 05:53:57  INFO      Resolved  JIOFIN           token=18143  tick=0.01
2026-07-15 05:53:57  DEBUG     Starting new HTTPS connection (1): piconnect.flattrade.in:443
2026-07-15 05:53:57  DEBUG     https://piconnect.flattrade.in:443 "POST /PiConnectAPI/SearchScrip HTTP/1.1" 200 None
2026-07-15 05:53:57  INFO      Resolved  UNIONBANK        token=10753  tick=0.01
2026-07-15 05:53:57  WARNING   STATE RESTORED  JIOFIN        SHORT  entry=Rs237.35  qty=10  (saved 2026-07-15)
2026-07-15 05:53:57  DEBUG     Starting new HTTPS connection (1): piconnect.flattrade.in:443
2026-07-15 05:53:57  DEBUG     https://piconnect.flattrade.in:443 "POST /PiConnectAPI/PositionBook HTTP/1.1" 200 None
2026-07-15 05:53:57  INFO      ALIGN  JIOFIN        strat.position=-1  entry=Rs237.34
2026-07-15 05:53:57  DEBUG     Starting new HTTPS connection (1): piconnect.flattrade.in:443
2026-07-15 05:53:57  DEBUG     https://piconnect.flattrade.in:443 "POST /PiConnectAPI/Limits HTTP/1.1" 200 None
2026-07-15 05:53:57  INFO      *** LIVE MODE  cash=Rs1520  deploy(85%)=Rs1292  K=2  cap/stock=Rs646 (MIS notional 4x, CNC 1x) ***
2026-07-15 05:53:57  INFO      5 stocks | Rs646/trade | K=2 | EOD 15:00 IST
2026-07-15 05:53:57  INFO      ============================================================
2026-07-15 05:53:58  INFO      Websocket connected
2026-07-15 05:53:58  INFO      WS CONNECTED  subscribed=5 instruments
2026-07-15 05:53:58  INFO      Ticks -> data/2026-07-15/ticks.jsonl
2026-07-15 05:54:58  DEBUG     Sending ping
2026-07-15 05:55:28  DEBUG     Sending ping
2026-07-15 05:55:58  DEBUG     Sending ping
2026-07-15 05:56:28  DEBUG     Sending ping
2026-07-15 05:56:58  DEBUG     Sending ping
2026-07-15 05:57:09  DEBUG     Starting new HTTPS connection (1): piconnect.flattrade.in:443
2026-07-15 05:57:09  DEBUG     https://piconnect.flattrade.in:443 "POST /PiConnectAPI/Limits HTTP/1.1" 200 None
2026-07-15 05:57:09  INFO      ORDER  JIOFIN        BUY    MIS   qty=10      price=Rs238.19   reason=HARD SL | entry=237.34 atr=0.66
2026-07-15 05:57:09  DEBUG     Starting new HTTPS connection (1): piconnect.flattrade.in:443
2026-07-15 05:57:09  DEBUG     https://piconnect.flattrade.in:443 "POST /PiConnectAPI/PlaceOrder HTTP/1.1" 200 None
2026-07-15 05:57:09  INFO      ACCEPTED  JIOFIN  norenordno=26071500134832
2026-07-15 05:57:09  INFO      CAPITAL  committed=Rs595.48  (added Rs595.48 for MIS JIOFIN)
2026-07-15 05:57:09  INFO      EXIT ORDER  JIOFIN        BUY  qty=10  [HARD SL | entry=237.34 atr=0.66] — awaiting fill
2026-07-15 05:57:09  INFO      ORDER UPDATE  NewAck    JIOFIN-EQ  norenordno=26071500134832
2026-07-15 05:57:09  INFO      ORDER UPDATE  New       JIOFIN-EQ  norenordno=26071500134832
2026-07-15 05:57:09  WARNING   ORDER CANCELED  JIOFIN-EQ  norenordno=26071500134832  reason=16388: cancelled by Exchange
2026-07-15 05:57:09  WARNING   EXIT UNFILLED  JIOFIN — Canceled; RETRY #1 (still holding, not booked)
2026-07-15 05:57:09  DEBUG     Starting new HTTPS connection (1): piconnect.flattrade.in:443
2026-07-15 05:57:10  DEBUG     https://piconnect.flattrade.in:443 "POST /PiConnectAPI/Limits HTTP/1.1" 200 None
2026-07-15 05:57:10  INFO      ORDER  JIOFIN        BUY    MIS   qty=10      price=Rs238.26   reason=retry
2026-07-15 05:57:10  DEBUG     Starting new HTTPS connection (1): piconnect.flattrade.in:443
2026-07-15 05:57:10  DEBUG     https://piconnect.flattrade.in:443 "POST /PiConnectAPI/PlaceOrder HTTP/1.1" 200 None
2026-07-15 05:57:10  INFO      ACCEPTED  JIOFIN  norenordno=26071500134841
2026-07-15 05:57:10  INFO      CAPITAL  committed=Rs1191.12  (added Rs595.65 for MIS JIOFIN)
2026-07-15 05:57:10  INFO      EXIT ORDER  JIOFIN        BUY  qty=10  [retry] — awaiting fill
2026-07-15 05:57:10  INFO      ORDER UPDATE  NewAck    JIOFIN-EQ  norenordno=26071500134841
2026-07-15 05:57:10  INFO      ORDER UPDATE  New       JIOFIN-EQ  norenordno=26071500134841
2026-07-15 05:57:10  INFO      EXIT  JIOFIN        LOSS  net=Rs-9.84 (gross=Rs-9.00 cost=Rs0.84)  entry=Rs237.35  exit=Rs238.2500  qty=10  total=Rs-8.61  [retry]
2026-07-15 05:57:22  ERROR     WS ERROR  Connection to remote host was lost.
2026-07-15 05:57:22  ERROR     Connection to remote host was lost. - goodbye
2026-07-15 05:57:22  WARNING   WS DISCONNECTED  code=None  reason=None  trades=9  pnl=Rs-8.61
[Wed Jul 15 05:57:22 UTC 2026] Runner exited, restarting in 10s...
[Wed Jul 15 05:57:32 UTC 2026] Starting runner...
2026-07-15 05:57:32  INFO      ============================================================
2026-07-15 05:57:32  INFO      STARTUP  date=2026-07-15  pid=499682
2026-07-15 05:57:32  INFO      Strategy: Supertrend atr=14 mult=1.5 | 15-min | LIVE mode
2026-07-15 05:57:32  INFO      DYNAMIC BASKET (5): HCLTECH,LODHA,ADANIENSOL,JIOFIN,UNIONBANK | EMA filter=50
2026-07-15 05:57:32  INFO      Resolving NSE tokens...
2026-07-15 05:57:32  DEBUG     Starting new HTTPS connection (1): piconnect.flattrade.in:443
2026-07-15 05:57:33  DEBUG     https://piconnect.flattrade.in:443 "POST /PiConnectAPI/SearchScrip HTTP/1.1" 200 None
2026-07-15 05:57:33  INFO      Resolved  HCLTECH          token=7229  tick=0.1
2026-07-15 05:57:33  DEBUG     Starting new HTTPS connection (1): piconnect.flattrade.in:443
2026-07-15 05:57:33  DEBUG     https://piconnect.flattrade.in:443 "POST /PiConnectAPI/SearchScrip HTTP/1.1" 200 None
2026-07-15 05:57:33  INFO      Resolved  LODHA            token=3220  tick=0.05
2026-07-15 05:57:33  DEBUG     Starting new HTTPS connection (1): piconnect.flattrade.in:443
2026-07-15 05:57:33  DEBUG     https://piconnect.flattrade.in:443 "POST /PiConnectAPI/SearchScrip HTTP/1.1" 200 None
2026-07-15 05:57:33  INFO      Resolved  ADANIENSOL       token=10217  tick=0.1
2026-07-15 05:57:33  DEBUG     Starting new HTTPS connection (1): piconnect.flattrade.in:443
2026-07-15 05:57:33  DEBUG     https://piconnect.flattrade.in:443 "POST /PiConnectAPI/SearchScrip HTTP/1.1" 200 None
2026-07-15 05:57:33  INFO      Resolved  JIOFIN           token=18143  tick=0.01
2026-07-15 05:57:33  DEBUG     Starting new HTTPS connection (1): piconnect.flattrade.in:443
2026-07-15 05:57:34  DEBUG     https://piconnect.flattrade.in:443 "POST /PiConnectAPI/SearchScrip HTTP/1.1" 200 None
2026-07-15 05:57:34  INFO      Resolved  UNIONBANK        token=10753  tick=0.01
2026-07-15 05:57:34  DEBUG     Starting new HTTPS connection (1): piconnect.flattrade.in:443
2026-07-15 05:57:34  DEBUG     https://piconnect.flattrade.in:443 "POST /PiConnectAPI/PositionBook HTTP/1.1" 200 None
2026-07-15 05:57:34  DEBUG     Starting new HTTPS connection (1): piconnect.flattrade.in:443
2026-07-15 05:57:34  DEBUG     https://piconnect.flattrade.in:443 "POST /PiConnectAPI/Limits HTTP/1.1" 200 None
2026-07-15 05:57:34  INFO      *** LIVE MODE  cash=Rs1520  deploy(85%)=Rs1292  K=2  cap/stock=Rs646 (MIS notional 4x, CNC 1x) ***
2026-07-15 05:57:34  INFO      5 stocks | Rs646/trade | K=2 | EOD 15:00 IST
2026-07-15 05:57:34  INFO      ============================================================
2026-07-15 05:57:35  ERROR     WS ERROR  Handshake status 502 Bad Gateway -+-+- {'date': 'Wed, 15 Jul 2026 05:57:35 GMT', 'content-type': 'text/plain; charset=UTF-8', 'content-length': '15', 'connection': 'keep-alive', 'report-to': '{"endpoints":[{"url":"https:\\/\\/a.nel.cloudflare.com\\/report\\/v4?s=WPkLJzaFXayQnzDaHOVx65zSpapv7rKcra6sBkeMh3cb8ZjoWKUprV046913bpK53xpk0%2BRhFXyDNUSltlhMvXw2qGFir0hjtvUGReBwGTmhnGiYNcWAW5ig3LSscGceuiT09DCzRhY%3D"}],"group":"cf-nel","max_age":604800}', 'nel': '{"success_fraction":0,"report_to":"cf-nel","max_age":604800}', 'x-frame-options': 'SAMEORIGIN', 'referrer-policy': 'same-origin', 'cache-control': 'private, max-age=0, no-store, no-cache, must-revalidate, post-check=0, pre-check=0', 'expires': 'Thu, 01 Jan 1970 00:00:01 GMT', 'server': 'cloudflare', 'cf-ray': 'a1b687cb48522af8-CPH', 'server-timing': 'cfL4;desc="?proto=TCP&rtt=12932&min_rtt=12932&rtt_var=4850&sent=4&recv=6&lost=0&retrans=0&sent_bytes=2824&recv_bytes=835&delivery_rate=223871&cwnd=52&unsent_bytes=0&cid=5f8dd0ad87a87b24&ts=470&x=0"'} -+-+- b'error code: 502'
2026-07-15 05:57:35  ERROR     Handshake status 502 Bad Gateway -+-+- {'date': 'Wed, 15 Jul 2026 05:57:35 GMT', 'content-type': 'text/plain; charset=UTF-8', 'content-length': '15', 'connection': 'keep-alive', 'report-to': '{"endpoints":[{"url":"https:\\/\\/a.nel.cloudflare.com\\/report\\/v4?s=WPkLJzaFXayQnzDaHOVx65zSpapv7rKcra6sBkeMh3cb8ZjoWKUprV046913bpK53xpk0%2BRhFXyDNUSltlhMvXw2qGFir0hjtvUGReBwGTmhnGiYNcWAW5ig3LSscGceuiT09DCzRhY%3D"}],"group":"cf-nel","max_age":604800}', 'nel': '{"success_fraction":0,"report_to":"cf-nel","max_age":604800}', 'x-frame-options': 'SAMEORIGIN', 'referrer-policy': 'same-origin', 'cache-control': 'private, max-age=0, no-store, no-cache, must-revalidate, post-check=0, pre-check=0', 'expires': 'Thu, 01 Jan 1970 00:00:01 GMT', 'server': 'cloudflare', 'cf-ray': 'a1b687cb48522af8-CPH', 'server-timing': 'cfL4;desc="?proto=TCP&rtt=12932&min_rtt=12932&rtt_var=4850&sent=4&recv=6&lost=0&retrans=0&sent_bytes=2824&recv_bytes=835&delivery_rate=223871&cwnd=52&unsent_bytes=0&cid=5f8dd0ad87a87b24&ts=470&x=0"'} -+-+- b'error code: 502' - goodbye
2026-07-15 05:57:35  WARNING   WS DISCONNECTED  code=None  reason=None  trades=9  pnl=Rs-8.61
[Wed Jul 15 05:57:35 UTC 2026] Runner exited, restarting in 10s...
[Wed Jul 15 05:57:45 UTC 2026] Starting runner...
2026-07-15 05:57:45  INFO      ============================================================
2026-07-15 05:57:45  INFO      STARTUP  date=2026-07-15  pid=499689
2026-07-15 05:57:45  INFO      Strategy: Supertrend atr=14 mult=1.5 | 15-min | LIVE mode
2026-07-15 05:57:45  INFO      DYNAMIC BASKET (5): HCLTECH,LODHA,ADANIENSOL,JIOFIN,UNIONBANK | EMA filter=50
2026-07-15 05:57:45  INFO      Resolving NSE tokens...
2026-07-15 05:57:45  DEBUG     Starting new HTTPS connection (1): piconnect.flattrade.in:443
2026-07-15 05:57:45  DEBUG     https://piconnect.flattrade.in:443 "POST /PiConnectAPI/SearchScrip HTTP/1.1" 200 None
2026-07-15 05:57:45  INFO      Resolved  HCLTECH          token=7229  tick=0.1
2026-07-15 05:57:45  DEBUG     Starting new HTTPS connection (1): piconnect.flattrade.in:443
2026-07-15 05:57:45  DEBUG     https://piconnect.flattrade.in:443 "POST /PiConnectAPI/SearchScrip HTTP/1.1" 200 None
2026-07-15 05:57:45  INFO      Resolved  LODHA            token=3220  tick=0.05
2026-07-15 05:57:45  DEBUG     Starting new HTTPS connection (1): piconnect.flattrade.in:443
2026-07-15 05:57:45  DEBUG     https://piconnect.flattrade.in:443 "POST /PiConnectAPI/SearchScrip HTTP/1.1" 200 None
2026-07-15 05:57:45  INFO      Resolved  ADANIENSOL       token=10217  tick=0.1
2026-07-15 05:57:45  DEBUG     Starting new HTTPS connection (1): piconnect.flattrade.in:443
2026-07-15 05:57:46  DEBUG     https://piconnect.flattrade.in:443 "POST /PiConnectAPI/SearchScrip HTTP/1.1" 200 None
2026-07-15 05:57:46  INFO      Resolved  JIOFIN           token=18143  tick=0.01
2026-07-15 05:57:46  DEBUG     Starting new HTTPS connection (1): piconnect.flattrade.in:443
2026-07-15 05:57:46  DEBUG     https://piconnect.flattrade.in:443 "POST /PiConnectAPI/SearchScrip HTTP/1.1" 200 None
2026-07-15 05:57:46  INFO      Resolved  UNIONBANK        token=10753  tick=0.01
2026-07-15 05:57:46  DEBUG     Starting new HTTPS connection (1): piconnect.flattrade.in:443
2026-07-15 05:57:46  DEBUG     https://piconnect.flattrade.in:443 "POST /PiConnectAPI/PositionBook HTTP/1.1" 200 None
2026-07-15 05:57:46  DEBUG     Starting new HTTPS connection (1): piconnect.flattrade.in:443
2026-07-15 05:57:46  DEBUG     https://piconnect.flattrade.in:443 "POST /PiConnectAPI/Limits HTTP/1.1" 200 None
2026-07-15 05:57:46  INFO      *** LIVE MODE  cash=Rs1520  deploy(85%)=Rs1292  K=2  cap/stock=Rs646 (MIS notional 4x, CNC 1x) ***
2026-07-15 05:57:46  INFO      5 stocks | Rs646/trade | K=2 | EOD 15:00 IST
2026-07-15 05:57:46  INFO      ============================================================
2026-07-15 05:57:47  ERROR     WS ERROR  Handshake status 502 Bad Gateway -+-+- {'date': 'Wed, 15 Jul 2026 05:57:47 GMT', 'content-type': 'text/plain; charset=UTF-8', 'content-length': '15', 'connection': 'keep-alive', 'report-to': '{"endpoints":[{"url":"https:\\/\\/a.nel.cloudflare.com\\/report\\/v4?s=qMFVGCi8qnrVLA9EjQgFHDixq14R52JPMI6%2FrDJCAD34BVYHczibr5olnKgjWKlp%2BVfzDvHMfFsp7OhkNk1mOd0I4U%2FG71ERrX2z8vEiLQetbx8w8ht2X5Y7YtqPkIcUMJYDtBsoFYs%3D"}],"group":"cf-nel","max_age":604800}', 'nel': '{"success_fraction":0,"report_to":"cf-nel","max_age":604800}', 'x-frame-options': 'SAMEORIGIN', 'referrer-policy': 'same-origin', 'cache-control': 'private, max-age=0, no-store, no-cache, must-revalidate, post-check=0, pre-check=0', 'expires': 'Thu, 01 Jan 1970 00:00:01 GMT', 'server': 'cloudflare', 'cf-ray': 'a1b68817db47a50a-CPH', 'server-timing': 'cfL4;desc="?proto=TCP&rtt=13135&min_rtt=13128&rtt_var=4928&sent=4&recv=6&lost=0&retrans=0&sent_bytes=2826&recv_bytes=835&delivery_rate=220597&cwnd=52&unsent_bytes=0&cid=7fdef1234c117a86&ts=454&x=0"'} -+-+- b'error code: 502'
2026-07-15 05:57:47  ERROR     Handshake status 502 Bad Gateway -+-+- {'date': 'Wed, 15 Jul 2026 05:57:47 GMT', 'content-type': 'text/plain; charset=UTF-8', 'content-length': '15', 'connection': 'keep-alive', 'report-to': '{"endpoints":[{"url":"https:\\/\\/a.nel.cloudflare.com\\/report\\/v4?s=qMFVGCi8qnrVLA9EjQgFHDixq14R52JPMI6%2FrDJCAD34BVYHczibr5olnKgjWKlp%2BVfzDvHMfFsp7OhkNk1mOd0I4U%2FG71ERrX2z8vEiLQetbx8w8ht2X5Y7YtqPkIcUMJYDtBsoFYs%3D"}],"group":"cf-nel","max_age":604800}', 'nel': '{"success_fraction":0,"report_to":"cf-nel","max_age":604800}', 'x-frame-options': 'SAMEORIGIN', 'referrer-policy': 'same-origin', 'cache-control': 'private, max-age=0, no-store, no-cache, must-revalidate, post-check=0, pre-check=0', 'expires': 'Thu, 01 Jan 1970 00:00:01 GMT', 'server': 'cloudflare', 'cf-ray': 'a1b68817db47a50a-CPH', 'server-timing': 'cfL4;desc="?proto=TCP&rtt=13135&min_rtt=13128&rtt_var=4928&sent=4&recv=6&lost=0&retrans=0&sent_bytes=2826&recv_bytes=835&delivery_rate=220597&cwnd=52&unsent_bytes=0&cid=7fdef1234c117a86&ts=454&x=0"'} -+-+- b'error code: 502' - goodbye
2026-07-15 05:57:47  WARNING   WS DISCONNECTED  code=None  reason=None  trades=9  pnl=Rs-8.61
[Wed Jul 15 05:57:47 UTC 2026] Runner exited, restarting in 10s...
[Wed Jul 15 05:57:57 UTC 2026] Starting runner...
2026-07-15 05:57:57  INFO      ============================================================
2026-07-15 05:57:57  INFO      STARTUP  date=2026-07-15  pid=499744
2026-07-15 05:57:57  INFO      Strategy: Supertrend atr=14 mult=1.5 | 15-min | LIVE mode
2026-07-15 05:57:57  INFO      DYNAMIC BASKET (5): HCLTECH,LODHA,ADANIENSOL,JIOFIN,UNIONBANK | EMA filter=50
2026-07-15 05:57:57  INFO      Resolving NSE tokens...
2026-07-15 05:57:57  DEBUG     Starting new HTTPS connection (1): piconnect.flattrade.in:443
2026-07-15 05:57:57  DEBUG     https://piconnect.flattrade.in:443 "POST /PiConnectAPI/SearchScrip HTTP/1.1" 200 None
2026-07-15 05:57:57  INFO      Resolved  HCLTECH          token=7229  tick=0.1
2026-07-15 05:57:57  DEBUG     Starting new HTTPS connection (1): piconnect.flattrade.in:443
2026-07-15 05:57:57  DEBUG     https://piconnect.flattrade.in:443 "POST /PiConnectAPI/SearchScrip HTTP/1.1" 200 None
2026-07-15 05:57:57  INFO      Resolved  LODHA            token=3220  tick=0.05
2026-07-15 05:57:57  DEBUG     Starting new HTTPS connection (1): piconnect.flattrade.in:443
2026-07-15 05:57:58  DEBUG     https://piconnect.flattrade.in:443 "POST /PiConnectAPI/SearchScrip HTTP/1.1" 200 None
2026-07-15 05:57:58  INFO      Resolved  ADANIENSOL       token=10217  tick=0.1
2026-07-15 05:57:58  DEBUG     Starting new HTTPS connection (1): piconnect.flattrade.in:443
2026-07-15 05:57:58  DEBUG     https://piconnect.flattrade.in:443 "POST /PiConnectAPI/SearchScrip HTTP/1.1" 200 None
2026-07-15 05:57:58  INFO      Resolved  JIOFIN           token=18143  tick=0.01
2026-07-15 05:57:58  DEBUG     Starting new HTTPS connection (1): piconnect.flattrade.in:443
2026-07-15 05:57:58  DEBUG     https://piconnect.flattrade.in:443 "POST /PiConnectAPI/SearchScrip HTTP/1.1" 200 None
2026-07-15 05:57:58  INFO      Resolved  UNIONBANK        token=10753  tick=0.01
2026-07-15 05:57:58  DEBUG     Starting new HTTPS connection (1): piconnect.flattrade.in:443
2026-07-15 05:57:58  DEBUG     https://piconnect.flattrade.in:443 "POST /PiConnectAPI/PositionBook HTTP/1.1" 200 None
2026-07-15 05:57:58  DEBUG     Starting new HTTPS connection (1): piconnect.flattrade.in:443
2026-07-15 05:57:59  DEBUG     https://piconnect.flattrade.in:443 "POST /PiConnectAPI/Limits HTTP/1.1" 200 None
2026-07-15 05:57:59  INFO      *** LIVE MODE  cash=Rs1520  deploy(85%)=Rs1292  K=2  cap/stock=Rs646 (MIS notional 4x, CNC 1x) ***
2026-07-15 05:57:59  INFO      5 stocks | Rs646/trade | K=2 | EOD 15:00 IST
2026-07-15 05:57:59  INFO      ============================================================
2026-07-15 05:57:59  ERROR     WS ERROR  Handshake status 502 Bad Gateway -+-+- {'date': 'Wed, 15 Jul 2026 05:57:59 GMT', 'content-type': 'text/plain; charset=UTF-8', 'content-length': '15', 'connection': 'keep-alive', 'report-to': '{"endpoints":[{"url":"https:\\/\\/a.nel.cloudflare.com\\/report\\/v4?s=BuumowBzdLC5pACGpGlcQV6BzvI5c3vZPt1RIIuzNh6enmfC33ZDeu0ijZlNk1y6Co0TdnkWQyLtafpT6H70ys8WWIelHVu9npHI3%2FXYgpqJGALszY189Kd0sKSPLLG%2FGA5z5lBQwkU%3D"}],"group":"cf-nel","max_age":604800}', 'nel': '{"success_fraction":0,"report_to":"cf-nel","max_age":604800}', 'x-frame-options': 'SAMEORIGIN', 'referrer-policy': 'same-origin', 'cache-control': 'private, max-age=0, no-store, no-cache, must-revalidate, post-check=0, pre-check=0', 'expires': 'Thu, 01 Jan 1970 00:00:01 GMT', 'server': 'cloudflare', 'cf-ray': 'a1b688644f125f9e-CPH', 'server-timing': 'cfL4;desc="?proto=TCP&rtt=12717&min_rtt=12717&rtt_var=4769&sent=4&recv=6&lost=0&retrans=0&sent_bytes=2824&recv_bytes=835&delivery_rate=227726&cwnd=52&unsent_bytes=0&cid=bc404d382783f239&ts=429&x=0"'} -+-+- b'error code: 502'
2026-07-15 05:57:59  ERROR     Handshake status 502 Bad Gateway -+-+- {'date': 'Wed, 15 Jul 2026 05:57:59 GMT', 'content-type': 'text/plain; charset=UTF-8', 'content-length': '15', 'connection': 'keep-alive', 'report-to': '{"endpoints":[{"url":"https:\\/\\/a.nel.cloudflare.com\\/report\\/v4?s=BuumowBzdLC5pACGpGlcQV6BzvI5c3vZPt1RIIuzNh6enmfC33ZDeu0ijZlNk1y6Co0TdnkWQyLtafpT6H70ys8WWIelHVu9npHI3%2FXYgpqJGALszY189Kd0sKSPLLG%2FGA5z5lBQwkU%3D"}],"group":"cf-nel","max_age":604800}', 'nel': '{"success_fraction":0,"report_to":"cf-nel","max_age":604800}', 'x-frame-options': 'SAMEORIGIN', 'referrer-policy': 'same-origin', 'cache-control': 'private, max-age=0, no-store, no-cache, must-revalidate, post-check=0, pre-check=0', 'expires': 'Thu, 01 Jan 1970 00:00:01 GMT', 'server': 'cloudflare', 'cf-ray': 'a1b688644f125f9e-CPH', 'server-timing': 'cfL4;desc="?proto=TCP&rtt=12717&min_rtt=12717&rtt_var=4769&sent=4&recv=6&lost=0&retrans=0&sent_bytes=2824&recv_bytes=835&delivery_rate=227726&cwnd=52&unsent_bytes=0&cid=bc404d382783f239&ts=429&x=0"'} -+-+- b'error code: 502' - goodbye
2026-07-15 05:57:59  WARNING   WS DISCONNECTED  code=None  reason=None  trades=9  pnl=Rs-8.61
[Wed Jul 15 05:57:59 UTC 2026] Runner exited, restarting in 10s...
[Wed Jul 15 05:58:09 UTC 2026] Starting runner...
2026-07-15 05:58:09  INFO      ============================================================
2026-07-15 05:58:09  INFO      STARTUP  date=2026-07-15  pid=499751
2026-07-15 05:58:09  INFO      Strategy: Supertrend atr=14 mult=1.5 | 15-min | LIVE mode
2026-07-15 05:58:09  INFO      DYNAMIC BASKET (5): HCLTECH,LODHA,ADANIENSOL,JIOFIN,UNIONBANK | EMA filter=50
2026-07-15 05:58:09  INFO      Resolving NSE tokens...
2026-07-15 05:58:09  DEBUG     Starting new HTTPS connection (1): piconnect.flattrade.in:443
2026-07-15 05:58:09  DEBUG     https://piconnect.flattrade.in:443 "POST /PiConnectAPI/SearchScrip HTTP/1.1" 200 None
2026-07-15 05:58:09  INFO      Resolved  HCLTECH          token=7229  tick=0.1
2026-07-15 05:58:09  DEBUG     Starting new HTTPS connection (1): piconnect.flattrade.in:443
2026-07-15 05:58:10  DEBUG     https://piconnect.flattrade.in:443 "POST /PiConnectAPI/SearchScrip HTTP/1.1" 200 None
2026-07-15 05:58:10  INFO      Resolved  LODHA            token=3220  tick=0.05
2026-07-15 05:58:10  DEBUG     Starting new HTTPS connection (1): piconnect.flattrade.in:443
2026-07-15 05:58:10  DEBUG     https://piconnect.flattrade.in:443 "POST /PiConnectAPI/SearchScrip HTTP/1.1" 200 None
2026-07-15 05:58:10  INFO      Resolved  ADANIENSOL       token=10217  tick=0.1
2026-07-15 05:58:10  DEBUG     Starting new HTTPS connection (1): piconnect.flattrade.in:443
2026-07-15 05:58:10  DEBUG     https://piconnect.flattrade.in:443 "POST /PiConnectAPI/SearchScrip HTTP/1.1" 200 None
2026-07-15 05:58:10  INFO      Resolved  JIOFIN           token=18143  tick=0.01
2026-07-15 05:58:10  DEBUG     Starting new HTTPS connection (1): piconnect.flattrade.in:443
2026-07-15 05:58:10  DEBUG     https://piconnect.flattrade.in:443 "POST /PiConnectAPI/SearchScrip HTTP/1.1" 200 None
2026-07-15 05:58:10  INFO      Resolved  UNIONBANK        token=10753  tick=0.01
2026-07-15 05:58:10  DEBUG     Starting new HTTPS connection (1): piconnect.flattrade.in:443
2026-07-15 05:58:11  DEBUG     https://piconnect.flattrade.in:443 "POST /PiConnectAPI/PositionBook HTTP/1.1" 200 None
2026-07-15 05:58:11  DEBUG     Starting new HTTPS connection (1): piconnect.flattrade.in:443
2026-07-15 05:58:11  DEBUG     https://piconnect.flattrade.in:443 "POST /PiConnectAPI/Limits HTTP/1.1" 200 None
2026-07-15 05:58:11  INFO      *** LIVE MODE  cash=Rs1520  deploy(85%)=Rs1292  K=2  cap/stock=Rs646 (MIS notional 4x, CNC 1x) ***
2026-07-15 05:58:11  INFO      5 stocks | Rs646/trade | K=2 | EOD 15:00 IST
2026-07-15 05:58:11  INFO      ============================================================
2026-07-15 05:58:11  INFO      Websocket connected
2026-07-15 05:58:11  INFO      WS CONNECTED  subscribed=5 instruments
2026-07-15 05:58:11  INFO      Ticks -> data/2026-07-15/ticks.jsonl
2026-07-15 05:59:11  DEBUG     Sending ping
2026-07-15 05:59:41  DEBUG     Sending ping
2026-07-15 06:00:00  DEBUG     CANDLE  UNIONBANK     O=172.90  H=172.90  L=172.53  C=172.53
2026-07-15 06:00:00  DEBUG     CANDLE  JIOFIN        O=237.80  H=237.90  L=237.76  C=237.81
2026-07-15 06:00:00  DEBUG     CANDLE  ADANIENSOL    O=1690.60  H=1691.00  L=1689.80  C=1690.60
2026-07-15 06:00:00  DEBUG     CANDLE  HCLTECH       O=1172.20  H=1173.00  L=1171.80  C=1172.40
2026-07-15 06:00:11  DEBUG     Sending ping
2026-07-15 06:00:14  DEBUG     CANDLE  LODHA         O=1169.55  H=1169.70  L=1169.05  C=1169.50
2026-07-15 06:00:41  DEBUG     Sending ping
2026-07-15 06:01:11  DEBUG     Sending ping
2026-07-15 06:01:41  DEBUG     Sending ping
2026-07-15 06:02:11  DEBUG     Sending ping
2026-07-15 06:02:41  DEBUG     Sending ping
2026-07-15 06:03:11  DEBUG     Sending ping
2026-07-15 06:03:41  DEBUG     Sending ping
2026-07-15 06:04:11  DEBUG     Sending ping
2026-07-15 06:04:41  DEBUG     Sending ping
2026-07-15 06:05:11  DEBUG     Sending ping
2026-07-15 06:05:41  DEBUG     Sending ping
2026-07-15 06:06:11  DEBUG     Sending ping
2026-07-15 06:06:41  DEBUG     Sending ping
2026-07-15 06:07:11  DEBUG     Sending ping
2026-07-15 06:07:41  DEBUG     Sending ping
2026-07-15 06:08:11  DEBUG     Sending ping
2026-07-15 06:08:41  DEBUG     Sending ping
2026-07-15 06:09:11  DEBUG     Sending ping
2026-07-15 06:09:41  DEBUG     Sending ping
2026-07-15 06:10:11  DEBUG     Sending ping
2026-07-15 06:10:41  DEBUG     Sending ping
2026-07-15 06:11:11  DEBUG     Sending ping
2026-07-15 06:11:41  DEBUG     Sending ping
2026-07-15 06:12:11  DEBUG     Sending ping
2026-07-15 06:12:41  DEBUG     Sending ping
2026-07-15 06:13:11  DEBUG     Sending ping
2026-07-15 06:13:41  DEBUG     Sending ping
2026-07-15 06:14:11  DEBUG     Sending ping
2026-07-15 06:14:41  DEBUG     Sending ping
2026-07-15 06:15:01  DEBUG     CANDLE  HCLTECH       O=1172.60  H=1174.00  L=1171.50  C=1173.10
2026-07-15 06:15:03  DEBUG     CANDLE  UNIONBANK     O=172.57  H=172.65  L=171.91  C=171.91
2026-07-15 06:15:05  DEBUG     CANDLE  LODHA         O=1169.35  H=1171.05  L=1167.25  C=1168.15
2026-07-15 06:15:09  DEBUG     CANDLE  ADANIENSOL    O=1690.50  H=1692.00  L=1686.30  C=1686.80
2026-07-15 06:15:11  DEBUG     Sending ping
2026-07-15 06:15:11  DEBUG     CANDLE  JIOFIN        O=237.79  H=237.92  L=237.56  C=237.62
2026-07-15 06:15:41  DEBUG     Sending ping
2026-07-15 06:16:11  DEBUG     Sending ping
2026-07-15 06:16:41  DEBUG     Sending ping
2026-07-15 06:17:11  DEBUG     Sending ping
2026-07-15 06:17:41  DEBUG     Sending ping
2026-07-15 06:18:11  DEBUG     Sending ping
2026-07-15 06:18:41  DEBUG     Sending ping
2026-07-15 06:19:11  DEBUG     Sending ping
2026-07-15 06:19:41  DEBUG     Sending ping
2026-07-15 06:20:11  DEBUG     Sending ping
2026-07-15 06:20:41  DEBUG     Sending ping
2026-07-15 06:21:11  DEBUG     Sending ping
2026-07-15 06:21:41  DEBUG     Sending ping
2026-07-15 06:22:11  DEBUG     Sending ping
2026-07-15 06:22:41  DEBUG     Sending ping
2026-07-15 06:23:11  DEBUG     Sending ping
2026-07-15 06:23:41  DEBUG     Sending ping
2026-07-15 06:24:11  DEBUG     Sending ping
2026-07-15 06:24:41  DEBUG     Sending ping
2026-07-15 06:25:11  DEBUG     Sending ping
2026-07-15 06:25:41  DEBUG     Sending ping
2026-07-15 06:26:11  DEBUG     Sending ping
2026-07-15 06:26:41  DEBUG     Sending ping
2026-07-15 06:27:11  DEBUG     Sending ping
2026-07-15 06:27:41  DEBUG     Sending ping
2026-07-15 06:28:11  DEBUG     Sending ping
2026-07-15 06:28:41  DEBUG     Sending ping
2026-07-15 06:29:11  DEBUG     Sending ping
2026-07-15 06:29:41  DEBUG     Sending ping
2026-07-15 06:30:01  DEBUG     CANDLE  HCLTECH       O=1172.90  H=1173.30  L=1170.70  C=1171.60
2026-07-15 06:30:03  DEBUG     CANDLE  UNIONBANK     O=171.96  H=172.90  L=171.91  C=172.62
2026-07-15 06:30:04  DEBUG     CANDLE  ADANIENSOL    O=1687.00  H=1688.30  L=1681.00  C=1682.70
2026-07-15 06:30:04  DEBUG     CANDLE  JIOFIN        O=237.63  H=237.68  L=237.43  C=237.64
2026-07-15 06:30:11  DEBUG     Sending ping
2026-07-15 06:30:40  DEBUG     CANDLE  LODHA         O=1167.75  H=1169.55  L=1165.10  C=1166.00
2026-07-15 06:30:41  DEBUG     Sending ping
2026-07-15 06:31:11  DEBUG     Sending ping
2026-07-15 06:31:41  DEBUG     Sending ping
2026-07-15 06:32:11  DEBUG     Sending ping
2026-07-15 06:32:41  DEBUG     Sending ping
2026-07-15 06:33:11  DEBUG     Sending ping
2026-07-15 06:33:41  DEBUG     Sending ping
2026-07-15 06:34:11  DEBUG     Sending ping
2026-07-15 06:34:41  DEBUG     Sending ping
2026-07-15 06:35:11  DEBUG     Sending ping
2026-07-15 06:35:41  DEBUG     Sending ping
2026-07-15 06:36:11  DEBUG     Sending ping
2026-07-15 06:36:41  DEBUG     Sending ping
2026-07-15 06:37:11  DEBUG     Sending ping
2026-07-15 06:37:41  DEBUG     Sending ping
2026-07-15 06:38:11  DEBUG     Sending ping
2026-07-15 06:38:41  DEBUG     Sending ping
2026-07-15 06:39:11  DEBUG     Sending ping
2026-07-15 06:39:41  DEBUG     Sending ping
2026-07-15 06:40:11  DEBUG     Sending ping
2026-07-15 06:40:41  DEBUG     Sending ping
2026-07-15 06:41:11  DEBUG     Sending ping
2026-07-15 06:41:41  DEBUG     Sending ping
2026-07-15 06:42:11  DEBUG     Sending ping
2026-07-15 06:42:41  DEBUG     Sending ping
2026-07-15 06:43:11  DEBUG     Sending ping
2026-07-15 06:43:41  DEBUG     Sending ping
2026-07-15 06:44:11  DEBUG     Sending ping
2026-07-15 06:44:41  DEBUG     Sending ping
2026-07-15 06:45:00  DEBUG     CANDLE  JIOFIN        O=237.66  H=237.91  L=237.27  C=237.40
2026-07-15 06:45:00  DEBUG     CANDLE  UNIONBANK     O=172.56  H=176.66  L=172.30  C=176.58
2026-07-15 06:45:02  DEBUG     CANDLE  HCLTECH       O=1172.00  H=1172.30  L=1169.20  C=1171.00
2026-07-15 06:45:03  DEBUG     CANDLE  LODHA         O=1165.95  H=1166.10  L=1161.00  C=1162.05
2026-07-15 06:45:03  INFO      ORDER  LODHA         SELL   MIS   qty=2       price=Rs1162.25  reason=flip DOWN | atr=5.90 st=1172.40 sl=1170.90
2026-07-15 06:45:03  DEBUG     Starting new HTTPS connection (1): piconnect.flattrade.in:443
2026-07-15 06:45:03  DEBUG     https://piconnect.flattrade.in:443 "POST /PiConnectAPI/PlaceOrder HTTP/1.1" 200 None
2026-07-15 06:45:03  INFO      ACCEPTED  LODHA  norenordno=26071500173189
2026-07-15 06:45:03  INFO      CAPITAL  committed=Rs0.00  (released Rs581.12 for MIS LODHA)
2026-07-15 06:45:03  INFO      ENTRY #10   LODHA         SHORT  Rs1162.25  qty=2  [flip DOWN | atr=5.90 st=1172.40 sl=1170.90]
2026-07-15 06:45:03  INFO      ORDER UPDATE  NewAck    LODHA-EQ  norenordno=26071500173189
2026-07-15 06:45:03  INFO      ORDER UPDATE  New       LODHA-EQ  norenordno=26071500173189
2026-07-15 06:45:03  INFO      FILL CONFIRMED  LODHA         SELL  actual=Rs1162.2500  est=Rs1162.2500  slippage=Rs+0.0000
2026-07-15 06:45:11  DEBUG     Sending ping
2026-07-15 06:45:12  DEBUG     CANDLE  ADANIENSOL    O=1683.10  H=1683.80  L=1675.90  C=1677.00
2026-07-15 06:45:41  DEBUG     Sending ping
2026-07-15 06:46:11  DEBUG     Sending ping
2026-07-15 06:46:41  DEBUG     Sending ping
2026-07-15 06:47:11  DEBUG     Sending ping
2026-07-15 06:47:41  DEBUG     Sending ping
2026-07-15 06:48:11  DEBUG     Sending ping
2026-07-15 06:48:41  DEBUG     Sending ping
2026-07-15 06:49:11  DEBUG     Sending ping
2026-07-15 06:49:41  DEBUG     Sending ping
2026-07-15 06:50:11  DEBUG     Sending ping
2026-07-15 06:50:41  DEBUG     Sending ping
2026-07-15 06:51:11  DEBUG     Sending ping
2026-07-15 06:51:41  DEBUG     Sending ping
2026-07-15 06:52:11  DEBUG     Sending ping
2026-07-15 06:52:41  DEBUG     Sending ping
2026-07-15 06:53:11  DEBUG     Sending ping
2026-07-15 06:53:41  DEBUG     Sending ping
2026-07-15 06:54:11  DEBUG     Sending ping
2026-07-15 06:54:41  DEBUG     Sending ping
2026-07-15 06:55:11  DEBUG     Sending ping
2026-07-15 06:55:41  DEBUG     Sending ping
2026-07-15 06:56:11  DEBUG     Sending ping
2026-07-15 06:56:41  DEBUG     Sending ping
2026-07-15 06:57:11  DEBUG     Sending ping
2026-07-15 06:57:41  DEBUG     Sending ping
2026-07-15 06:58:11  DEBUG     Sending ping
2026-07-15 06:58:41  DEBUG     Sending ping
2026-07-15 06:59:11  DEBUG     Sending ping
2026-07-15 06:59:41  DEBUG     Sending ping
2026-07-15 07:00:00  DEBUG     CANDLE  UNIONBANK     O=176.51  H=177.42  L=168.77  C=173.31
2026-07-15 07:00:01  DEBUG     CANDLE  JIOFIN        O=237.36  H=237.65  L=237.10  C=237.15
2026-07-15 07:00:02  DEBUG     CANDLE  LODHA         O=1162.45  H=1163.60  L=1160.75  C=1163.30
2026-07-15 07:00:04  DEBUG     CANDLE  HCLTECH       O=1171.30  H=1172.40  L=1166.00  C=1166.40
2026-07-15 07:00:04  INFO      ORDER  HCLTECH       SELL   MIS   qty=2       price=Rs1166.40  reason=flip DOWN | atr=5.88 st=1178.03 sl=1175.23
2026-07-15 07:00:04  DEBUG     Starting new HTTPS connection (1): piconnect.flattrade.in:443
2026-07-15 07:00:04  DEBUG     https://piconnect.flattrade.in:443 "POST /PiConnectAPI/PlaceOrder HTTP/1.1" 200 None
2026-07-15 07:00:04  INFO      ACCEPTED  HCLTECH  norenordno=26071500183057
2026-07-15 07:00:04  INFO      CAPITAL  committed=Rs0.00  (released Rs583.20 for MIS HCLTECH)
2026-07-15 07:00:04  INFO      ENTRY #11   HCLTECH       SHORT  Rs1166.40  qty=2  [flip DOWN | atr=5.88 st=1178.03 sl=1175.23]
2026-07-15 07:00:04  INFO      ORDER UPDATE  NewAck    HCLTECH-EQ  norenordno=26071500183057
2026-07-15 07:00:04  INFO      ORDER UPDATE  New       HCLTECH-EQ  norenordno=26071500183057
2026-07-15 07:00:04  INFO      FILL CONFIRMED  HCLTECH       SELL  actual=Rs1166.4000  est=Rs1166.4000  slippage=Rs+0.0000
2026-07-15 07:00:08  DEBUG     CANDLE  ADANIENSOL    O=1675.30  H=1680.80  L=1674.00  C=1678.60
2026-07-15 07:00:11  DEBUG     Sending ping
2026-07-15 07:00:41  DEBUG     Sending ping
2026-07-15 07:01:11  DEBUG     Sending ping
2026-07-15 07:01:18  ERROR     WS ERROR  Connection to remote host was lost.
2026-07-15 07:01:18  ERROR     Connection to remote host was lost. - goodbye
2026-07-15 07:01:18  WARNING   WS DISCONNECTED  code=None  reason=None  trades=11  pnl=Rs-8.61
[Wed Jul 15 07:01:18 UTC 2026] Runner exited, restarting in 10s...
[Wed Jul 15 07:01:28 UTC 2026] Starting runner...
2026-07-15 07:01:28  INFO      ============================================================
2026-07-15 07:01:28  INFO      STARTUP  date=2026-07-15  pid=501404
2026-07-15 07:01:28  INFO      Strategy: Supertrend atr=14 mult=1.5 | 15-min | LIVE mode
2026-07-15 07:01:28  INFO      DYNAMIC BASKET (5): HCLTECH,LODHA,ADANIENSOL,JIOFIN,UNIONBANK | EMA filter=50
2026-07-15 07:01:28  INFO      Resolving NSE tokens...
2026-07-15 07:01:28  DEBUG     Starting new HTTPS connection (1): piconnect.flattrade.in:443
2026-07-15 07:01:29  DEBUG     https://piconnect.flattrade.in:443 "POST /PiConnectAPI/SearchScrip HTTP/1.1" 200 None
2026-07-15 07:01:29  INFO      Resolved  HCLTECH          token=7229  tick=0.1
2026-07-15 07:01:29  DEBUG     Starting new HTTPS connection (1): piconnect.flattrade.in:443
2026-07-15 07:01:29  DEBUG     https://piconnect.flattrade.in:443 "POST /PiConnectAPI/SearchScrip HTTP/1.1" 200 None
2026-07-15 07:01:29  INFO      Resolved  LODHA            token=3220  tick=0.05
2026-07-15 07:01:29  DEBUG     Starting new HTTPS connection (1): piconnect.flattrade.in:443
2026-07-15 07:01:29  DEBUG     https://piconnect.flattrade.in:443 "POST /PiConnectAPI/SearchScrip HTTP/1.1" 200 None
2026-07-15 07:01:29  INFO      Resolved  ADANIENSOL       token=10217  tick=0.1
2026-07-15 07:01:29  DEBUG     Starting new HTTPS connection (1): piconnect.flattrade.in:443
2026-07-15 07:01:29  DEBUG     https://piconnect.flattrade.in:443 "POST /PiConnectAPI/SearchScrip HTTP/1.1" 200 None
2026-07-15 07:01:29  INFO      Resolved  JIOFIN           token=18143  tick=0.01
2026-07-15 07:01:29  DEBUG     Starting new HTTPS connection (1): piconnect.flattrade.in:443
2026-07-15 07:01:29  DEBUG     https://piconnect.flattrade.in:443 "POST /PiConnectAPI/SearchScrip HTTP/1.1" 200 None
2026-07-15 07:01:29  INFO      Resolved  UNIONBANK        token=10753  tick=0.01
2026-07-15 07:01:29  WARNING   STATE RESTORED  HCLTECH       SHORT  entry=Rs1166.40  qty=2  (saved 2026-07-15)
2026-07-15 07:01:29  WARNING   STATE RESTORED  LODHA         SHORT  entry=Rs1162.25  qty=2  (saved 2026-07-15)
2026-07-15 07:01:29  DEBUG     Starting new HTTPS connection (1): piconnect.flattrade.in:443
2026-07-15 07:01:30  DEBUG     https://piconnect.flattrade.in:443 "POST /PiConnectAPI/PositionBook HTTP/1.1" 200 None
2026-07-15 07:01:30  INFO      ALIGN  HCLTECH       strat.position=-1  entry=Rs1166.40
2026-07-15 07:01:30  INFO      ALIGN  LODHA         strat.position=-1  entry=Rs1162.05
2026-07-15 07:01:30  DEBUG     Starting new HTTPS connection (1): piconnect.flattrade.in:443
2026-07-15 07:01:30  DEBUG     https://piconnect.flattrade.in:443 "POST /PiConnectAPI/Limits HTTP/1.1" 200 None
2026-07-15 07:01:30  INFO      *** LIVE MODE  cash=Rs1520  deploy(85%)=Rs1292  K=2  cap/stock=Rs646 (MIS notional 4x, CNC 1x) ***
2026-07-15 07:01:30  INFO      5 stocks | Rs646/trade | K=2 | EOD 15:00 IST
2026-07-15 07:01:30  INFO      ============================================================
2026-07-15 07:01:30  INFO      Websocket connected
2026-07-15 07:01:30  INFO      WS CONNECTED  subscribed=5 instruments
2026-07-15 07:01:30  INFO      Ticks -> data/2026-07-15/ticks.jsonl
2026-07-15 07:02:30  DEBUG     Sending ping
2026-07-15 07:03:00  DEBUG     Sending ping
2026-07-15 07:03:30  DEBUG     Sending ping
2026-07-15 07:04:00  DEBUG     Sending ping
2026-07-15 07:04:30  DEBUG     Sending ping
2026-07-15 07:05:00  DEBUG     Sending ping
2026-07-15 07:05:30  DEBUG     Sending ping
2026-07-15 07:06:00  DEBUG     Sending ping
2026-07-15 07:06:30  DEBUG     Sending ping
2026-07-15 07:07:00  DEBUG     Sending ping
2026-07-15 07:07:30  DEBUG     Sending ping
2026-07-15 07:08:00  DEBUG     Sending ping
2026-07-15 07:08:30  DEBUG     Sending ping
2026-07-15 07:09:00  DEBUG     Sending ping
2026-07-15 07:09:30  DEBUG     Sending ping
2026-07-15 07:10:00  DEBUG     Sending ping
2026-07-15 07:10:30  DEBUG     Sending ping
2026-07-15 07:11:00  DEBUG     Sending ping
2026-07-15 07:11:30  DEBUG     Sending ping
2026-07-15 07:12:00  DEBUG     Sending ping
2026-07-15 07:12:30  DEBUG     Sending ping
2026-07-15 07:13:00  DEBUG     Sending ping
2026-07-15 07:13:30  DEBUG     Sending ping
2026-07-15 07:14:00  DEBUG     Sending ping
2026-07-15 07:14:30  DEBUG     Sending ping
2026-07-15 07:15:00  DEBUG     CANDLE  HCLTECH       O=1167.50  H=1168.70  L=1166.20  C=1167.00
2026-07-15 07:15:00  DEBUG     CANDLE  ADANIENSOL    O=1677.40  H=1683.00  L=1676.70  C=1679.80
2026-07-15 07:15:00  DEBUG     Sending ping
2026-07-15 07:15:01  DEBUG     CANDLE  UNIONBANK     O=171.79  H=176.06  L=171.07  C=173.98
2026-07-15 07:15:02  DEBUG     CANDLE  LODHA         O=1161.95  H=1163.60  L=1158.40  C=1162.00
2026-07-15 07:15:04  DEBUG     CANDLE  JIOFIN        O=237.06  H=237.13  L=236.72  C=237.00
2026-07-15 07:15:30  DEBUG     Sending ping
2026-07-15 07:16:00  DEBUG     Sending ping
2026-07-15 07:16:30  DEBUG     Sending ping
2026-07-15 07:17:00  DEBUG     Sending ping
2026-07-15 07:17:30  DEBUG     Sending ping
2026-07-15 07:18:00  DEBUG     Sending ping
2026-07-15 07:18:30  DEBUG     Sending ping
2026-07-15 07:19:00  DEBUG     Sending ping
2026-07-15 07:19:30  DEBUG     Sending ping
2026-07-15 07:20:00  DEBUG     Sending ping
2026-07-15 07:20:30  DEBUG     Sending ping
2026-07-15 07:21:00  DEBUG     Sending ping
2026-07-15 07:21:30  DEBUG     Sending ping
2026-07-15 07:22:00  DEBUG     Sending ping
2026-07-15 07:22:30  DEBUG     Sending ping
2026-07-15 07:23:00  DEBUG     Sending ping
2026-07-15 07:23:30  DEBUG     Sending ping
2026-07-15 07:24:00  DEBUG     Sending ping
2026-07-15 07:24:30  DEBUG     Sending ping
2026-07-15 07:25:00  DEBUG     Sending ping
2026-07-15 07:25:30  DEBUG     Sending ping
2026-07-15 07:26:00  DEBUG     Sending ping
2026-07-15 07:26:30  DEBUG     Sending ping
2026-07-15 07:27:00  DEBUG     Sending ping
2026-07-15 07:27:30  DEBUG     Sending ping
2026-07-15 07:28:00  DEBUG     Sending ping
2026-07-15 07:28:30  DEBUG     Sending ping
2026-07-15 07:29:00  DEBUG     Sending ping
2026-07-15 07:29:30  DEBUG     Sending ping
2026-07-15 07:30:00  DEBUG     CANDLE  UNIONBANK     O=173.83  H=175.43  L=172.62  C=174.90
2026-07-15 07:30:00  DEBUG     Sending ping
2026-07-15 07:30:01  DEBUG     CANDLE  HCLTECH       O=1166.90  H=1167.80  L=1160.00  C=1161.80
2026-07-15 07:30:01  DEBUG     CANDLE  JIOFIN        O=236.90  H=237.04  L=235.38  C=235.92
2026-07-15 07:30:01  DEBUG     CANDLE  LODHA         O=1162.50  H=1162.70  L=1154.05  C=1157.95
2026-07-15 07:30:02  DEBUG     CANDLE  ADANIENSOL    O=1680.50  H=1680.80  L=1666.40  C=1669.20
2026-07-15 07:30:30  DEBUG     Sending ping
2026-07-15 07:31:00  DEBUG     Sending ping
2026-07-15 07:31:30  DEBUG     Sending ping
2026-07-15 07:32:00  DEBUG     Sending ping
2026-07-15 07:32:30  DEBUG     Sending ping
2026-07-15 07:33:00  DEBUG     Sending ping
2026-07-15 07:33:30  DEBUG     Sending ping
2026-07-15 07:34:00  DEBUG     Sending ping
2026-07-15 07:34:30  DEBUG     Sending ping
2026-07-15 07:35:00  DEBUG     Sending ping
2026-07-15 07:35:30  DEBUG     Sending ping
2026-07-15 07:36:00  DEBUG     Sending ping
2026-07-15 07:36:30  DEBUG     Sending ping
2026-07-15 07:37:00  DEBUG     Sending ping
2026-07-15 07:37:30  DEBUG     Sending ping
2026-07-15 07:38:00  DEBUG     Sending ping
2026-07-15 07:38:30  DEBUG     Sending ping
2026-07-15 07:39:00  DEBUG     Sending ping
2026-07-15 07:39:30  DEBUG     Sending ping
2026-07-15 07:40:00  DEBUG     Sending ping
2026-07-15 07:40:30  DEBUG     Sending ping
2026-07-15 07:41:00  DEBUG     Sending ping
2026-07-15 07:41:30  DEBUG     Sending ping
2026-07-15 07:42:00  DEBUG     Sending ping
2026-07-15 07:42:30  DEBUG     Sending ping
2026-07-15 07:43:00  DEBUG     Sending ping
2026-07-15 07:43:30  DEBUG     Sending ping
2026-07-15 07:44:00  DEBUG     Sending ping
2026-07-15 07:44:30  DEBUG     Sending ping
2026-07-15 07:45:00  DEBUG     CANDLE  JIOFIN        O=235.81  H=236.33  L=235.70  C=235.84
2026-07-15 07:45:00  DEBUG     CANDLE  HCLTECH       O=1162.30  H=1165.80  L=1161.60  C=1165.40
2026-07-15 07:45:00  DEBUG     Sending ping
2026-07-15 07:45:00  DEBUG     CANDLE  ADANIENSOL    O=1669.00  H=1673.90  L=1666.50  C=1668.80
2026-07-15 07:45:01  DEBUG     CANDLE  UNIONBANK     O=174.89  H=177.00  L=173.24  C=174.03
2026-07-15 07:45:01  DEBUG     CANDLE  LODHA         O=1157.55  H=1158.75  L=1155.60  C=1157.30
2026-07-15 07:45:30  DEBUG     Sending ping
2026-07-15 07:46:00  DEBUG     Sending ping
2026-07-15 07:46:30  DEBUG     Sending ping
2026-07-15 07:47:00  DEBUG     Sending ping
2026-07-15 07:47:30  DEBUG     Sending ping
2026-07-15 07:48:00  DEBUG     Sending ping
2026-07-15 07:48:30  DEBUG     Sending ping
2026-07-15 07:48:44  DEBUG     Starting new HTTPS connection (1): piconnect.flattrade.in:443
2026-07-15 07:48:45  DEBUG     https://piconnect.flattrade.in:443 "POST /PiConnectAPI/Limits HTTP/1.1" 200 None
2026-07-15 07:48:45  INFO      ORDER  HCLTECH       BUY    MIS   qty=2       price=Rs1166.50  reason=BREAKEVEN | entry=1166.40
2026-07-15 07:48:45  DEBUG     Starting new HTTPS connection (1): piconnect.flattrade.in:443
2026-07-15 07:48:45  DEBUG     https://piconnect.flattrade.in:443 "POST /PiConnectAPI/PlaceOrder HTTP/1.1" 200 None
2026-07-15 07:48:45  INFO      ACCEPTED  HCLTECH  norenordno=26071500247178
2026-07-15 07:48:45  INFO      CAPITAL  committed=Rs583.25  (added Rs583.25 for MIS HCLTECH)
2026-07-15 07:48:45  INFO      EXIT ORDER  HCLTECH       BUY  qty=2  [BREAKEVEN | entry=1166.40] — awaiting fill
2026-07-15 07:48:45  INFO      ORDER UPDATE  NewAck    HCLTECH-EQ  norenordno=26071500247178
2026-07-15 07:48:45  INFO      ORDER UPDATE  New       HCLTECH-EQ  norenordno=26071500247178
2026-07-15 07:48:45  WARNING   ORDER CANCELED  HCLTECH-EQ  norenordno=26071500247178  reason=16388: cancelled by Exchange
2026-07-15 07:48:45  WARNING   EXIT UNFILLED  HCLTECH — Canceled; RETRY #1 (still holding, not booked)
2026-07-15 07:48:47  DEBUG     Starting new HTTPS connection (1): piconnect.flattrade.in:443
2026-07-15 07:48:48  DEBUG     https://piconnect.flattrade.in:443 "POST /PiConnectAPI/Limits HTTP/1.1" 200 None
2026-07-15 07:48:48  INFO      ORDER  HCLTECH       BUY    MIS   qty=2       price=Rs1166.60  reason=retry
2026-07-15 07:48:48  DEBUG     Starting new HTTPS connection (1): piconnect.flattrade.in:443
2026-07-15 07:48:48  DEBUG     https://piconnect.flattrade.in:443 "POST /PiConnectAPI/PlaceOrder HTTP/1.1" 200 None
2026-07-15 07:48:48  INFO      ACCEPTED  HCLTECH  norenordno=26071500247249
2026-07-15 07:48:48  INFO      CAPITAL  committed=Rs1166.55  (added Rs583.30 for MIS HCLTECH)
2026-07-15 07:48:48  INFO      EXIT ORDER  HCLTECH       BUY  qty=2  [retry] — awaiting fill
2026-07-15 07:48:48  INFO      ORDER UPDATE  NewAck    HCLTECH-EQ  norenordno=26071500247249
2026-07-15 07:48:48  INFO      ORDER UPDATE  New       HCLTECH-EQ  norenordno=26071500247249
2026-07-15 07:48:48  INFO      EXIT  HCLTECH       LOSS  net=Rs-1.03 (gross=Rs-0.20 cost=Rs0.83)  entry=Rs1166.40  exit=Rs1166.5000  qty=2  total=Rs-9.63  [retry]
2026-07-15 07:49:00  DEBUG     Sending ping
2026-07-15 07:49:30  DEBUG     Sending ping
2026-07-15 07:50:00  DEBUG     Sending ping
2026-07-15 07:50:30  DEBUG     Sending ping
2026-07-15 07:51:00  DEBUG     Sending ping
2026-07-15 07:51:30  DEBUG     Sending ping
2026-07-15 07:52:00  DEBUG     Sending ping
2026-07-15 07:52:30  DEBUG     Sending ping
2026-07-15 07:53:00  DEBUG     Sending ping
2026-07-15 07:53:30  DEBUG     Sending ping
2026-07-15 07:54:00  DEBUG     Sending ping
2026-07-15 07:54:30  DEBUG     Sending ping
2026-07-15 07:55:00  DEBUG     Sending ping
2026-07-15 07:55:30  DEBUG     Sending ping
2026-07-15 07:56:00  DEBUG     Sending ping
2026-07-15 07:56:30  DEBUG     Sending ping
2026-07-15 07:57:00  DEBUG     Sending ping
2026-07-15 07:57:30  DEBUG     Sending ping
2026-07-15 07:58:00  DEBUG     Sending ping
2026-07-15 07:58:30  DEBUG     Sending ping
2026-07-15 07:59:00  DEBUG     Sending ping
2026-07-15 07:59:30  DEBUG     Sending ping
2026-07-15 08:00:00  DEBUG     CANDLE  UNIONBANK     O=173.89  H=175.01  L=172.65  C=172.82
2026-07-15 08:00:00  DEBUG     Sending ping
2026-07-15 08:00:01  DEBUG     CANDLE  LODHA         O=1157.25  H=1158.25  L=1154.45  C=1155.30
2026-07-15 08:00:01  DEBUG     CANDLE  JIOFIN        O=235.90  H=236.40  L=235.76  C=236.20
2026-07-15 08:00:01  DEBUG     CANDLE  HCLTECH       O=1165.70  H=1167.00  L=1164.40  C=1165.30
2026-07-15 08:00:01  DEBUG     CANDLE  ADANIENSOL    O=1668.50  H=1675.60  L=1667.20  C=1673.40
2026-07-15 08:00:30  DEBUG     Sending ping
2026-07-15 08:01:00  DEBUG     Sending ping
2026-07-15 08:01:30  DEBUG     Sending ping
2026-07-15 08:02:00  DEBUG     Sending ping
2026-07-15 08:02:30  DEBUG     Sending ping
2026-07-15 08:03:00  DEBUG     Sending ping
2026-07-15 08:03:30  DEBUG     Sending ping
2026-07-15 08:04:00  DEBUG     Sending ping
2026-07-15 08:04:30  DEBUG     Sending ping
2026-07-15 08:05:00  DEBUG     Sending ping
2026-07-15 08:05:30  DEBUG     Sending ping
2026-07-15 08:06:00  DEBUG     Sending ping
2026-07-15 08:06:30  DEBUG     Sending ping
2026-07-15 08:07:00  DEBUG     Sending ping
2026-07-15 08:07:30  DEBUG     Sending ping
2026-07-15 08:08:00  DEBUG     Sending ping
2026-07-15 08:08:30  DEBUG     Sending ping
2026-07-15 08:09:00  DEBUG     Sending ping
2026-07-15 08:09:30  DEBUG     Sending ping
2026-07-15 08:10:00  DEBUG     Sending ping
2026-07-15 08:10:30  DEBUG     Sending ping
2026-07-15 08:11:00  DEBUG     Sending ping
2026-07-15 08:11:30  DEBUG     Sending ping
2026-07-15 08:12:00  DEBUG     Sending ping
2026-07-15 08:12:30  DEBUG     Sending ping
2026-07-15 08:13:00  DEBUG     Sending ping
2026-07-15 08:13:30  DEBUG     Sending ping
2026-07-15 08:14:00  DEBUG     Sending ping
2026-07-15 08:14:30  DEBUG     Sending ping
2026-07-15 08:15:00  DEBUG     CANDLE  UNIONBANK     O=172.78  H=173.39  L=172.00  C=173.30
2026-07-15 08:15:00  DEBUG     CANDLE  LODHA         O=1154.90  H=1158.80  L=1152.00  C=1158.70
2026-07-15 08:15:00  DEBUG     Sending ping
2026-07-15 08:15:01  DEBUG     CANDLE  JIOFIN        O=236.26  H=236.31  L=235.81  C=235.95
2026-07-15 08:15:04  DEBUG     CANDLE  HCLTECH       O=1165.70  H=1165.70  L=1164.10  C=1164.70
2026-07-15 08:15:23  DEBUG     CANDLE  ADANIENSOL    O=1673.30  H=1675.40  L=1671.40  C=1672.50
2026-07-15 08:15:30  DEBUG     Sending ping
2026-07-15 08:16:00  DEBUG     Sending ping
2026-07-15 08:16:30  DEBUG     Sending ping
2026-07-15 08:17:00  DEBUG     Sending ping
2026-07-15 08:17:30  DEBUG     Sending ping
2026-07-15 08:18:00  DEBUG     Sending ping
2026-07-15 08:18:30  DEBUG     Sending ping
2026-07-15 08:19:00  DEBUG     Sending ping
2026-07-15 08:19:30  DEBUG     Sending ping
2026-07-15 08:20:00  DEBUG     Sending ping
2026-07-15 08:20:30  DEBUG     Sending ping
2026-07-15 08:21:00  DEBUG     Sending ping
2026-07-15 08:21:30  DEBUG     Sending ping
2026-07-15 08:22:00  DEBUG     Sending ping
2026-07-15 08:22:30  DEBUG     Sending ping
2026-07-15 08:23:00  DEBUG     Sending ping
2026-07-15 08:23:30  DEBUG     Sending ping
2026-07-15 08:24:00  DEBUG     Sending ping
2026-07-15 08:24:30  DEBUG     Sending ping
2026-07-15 08:25:00  DEBUG     Sending ping
2026-07-15 08:25:30  DEBUG     Sending ping
2026-07-15 08:26:00  DEBUG     Sending ping
2026-07-15 08:26:30  DEBUG     Sending ping
2026-07-15 08:27:00  DEBUG     Sending ping
2026-07-15 08:27:30  DEBUG     Sending ping
2026-07-15 08:28:00  DEBUG     Sending ping
2026-07-15 08:28:30  DEBUG     Sending ping
2026-07-15 08:29:00  DEBUG     Sending ping
2026-07-15 08:29:19  DEBUG     Starting new HTTPS connection (1): piconnect.flattrade.in:443
2026-07-15 08:29:19  DEBUG     https://piconnect.flattrade.in:443 "POST /PiConnectAPI/Limits HTTP/1.1" 200 None
2026-07-15 08:29:19  WARNING   MIS BUY LODHA: avail=Rs125.54 < needed=Rs580.92 — qty 2→0
2026-07-15 08:29:20  ERROR     MIS BUY LODHA skipped — insufficient capital after reduction
2026-07-15 08:29:20  DEBUG     Starting new HTTPS connection (1): piconnect.flattrade.in:443
2026-07-15 08:29:20  DEBUG     https://piconnect.flattrade.in:443 "POST /PiConnectAPI/Limits HTTP/1.1" 200 None
2026-07-15 08:29:20  WARNING   MIS BUY LODHA: avail=Rs125.54 < needed=Rs581.75 — qty 2→0
2026-07-15 08:29:20  ERROR     MIS BUY LODHA skipped — insufficient capital after reduction
2026-07-15 08:29:20  DEBUG     Starting new HTTPS connection (1): piconnect.flattrade.in:443
2026-07-15 08:29:20  DEBUG     https://piconnect.flattrade.in:443 "POST /PiConnectAPI/Limits HTTP/1.1" 200 None
2026-07-15 08:29:20  WARNING   MIS BUY LODHA: avail=Rs125.54 < needed=Rs581.75 — qty 2→0
2026-07-15 08:29:20  ERROR     MIS BUY LODHA skipped — insufficient capital after reduction
2026-07-15 08:29:21  DEBUG     Starting new HTTPS connection (1): piconnect.flattrade.in:443
2026-07-15 08:29:21  DEBUG     https://piconnect.flattrade.in:443 "POST /PiConnectAPI/Limits HTTP/1.1" 200 None
2026-07-15 08:29:21  WARNING   MIS BUY LODHA: avail=Rs125.54 < needed=Rs581.60 — qty 2→0
2026-07-15 08:29:21  ERROR     MIS BUY LODHA skipped — insufficient capital after reduction
2026-07-15 08:29:21  DEBUG     Starting new HTTPS connection (1): piconnect.flattrade.in:443
2026-07-15 08:29:21  DEBUG     https://piconnect.flattrade.in:443 "POST /PiConnectAPI/Limits HTTP/1.1" 200 None
2026-07-15 08:29:21  WARNING   MIS BUY LODHA: avail=Rs125.54 < needed=Rs581.60 — qty 2→0
2026-07-15 08:29:21  ERROR     MIS BUY LODHA skipped — insufficient capital after reduction
2026-07-15 08:29:22  DEBUG     Starting new HTTPS connection (1): piconnect.flattrade.in:443
2026-07-15 08:29:22  DEBUG     https://piconnect.flattrade.in:443 "POST /PiConnectAPI/Limits HTTP/1.1" 200 None
2026-07-15 08:29:22  WARNING   MIS BUY LODHA: avail=Rs125.54 < needed=Rs581.92 — qty 2→0
2026-07-15 08:29:22  ERROR     MIS BUY LODHA skipped — insufficient capital after reduction
2026-07-15 08:29:22  DEBUG     Starting new HTTPS connection (1): piconnect.flattrade.in:443
2026-07-15 08:29:22  DEBUG     https://piconnect.flattrade.in:443 "POST /PiConnectAPI/Limits HTTP/1.1" 200 None
2026-07-15 08:29:22  WARNING   MIS BUY LODHA: avail=Rs125.54 < needed=Rs581.92 — qty 2→0
2026-07-15 08:29:22  ERROR     MIS BUY LODHA skipped — insufficient capital after reduction
2026-07-15 08:29:23  DEBUG     Starting new HTTPS connection (1): piconnect.flattrade.in:443
2026-07-15 08:29:23  DEBUG     https://piconnect.flattrade.in:443 "POST /PiConnectAPI/Limits HTTP/1.1" 200 None
2026-07-15 08:29:23  WARNING   MIS BUY LODHA: avail=Rs125.54 < needed=Rs581.92 — qty 2→0
2026-07-15 08:29:23  ERROR     MIS BUY LODHA skipped — insufficient capital after reduction
2026-07-15 08:29:24  DEBUG     Starting new HTTPS connection (1): piconnect.flattrade.in:443
2026-07-15 08:29:24  DEBUG     https://piconnect.flattrade.in:443 "POST /PiConnectAPI/Limits HTTP/1.1" 200 None
2026-07-15 08:29:24  WARNING   MIS BUY LODHA: avail=Rs125.54 < needed=Rs582.20 — qty 2→0
2026-07-15 08:29:24  ERROR     MIS BUY LODHA skipped — insufficient capital after reduction
2026-07-15 08:29:25  DEBUG     Starting new HTTPS connection (1): piconnect.flattrade.in:443
2026-07-15 08:29:25  DEBUG     https://piconnect.flattrade.in:443 "POST /PiConnectAPI/Limits HTTP/1.1" 200 None
2026-07-15 08:29:25  WARNING   MIS BUY LODHA: avail=Rs125.54 < needed=Rs582.20 — qty 2→0
2026-07-15 08:29:25  ERROR     MIS BUY LODHA skipped — insufficient capital after reduction
2026-07-15 08:29:25  DEBUG     Starting new HTTPS connection (1): piconnect.flattrade.in:443
2026-07-15 08:29:25  DEBUG     https://piconnect.flattrade.in:443 "POST /PiConnectAPI/Limits HTTP/1.1" 200 None
2026-07-15 08:29:25  WARNING   MIS BUY LODHA: avail=Rs125.54 < needed=Rs582.20 — qty 2→0
2026-07-15 08:29:25  ERROR     MIS BUY LODHA skipped — insufficient capital after reduction
2026-07-15 08:29:26  DEBUG     Starting new HTTPS connection (1): piconnect.flattrade.in:443
2026-07-15 08:29:26  DEBUG     https://piconnect.flattrade.in:443 "POST /PiConnectAPI/Limits HTTP/1.1" 200 None
2026-07-15 08:29:26  WARNING   MIS BUY LODHA: avail=Rs125.54 < needed=Rs582.20 — qty 2→0
2026-07-15 08:29:26  ERROR     MIS BUY LODHA skipped — insufficient capital after reduction
2026-07-15 08:29:27  DEBUG     Starting new HTTPS connection (1): piconnect.flattrade.in:443
2026-07-15 08:29:27  DEBUG     https://piconnect.flattrade.in:443 "POST /PiConnectAPI/Limits HTTP/1.1" 200 None
2026-07-15 08:29:27  WARNING   MIS BUY LODHA: avail=Rs125.54 < needed=Rs582.20 — qty 2→0
2026-07-15 08:29:27  ERROR     MIS BUY LODHA skipped — insufficient capital after reduction
2026-07-15 08:29:27  DEBUG     Starting new HTTPS connection (1): piconnect.flattrade.in:443
2026-07-15 08:29:27  DEBUG     https://piconnect.flattrade.in:443 "POST /PiConnectAPI/Limits HTTP/1.1" 200 None
2026-07-15 08:29:27  WARNING   MIS BUY LODHA: avail=Rs125.54 < needed=Rs582.20 — qty 2→0
2026-07-15 08:29:27  ERROR     MIS BUY LODHA skipped — insufficient capital after reduction
2026-07-15 08:29:28  DEBUG     Starting new HTTPS connection (1): piconnect.flattrade.in:443
2026-07-15 08:29:28  DEBUG     https://piconnect.flattrade.in:443 "POST /PiConnectAPI/Limits HTTP/1.1" 200 None
2026-07-15 08:29:28  WARNING   MIS BUY LODHA: avail=Rs125.54 < needed=Rs582.20 — qty 2→0
2026-07-15 08:29:28  ERROR     MIS BUY LODHA skipped — insufficient capital after reduction
2026-07-15 08:29:28  DEBUG     Starting new HTTPS connection (1): piconnect.flattrade.in:443
2026-07-15 08:29:28  DEBUG     https://piconnect.flattrade.in:443 "POST /PiConnectAPI/Limits HTTP/1.1" 200 None
2026-07-15 08:29:28  WARNING   MIS BUY LODHA: avail=Rs125.54 < needed=Rs581.80 — qty 2→0
2026-07-15 08:29:28  ERROR     MIS BUY LODHA skipped — insufficient capital after reduction
2026-07-15 08:29:28  DEBUG     Starting new HTTPS connection (1): piconnect.flattrade.in:443
2026-07-15 08:29:28  DEBUG     https://piconnect.flattrade.in:443 "POST /PiConnectAPI/Limits HTTP/1.1" 200 None
2026-07-15 08:29:28  WARNING   MIS BUY LODHA: avail=Rs125.54 < needed=Rs581.80 — qty 2→0
2026-07-15 08:29:28  ERROR     MIS BUY LODHA skipped — insufficient capital after reduction
2026-07-15 08:29:29  DEBUG     Starting new HTTPS connection (1): piconnect.flattrade.in:443
2026-07-15 08:29:29  DEBUG     https://piconnect.flattrade.in:443 "POST /PiConnectAPI/Limits HTTP/1.1" 200 None
2026-07-15 08:29:29  WARNING   MIS BUY LODHA: avail=Rs125.54 < needed=Rs581.80 — qty 2→0
2026-07-15 08:29:29  ERROR     MIS BUY LODHA skipped — insufficient capital after reduction
2026-07-15 08:29:30  DEBUG     Starting new HTTPS connection (1): piconnect.flattrade.in:443
2026-07-15 08:29:30  DEBUG     https://piconnect.flattrade.in:443 "POST /PiConnectAPI/Limits HTTP/1.1" 200 None
2026-07-15 08:29:30  WARNING   MIS BUY LODHA: avail=Rs125.54 < needed=Rs581.95 — qty 2→0
2026-07-15 08:29:30  ERROR     MIS BUY LODHA skipped — insufficient capital after reduction
2026-07-15 08:29:30  DEBUG     Starting new HTTPS connection (1): piconnect.flattrade.in:443
2026-07-15 08:29:30  DEBUG     Sending ping
2026-07-15 08:29:31  DEBUG     https://piconnect.flattrade.in:443 "POST /PiConnectAPI/Limits HTTP/1.1" 200 None
2026-07-15 08:29:31  WARNING   MIS BUY LODHA: avail=Rs125.54 < needed=Rs581.95 — qty 2→0
2026-07-15 08:29:31  ERROR     MIS BUY LODHA skipped — insufficient capital after reduction
2026-07-15 08:29:31  DEBUG     Starting new HTTPS connection (1): piconnect.flattrade.in:443
2026-07-15 08:29:31  DEBUG     https://piconnect.flattrade.in:443 "POST /PiConnectAPI/Limits HTTP/1.1" 200 None
2026-07-15 08:29:31  WARNING   MIS BUY LODHA: avail=Rs125.54 < needed=Rs581.67 — qty 2→0
2026-07-15 08:29:31  ERROR     MIS BUY LODHA skipped — insufficient capital after reduction
2026-07-15 08:29:31  DEBUG     Starting new HTTPS connection (1): piconnect.flattrade.in:443
2026-07-15 08:29:31  DEBUG     https://piconnect.flattrade.in:443 "POST /PiConnectAPI/Limits HTTP/1.1" 200 None
2026-07-15 08:29:31  WARNING   MIS BUY LODHA: avail=Rs125.54 < needed=Rs581.67 — qty 2→0
2026-07-15 08:29:31  ERROR     MIS BUY LODHA skipped — insufficient capital after reduction
2026-07-15 08:29:32  DEBUG     Starting new HTTPS connection (1): piconnect.flattrade.in:443
2026-07-15 08:29:32  DEBUG     https://piconnect.flattrade.in:443 "POST /PiConnectAPI/Limits HTTP/1.1" 200 None
2026-07-15 08:29:32  WARNING   MIS BUY LODHA: avail=Rs125.54 < needed=Rs581.55 — qty 2→0
2026-07-15 08:29:32  ERROR     MIS BUY LODHA skipped — insufficient capital after reduction
2026-07-15 08:29:33  DEBUG     Starting new HTTPS connection (1): piconnect.flattrade.in:443
2026-07-15 08:29:33  DEBUG     https://piconnect.flattrade.in:443 "POST /PiConnectAPI/Limits HTTP/1.1" 200 None
2026-07-15 08:29:33  WARNING   MIS BUY LODHA: avail=Rs125.54 < needed=Rs581.55 — qty 2→0
2026-07-15 08:29:33  ERROR     MIS BUY LODHA skipped — insufficient capital after reduction
2026-07-15 08:29:33  DEBUG     Starting new HTTPS connection (1): piconnect.flattrade.in:443
2026-07-15 08:29:33  DEBUG     https://piconnect.flattrade.in:443 "POST /PiConnectAPI/Limits HTTP/1.1" 200 None
2026-07-15 08:29:33  WARNING   MIS BUY LODHA: avail=Rs125.54 < needed=Rs581.55 — qty 2→0
2026-07-15 08:29:34  ERROR     MIS BUY LODHA skipped — insufficient capital after reduction
2026-07-15 08:29:34  DEBUG     Starting new HTTPS connection (1): piconnect.flattrade.in:443
2026-07-15 08:29:34  DEBUG     https://piconnect.flattrade.in:443 "POST /PiConnectAPI/Limits HTTP/1.1" 200 None
2026-07-15 08:29:34  WARNING   MIS BUY LODHA: avail=Rs125.54 < needed=Rs581.52 — qty 2→0
2026-07-15 08:29:34  ERROR     MIS BUY LODHA skipped — insufficient capital after reduction
2026-07-15 08:29:35  DEBUG     Starting new HTTPS connection (1): piconnect.flattrade.in:443
2026-07-15 08:29:35  DEBUG     https://piconnect.flattrade.in:443 "POST /PiConnectAPI/Limits HTTP/1.1" 200 None
2026-07-15 08:29:35  WARNING   MIS BUY LODHA: avail=Rs125.54 < needed=Rs581.48 — qty 2→0
2026-07-15 08:29:35  ERROR     MIS BUY LODHA skipped — insufficient capital after reduction
2026-07-15 08:29:36  DEBUG     Starting new HTTPS connection (1): piconnect.flattrade.in:443
2026-07-15 08:29:36  DEBUG     https://piconnect.flattrade.in:443 "POST /PiConnectAPI/Limits HTTP/1.1" 200 None
2026-07-15 08:29:36  WARNING   MIS BUY LODHA: avail=Rs125.54 < needed=Rs581.42 — qty 2→0
2026-07-15 08:29:36  ERROR     MIS BUY LODHA skipped — insufficient capital after reduction
2026-07-15 08:29:37  DEBUG     Starting new HTTPS connection (1): piconnect.flattrade.in:443
2026-07-15 08:29:37  DEBUG     https://piconnect.flattrade.in:443 "POST /PiConnectAPI/Limits HTTP/1.1" 200 None
2026-07-15 08:29:37  WARNING   MIS BUY LODHA: avail=Rs125.54 < needed=Rs581.40 — qty 2→0
2026-07-15 08:29:37  ERROR     MIS BUY LODHA skipped — insufficient capital after reduction
2026-07-15 08:29:37  DEBUG     Starting new HTTPS connection (1): piconnect.flattrade.in:443
2026-07-15 08:29:38  DEBUG     https://piconnect.flattrade.in:443 "POST /PiConnectAPI/Limits HTTP/1.1" 200 None
2026-07-15 08:29:38  WARNING   MIS BUY LODHA: avail=Rs125.54 < needed=Rs581.40 — qty 2→0
2026-07-15 08:29:38  ERROR     MIS BUY LODHA skipped — insufficient capital after reduction
2026-07-15 08:29:38  DEBUG     Starting new HTTPS connection (1): piconnect.flattrade.in:443
2026-07-15 08:29:38  DEBUG     https://piconnect.flattrade.in:443 "POST /PiConnectAPI/Limits HTTP/1.1" 200 None
2026-07-15 08:29:38  WARNING   MIS BUY LODHA: avail=Rs125.54 < needed=Rs581.23 — qty 2→0
2026-07-15 08:29:38  ERROR     MIS BUY LODHA skipped — insufficient capital after reduction
2026-07-15 08:29:39  DEBUG     Starting new HTTPS connection (1): piconnect.flattrade.in:443
2026-07-15 08:29:39  DEBUG     https://piconnect.flattrade.in:443 "POST /PiConnectAPI/Limits HTTP/1.1" 200 None
2026-07-15 08:29:39  WARNING   MIS BUY LODHA: avail=Rs125.54 < needed=Rs581.20 — qty 2→0
2026-07-15 08:29:39  ERROR     MIS BUY LODHA skipped — insufficient capital after reduction
2026-07-15 08:29:40  DEBUG     Starting new HTTPS connection (1): piconnect.flattrade.in:443
2026-07-15 08:29:40  DEBUG     https://piconnect.flattrade.in:443 "POST /PiConnectAPI/Limits HTTP/1.1" 200 None
2026-07-15 08:29:40  WARNING   MIS BUY LODHA: avail=Rs125.54 < needed=Rs581.17 — qty 2→0
2026-07-15 08:29:40  ERROR     MIS BUY LODHA skipped — insufficient capital after reduction
2026-07-15 08:29:41  DEBUG     Starting new HTTPS connection (1): piconnect.flattrade.in:443
2026-07-15 08:29:41  DEBUG     https://piconnect.flattrade.in:443 "POST /PiConnectAPI/Limits HTTP/1.1" 200 None
2026-07-15 08:29:41  WARNING   MIS BUY LODHA: avail=Rs125.54 < needed=Rs581.17 — qty 2→0
2026-07-15 08:29:41  ERROR     MIS BUY LODHA skipped — insufficient capital after reduction
2026-07-15 08:29:42  DEBUG     Starting new HTTPS connection (1): piconnect.flattrade.in:443
2026-07-15 08:29:42  DEBUG     https://piconnect.flattrade.in:443 "POST /PiConnectAPI/Limits HTTP/1.1" 200 None
2026-07-15 08:29:42  WARNING   MIS BUY LODHA: avail=Rs125.54 < needed=Rs581.12 — qty 2→0
2026-07-15 08:29:42  ERROR     MIS BUY LODHA skipped — insufficient capital after reduction
2026-07-15 08:29:43  DEBUG     Starting new HTTPS connection (1): piconnect.flattrade.in:443
2026-07-15 08:29:43  DEBUG     https://piconnect.flattrade.in:443 "POST /PiConnectAPI/Limits HTTP/1.1" 200 None
2026-07-15 08:29:43  WARNING   MIS BUY LODHA: avail=Rs125.54 < needed=Rs581.12 — qty 2→0
2026-07-15 08:29:43  ERROR     MIS BUY LODHA skipped — insufficient capital after reduction
2026-07-15 08:29:43  DEBUG     Starting new HTTPS connection (1): piconnect.flattrade.in:443
2026-07-15 08:29:43  DEBUG     https://piconnect.flattrade.in:443 "POST /PiConnectAPI/Limits HTTP/1.1" 200 None
2026-07-15 08:29:44  WARNING   MIS BUY LODHA: avail=Rs125.54 < needed=Rs581.12 — qty 2→0
2026-07-15 08:29:44  ERROR     MIS BUY LODHA skipped — insufficient capital after reduction
2026-07-15 08:29:44  DEBUG     Starting new HTTPS connection (1): piconnect.flattrade.in:443
2026-07-15 08:29:44  DEBUG     https://piconnect.flattrade.in:443 "POST /PiConnectAPI/Limits HTTP/1.1" 200 None
2026-07-15 08:29:44  WARNING   MIS BUY LODHA: avail=Rs125.54 < needed=Rs581.12 — qty 2→0
2026-07-15 08:29:44  ERROR     MIS BUY LODHA skipped — insufficient capital after reduction
2026-07-15 08:29:45  DEBUG     Starting new HTTPS connection (1): piconnect.flattrade.in:443
2026-07-15 08:29:45  DEBUG     https://piconnect.flattrade.in:443 "POST /PiConnectAPI/Limits HTTP/1.1" 200 None
2026-07-15 08:29:45  WARNING   MIS BUY LODHA: avail=Rs125.54 < needed=Rs581.12 — qty 2→0
2026-07-15 08:29:45  ERROR     MIS BUY LODHA skipped — insufficient capital after reduction
2026-07-15 08:29:46  DEBUG     Starting new HTTPS connection (1): piconnect.flattrade.in:443
2026-07-15 08:29:46  DEBUG     https://piconnect.flattrade.in:443 "POST /PiConnectAPI/Limits HTTP/1.1" 200 None
2026-07-15 08:29:46  WARNING   MIS BUY LODHA: avail=Rs125.54 < needed=Rs581.12 — qty 2→0
2026-07-15 08:29:46  ERROR     MIS BUY LODHA skipped — insufficient capital after reduction
2026-07-15 08:29:47  DEBUG     Starting new HTTPS connection (1): piconnect.flattrade.in:443
2026-07-15 08:29:47  DEBUG     https://piconnect.flattrade.in:443 "POST /PiConnectAPI/Limits HTTP/1.1" 200 None
2026-07-15 08:29:47  WARNING   MIS BUY LODHA: avail=Rs125.54 < needed=Rs581.12 — qty 2→0
2026-07-15 08:29:47  ERROR     MIS BUY LODHA skipped — insufficient capital after reduction
2026-07-15 08:29:48  DEBUG     Starting new HTTPS connection (1): piconnect.flattrade.in:443
2026-07-15 08:29:48  DEBUG     https://piconnect.flattrade.in:443 "POST /PiConnectAPI/Limits HTTP/1.1" 200 None
2026-07-15 08:29:48  WARNING   MIS BUY LODHA: avail=Rs125.54 < needed=Rs581.12 — qty 2→0
2026-07-15 08:29:48  ERROR     MIS BUY LODHA skipped — insufficient capital after reduction
2026-07-15 08:29:49  DEBUG     Starting new HTTPS connection (1): piconnect.flattrade.in:443
2026-07-15 08:29:49  DEBUG     https://piconnect.flattrade.in:443 "POST /PiConnectAPI/Limits HTTP/1.1" 200 None
2026-07-15 08:29:49  WARNING   MIS BUY LODHA: avail=Rs125.54 < needed=Rs581.12 — qty 2→0
2026-07-15 08:29:49  ERROR     MIS BUY LODHA skipped — insufficient capital after reduction
2026-07-15 08:29:50  DEBUG     Starting new HTTPS connection (1): piconnect.flattrade.in:443
2026-07-15 08:29:50  DEBUG     https://piconnect.flattrade.in:443 "POST /PiConnectAPI/Limits HTTP/1.1" 200 None
2026-07-15 08:29:50  WARNING   MIS BUY LODHA: avail=Rs125.54 < needed=Rs581.12 — qty 2→0
2026-07-15 08:29:50  ERROR     MIS BUY LODHA skipped — insufficient capital after reduction
2026-07-15 08:29:51  DEBUG     Starting new HTTPS connection (1): piconnect.flattrade.in:443
2026-07-15 08:29:51  DEBUG     https://piconnect.flattrade.in:443 "POST /PiConnectAPI/Limits HTTP/1.1" 200 None
2026-07-15 08:29:51  WARNING   MIS BUY LODHA: avail=Rs125.54 < needed=Rs581.12 — qty 2→0
2026-07-15 08:29:51  ERROR     MIS BUY LODHA skipped — insufficient capital after reduction
2026-07-15 08:29:52  DEBUG     Starting new HTTPS connection (1): piconnect.flattrade.in:443
2026-07-15 08:29:52  DEBUG     https://piconnect.flattrade.in:443 "POST /PiConnectAPI/Limits HTTP/1.1" 200 None
2026-07-15 08:29:52  WARNING   MIS BUY LODHA: avail=Rs125.54 < needed=Rs581.12 — qty 2→0
2026-07-15 08:29:52  ERROR     MIS BUY LODHA skipped — insufficient capital after reduction
2026-07-15 08:29:54  DEBUG     Starting new HTTPS connection (1): piconnect.flattrade.in:443
2026-07-15 08:29:54  DEBUG     https://piconnect.flattrade.in:443 "POST /PiConnectAPI/Limits HTTP/1.1" 200 None
2026-07-15 08:29:54  WARNING   MIS BUY LODHA: avail=Rs125.54 < needed=Rs581.12 — qty 2→0
2026-07-15 08:29:54  ERROR     MIS BUY LODHA skipped — insufficient capital after reduction
2026-07-15 08:29:56  DEBUG     Starting new HTTPS connection (1): piconnect.flattrade.in:443
2026-07-15 08:29:56  DEBUG     https://piconnect.flattrade.in:443 "POST /PiConnectAPI/Limits HTTP/1.1" 200 None
2026-07-15 08:29:56  WARNING   MIS BUY LODHA: avail=Rs125.54 < needed=Rs581.12 — qty 2→0
2026-07-15 08:29:56  ERROR     MIS BUY LODHA skipped — insufficient capital after reduction
2026-07-15 08:29:57  DEBUG     Starting new HTTPS connection (1): piconnect.flattrade.in:443
2026-07-15 08:29:57  DEBUG     https://piconnect.flattrade.in:443 "POST /PiConnectAPI/Limits HTTP/1.1" 200 None
2026-07-15 08:29:57  WARNING   MIS BUY LODHA: avail=Rs125.54 < needed=Rs581.12 — qty 2→0
2026-07-15 08:29:57  ERROR     MIS BUY LODHA skipped — insufficient capital after reduction
2026-07-15 08:29:58  DEBUG     Starting new HTTPS connection (1): piconnect.flattrade.in:443
2026-07-15 08:29:58  DEBUG     https://piconnect.flattrade.in:443 "POST /PiConnectAPI/Limits HTTP/1.1" 200 None
2026-07-15 08:29:58  WARNING   MIS BUY LODHA: avail=Rs125.54 < needed=Rs581.12 — qty 2→0
2026-07-15 08:29:58  ERROR     MIS BUY LODHA skipped — insufficient capital after reduction
2026-07-15 08:29:59  DEBUG     Starting new HTTPS connection (1): piconnect.flattrade.in:443
2026-07-15 08:29:59  DEBUG     https://piconnect.flattrade.in:443 "POST /PiConnectAPI/Limits HTTP/1.1" 200 None
2026-07-15 08:29:59  WARNING   MIS BUY LODHA: avail=Rs125.54 < needed=Rs581.12 — qty 2→0
2026-07-15 08:29:59  ERROR     MIS BUY LODHA skipped — insufficient capital after reduction
2026-07-15 08:30:00  DEBUG     Starting new HTTPS connection (1): piconnect.flattrade.in:443
2026-07-15 08:30:00  DEBUG     https://piconnect.flattrade.in:443 "POST /PiConnectAPI/Limits HTTP/1.1" 200 None
2026-07-15 08:30:00  WARNING   MIS BUY LODHA: avail=Rs125.54 < needed=Rs581.12 — qty 2→0
2026-07-15 08:30:00  ERROR     MIS BUY LODHA skipped — insufficient capital after reduction
2026-07-15 08:30:00  DEBUG     CANDLE  UNIONBANK     O=173.35  H=173.96  L=172.98  C=173.22
2026-07-15 08:30:00  DEBUG     Sending ping
2026-07-15 08:30:00  DEBUG     Starting new HTTPS connection (1): piconnect.flattrade.in:443
2026-07-15 08:30:01  DEBUG     https://piconnect.flattrade.in:443 "POST /PiConnectAPI/Limits HTTP/1.1" 200 None
2026-07-15 08:30:01  WARNING   MIS BUY LODHA: avail=Rs125.54 < needed=Rs581.12 — qty 2→0
2026-07-15 08:30:01  ERROR     MIS BUY LODHA skipped — insufficient capital after reduction
2026-07-15 08:30:01  DEBUG     CANDLE  LODHA         O=1158.90  H=1164.40  L=1157.50  C=1161.75
2026-07-15 08:30:01  DEBUG     CANDLE  HCLTECH       O=1165.00  H=1167.40  L=1164.00  C=1167.40
2026-07-15 08:30:02  DEBUG     Starting new HTTPS connection (1): piconnect.flattrade.in:443
2026-07-15 08:30:02  DEBUG     https://piconnect.flattrade.in:443 "POST /PiConnectAPI/Limits HTTP/1.1" 200 None
2026-07-15 08:30:02  WARNING   MIS BUY LODHA: avail=Rs125.54 < needed=Rs581.12 — qty 2→0
2026-07-15 08:30:02  ERROR     MIS BUY LODHA skipped — insufficient capital after reduction
2026-07-15 08:30:02  DEBUG     Starting new HTTPS connection (1): piconnect.flattrade.in:443
2026-07-15 08:30:03  DEBUG     https://piconnect.flattrade.in:443 "POST /PiConnectAPI/Limits HTTP/1.1" 200 None
2026-07-15 08:30:03  WARNING   MIS BUY LODHA: avail=Rs125.54 < needed=Rs581.12 — qty 2→0
2026-07-15 08:30:03  ERROR     MIS BUY LODHA skipped — insufficient capital after reduction
2026-07-15 08:30:04  DEBUG     Starting new HTTPS connection (1): piconnect.flattrade.in:443
2026-07-15 08:30:04  DEBUG     https://piconnect.flattrade.in:443 "POST /PiConnectAPI/Limits HTTP/1.1" 200 None
2026-07-15 08:30:04  WARNING   MIS BUY LODHA: avail=Rs125.54 < needed=Rs581.12 — qty 2→0
2026-07-15 08:30:04  ERROR     MIS BUY LODHA skipped — insufficient capital after reduction
2026-07-15 08:30:04  DEBUG     CANDLE  JIOFIN        O=235.96  H=236.43  L=235.86  C=236.30
2026-07-15 08:30:05  DEBUG     Starting new HTTPS connection (1): piconnect.flattrade.in:443
2026-07-15 08:30:05  DEBUG     https://piconnect.flattrade.in:443 "POST /PiConnectAPI/Limits HTTP/1.1" 200 None
2026-07-15 08:30:05  WARNING   MIS BUY LODHA: avail=Rs125.54 < needed=Rs581.45 — qty 2→0
2026-07-15 08:30:05  ERROR     MIS BUY LODHA skipped — insufficient capital after reduction
2026-07-15 08:30:06  DEBUG     Starting new HTTPS connection (1): piconnect.flattrade.in:443
2026-07-15 08:30:06  DEBUG     https://piconnect.flattrade.in:443 "POST /PiConnectAPI/Limits HTTP/1.1" 200 None
2026-07-15 08:30:06  WARNING   MIS BUY LODHA: avail=Rs125.54 < needed=Rs581.40 — qty 2→0
2026-07-15 08:30:06  ERROR     MIS BUY LODHA skipped — insufficient capital after reduction
2026-07-15 08:30:07  DEBUG     Starting new HTTPS connection (1): piconnect.flattrade.in:443
2026-07-15 08:30:07  DEBUG     https://piconnect.flattrade.in:443 "POST /PiConnectAPI/Limits HTTP/1.1" 200 None
2026-07-15 08:30:07  WARNING   MIS BUY LODHA: avail=Rs125.54 < needed=Rs581.42 — qty 2→0
2026-07-15 08:30:07  ERROR     MIS BUY LODHA skipped — insufficient capital after reduction
2026-07-15 08:30:08  DEBUG     Starting new HTTPS connection (1): piconnect.flattrade.in:443
2026-07-15 08:30:08  DEBUG     https://piconnect.flattrade.in:443 "POST /PiConnectAPI/Limits HTTP/1.1" 200 None
2026-07-15 08:30:08  WARNING   MIS BUY LODHA: avail=Rs125.54 < needed=Rs581.42 — qty 2→0
2026-07-15 08:30:08  ERROR     MIS BUY LODHA skipped — insufficient capital after reduction
2026-07-15 08:30:09  DEBUG     Starting new HTTPS connection (1): piconnect.flattrade.in:443
2026-07-15 08:30:09  DEBUG     https://piconnect.flattrade.in:443 "POST /PiConnectAPI/Limits HTTP/1.1" 200 None
2026-07-15 08:30:09  WARNING   MIS BUY LODHA: avail=Rs125.54 < needed=Rs581.42 — qty 2→0
2026-07-15 08:30:09  ERROR     MIS BUY LODHA skipped — insufficient capital after reduction
2026-07-15 08:30:10  DEBUG     Starting new HTTPS connection (1): piconnect.flattrade.in:443
2026-07-15 08:30:10  DEBUG     https://piconnect.flattrade.in:443 "POST /PiConnectAPI/Limits HTTP/1.1" 200 None
2026-07-15 08:30:10  WARNING   MIS BUY LODHA: avail=Rs125.54 < needed=Rs581.42 — qty 2→0
2026-07-15 08:30:10  ERROR     MIS BUY LODHA skipped — insufficient capital after reduction
2026-07-15 08:30:11  DEBUG     Starting new HTTPS connection (1): piconnect.flattrade.in:443
2026-07-15 08:30:11  DEBUG     https://piconnect.flattrade.in:443 "POST /PiConnectAPI/Limits HTTP/1.1" 200 None
2026-07-15 08:30:11  WARNING   MIS BUY LODHA: avail=Rs125.54 < needed=Rs581.35 — qty 2→0
2026-07-15 08:30:11  ERROR     MIS BUY LODHA skipped — insufficient capital after reduction
2026-07-15 08:30:11  DEBUG     CANDLE  ADANIENSOL    O=1672.70  H=1677.60  L=1671.00  C=1677.10
2026-07-15 08:30:13  DEBUG     Starting new HTTPS connection (1): piconnect.flattrade.in:443
2026-07-15 08:30:13  DEBUG     https://piconnect.flattrade.in:443 "POST /PiConnectAPI/Limits HTTP/1.1" 200 None
2026-07-15 08:30:13  WARNING   MIS BUY LODHA: avail=Rs125.54 < needed=Rs581.30 — qty 2→0
2026-07-15 08:30:13  ERROR     MIS BUY LODHA skipped — insufficient capital after reduction
2026-07-15 08:30:14  DEBUG     Starting new HTTPS connection (1): piconnect.flattrade.in:443
2026-07-15 08:30:14  DEBUG     https://piconnect.flattrade.in:443 "POST /PiConnectAPI/Limits HTTP/1.1" 200 None
2026-07-15 08:30:14  WARNING   MIS BUY LODHA: avail=Rs125.54 < needed=Rs581.15 — qty 2→0
2026-07-15 08:30:14  ERROR     MIS BUY LODHA skipped — insufficient capital after reduction
2026-07-15 08:30:16  DEBUG     Starting new HTTPS connection (1): piconnect.flattrade.in:443
2026-07-15 08:30:16  DEBUG     https://piconnect.flattrade.in:443 "POST /PiConnectAPI/Limits HTTP/1.1" 200 None
2026-07-15 08:30:16  WARNING   MIS BUY LODHA: avail=Rs125.54 < needed=Rs581.15 — qty 2→0
2026-07-15 08:30:16  ERROR     MIS BUY LODHA skipped — insufficient capital after reduction
2026-07-15 08:30:17  DEBUG     Starting new HTTPS connection (1): piconnect.flattrade.in:443
2026-07-15 08:30:17  DEBUG     https://piconnect.flattrade.in:443 "POST /PiConnectAPI/Limits HTTP/1.1" 200 None
2026-07-15 08:30:17  WARNING   MIS BUY LODHA: avail=Rs125.54 < needed=Rs581.15 — qty 2→0
2026-07-15 08:30:17  ERROR     MIS BUY LODHA skipped — insufficient capital after reduction
2026-07-15 08:30:20  DEBUG     Starting new HTTPS connection (1): piconnect.flattrade.in:443
2026-07-15 08:30:20  DEBUG     https://piconnect.flattrade.in:443 "POST /PiConnectAPI/Limits HTTP/1.1" 200 None
2026-07-15 08:30:20  WARNING   MIS BUY LODHA: avail=Rs125.54 < needed=Rs581.10 — qty 2→0
2026-07-15 08:30:20  ERROR     MIS BUY LODHA skipped — insufficient capital after reduction
2026-07-15 08:30:21  DEBUG     Starting new HTTPS connection (1): piconnect.flattrade.in:443
2026-07-15 08:30:21  DEBUG     https://piconnect.flattrade.in:443 "POST /PiConnectAPI/Limits HTTP/1.1" 200 None
2026-07-15 08:30:21  WARNING   MIS BUY LODHA: avail=Rs125.54 < needed=Rs581.10 — qty 2→0
2026-07-15 08:30:21  ERROR     MIS BUY LODHA skipped — insufficient capital after reduction
2026-07-15 08:30:22  DEBUG     Starting new HTTPS connection (1): piconnect.flattrade.in:443
2026-07-15 08:30:22  DEBUG     https://piconnect.flattrade.in:443 "POST /PiConnectAPI/Limits HTTP/1.1" 200 None
2026-07-15 08:30:22  WARNING   MIS BUY LODHA: avail=Rs125.54 < needed=Rs581.10 — qty 2→0
2026-07-15 08:30:22  ERROR     MIS BUY LODHA skipped — insufficient capital after reduction
2026-07-15 08:30:23  DEBUG     Starting new HTTPS connection (1): piconnect.flattrade.in:443
2026-07-15 08:30:23  DEBUG     https://piconnect.flattrade.in:443 "POST /PiConnectAPI/Limits HTTP/1.1" 200 None
2026-07-15 08:30:23  WARNING   MIS BUY LODHA: avail=Rs125.54 < needed=Rs581.10 — qty 2→0
2026-07-15 08:30:23  ERROR     MIS BUY LODHA skipped — insufficient capital after reduction
2026-07-15 08:30:27  DEBUG     Starting new HTTPS connection (1): piconnect.flattrade.in:443
2026-07-15 08:30:27  DEBUG     https://piconnect.flattrade.in:443 "POST /PiConnectAPI/Limits HTTP/1.1" 200 None
2026-07-15 08:30:27  WARNING   MIS BUY LODHA: avail=Rs125.54 < needed=Rs581.15 — qty 2→0
2026-07-15 08:30:27  ERROR     MIS BUY LODHA skipped — insufficient capital after reduction
2026-07-15 08:30:28  DEBUG     Starting new HTTPS connection (1): piconnect.flattrade.in:443
2026-07-15 08:30:28  DEBUG     https://piconnect.flattrade.in:443 "POST /PiConnectAPI/Limits HTTP/1.1" 200 None
2026-07-15 08:30:28  WARNING   MIS BUY LODHA: avail=Rs125.54 < needed=Rs581.15 — qty 2→0
2026-07-15 08:30:28  ERROR     MIS BUY LODHA skipped — insufficient capital after reduction
2026-07-15 08:30:28  DEBUG     Starting new HTTPS connection (1): piconnect.flattrade.in:443
2026-07-15 08:30:28  DEBUG     https://piconnect.flattrade.in:443 "POST /PiConnectAPI/Limits HTTP/1.1" 200 None
2026-07-15 08:30:28  WARNING   MIS BUY LODHA: avail=Rs125.54 < needed=Rs581.15 — qty 2→0
2026-07-15 08:30:28  ERROR     MIS BUY LODHA skipped — insufficient capital after reduction
2026-07-15 08:30:28  DEBUG     Starting new HTTPS connection (1): piconnect.flattrade.in:443
2026-07-15 08:30:29  DEBUG     https://piconnect.flattrade.in:443 "POST /PiConnectAPI/Limits HTTP/1.1" 200 None
2026-07-15 08:30:29  WARNING   MIS BUY LODHA: avail=Rs125.54 < needed=Rs581.15 — qty 2→0
2026-07-15 08:30:29  ERROR     MIS BUY LODHA skipped — insufficient capital after reduction
2026-07-15 08:30:29  DEBUG     Starting new HTTPS connection (1): piconnect.flattrade.in:443
2026-07-15 08:30:29  DEBUG     https://piconnect.flattrade.in:443 "POST /PiConnectAPI/Limits HTTP/1.1" 200 None
2026-07-15 08:30:29  WARNING   MIS BUY LODHA: avail=Rs125.54 < needed=Rs581.35 — qty 2→0
2026-07-15 08:30:29  ERROR     MIS BUY LODHA skipped — insufficient capital after reduction
2026-07-15 08:30:30  DEBUG     Starting new HTTPS connection (1): piconnect.flattrade.in:443
2026-07-15 08:30:30  DEBUG     https://piconnect.flattrade.in:443 "POST /PiConnectAPI/Limits HTTP/1.1" 200 None
2026-07-15 08:30:30  WARNING   MIS BUY LODHA: avail=Rs125.54 < needed=Rs581.33 — qty 2→0
2026-07-15 08:30:30  ERROR     MIS BUY LODHA skipped — insufficient capital after reduction
2026-07-15 08:30:30  DEBUG     Sending ping
2026-07-15 08:30:33  DEBUG     Starting new HTTPS connection (1): piconnect.flattrade.in:443
2026-07-15 08:30:34  DEBUG     https://piconnect.flattrade.in:443 "POST /PiConnectAPI/Limits HTTP/1.1" 200 None
2026-07-15 08:30:34  WARNING   MIS BUY LODHA: avail=Rs125.54 < needed=Rs581.33 — qty 2→0
2026-07-15 08:30:34  ERROR     MIS BUY LODHA skipped — insufficient capital after reduction
2026-07-15 08:30:34  DEBUG     Starting new HTTPS connection (1): piconnect.flattrade.in:443
2026-07-15 08:30:34  DEBUG     https://piconnect.flattrade.in:443 "POST /PiConnectAPI/Limits HTTP/1.1" 200 None
2026-07-15 08:30:34  WARNING   MIS BUY LODHA: avail=Rs125.54 < needed=Rs581.30 — qty 2→0
2026-07-15 08:30:34  ERROR     MIS BUY LODHA skipped — insufficient capital after reduction
2026-07-15 08:30:35  DEBUG     Starting new HTTPS connection (1): piconnect.flattrade.in:443
2026-07-15 08:30:35  DEBUG     https://piconnect.flattrade.in:443 "POST /PiConnectAPI/Limits HTTP/1.1" 200 None
2026-07-15 08:30:35  WARNING   MIS BUY LODHA: avail=Rs125.54 < needed=Rs581.27 — qty 2→0
2026-07-15 08:30:35  ERROR     MIS BUY LODHA skipped — insufficient capital after reduction
2026-07-15 08:30:39  DEBUG     Starting new HTTPS connection (1): piconnect.flattrade.in:443
2026-07-15 08:30:39  DEBUG     https://piconnect.flattrade.in:443 "POST /PiConnectAPI/Limits HTTP/1.1" 200 None
2026-07-15 08:30:39  WARNING   MIS BUY LODHA: avail=Rs125.54 < needed=Rs581.30 — qty 2→0
2026-07-15 08:30:39  ERROR     MIS BUY LODHA skipped — insufficient capital after reduction
2026-07-15 08:30:40  DEBUG     Starting new HTTPS connection (1): piconnect.flattrade.in:443
2026-07-15 08:30:40  DEBUG     https://piconnect.flattrade.in:443 "POST /PiConnectAPI/Limits HTTP/1.1" 200 None
2026-07-15 08:30:40  WARNING   MIS BUY LODHA: avail=Rs125.54 < needed=Rs581.30 — qty 2→0
2026-07-15 08:30:40  ERROR     MIS BUY LODHA skipped — insufficient capital after reduction
2026-07-15 08:30:41  DEBUG     Starting new HTTPS connection (1): piconnect.flattrade.in:443
2026-07-15 08:30:41  DEBUG     https://piconnect.flattrade.in:443 "POST /PiConnectAPI/Limits HTTP/1.1" 200 None
2026-07-15 08:30:41  WARNING   MIS BUY LODHA: avail=Rs125.54 < needed=Rs581.27 — qty 2→0
2026-07-15 08:30:41  ERROR     MIS BUY LODHA skipped — insufficient capital after reduction
2026-07-15 08:30:42  DEBUG     Starting new HTTPS connection (1): piconnect.flattrade.in:443
2026-07-15 08:30:42  DEBUG     https://piconnect.flattrade.in:443 "POST /PiConnectAPI/Limits HTTP/1.1" 200 None
2026-07-15 08:30:42  WARNING   MIS BUY LODHA: avail=Rs125.54 < needed=Rs581.27 — qty 2→0
2026-07-15 08:30:42  ERROR     MIS BUY LODHA skipped — insufficient capital after reduction
2026-07-15 08:30:43  DEBUG     Starting new HTTPS connection (1): piconnect.flattrade.in:443
2026-07-15 08:30:43  DEBUG     https://piconnect.flattrade.in:443 "POST /PiConnectAPI/Limits HTTP/1.1" 200 None
2026-07-15 08:30:43  WARNING   MIS BUY LODHA: avail=Rs125.54 < needed=Rs581.23 — qty 2→0
2026-07-15 08:30:43  ERROR     MIS BUY LODHA skipped — insufficient capital after reduction
2026-07-15 08:30:44  DEBUG     Starting new HTTPS connection (1): piconnect.flattrade.in:443
2026-07-15 08:30:44  DEBUG     https://piconnect.flattrade.in:443 "POST /PiConnectAPI/Limits HTTP/1.1" 200 None
2026-07-15 08:30:44  WARNING   MIS BUY LODHA: avail=Rs125.54 < needed=Rs581.23 — qty 2→0
2026-07-15 08:30:44  ERROR     MIS BUY LODHA skipped — insufficient capital after reduction
2026-07-15 08:30:45  DEBUG     Starting new HTTPS connection (1): piconnect.flattrade.in:443
2026-07-15 08:30:46  DEBUG     https://piconnect.flattrade.in:443 "POST /PiConnectAPI/Limits HTTP/1.1" 200 None
2026-07-15 08:30:46  WARNING   MIS BUY LODHA: avail=Rs125.54 < needed=Rs581.23 — qty 2→0
2026-07-15 08:30:46  ERROR     MIS BUY LODHA skipped — insufficient capital after reduction
2026-07-15 08:30:48  DEBUG     Starting new HTTPS connection (1): piconnect.flattrade.in:443
2026-07-15 08:30:48  DEBUG     https://piconnect.flattrade.in:443 "POST /PiConnectAPI/Limits HTTP/1.1" 200 None
2026-07-15 08:30:48  WARNING   MIS BUY LODHA: avail=Rs125.54 < needed=Rs581.23 — qty 2→0
2026-07-15 08:30:48  ERROR     MIS BUY LODHA skipped — insufficient capital after reduction
2026-07-15 08:30:49  DEBUG     Starting new HTTPS connection (1): piconnect.flattrade.in:443
2026-07-15 08:30:49  DEBUG     https://piconnect.flattrade.in:443 "POST /PiConnectAPI/Limits HTTP/1.1" 200 None
2026-07-15 08:30:49  WARNING   MIS BUY LODHA: avail=Rs125.54 < needed=Rs581.23 — qty 2→0
2026-07-15 08:30:49  ERROR     MIS BUY LODHA skipped — insufficient capital after reduction
2026-07-15 08:30:50  DEBUG     Starting new HTTPS connection (1): piconnect.flattrade.in:443
2026-07-15 08:30:50  DEBUG     https://piconnect.flattrade.in:443 "POST /PiConnectAPI/Limits HTTP/1.1" 200 None
2026-07-15 08:30:50  WARNING   MIS BUY LODHA: avail=Rs125.54 < needed=Rs581.23 — qty 2→0
2026-07-15 08:30:50  ERROR     MIS BUY LODHA skipped — insufficient capital after reduction
2026-07-15 08:30:51  DEBUG     Starting new HTTPS connection (1): piconnect.flattrade.in:443
2026-07-15 08:30:51  DEBUG     https://piconnect.flattrade.in:443 "POST /PiConnectAPI/Limits HTTP/1.1" 200 None
2026-07-15 08:30:51  WARNING   MIS BUY LODHA: avail=Rs125.54 < needed=Rs581.23 — qty 2→0
2026-07-15 08:30:51  ERROR     MIS BUY LODHA skipped — insufficient capital after reduction
2026-07-15 08:30:52  DEBUG     Starting new HTTPS connection (1): piconnect.flattrade.in:443
2026-07-15 08:30:53  DEBUG     https://piconnect.flattrade.in:443 "POST /PiConnectAPI/Limits HTTP/1.1" 200 None
2026-07-15 08:30:53  WARNING   MIS BUY LODHA: avail=Rs125.54 < needed=Rs581.23 — qty 2→0
2026-07-15 08:30:53  ERROR     MIS BUY LODHA skipped — insufficient capital after reduction
2026-07-15 08:30:53  DEBUG     Starting new HTTPS connection (1): piconnect.flattrade.in:443
2026-07-15 08:30:53  DEBUG     https://piconnect.flattrade.in:443 "POST /PiConnectAPI/Limits HTTP/1.1" 200 None
2026-07-15 08:30:53  WARNING   MIS BUY LODHA: avail=Rs125.54 < needed=Rs581.23 — qty 2→0
2026-07-15 08:30:53  ERROR     MIS BUY LODHA skipped — insufficient capital after reduction
2026-07-15 08:30:57  DEBUG     Starting new HTTPS connection (1): piconnect.flattrade.in:443
2026-07-15 08:30:57  DEBUG     https://piconnect.flattrade.in:443 "POST /PiConnectAPI/Limits HTTP/1.1" 200 None
2026-07-15 08:30:57  WARNING   MIS BUY LODHA: avail=Rs125.54 < needed=Rs581.17 — qty 2→0
2026-07-15 08:30:57  ERROR     MIS BUY LODHA skipped — insufficient capital after reduction
2026-07-15 08:30:57  DEBUG     Starting new HTTPS connection (1): piconnect.flattrade.in:443
2026-07-15 08:30:58  DEBUG     https://piconnect.flattrade.in:443 "POST /PiConnectAPI/Limits HTTP/1.1" 200 None
2026-07-15 08:30:58  WARNING   MIS BUY LODHA: avail=Rs125.54 < needed=Rs581.17 — qty 2→0
2026-07-15 08:30:58  ERROR     MIS BUY LODHA skipped — insufficient capital after reduction
2026-07-15 08:30:58  DEBUG     Starting new HTTPS connection (1): piconnect.flattrade.in:443
2026-07-15 08:30:58  DEBUG     https://piconnect.flattrade.in:443 "POST /PiConnectAPI/Limits HTTP/1.1" 200 None
2026-07-15 08:30:58  WARNING   MIS BUY LODHA: avail=Rs125.54 < needed=Rs581.12 — qty 2→0
2026-07-15 08:30:58  ERROR     MIS BUY LODHA skipped — insufficient capital after reduction
2026-07-15 08:30:59  DEBUG     Starting new HTTPS connection (1): piconnect.flattrade.in:443
2026-07-15 08:30:59  DEBUG     https://piconnect.flattrade.in:443 "POST /PiConnectAPI/Limits HTTP/1.1" 200 None
2026-07-15 08:30:59  WARNING   MIS BUY LODHA: avail=Rs125.54 < needed=Rs581.12 — qty 2→0
2026-07-15 08:30:59  ERROR     MIS BUY LODHA skipped — insufficient capital after reduction
2026-07-15 08:31:00  DEBUG     Sending ping
2026-07-15 08:31:01  DEBUG     Starting new HTTPS connection (1): piconnect.flattrade.in:443
2026-07-15 08:31:01  DEBUG     https://piconnect.flattrade.in:443 "POST /PiConnectAPI/Limits HTTP/1.1" 200 None
2026-07-15 08:31:01  WARNING   MIS BUY LODHA: avail=Rs125.54 < needed=Rs581.12 — qty 2→0
2026-07-15 08:31:01  ERROR     MIS BUY LODHA skipped — insufficient capital after reduction
2026-07-15 08:31:02  DEBUG     Starting new HTTPS connection (1): piconnect.flattrade.in:443
2026-07-15 08:31:02  DEBUG     https://piconnect.flattrade.in:443 "POST /PiConnectAPI/Limits HTTP/1.1" 200 None
2026-07-15 08:31:02  WARNING   MIS BUY LODHA: avail=Rs125.54 < needed=Rs581.12 — qty 2→0
2026-07-15 08:31:02  ERROR     MIS BUY LODHA skipped — insufficient capital after reduction
2026-07-15 08:31:03  DEBUG     Starting new HTTPS connection (1): piconnect.flattrade.in:443
2026-07-15 08:31:03  DEBUG     https://piconnect.flattrade.in:443 "POST /PiConnectAPI/Limits HTTP/1.1" 200 None
2026-07-15 08:31:03  WARNING   MIS BUY LODHA: avail=Rs125.54 < needed=Rs581.12 — qty 2→0
2026-07-15 08:31:03  ERROR     MIS BUY LODHA skipped — insufficient capital after reduction
2026-07-15 08:31:06  DEBUG     Starting new HTTPS connection (1): piconnect.flattrade.in:443
2026-07-15 08:31:06  DEBUG     https://piconnect.flattrade.in:443 "POST /PiConnectAPI/Limits HTTP/1.1" 200 None
2026-07-15 08:31:06  WARNING   MIS BUY LODHA: avail=Rs125.54 < needed=Rs581.12 — qty 2→0
2026-07-15 08:31:06  ERROR     MIS BUY LODHA skipped — insufficient capital after reduction
2026-07-15 08:31:07  DEBUG     Starting new HTTPS connection (1): piconnect.flattrade.in:443
2026-07-15 08:31:07  DEBUG     https://piconnect.flattrade.in:443 "POST /PiConnectAPI/Limits HTTP/1.1" 200 None
2026-07-15 08:31:07  WARNING   MIS BUY LODHA: avail=Rs125.54 < needed=Rs581.12 — qty 2→0
2026-07-15 08:31:07  ERROR     MIS BUY LODHA skipped — insufficient capital after reduction
2026-07-15 08:31:10  DEBUG     Starting new HTTPS connection (1): piconnect.flattrade.in:443
2026-07-15 08:31:10  DEBUG     https://piconnect.flattrade.in:443 "POST /PiConnectAPI/Limits HTTP/1.1" 200 None
2026-07-15 08:31:10  WARNING   MIS BUY LODHA: avail=Rs125.54 < needed=Rs581.12 — qty 2→0
2026-07-15 08:31:10  ERROR     MIS BUY LODHA skipped — insufficient capital after reduction
2026-07-15 08:31:12  DEBUG     Starting new HTTPS connection (1): piconnect.flattrade.in:443
2026-07-15 08:31:12  DEBUG     https://piconnect.flattrade.in:443 "POST /PiConnectAPI/Limits HTTP/1.1" 200 None
2026-07-15 08:31:12  WARNING   MIS BUY LODHA: avail=Rs125.54 < needed=Rs581.12 — qty 2→0
2026-07-15 08:31:12  ERROR     MIS BUY LODHA skipped — insufficient capital after reduction
2026-07-15 08:31:13  DEBUG     Starting new HTTPS connection (1): piconnect.flattrade.in:443
2026-07-15 08:31:13  DEBUG     https://piconnect.flattrade.in:443 "POST /PiConnectAPI/Limits HTTP/1.1" 200 None
2026-07-15 08:31:13  WARNING   MIS BUY LODHA: avail=Rs125.54 < needed=Rs581.12 — qty 2→0
2026-07-15 08:31:13  ERROR     MIS BUY LODHA skipped — insufficient capital after reduction
2026-07-15 08:31:18  DEBUG     Starting new HTTPS connection (1): piconnect.flattrade.in:443
2026-07-15 08:31:18  DEBUG     https://piconnect.flattrade.in:443 "POST /PiConnectAPI/Limits HTTP/1.1" 200 None
2026-07-15 08:31:18  WARNING   MIS BUY LODHA: avail=Rs125.54 < needed=Rs581.12 — qty 2→0
2026-07-15 08:31:18  ERROR     MIS BUY LODHA skipped — insufficient capital after reduction
2026-07-15 08:31:24  DEBUG     Starting new HTTPS connection (1): piconnect.flattrade.in:443
2026-07-15 08:31:25  DEBUG     https://piconnect.flattrade.in:443 "POST /PiConnectAPI/Limits HTTP/1.1" 200 None
2026-07-15 08:31:25  WARNING   MIS BUY LODHA: avail=Rs125.54 < needed=Rs581.12 — qty 2→0
2026-07-15 08:31:25  ERROR     MIS BUY LODHA skipped — insufficient capital after reduction
2026-07-15 08:31:28  DEBUG     Starting new HTTPS connection (1): piconnect.flattrade.in:443
2026-07-15 08:31:28  DEBUG     https://piconnect.flattrade.in:443 "POST /PiConnectAPI/Limits HTTP/1.1" 200 None
2026-07-15 08:31:28  WARNING   MIS BUY LODHA: avail=Rs125.54 < needed=Rs581.12 — qty 2→0
2026-07-15 08:31:28  ERROR     MIS BUY LODHA skipped — insufficient capital after reduction
2026-07-15 08:31:28  DEBUG     Starting new HTTPS connection (1): piconnect.flattrade.in:443
2026-07-15 08:31:28  DEBUG     https://piconnect.flattrade.in:443 "POST /PiConnectAPI/Limits HTTP/1.1" 200 None
2026-07-15 08:31:28  WARNING   MIS BUY LODHA: avail=Rs125.54 < needed=Rs581.12 — qty 2→0
2026-07-15 08:31:28  ERROR     MIS BUY LODHA skipped — insufficient capital after reduction
2026-07-15 08:31:30  DEBUG     Sending ping
2026-07-15 08:31:32  DEBUG     Starting new HTTPS connection (1): piconnect.flattrade.in:443
2026-07-15 08:31:33  DEBUG     https://piconnect.flattrade.in:443 "POST /PiConnectAPI/Limits HTTP/1.1" 200 None
2026-07-15 08:31:33  WARNING   MIS BUY LODHA: avail=Rs125.54 < needed=Rs581.12 — qty 2→0
2026-07-15 08:31:33  ERROR     MIS BUY LODHA skipped — insufficient capital after reduction
2026-07-15 08:31:33  DEBUG     Starting new HTTPS connection (1): piconnect.flattrade.in:443
2026-07-15 08:31:33  DEBUG     https://piconnect.flattrade.in:443 "POST /PiConnectAPI/Limits HTTP/1.1" 200 None
2026-07-15 08:31:33  WARNING   MIS BUY LODHA: avail=Rs125.54 < needed=Rs581.12 — qty 2→0
2026-07-15 08:31:33  ERROR     MIS BUY LODHA skipped — insufficient capital after reduction
2026-07-15 08:31:37  DEBUG     Starting new HTTPS connection (1): piconnect.flattrade.in:443
2026-07-15 08:31:37  DEBUG     https://piconnect.flattrade.in:443 "POST /PiConnectAPI/Limits HTTP/1.1" 200 None
2026-07-15 08:31:37  WARNING   MIS BUY LODHA: avail=Rs125.54 < needed=Rs581.12 — qty 2→0
2026-07-15 08:31:37  ERROR     MIS BUY LODHA skipped — insufficient capital after reduction
2026-07-15 08:31:44  DEBUG     Starting new HTTPS connection (1): piconnect.flattrade.in:443
2026-07-15 08:31:45  DEBUG     https://piconnect.flattrade.in:443 "POST /PiConnectAPI/Limits HTTP/1.1" 200 None
2026-07-15 08:31:45  WARNING   MIS BUY LODHA: avail=Rs125.54 < needed=Rs581.12 — qty 2→0
2026-07-15 08:31:45  ERROR     MIS BUY LODHA skipped — insufficient capital after reduction
2026-07-15 08:31:46  DEBUG     Starting new HTTPS connection (1): piconnect.flattrade.in:443
2026-07-15 08:31:46  DEBUG     https://piconnect.flattrade.in:443 "POST /PiConnectAPI/Limits HTTP/1.1" 200 None
2026-07-15 08:31:46  WARNING   MIS BUY LODHA: avail=Rs125.54 < needed=Rs581.08 — qty 2→0
2026-07-15 08:31:46  ERROR     MIS BUY LODHA skipped — insufficient capital after reduction
2026-07-15 08:31:51  DEBUG     Starting new HTTPS connection (1): piconnect.flattrade.in:443
2026-07-15 08:31:51  DEBUG     https://piconnect.flattrade.in:443 "POST /PiConnectAPI/Limits HTTP/1.1" 200 None
2026-07-15 08:31:51  WARNING   MIS BUY LODHA: avail=Rs125.54 < needed=Rs581.08 — qty 2→0
2026-07-15 08:31:51  ERROR     MIS BUY LODHA skipped — insufficient capital after reduction
2026-07-15 08:31:55  DEBUG     Starting new HTTPS connection (1): piconnect.flattrade.in:443
2026-07-15 08:31:56  DEBUG     https://piconnect.flattrade.in:443 "POST /PiConnectAPI/Limits HTTP/1.1" 200 None
2026-07-15 08:31:56  WARNING   MIS BUY LODHA: avail=Rs125.54 < needed=Rs581.08 — qty 2→0
2026-07-15 08:31:56  ERROR     MIS BUY LODHA skipped — insufficient capital after reduction
2026-07-15 08:31:58  DEBUG     Starting new HTTPS connection (1): piconnect.flattrade.in:443
2026-07-15 08:31:59  DEBUG     https://piconnect.flattrade.in:443 "POST /PiConnectAPI/Limits HTTP/1.1" 200 None
2026-07-15 08:31:59  WARNING   MIS BUY LODHA: avail=Rs125.54 < needed=Rs581.08 — qty 2→0
2026-07-15 08:31:59  ERROR     MIS BUY LODHA skipped — insufficient capital after reduction
2026-07-15 08:32:00  DEBUG     Sending ping
2026-07-15 08:32:01  DEBUG     Starting new HTTPS connection (1): piconnect.flattrade.in:443
2026-07-15 08:32:01  DEBUG     https://piconnect.flattrade.in:443 "POST /PiConnectAPI/Limits HTTP/1.1" 200 None
2026-07-15 08:32:01  WARNING   MIS BUY LODHA: avail=Rs125.54 < needed=Rs581.08 — qty 2→0
2026-07-15 08:32:01  ERROR     MIS BUY LODHA skipped — insufficient capital after reduction
2026-07-15 08:32:03  DEBUG     Starting new HTTPS connection (1): piconnect.flattrade.in:443
2026-07-15 08:32:04  DEBUG     https://piconnect.flattrade.in:443 "POST /PiConnectAPI/Limits HTTP/1.1" 200 None
2026-07-15 08:32:04  WARNING   MIS BUY LODHA: avail=Rs125.54 < needed=Rs581.08 — qty 2→0
2026-07-15 08:32:04  ERROR     MIS BUY LODHA skipped — insufficient capital after reduction
2026-07-15 08:32:05  DEBUG     Starting new HTTPS connection (1): piconnect.flattrade.in:443
2026-07-15 08:32:06  DEBUG     https://piconnect.flattrade.in:443 "POST /PiConnectAPI/Limits HTTP/1.1" 200 None
2026-07-15 08:32:06  WARNING   MIS BUY LODHA: avail=Rs125.54 < needed=Rs581.08 — qty 2→0
2026-07-15 08:32:06  ERROR     MIS BUY LODHA skipped — insufficient capital after reduction
2026-07-15 08:32:11  DEBUG     Starting new HTTPS connection (1): piconnect.flattrade.in:443
2026-07-15 08:32:11  DEBUG     https://piconnect.flattrade.in:443 "POST /PiConnectAPI/Limits HTTP/1.1" 200 None
2026-07-15 08:32:11  WARNING   MIS BUY LODHA: avail=Rs125.54 < needed=Rs581.08 — qty 2→0
2026-07-15 08:32:11  ERROR     MIS BUY LODHA skipped — insufficient capital after reduction
2026-07-15 08:32:15  DEBUG     Starting new HTTPS connection (1): piconnect.flattrade.in:443
2026-07-15 08:32:16  DEBUG     https://piconnect.flattrade.in:443 "POST /PiConnectAPI/Limits HTTP/1.1" 200 None
2026-07-15 08:32:16  WARNING   MIS BUY LODHA: avail=Rs125.54 < needed=Rs581.08 — qty 2→0
2026-07-15 08:32:16  ERROR     MIS BUY LODHA skipped — insufficient capital after reduction
2026-07-15 08:32:16  DEBUG     Starting new HTTPS connection (1): piconnect.flattrade.in:443
2026-07-15 08:32:16  DEBUG     https://piconnect.flattrade.in:443 "POST /PiConnectAPI/Limits HTTP/1.1" 200 None
2026-07-15 08:32:16  WARNING   MIS BUY LODHA: avail=Rs125.54 < needed=Rs581.08 — qty 2→0
2026-07-15 08:32:16  ERROR     MIS BUY LODHA skipped — insufficient capital after reduction
2026-07-15 08:32:21  DEBUG     Starting new HTTPS connection (1): piconnect.flattrade.in:443
2026-07-15 08:32:21  DEBUG     https://piconnect.flattrade.in:443 "POST /PiConnectAPI/Limits HTTP/1.1" 200 None
2026-07-15 08:32:21  WARNING   MIS BUY LODHA: avail=Rs125.54 < needed=Rs581.08 — qty 2→0
2026-07-15 08:32:21  ERROR     MIS BUY LODHA skipped — insufficient capital after reduction
2026-07-15 08:32:28  DEBUG     Starting new HTTPS connection (1): piconnect.flattrade.in:443
2026-07-15 08:32:29  DEBUG     https://piconnect.flattrade.in:443 "POST /PiConnectAPI/Limits HTTP/1.1" 200 None
2026-07-15 08:32:29  WARNING   MIS BUY LODHA: avail=Rs125.54 < needed=Rs581.08 — qty 2→0
2026-07-15 08:32:29  ERROR     MIS BUY LODHA skipped — insufficient capital after reduction
2026-07-15 08:32:30  DEBUG     Sending ping
2026-07-15 08:32:31  DEBUG     Starting new HTTPS connection (1): piconnect.flattrade.in:443
2026-07-15 08:32:31  DEBUG     https://piconnect.flattrade.in:443 "POST /PiConnectAPI/Limits HTTP/1.1" 200 None
2026-07-15 08:32:31  WARNING   MIS BUY LODHA: avail=Rs125.54 < needed=Rs581.55 — qty 2→0
2026-07-15 08:32:31  ERROR     MIS BUY LODHA skipped — insufficient capital after reduction
2026-07-15 08:32:31  DEBUG     Starting new HTTPS connection (1): piconnect.flattrade.in:443
2026-07-15 08:32:32  DEBUG     https://piconnect.flattrade.in:443 "POST /PiConnectAPI/Limits HTTP/1.1" 200 None
2026-07-15 08:32:32  WARNING   MIS BUY LODHA: avail=Rs125.54 < needed=Rs581.55 — qty 2→0
2026-07-15 08:32:32  ERROR     MIS BUY LODHA skipped — insufficient capital after reduction
2026-07-15 08:32:34  DEBUG     Starting new HTTPS connection (1): piconnect.flattrade.in:443
2026-07-15 08:32:35  DEBUG     https://piconnect.flattrade.in:443 "POST /PiConnectAPI/Limits HTTP/1.1" 200 None
2026-07-15 08:32:35  WARNING   MIS BUY LODHA: avail=Rs125.54 < needed=Rs581.55 — qty 2→0
2026-07-15 08:32:35  ERROR     MIS BUY LODHA skipped — insufficient capital after reduction
2026-07-15 08:32:35  DEBUG     Starting new HTTPS connection (1): piconnect.flattrade.in:443
2026-07-15 08:32:36  DEBUG     https://piconnect.flattrade.in:443 "POST /PiConnectAPI/Limits HTTP/1.1" 200 None
2026-07-15 08:32:36  WARNING   MIS BUY LODHA: avail=Rs125.54 < needed=Rs581.55 — qty 2→0
2026-07-15 08:32:36  ERROR     MIS BUY LODHA skipped — insufficient capital after reduction
2026-07-15 08:32:36  DEBUG     Starting new HTTPS connection (1): piconnect.flattrade.in:443
2026-07-15 08:32:36  DEBUG     https://piconnect.flattrade.in:443 "POST /PiConnectAPI/Limits HTTP/1.1" 200 None
2026-07-15 08:32:36  WARNING   MIS BUY LODHA: avail=Rs125.54 < needed=Rs581.30 — qty 2→0
2026-07-15 08:32:36  ERROR     MIS BUY LODHA skipped — insufficient capital after reduction
2026-07-15 08:32:37  DEBUG     Starting new HTTPS connection (1): piconnect.flattrade.in:443
2026-07-15 08:32:38  DEBUG     https://piconnect.flattrade.in:443 "POST /PiConnectAPI/Limits HTTP/1.1" 200 None
2026-07-15 08:32:38  WARNING   MIS BUY LODHA: avail=Rs125.54 < needed=Rs581.30 — qty 2→0
2026-07-15 08:32:38  ERROR     MIS BUY LODHA skipped — insufficient capital after reduction
2026-07-15 08:32:40  DEBUG     Starting new HTTPS connection (1): piconnect.flattrade.in:443
2026-07-15 08:32:40  DEBUG     https://piconnect.flattrade.in:443 "POST /PiConnectAPI/Limits HTTP/1.1" 200 None
2026-07-15 08:32:40  WARNING   MIS BUY LODHA: avail=Rs125.54 < needed=Rs581.30 — qty 2→0
2026-07-15 08:32:40  ERROR     MIS BUY LODHA skipped — insufficient capital after reduction
2026-07-15 08:32:41  DEBUG     Starting new HTTPS connection (1): piconnect.flattrade.in:443
2026-07-15 08:32:42  DEBUG     https://piconnect.flattrade.in:443 "POST /PiConnectAPI/Limits HTTP/1.1" 200 None
2026-07-15 08:32:42  WARNING   MIS BUY LODHA: avail=Rs125.54 < needed=Rs581.30 — qty 2→0
2026-07-15 08:32:42  ERROR     MIS BUY LODHA skipped — insufficient capital after reduction
2026-07-15 08:32:43  DEBUG     Starting new HTTPS connection (1): piconnect.flattrade.in:443
2026-07-15 08:32:44  DEBUG     https://piconnect.flattrade.in:443 "POST /PiConnectAPI/Limits HTTP/1.1" 200 None
2026-07-15 08:32:44  WARNING   MIS BUY LODHA: avail=Rs125.54 < needed=Rs581.30 — qty 2→0
2026-07-15 08:32:44  ERROR     MIS BUY LODHA skipped — insufficient capital after reduction
2026-07-15 08:32:45  DEBUG     Starting new HTTPS connection (1): piconnect.flattrade.in:443
2026-07-15 08:32:45  DEBUG     https://piconnect.flattrade.in:443 "POST /PiConnectAPI/Limits HTTP/1.1" 200 None
2026-07-15 08:32:45  WARNING   MIS BUY LODHA: avail=Rs125.54 < needed=Rs581.20 — qty 2→0
2026-07-15 08:32:45  ERROR     MIS BUY LODHA skipped — insufficient capital after reduction
2026-07-15 08:32:49  DEBUG     Starting new HTTPS connection (1): piconnect.flattrade.in:443
2026-07-15 08:32:50  DEBUG     https://piconnect.flattrade.in:443 "POST /PiConnectAPI/Limits HTTP/1.1" 200 None
2026-07-15 08:32:50  WARNING   MIS BUY LODHA: avail=Rs125.54 < needed=Rs581.17 — qty 2→0
2026-07-15 08:32:50  ERROR     MIS BUY LODHA skipped — insufficient capital after reduction
2026-07-15 08:32:51  DEBUG     Starting new HTTPS connection (1): piconnect.flattrade.in:443
2026-07-15 08:32:52  DEBUG     https://piconnect.flattrade.in:443 "POST /PiConnectAPI/Limits HTTP/1.1" 200 None
2026-07-15 08:32:52  WARNING   MIS BUY LODHA: avail=Rs125.54 < needed=Rs581.17 — qty 2→0
2026-07-15 08:32:52  ERROR     MIS BUY LODHA skipped — insufficient capital after reduction
2026-07-15 08:32:54  DEBUG     Starting new HTTPS connection (1): piconnect.flattrade.in:443
2026-07-15 08:32:54  DEBUG     https://piconnect.flattrade.in:443 "POST /PiConnectAPI/Limits HTTP/1.1" 200 None
2026-07-15 08:32:54  WARNING   MIS BUY LODHA: avail=Rs125.54 < needed=Rs581.17 — qty 2→0
2026-07-15 08:32:54  ERROR     MIS BUY LODHA skipped — insufficient capital after reduction
2026-07-15 08:32:58  DEBUG     Starting new HTTPS connection (1): piconnect.flattrade.in:443
2026-07-15 08:32:58  DEBUG     https://piconnect.flattrade.in:443 "POST /PiConnectAPI/Limits HTTP/1.1" 200 None
2026-07-15 08:32:58  WARNING   MIS BUY LODHA: avail=Rs125.54 < needed=Rs581.17 — qty 2→0
2026-07-15 08:32:58  ERROR     MIS BUY LODHA skipped — insufficient capital after reduction
2026-07-15 08:32:59  DEBUG     Starting new HTTPS connection (1): piconnect.flattrade.in:443
2026-07-15 08:33:00  DEBUG     https://piconnect.flattrade.in:443 "POST /PiConnectAPI/Limits HTTP/1.1" 200 None
2026-07-15 08:33:00  WARNING   MIS BUY LODHA: avail=Rs125.54 < needed=Rs581.17 — qty 2→0
2026-07-15 08:33:00  ERROR     MIS BUY LODHA skipped — insufficient capital after reduction
2026-07-15 08:33:00  DEBUG     Sending ping
2026-07-15 08:33:01  DEBUG     Starting new HTTPS connection (1): piconnect.flattrade.in:443
2026-07-15 08:33:02  DEBUG     https://piconnect.flattrade.in:443 "POST /PiConnectAPI/Limits HTTP/1.1" 200 None
2026-07-15 08:33:02  WARNING   MIS BUY LODHA: avail=Rs125.54 < needed=Rs581.17 — qty 2→0
2026-07-15 08:33:02  ERROR     MIS BUY LODHA skipped — insufficient capital after reduction
2026-07-15 08:33:03  DEBUG     Starting new HTTPS connection (1): piconnect.flattrade.in:443
2026-07-15 08:33:03  DEBUG     https://piconnect.flattrade.in:443 "POST /PiConnectAPI/Limits HTTP/1.1" 200 None
2026-07-15 08:33:03  WARNING   MIS BUY LODHA: avail=Rs125.54 < needed=Rs581.30 — qty 2→0
2026-07-15 08:33:03  ERROR     MIS BUY LODHA skipped — insufficient capital after reduction
2026-07-15 08:33:04  DEBUG     Starting new HTTPS connection (1): piconnect.flattrade.in:443
2026-07-15 08:33:05  DEBUG     https://piconnect.flattrade.in:443 "POST /PiConnectAPI/Limits HTTP/1.1" 200 None
2026-07-15 08:33:05  WARNING   MIS BUY LODHA: avail=Rs125.54 < needed=Rs581.30 — qty 2→0
2026-07-15 08:33:05  ERROR     MIS BUY LODHA skipped — insufficient capital after reduction
2026-07-15 08:33:07  DEBUG     Starting new HTTPS connection (1): piconnect.flattrade.in:443
2026-07-15 08:33:08  DEBUG     https://piconnect.flattrade.in:443 "POST /PiConnectAPI/Limits HTTP/1.1" 200 None
2026-07-15 08:33:08  WARNING   MIS BUY LODHA: avail=Rs125.54 < needed=Rs581.12 — qty 2→0
2026-07-15 08:33:08  ERROR     MIS BUY LODHA skipped — insufficient capital after reduction
2026-07-15 08:33:09  DEBUG     Starting new HTTPS connection (1): piconnect.flattrade.in:443
2026-07-15 08:33:10  DEBUG     https://piconnect.flattrade.in:443 "POST /PiConnectAPI/Limits HTTP/1.1" 200 None
2026-07-15 08:33:10  WARNING   MIS BUY LODHA: avail=Rs125.54 < needed=Rs581.12 — qty 2→0
2026-07-15 08:33:10  ERROR     MIS BUY LODHA skipped — insufficient capital after reduction
2026-07-15 08:33:11  DEBUG     Starting new HTTPS connection (1): piconnect.flattrade.in:443
2026-07-15 08:33:12  DEBUG     https://piconnect.flattrade.in:443 "POST /PiConnectAPI/Limits HTTP/1.1" 200 None
2026-07-15 08:33:12  WARNING   MIS BUY LODHA: avail=Rs125.54 < needed=Rs581.12 — qty 2→0
2026-07-15 08:33:12  ERROR     MIS BUY LODHA skipped — insufficient capital after reduction
2026-07-15 08:33:12  DEBUG     Starting new HTTPS connection (1): piconnect.flattrade.in:443
2026-07-15 08:33:12  DEBUG     https://piconnect.flattrade.in:443 "POST /PiConnectAPI/Limits HTTP/1.1" 200 None
2026-07-15 08:33:12  WARNING   MIS BUY LODHA: avail=Rs125.54 < needed=Rs581.12 — qty 2→0
2026-07-15 08:33:12  ERROR     MIS BUY LODHA skipped — insufficient capital after reduction
2026-07-15 08:33:17  DEBUG     Starting new HTTPS connection (1): piconnect.flattrade.in:443
2026-07-15 08:33:17  DEBUG     https://piconnect.flattrade.in:443 "POST /PiConnectAPI/Limits HTTP/1.1" 200 None
2026-07-15 08:33:17  WARNING   MIS BUY LODHA: avail=Rs125.54 < needed=Rs581.12 — qty 2→0
2026-07-15 08:33:17  ERROR     MIS BUY LODHA skipped — insufficient capital after reduction
2026-07-15 08:33:21  DEBUG     Starting new HTTPS connection (1): piconnect.flattrade.in:443
2026-07-15 08:33:21  DEBUG     https://piconnect.flattrade.in:443 "POST /PiConnectAPI/Limits HTTP/1.1" 200 None
2026-07-15 08:33:21  WARNING   MIS BUY LODHA: avail=Rs125.54 < needed=Rs581.08 — qty 2→0
2026-07-15 08:33:21  ERROR     MIS BUY LODHA skipped — insufficient capital after reduction
2026-07-15 08:33:21  DEBUG     Starting new HTTPS connection (1): piconnect.flattrade.in:443
2026-07-15 08:33:22  DEBUG     https://piconnect.flattrade.in:443 "POST /PiConnectAPI/Limits HTTP/1.1" 200 None
2026-07-15 08:33:22  WARNING   MIS BUY LODHA: avail=Rs125.54 < needed=Rs581.08 — qty 2→0
2026-07-15 08:33:22  ERROR     MIS BUY LODHA skipped — insufficient capital after reduction
2026-07-15 08:33:23  DEBUG     Starting new HTTPS connection (1): piconnect.flattrade.in:443
2026-07-15 08:33:24  DEBUG     https://piconnect.flattrade.in:443 "POST /PiConnectAPI/Limits HTTP/1.1" 200 None
2026-07-15 08:33:24  WARNING   MIS BUY LODHA: avail=Rs125.54 < needed=Rs581.08 — qty 2→0
2026-07-15 08:33:24  ERROR     MIS BUY LODHA skipped — insufficient capital after reduction
2026-07-15 08:33:26  DEBUG     Starting new HTTPS connection (1): piconnect.flattrade.in:443
2026-07-15 08:33:26  DEBUG     https://piconnect.flattrade.in:443 "POST /PiConnectAPI/Limits HTTP/1.1" 200 None
2026-07-15 08:33:26  WARNING   MIS BUY LODHA: avail=Rs125.54 < needed=Rs580.67 — qty 2→0
2026-07-15 08:33:26  ERROR     MIS BUY LODHA skipped — insufficient capital after reduction
2026-07-15 08:33:28  DEBUG     Starting new HTTPS connection (1): piconnect.flattrade.in:443
2026-07-15 08:33:29  DEBUG     https://piconnect.flattrade.in:443 "POST /PiConnectAPI/Limits HTTP/1.1" 200 None
2026-07-15 08:33:29  WARNING   MIS BUY LODHA: avail=Rs125.54 < needed=Rs580.67 — qty 2→0
2026-07-15 08:33:29  ERROR     MIS BUY LODHA skipped — insufficient capital after reduction
2026-07-15 08:33:29  DEBUG     Starting new HTTPS connection (1): piconnect.flattrade.in:443
2026-07-15 08:33:30  DEBUG     https://piconnect.flattrade.in:443 "POST /PiConnectAPI/Limits HTTP/1.1" 200 None
2026-07-15 08:33:30  WARNING   MIS BUY LODHA: avail=Rs125.54 < needed=Rs580.67 — qty 2→0
2026-07-15 08:33:30  ERROR     MIS BUY LODHA skipped — insufficient capital after reduction
2026-07-15 08:33:30  DEBUG     Starting new HTTPS connection (1): piconnect.flattrade.in:443
2026-07-15 08:33:30  DEBUG     Sending ping
2026-07-15 08:33:30  DEBUG     https://piconnect.flattrade.in:443 "POST /PiConnectAPI/Limits HTTP/1.1" 200 None
2026-07-15 08:33:30  WARNING   MIS BUY LODHA: avail=Rs125.54 < needed=Rs580.58 — qty 2→0
2026-07-15 08:33:30  ERROR     MIS BUY LODHA skipped — insufficient capital after reduction
2026-07-15 08:33:35  DEBUG     Starting new HTTPS connection (1): piconnect.flattrade.in:443
2026-07-15 08:33:35  DEBUG     https://piconnect.flattrade.in:443 "POST /PiConnectAPI/Limits HTTP/1.1" 200 None
2026-07-15 08:33:35  WARNING   MIS BUY LODHA: avail=Rs125.54 < needed=Rs580.58 — qty 2→0
2026-07-15 08:33:35  ERROR     MIS BUY LODHA skipped — insufficient capital after reduction
2026-07-15 08:33:39  DEBUG     Starting new HTTPS connection (1): piconnect.flattrade.in:443
2026-07-15 08:33:40  DEBUG     https://piconnect.flattrade.in:443 "POST /PiConnectAPI/Limits HTTP/1.1" 200 None
2026-07-15 08:33:40  WARNING   MIS BUY LODHA: avail=Rs125.54 < needed=Rs580.58 — qty 2→0
2026-07-15 08:33:40  ERROR     MIS BUY LODHA skipped — insufficient capital after reduction
2026-07-15 08:33:43  DEBUG     Starting new HTTPS connection (1): piconnect.flattrade.in:443
2026-07-15 08:33:44  DEBUG     https://piconnect.flattrade.in:443 "POST /PiConnectAPI/Limits HTTP/1.1" 200 None
2026-07-15 08:33:44  WARNING   MIS BUY LODHA: avail=Rs125.54 < needed=Rs580.58 — qty 2→0
2026-07-15 08:33:44  ERROR     MIS BUY LODHA skipped — insufficient capital after reduction
2026-07-15 08:33:44  DEBUG     Starting new HTTPS connection (1): piconnect.flattrade.in:443
2026-07-15 08:33:44  DEBUG     https://piconnect.flattrade.in:443 "POST /PiConnectAPI/Limits HTTP/1.1" 200 None
2026-07-15 08:33:44  WARNING   MIS BUY LODHA: avail=Rs125.54 < needed=Rs580.58 — qty 2→0
2026-07-15 08:33:44  ERROR     MIS BUY LODHA skipped — insufficient capital after reduction
2026-07-15 08:33:45  DEBUG     Starting new HTTPS connection (1): piconnect.flattrade.in:443
2026-07-15 08:33:46  DEBUG     https://piconnect.flattrade.in:443 "POST /PiConnectAPI/Limits HTTP/1.1" 200 None
2026-07-15 08:33:46  WARNING   MIS BUY LODHA: avail=Rs125.54 < needed=Rs580.58 — qty 2→0
2026-07-15 08:33:46  ERROR     MIS BUY LODHA skipped — insufficient capital after reduction
2026-07-15 08:33:48  DEBUG     Starting new HTTPS connection (1): piconnect.flattrade.in:443
2026-07-15 08:33:49  DEBUG     https://piconnect.flattrade.in:443 "POST /PiConnectAPI/Limits HTTP/1.1" 200 None
2026-07-15 08:33:49  WARNING   MIS BUY LODHA: avail=Rs125.54 < needed=Rs580.58 — qty 2→0
2026-07-15 08:33:49  ERROR     MIS BUY LODHA skipped — insufficient capital after reduction
2026-07-15 08:33:49  DEBUG     Starting new HTTPS connection (1): piconnect.flattrade.in:443
2026-07-15 08:33:49  DEBUG     https://piconnect.flattrade.in:443 "POST /PiConnectAPI/Limits HTTP/1.1" 200 None
2026-07-15 08:33:49  WARNING   MIS BUY LODHA: avail=Rs125.54 < needed=Rs580.70 — qty 2→0
2026-07-15 08:33:49  ERROR     MIS BUY LODHA skipped — insufficient capital after reduction
2026-07-15 08:33:53  DEBUG     Starting new HTTPS connection (1): piconnect.flattrade.in:443
2026-07-15 08:33:53  DEBUG     https://piconnect.flattrade.in:443 "POST /PiConnectAPI/Limits HTTP/1.1" 200 None
2026-07-15 08:33:53  WARNING   MIS BUY LODHA: avail=Rs125.54 < needed=Rs580.70 — qty 2→0
2026-07-15 08:33:53  ERROR     MIS BUY LODHA skipped — insufficient capital after reduction
2026-07-15 08:33:55  DEBUG     Starting new HTTPS connection (1): piconnect.flattrade.in:443
2026-07-15 08:33:56  DEBUG     https://piconnect.flattrade.in:443 "POST /PiConnectAPI/Limits HTTP/1.1" 200 None
2026-07-15 08:33:56  WARNING   MIS BUY LODHA: avail=Rs125.54 < needed=Rs580.70 — qty 2→0
2026-07-15 08:33:56  ERROR     MIS BUY LODHA skipped — insufficient capital after reduction
2026-07-15 08:33:57  DEBUG     Starting new HTTPS connection (1): piconnect.flattrade.in:443
2026-07-15 08:33:58  DEBUG     https://piconnect.flattrade.in:443 "POST /PiConnectAPI/Limits HTTP/1.1" 200 None
2026-07-15 08:33:58  WARNING   MIS BUY LODHA: avail=Rs125.54 < needed=Rs580.70 — qty 2→0
2026-07-15 08:33:58  ERROR     MIS BUY LODHA skipped — insufficient capital after reduction
2026-07-15 08:33:59  DEBUG     Starting new HTTPS connection (1): piconnect.flattrade.in:443
2026-07-15 08:34:00  DEBUG     https://piconnect.flattrade.in:443 "POST /PiConnectAPI/Limits HTTP/1.1" 200 None
2026-07-15 08:34:00  WARNING   MIS BUY LODHA: avail=Rs125.54 < needed=Rs580.70 — qty 2→0
2026-07-15 08:34:00  ERROR     MIS BUY LODHA skipped — insufficient capital after reduction
2026-07-15 08:34:00  DEBUG     Sending ping
2026-07-15 08:34:02  DEBUG     Starting new HTTPS connection (1): piconnect.flattrade.in:443
2026-07-15 08:34:02  DEBUG     https://piconnect.flattrade.in:443 "POST /PiConnectAPI/Limits HTTP/1.1" 200 None
2026-07-15 08:34:02  WARNING   MIS BUY LODHA: avail=Rs125.54 < needed=Rs580.70 — qty 2→0
2026-07-15 08:34:02  ERROR     MIS BUY LODHA skipped — insufficient capital after reduction
2026-07-15 08:34:06  DEBUG     Starting new HTTPS connection (1): piconnect.flattrade.in:443
2026-07-15 08:34:06  DEBUG     https://piconnect.flattrade.in:443 "POST /PiConnectAPI/Limits HTTP/1.1" 200 None
2026-07-15 08:34:06  WARNING   MIS BUY LODHA: avail=Rs125.54 < needed=Rs580.70 — qty 2→0
2026-07-15 08:34:06  ERROR     MIS BUY LODHA skipped — insufficient capital after reduction
2026-07-15 08:34:11  DEBUG     Starting new HTTPS connection (1): piconnect.flattrade.in:443
2026-07-15 08:34:11  DEBUG     https://piconnect.flattrade.in:443 "POST /PiConnectAPI/Limits HTTP/1.1" 200 None
2026-07-15 08:34:11  WARNING   MIS BUY LODHA: avail=Rs125.54 < needed=Rs580.70 — qty 2→0
2026-07-15 08:34:11  ERROR     MIS BUY LODHA skipped — insufficient capital after reduction
2026-07-15 08:34:13  DEBUG     Starting new HTTPS connection (1): piconnect.flattrade.in:443
2026-07-15 08:34:14  DEBUG     https://piconnect.flattrade.in:443 "POST /PiConnectAPI/Limits HTTP/1.1" 200 None
2026-07-15 08:34:14  WARNING   MIS BUY LODHA: avail=Rs125.54 < needed=Rs580.70 — qty 2→0
2026-07-15 08:34:14  ERROR     MIS BUY LODHA skipped — insufficient capital after reduction
2026-07-15 08:34:16  DEBUG     Starting new HTTPS connection (1): piconnect.flattrade.in:443
2026-07-15 08:34:16  DEBUG     https://piconnect.flattrade.in:443 "POST /PiConnectAPI/Limits HTTP/1.1" 200 None
2026-07-15 08:34:16  WARNING   MIS BUY LODHA: avail=Rs125.54 < needed=Rs580.70 — qty 2→0
2026-07-15 08:34:16  ERROR     MIS BUY LODHA skipped — insufficient capital after reduction
2026-07-15 08:34:21  DEBUG     Starting new HTTPS connection (1): piconnect.flattrade.in:443
2026-07-15 08:34:21  DEBUG     https://piconnect.flattrade.in:443 "POST /PiConnectAPI/Limits HTTP/1.1" 200 None
2026-07-15 08:34:21  WARNING   MIS BUY LODHA: avail=Rs125.54 < needed=Rs580.98 — qty 2→0
2026-07-15 08:34:21  ERROR     MIS BUY LODHA skipped — insufficient capital after reduction
2026-07-15 08:34:23  DEBUG     Starting new HTTPS connection (1): piconnect.flattrade.in:443
2026-07-15 08:34:24  DEBUG     https://piconnect.flattrade.in:443 "POST /PiConnectAPI/Limits HTTP/1.1" 200 None
2026-07-15 08:34:24  WARNING   MIS BUY LODHA: avail=Rs125.54 < needed=Rs580.98 — qty 2→0
2026-07-15 08:34:24  ERROR     MIS BUY LODHA skipped — insufficient capital after reduction
2026-07-15 08:34:25  DEBUG     Starting new HTTPS connection (1): piconnect.flattrade.in:443
2026-07-15 08:34:26  DEBUG     https://piconnect.flattrade.in:443 "POST /PiConnectAPI/Limits HTTP/1.1" 200 None
2026-07-15 08:34:26  WARNING   MIS BUY LODHA: avail=Rs125.54 < needed=Rs580.77 — qty 2→0
2026-07-15 08:34:26  ERROR     MIS BUY LODHA skipped — insufficient capital after reduction
2026-07-15 08:34:29  DEBUG     Starting new HTTPS connection (1): piconnect.flattrade.in:443
2026-07-15 08:34:29  DEBUG     https://piconnect.flattrade.in:443 "POST /PiConnectAPI/Limits HTTP/1.1" 200 None
2026-07-15 08:34:29  WARNING   MIS BUY LODHA: avail=Rs125.54 < needed=Rs580.77 — qty 2→0
2026-07-15 08:34:29  ERROR     MIS BUY LODHA skipped — insufficient capital after reduction
2026-07-15 08:34:29  DEBUG     Starting new HTTPS connection (1): piconnect.flattrade.in:443
2026-07-15 08:34:30  DEBUG     https://piconnect.flattrade.in:443 "POST /PiConnectAPI/Limits HTTP/1.1" 200 None
2026-07-15 08:34:30  WARNING   MIS BUY LODHA: avail=Rs125.54 < needed=Rs580.77 — qty 2→0
2026-07-15 08:34:30  ERROR     MIS BUY LODHA skipped — insufficient capital after reduction
2026-07-15 08:34:30  DEBUG     Starting new HTTPS connection (1): piconnect.flattrade.in:443
2026-07-15 08:34:30  DEBUG     Sending ping
2026-07-15 08:34:30  DEBUG     https://piconnect.flattrade.in:443 "POST /PiConnectAPI/Limits HTTP/1.1" 200 None
2026-07-15 08:34:30  WARNING   MIS BUY LODHA: avail=Rs125.54 < needed=Rs580.77 — qty 2→0
2026-07-15 08:34:30  ERROR     MIS BUY LODHA skipped — insufficient capital after reduction
2026-07-15 08:34:34  DEBUG     Starting new HTTPS connection (1): piconnect.flattrade.in:443
2026-07-15 08:34:35  DEBUG     https://piconnect.flattrade.in:443 "POST /PiConnectAPI/Limits HTTP/1.1" 200 None
2026-07-15 08:34:35  WARNING   MIS BUY LODHA: avail=Rs125.54 < needed=Rs580.77 — qty 2→0
2026-07-15 08:34:35  ERROR     MIS BUY LODHA skipped — insufficient capital after reduction
2026-07-15 08:34:35  DEBUG     Starting new HTTPS connection (1): piconnect.flattrade.in:443
2026-07-15 08:34:35  DEBUG     https://piconnect.flattrade.in:443 "POST /PiConnectAPI/Limits HTTP/1.1" 200 None
2026-07-15 08:34:35  WARNING   MIS BUY LODHA: avail=Rs125.54 < needed=Rs580.92 — qty 2→0
2026-07-15 08:34:35  ERROR     MIS BUY LODHA skipped — insufficient capital after reduction
2026-07-15 08:34:41  DEBUG     Starting new HTTPS connection (1): piconnect.flattrade.in:443
2026-07-15 08:34:41  DEBUG     https://piconnect.flattrade.in:443 "POST /PiConnectAPI/Limits HTTP/1.1" 200 None
2026-07-15 08:34:41  WARNING   MIS BUY LODHA: avail=Rs125.54 < needed=Rs580.92 — qty 2→0
2026-07-15 08:34:41  ERROR     MIS BUY LODHA skipped — insufficient capital after reduction
2026-07-15 08:34:41  DEBUG     Starting new HTTPS connection (1): piconnect.flattrade.in:443
2026-07-15 08:34:42  DEBUG     https://piconnect.flattrade.in:443 "POST /PiConnectAPI/Limits HTTP/1.1" 200 None
2026-07-15 08:34:42  WARNING   MIS BUY LODHA: avail=Rs125.54 < needed=Rs580.92 — qty 2→0
2026-07-15 08:34:42  ERROR     MIS BUY LODHA skipped — insufficient capital after reduction
2026-07-15 08:34:43  DEBUG     Starting new HTTPS connection (1): piconnect.flattrade.in:443
2026-07-15 08:34:46  DEBUG     https://piconnect.flattrade.in:443 "POST /PiConnectAPI/Limits HTTP/1.1" 200 None
2026-07-15 08:34:46  WARNING   MIS BUY LODHA: avail=Rs125.54 < needed=Rs580.92 — qty 2→0
2026-07-15 08:34:46  ERROR     MIS BUY LODHA skipped — insufficient capital after reduction
2026-07-15 08:34:46  DEBUG     Starting new HTTPS connection (1): piconnect.flattrade.in:443
2026-07-15 08:34:47  DEBUG     https://piconnect.flattrade.in:443 "POST /PiConnectAPI/Limits HTTP/1.1" 200 None
2026-07-15 08:34:47  WARNING   MIS BUY LODHA: avail=Rs125.54 < needed=Rs580.90 — qty 2→0
2026-07-15 08:34:47  ERROR     MIS BUY LODHA skipped — insufficient capital after reduction
2026-07-15 08:34:50  DEBUG     Starting new HTTPS connection (1): piconnect.flattrade.in:443
2026-07-15 08:34:50  DEBUG     https://piconnect.flattrade.in:443 "POST /PiConnectAPI/Limits HTTP/1.1" 200 None
2026-07-15 08:34:50  WARNING   MIS BUY LODHA: avail=Rs125.54 < needed=Rs580.90 — qty 2→0
2026-07-15 08:34:50  ERROR     MIS BUY LODHA skipped — insufficient capital after reduction
2026-07-15 08:34:53  DEBUG     Starting new HTTPS connection (1): piconnect.flattrade.in:443
2026-07-15 08:34:54  DEBUG     https://piconnect.flattrade.in:443 "POST /PiConnectAPI/Limits HTTP/1.1" 200 None
2026-07-15 08:34:54  WARNING   MIS BUY LODHA: avail=Rs125.54 < needed=Rs580.90 — qty 2→0
2026-07-15 08:34:54  ERROR     MIS BUY LODHA skipped — insufficient capital after reduction
2026-07-15 08:34:55  DEBUG     Starting new HTTPS connection (1): piconnect.flattrade.in:443
2026-07-15 08:34:55  DEBUG     https://piconnect.flattrade.in:443 "POST /PiConnectAPI/Limits HTTP/1.1" 200 None
2026-07-15 08:34:55  WARNING   MIS BUY LODHA: avail=Rs125.54 < needed=Rs580.90 — qty 2→0
2026-07-15 08:34:55  ERROR     MIS BUY LODHA skipped — insufficient capital after reduction
2026-07-15 08:34:59  DEBUG     Starting new HTTPS connection (1): piconnect.flattrade.in:443
2026-07-15 08:34:59  DEBUG     https://piconnect.flattrade.in:443 "POST /PiConnectAPI/Limits HTTP/1.1" 200 None
2026-07-15 08:34:59  WARNING   MIS BUY LODHA: avail=Rs125.54 < needed=Rs580.90 — qty 2→0
2026-07-15 08:34:59  ERROR     MIS BUY LODHA skipped — insufficient capital after reduction
2026-07-15 08:35:00  DEBUG     Sending ping
2026-07-15 08:35:01  DEBUG     Starting new HTTPS connection (1): piconnect.flattrade.in:443
2026-07-15 08:35:02  DEBUG     https://piconnect.flattrade.in:443 "POST /PiConnectAPI/Limits HTTP/1.1" 200 None
2026-07-15 08:35:02  WARNING   MIS BUY LODHA: avail=Rs125.54 < needed=Rs580.90 — qty 2→0
2026-07-15 08:35:02  ERROR     MIS BUY LODHA skipped — insufficient capital after reduction
2026-07-15 08:35:04  DEBUG     Starting new HTTPS connection (1): piconnect.flattrade.in:443
2026-07-15 08:35:04  DEBUG     https://piconnect.flattrade.in:443 "POST /PiConnectAPI/Limits HTTP/1.1" 200 None
2026-07-15 08:35:04  WARNING   MIS BUY LODHA: avail=Rs125.54 < needed=Rs581.05 — qty 2→0
2026-07-15 08:35:04  ERROR     MIS BUY LODHA skipped — insufficient capital after reduction
2026-07-15 08:35:09  DEBUG     Starting new HTTPS connection (1): piconnect.flattrade.in:443
2026-07-15 08:35:09  DEBUG     https://piconnect.flattrade.in:443 "POST /PiConnectAPI/Limits HTTP/1.1" 200 None
2026-07-15 08:35:09  WARNING   MIS BUY LODHA: avail=Rs125.54 < needed=Rs580.77 — qty 2→0
2026-07-15 08:35:09  ERROR     MIS BUY LODHA skipped — insufficient capital after reduction
2026-07-15 08:35:13  DEBUG     Starting new HTTPS connection (1): piconnect.flattrade.in:443
2026-07-15 08:35:13  DEBUG     https://piconnect.flattrade.in:443 "POST /PiConnectAPI/Limits HTTP/1.1" 200 None
2026-07-15 08:35:13  WARNING   MIS BUY LODHA: avail=Rs125.54 < needed=Rs580.77 — qty 2→0
2026-07-15 08:35:13  ERROR     MIS BUY LODHA skipped — insufficient capital after reduction
2026-07-15 08:35:18  DEBUG     Starting new HTTPS connection (1): piconnect.flattrade.in:443
2026-07-15 08:35:18  DEBUG     https://piconnect.flattrade.in:443 "POST /PiConnectAPI/Limits HTTP/1.1" 200 None
2026-07-15 08:35:18  WARNING   MIS BUY LODHA: avail=Rs125.54 < needed=Rs580.77 — qty 2→0
2026-07-15 08:35:18  ERROR     MIS BUY LODHA skipped — insufficient capital after reduction
2026-07-15 08:35:18  DEBUG     Starting new HTTPS connection (1): piconnect.flattrade.in:443
2026-07-15 08:35:19  DEBUG     https://piconnect.flattrade.in:443 "POST /PiConnectAPI/Limits HTTP/1.1" 200 None
2026-07-15 08:35:19  WARNING   MIS BUY LODHA: avail=Rs125.54 < needed=Rs580.77 — qty 2→0
2026-07-15 08:35:19  ERROR     MIS BUY LODHA skipped — insufficient capital after reduction
2026-07-15 08:35:22  DEBUG     Starting new HTTPS connection (1): piconnect.flattrade.in:443
2026-07-15 08:35:22  DEBUG     https://piconnect.flattrade.in:443 "POST /PiConnectAPI/Limits HTTP/1.1" 200 None
2026-07-15 08:35:22  WARNING   MIS BUY LODHA: avail=Rs125.54 < needed=Rs580.77 — qty 2→0
2026-07-15 08:35:22  ERROR     MIS BUY LODHA skipped — insufficient capital after reduction
2026-07-15 08:35:24  DEBUG     Starting new HTTPS connection (1): piconnect.flattrade.in:443
2026-07-15 08:35:25  DEBUG     https://piconnect.flattrade.in:443 "POST /PiConnectAPI/Limits HTTP/1.1" 200 None
2026-07-15 08:35:25  WARNING   MIS BUY LODHA: avail=Rs125.54 < needed=Rs580.77 — qty 2→0
2026-07-15 08:35:25  ERROR     MIS BUY LODHA skipped — insufficient capital after reduction
2026-07-15 08:35:26  DEBUG     Starting new HTTPS connection (1): piconnect.flattrade.in:443
2026-07-15 08:35:27  DEBUG     https://piconnect.flattrade.in:443 "POST /PiConnectAPI/Limits HTTP/1.1" 200 None
2026-07-15 08:35:27  WARNING   MIS BUY LODHA: avail=Rs125.54 < needed=Rs580.95 — qty 2→0
2026-07-15 08:35:27  ERROR     MIS BUY LODHA skipped — insufficient capital after reduction
2026-07-15 08:35:29  DEBUG     Starting new HTTPS connection (1): piconnect.flattrade.in:443
2026-07-15 08:35:29  DEBUG     https://piconnect.flattrade.in:443 "POST /PiConnectAPI/Limits HTTP/1.1" 200 None
2026-07-15 08:35:29  WARNING   MIS BUY LODHA: avail=Rs125.54 < needed=Rs580.95 — qty 2→0
2026-07-15 08:35:29  ERROR     MIS BUY LODHA skipped — insufficient capital after reduction
2026-07-15 08:35:29  DEBUG     Starting new HTTPS connection (1): piconnect.flattrade.in:443
2026-07-15 08:35:30  DEBUG     https://piconnect.flattrade.in:443 "POST /PiConnectAPI/Limits HTTP/1.1" 200 None
2026-07-15 08:35:30  WARNING   MIS BUY LODHA: avail=Rs125.54 < needed=Rs580.95 — qty 2→0
2026-07-15 08:35:30  ERROR     MIS BUY LODHA skipped — insufficient capital after reduction
2026-07-15 08:35:30  DEBUG     Sending ping
2026-07-15 08:35:31  DEBUG     Starting new HTTPS connection (1): piconnect.flattrade.in:443
2026-07-15 08:35:31  DEBUG     https://piconnect.flattrade.in:443 "POST /PiConnectAPI/Limits HTTP/1.1" 200 None
2026-07-15 08:35:31  WARNING   MIS BUY LODHA: avail=Rs125.54 < needed=Rs580.85 — qty 2→0
2026-07-15 08:35:31  ERROR     MIS BUY LODHA skipped — insufficient capital after reduction
2026-07-15 08:35:35  DEBUG     Starting new HTTPS connection (1): piconnect.flattrade.in:443
2026-07-15 08:35:35  DEBUG     https://piconnect.flattrade.in:443 "POST /PiConnectAPI/Limits HTTP/1.1" 200 None
2026-07-15 08:35:35  WARNING   MIS BUY LODHA: avail=Rs125.54 < needed=Rs580.80 — qty 2→0
2026-07-15 08:35:35  ERROR     MIS BUY LODHA skipped — insufficient capital after reduction
2026-07-15 08:35:35  DEBUG     Starting new HTTPS connection (1): piconnect.flattrade.in:443
2026-07-15 08:35:36  DEBUG     https://piconnect.flattrade.in:443 "POST /PiConnectAPI/Limits HTTP/1.1" 200 None
2026-07-15 08:35:36  WARNING   MIS BUY LODHA: avail=Rs125.54 < needed=Rs580.80 — qty 2→0
2026-07-15 08:35:36  ERROR     MIS BUY LODHA skipped — insufficient capital after reduction
2026-07-15 08:35:40  DEBUG     Starting new HTTPS connection (1): piconnect.flattrade.in:443
2026-07-15 08:35:40  DEBUG     https://piconnect.flattrade.in:443 "POST /PiConnectAPI/Limits HTTP/1.1" 200 None
2026-07-15 08:35:40  WARNING   MIS BUY LODHA: avail=Rs125.54 < needed=Rs580.80 — qty 2→0
2026-07-15 08:35:40  ERROR     MIS BUY LODHA skipped — insufficient capital after reduction
2026-07-15 08:35:44  DEBUG     Starting new HTTPS connection (1): piconnect.flattrade.in:443
2026-07-15 08:35:44  DEBUG     https://piconnect.flattrade.in:443 "POST /PiConnectAPI/Limits HTTP/1.1" 200 None
2026-07-15 08:35:44  WARNING   MIS BUY LODHA: avail=Rs125.54 < needed=Rs580.80 — qty 2→0
2026-07-15 08:35:44  ERROR     MIS BUY LODHA skipped — insufficient capital after reduction
2026-07-15 08:35:48  DEBUG     Starting new HTTPS connection (1): piconnect.flattrade.in:443
2026-07-15 08:35:49  DEBUG     https://piconnect.flattrade.in:443 "POST /PiConnectAPI/Limits HTTP/1.1" 200 None
2026-07-15 08:35:49  WARNING   MIS BUY LODHA: avail=Rs125.54 < needed=Rs580.80 — qty 2→0
2026-07-15 08:35:49  ERROR     MIS BUY LODHA skipped — insufficient capital after reduction
2026-07-15 08:35:54  DEBUG     Starting new HTTPS connection (1): piconnect.flattrade.in:443
2026-07-15 08:35:54  DEBUG     https://piconnect.flattrade.in:443 "POST /PiConnectAPI/Limits HTTP/1.1" 200 None
2026-07-15 08:35:54  WARNING   MIS BUY LODHA: avail=Rs125.54 < needed=Rs580.80 — qty 2→0
2026-07-15 08:35:54  ERROR     MIS BUY LODHA skipped — insufficient capital after reduction
2026-07-15 08:35:58  DEBUG     Starting new HTTPS connection (1): piconnect.flattrade.in:443
2026-07-15 08:35:59  DEBUG     https://piconnect.flattrade.in:443 "POST /PiConnectAPI/Limits HTTP/1.1" 200 None
2026-07-15 08:35:59  WARNING   MIS BUY LODHA: avail=Rs125.54 < needed=Rs580.75 — qty 2→0
2026-07-15 08:35:59  ERROR     MIS BUY LODHA skipped — insufficient capital after reduction
2026-07-15 08:36:00  DEBUG     Sending ping
2026-07-15 08:36:02  DEBUG     Starting new HTTPS connection (1): piconnect.flattrade.in:443
2026-07-15 08:36:03  DEBUG     https://piconnect.flattrade.in:443 "POST /PiConnectAPI/Limits HTTP/1.1" 200 None
2026-07-15 08:36:03  WARNING   MIS BUY LODHA: avail=Rs125.54 < needed=Rs580.75 — qty 2→0
2026-07-15 08:36:03  ERROR     MIS BUY LODHA skipped — insufficient capital after reduction
2026-07-15 08:36:04  DEBUG     Starting new HTTPS connection (1): piconnect.flattrade.in:443
2026-07-15 08:36:04  DEBUG     https://piconnect.flattrade.in:443 "POST /PiConnectAPI/Limits HTTP/1.1" 200 None
2026-07-15 08:36:04  WARNING   MIS BUY LODHA: avail=Rs125.54 < needed=Rs580.80 — qty 2→0
2026-07-15 08:36:04  ERROR     MIS BUY LODHA skipped — insufficient capital after reduction
2026-07-15 08:36:09  DEBUG     Starting new HTTPS connection (1): piconnect.flattrade.in:443
2026-07-15 08:36:09  DEBUG     https://piconnect.flattrade.in:443 "POST /PiConnectAPI/Limits HTTP/1.1" 200 None
2026-07-15 08:36:09  WARNING   MIS BUY LODHA: avail=Rs125.54 < needed=Rs580.80 — qty 2→0
2026-07-15 08:36:09  ERROR     MIS BUY LODHA skipped — insufficient capital after reduction
2026-07-15 08:36:14  DEBUG     Starting new HTTPS connection (1): piconnect.flattrade.in:443
2026-07-15 08:36:15  DEBUG     https://piconnect.flattrade.in:443 "POST /PiConnectAPI/Limits HTTP/1.1" 200 None
2026-07-15 08:36:15  WARNING   MIS BUY LODHA: avail=Rs125.54 < needed=Rs580.80 — qty 2→0
2026-07-15 08:36:15  ERROR     MIS BUY LODHA skipped — insufficient capital after reduction
2026-07-15 08:36:20  DEBUG     Starting new HTTPS connection (1): piconnect.flattrade.in:443
2026-07-15 08:36:20  DEBUG     https://piconnect.flattrade.in:443 "POST /PiConnectAPI/Limits HTTP/1.1" 200 None
2026-07-15 08:36:20  WARNING   MIS BUY LODHA: avail=Rs125.54 < needed=Rs580.80 — qty 2→0
2026-07-15 08:36:20  ERROR     MIS BUY LODHA skipped — insufficient capital after reduction
2026-07-15 08:36:25  DEBUG     Starting new HTTPS connection (1): piconnect.flattrade.in:443
2026-07-15 08:36:26  DEBUG     https://piconnect.flattrade.in:443 "POST /PiConnectAPI/Limits HTTP/1.1" 200 None
2026-07-15 08:36:26  WARNING   MIS BUY LODHA: avail=Rs125.54 < needed=Rs580.80 — qty 2→0
2026-07-15 08:36:26  ERROR     MIS BUY LODHA skipped — insufficient capital after reduction
2026-07-15 08:36:30  DEBUG     Starting new HTTPS connection (1): piconnect.flattrade.in:443
2026-07-15 08:36:30  DEBUG     https://piconnect.flattrade.in:443 "POST /PiConnectAPI/Limits HTTP/1.1" 200 None
2026-07-15 08:36:30  WARNING   MIS BUY LODHA: avail=Rs125.54 < needed=Rs580.80 — qty 2→0
2026-07-15 08:36:30  ERROR     MIS BUY LODHA skipped — insufficient capital after reduction
2026-07-15 08:36:30  DEBUG     Starting new HTTPS connection (1): piconnect.flattrade.in:443
2026-07-15 08:36:30  DEBUG     https://piconnect.flattrade.in:443 "POST /PiConnectAPI/Limits HTTP/1.1" 200 None
2026-07-15 08:36:30  WARNING   MIS BUY LODHA: avail=Rs125.54 < needed=Rs580.80 — qty 2→0
2026-07-15 08:36:30  ERROR     MIS BUY LODHA skipped — insufficient capital after reduction
2026-07-15 08:36:30  DEBUG     Sending ping
2026-07-15 08:36:34  DEBUG     Starting new HTTPS connection (1): piconnect.flattrade.in:443
2026-07-15 08:36:35  DEBUG     https://piconnect.flattrade.in:443 "POST /PiConnectAPI/Limits HTTP/1.1" 200 None
2026-07-15 08:36:35  WARNING   MIS BUY LODHA: avail=Rs125.54 < needed=Rs580.80 — qty 2→0
2026-07-15 08:36:35  ERROR     MIS BUY LODHA skipped — insufficient capital after reduction
2026-07-15 08:36:36  DEBUG     Starting new HTTPS connection (1): piconnect.flattrade.in:443
2026-07-15 08:36:36  DEBUG     https://piconnect.flattrade.in:443 "POST /PiConnectAPI/Limits HTTP/1.1" 200 None
2026-07-15 08:36:36  WARNING   MIS BUY LODHA: avail=Rs125.54 < needed=Rs581.20 — qty 2→0
2026-07-15 08:36:36  ERROR     MIS BUY LODHA skipped — insufficient capital after reduction
2026-07-15 08:36:41  DEBUG     Starting new HTTPS connection (1): piconnect.flattrade.in:443
2026-07-15 08:36:41  DEBUG     https://piconnect.flattrade.in:443 "POST /PiConnectAPI/Limits HTTP/1.1" 200 None
2026-07-15 08:36:41  WARNING   MIS BUY LODHA: avail=Rs125.54 < needed=Rs581.20 — qty 2→0
2026-07-15 08:36:41  ERROR     MIS BUY LODHA skipped — insufficient capital after reduction
2026-07-15 08:36:46  DEBUG     Starting new HTTPS connection (1): piconnect.flattrade.in:443
2026-07-15 08:36:46  DEBUG     https://piconnect.flattrade.in:443 "POST /PiConnectAPI/Limits HTTP/1.1" 200 None
2026-07-15 08:36:46  WARNING   MIS BUY LODHA: avail=Rs125.54 < needed=Rs581.20 — qty 2→0
2026-07-15 08:36:46  ERROR     MIS BUY LODHA skipped — insufficient capital after reduction
2026-07-15 08:36:51  DEBUG     Starting new HTTPS connection (1): piconnect.flattrade.in:443
2026-07-15 08:36:51  DEBUG     https://piconnect.flattrade.in:443 "POST /PiConnectAPI/Limits HTTP/1.1" 200 None
2026-07-15 08:36:51  WARNING   MIS BUY LODHA: avail=Rs125.54 < needed=Rs581.20 — qty 2→0
2026-07-15 08:36:51  ERROR     MIS BUY LODHA skipped — insufficient capital after reduction
2026-07-15 08:36:55  DEBUG     Starting new HTTPS connection (1): piconnect.flattrade.in:443
2026-07-15 08:36:56  DEBUG     https://piconnect.flattrade.in:443 "POST /PiConnectAPI/Limits HTTP/1.1" 200 None
2026-07-15 08:36:56  WARNING   MIS BUY LODHA: avail=Rs125.54 < needed=Rs581.20 — qty 2→0
2026-07-15 08:36:56  ERROR     MIS BUY LODHA skipped — insufficient capital after reduction
2026-07-15 08:36:59  DEBUG     Starting new HTTPS connection (1): piconnect.flattrade.in:443
2026-07-15 08:37:00  DEBUG     https://piconnect.flattrade.in:443 "POST /PiConnectAPI/Limits HTTP/1.1" 200 None
2026-07-15 08:37:00  WARNING   MIS BUY LODHA: avail=Rs125.54 < needed=Rs581.20 — qty 2→0
2026-07-15 08:37:00  ERROR     MIS BUY LODHA skipped — insufficient capital after reduction
2026-07-15 08:37:00  DEBUG     Starting new HTTPS connection (1): piconnect.flattrade.in:443
2026-07-15 08:37:00  DEBUG     https://piconnect.flattrade.in:443 "POST /PiConnectAPI/Limits HTTP/1.1" 200 None
2026-07-15 08:37:00  WARNING   MIS BUY LODHA: avail=Rs125.54 < needed=Rs581.17 — qty 2→0
2026-07-15 08:37:00  ERROR     MIS BUY LODHA skipped — insufficient capital after reduction
2026-07-15 08:37:00  DEBUG     Sending ping
2026-07-15 08:37:05  DEBUG     Starting new HTTPS connection (1): piconnect.flattrade.in:443
2026-07-15 08:37:05  DEBUG     https://piconnect.flattrade.in:443 "POST /PiConnectAPI/Limits HTTP/1.1" 200 None
2026-07-15 08:37:05  WARNING   MIS BUY LODHA: avail=Rs125.54 < needed=Rs581.17 — qty 2→0
2026-07-15 08:37:05  ERROR     MIS BUY LODHA skipped — insufficient capital after reduction
2026-07-15 08:37:09  DEBUG     Starting new HTTPS connection (1): piconnect.flattrade.in:443
2026-07-15 08:37:09  DEBUG     https://piconnect.flattrade.in:443 "POST /PiConnectAPI/Limits HTTP/1.1" 200 None
2026-07-15 08:37:09  WARNING   MIS BUY LODHA: avail=Rs125.54 < needed=Rs581.17 — qty 2→0
2026-07-15 08:37:09  ERROR     MIS BUY LODHA skipped — insufficient capital after reduction
2026-07-15 08:37:14  DEBUG     Starting new HTTPS connection (1): piconnect.flattrade.in:443
2026-07-15 08:37:14  DEBUG     https://piconnect.flattrade.in:443 "POST /PiConnectAPI/Limits HTTP/1.1" 200 None
2026-07-15 08:37:14  WARNING   MIS BUY LODHA: avail=Rs125.54 < needed=Rs581.17 — qty 2→0
2026-07-15 08:37:14  ERROR     MIS BUY LODHA skipped — insufficient capital after reduction
2026-07-15 08:37:16  DEBUG     Starting new HTTPS connection (1): piconnect.flattrade.in:443
2026-07-15 08:37:17  DEBUG     https://piconnect.flattrade.in:443 "POST /PiConnectAPI/Limits HTTP/1.1" 200 None
2026-07-15 08:37:17  WARNING   MIS BUY LODHA: avail=Rs125.54 < needed=Rs581.17 — qty 2→0
2026-07-15 08:37:17  ERROR     MIS BUY LODHA skipped — insufficient capital after reduction
2026-07-15 08:37:18  DEBUG     Starting new HTTPS connection (1): piconnect.flattrade.in:443
2026-07-15 08:37:19  DEBUG     https://piconnect.flattrade.in:443 "POST /PiConnectAPI/Limits HTTP/1.1" 200 None
2026-07-15 08:37:19  WARNING   MIS BUY LODHA: avail=Rs125.54 < needed=Rs581.20 — qty 2→0
2026-07-15 08:37:19  ERROR     MIS BUY LODHA skipped — insufficient capital after reduction
2026-07-15 08:37:23  DEBUG     Starting new HTTPS connection (1): piconnect.flattrade.in:443
2026-07-15 08:37:23  DEBUG     https://piconnect.flattrade.in:443 "POST /PiConnectAPI/Limits HTTP/1.1" 200 None
2026-07-15 08:37:23  WARNING   MIS BUY LODHA: avail=Rs125.54 < needed=Rs581.20 — qty 2→0
2026-07-15 08:37:23  ERROR     MIS BUY LODHA skipped — insufficient capital after reduction
2026-07-15 08:37:28  DEBUG     Starting new HTTPS connection (1): piconnect.flattrade.in:443
2026-07-15 08:37:28  DEBUG     https://piconnect.flattrade.in:443 "POST /PiConnectAPI/Limits HTTP/1.1" 200 None
2026-07-15 08:37:28  WARNING   MIS BUY LODHA: avail=Rs125.54 < needed=Rs581.20 — qty 2→0
2026-07-15 08:37:28  ERROR     MIS BUY LODHA skipped — insufficient capital after reduction
2026-07-15 08:37:30  DEBUG     Starting new HTTPS connection (1): piconnect.flattrade.in:443
2026-07-15 08:37:30  DEBUG     https://piconnect.flattrade.in:443 "POST /PiConnectAPI/Limits HTTP/1.1" 200 None
2026-07-15 08:37:30  WARNING   MIS BUY LODHA: avail=Rs125.54 < needed=Rs581.20 — qty 2→0
2026-07-15 08:37:30  ERROR     MIS BUY LODHA skipped — insufficient capital after reduction
2026-07-15 08:37:30  DEBUG     Sending ping
2026-07-15 08:37:32  DEBUG     Starting new HTTPS connection (1): piconnect.flattrade.in:443
2026-07-15 08:37:32  DEBUG     https://piconnect.flattrade.in:443 "POST /PiConnectAPI/Limits HTTP/1.1" 200 None
2026-07-15 08:37:32  WARNING   MIS BUY LODHA: avail=Rs125.54 < needed=Rs581.20 — qty 2→0
2026-07-15 08:37:32  ERROR     MIS BUY LODHA skipped — insufficient capital after reduction
2026-07-15 08:37:37  DEBUG     Starting new HTTPS connection (1): piconnect.flattrade.in:443
2026-07-15 08:37:37  DEBUG     https://piconnect.flattrade.in:443 "POST /PiConnectAPI/Limits HTTP/1.1" 200 None
2026-07-15 08:37:37  WARNING   MIS BUY LODHA: avail=Rs125.54 < needed=Rs581.48 — qty 2→0
2026-07-15 08:37:37  ERROR     MIS BUY LODHA skipped — insufficient capital after reduction
2026-07-15 08:37:37  DEBUG     Starting new HTTPS connection (1): piconnect.flattrade.in:443
2026-07-15 08:37:38  DEBUG     https://piconnect.flattrade.in:443 "POST /PiConnectAPI/Limits HTTP/1.1" 200 None
2026-07-15 08:37:38  WARNING   MIS BUY LODHA: avail=Rs125.54 < needed=Rs581.48 — qty 2→0
2026-07-15 08:37:38  ERROR     MIS BUY LODHA skipped — insufficient capital after reduction
2026-07-15 08:37:41  DEBUG     Starting new HTTPS connection (1): piconnect.flattrade.in:443
2026-07-15 08:37:41  DEBUG     https://piconnect.flattrade.in:443 "POST /PiConnectAPI/Limits HTTP/1.1" 200 None
2026-07-15 08:37:41  WARNING   MIS BUY LODHA: avail=Rs125.54 < needed=Rs581.48 — qty 2→0
2026-07-15 08:37:41  ERROR     MIS BUY LODHA skipped — insufficient capital after reduction
2026-07-15 08:37:42  DEBUG     Starting new HTTPS connection (1): piconnect.flattrade.in:443
2026-07-15 08:37:42  DEBUG     https://piconnect.flattrade.in:443 "POST /PiConnectAPI/Limits HTTP/1.1" 200 None
2026-07-15 08:37:42  WARNING   MIS BUY LODHA: avail=Rs125.54 < needed=Rs581.48 — qty 2→0
2026-07-15 08:37:42  ERROR     MIS BUY LODHA skipped — insufficient capital after reduction
2026-07-15 08:37:45  DEBUG     Starting new HTTPS connection (1): piconnect.flattrade.in:443
2026-07-15 08:37:45  DEBUG     https://piconnect.flattrade.in:443 "POST /PiConnectAPI/Limits HTTP/1.1" 200 None
2026-07-15 08:37:45  WARNING   MIS BUY LODHA: avail=Rs125.54 < needed=Rs581.48 — qty 2→0
2026-07-15 08:37:45  ERROR     MIS BUY LODHA skipped — insufficient capital after reduction
2026-07-15 08:37:48  DEBUG     Starting new HTTPS connection (1): piconnect.flattrade.in:443
2026-07-15 08:37:48  DEBUG     https://piconnect.flattrade.in:443 "POST /PiConnectAPI/Limits HTTP/1.1" 200 None
2026-07-15 08:37:48  WARNING   MIS BUY LODHA: avail=Rs125.54 < needed=Rs581.50 — qty 2→0
2026-07-15 08:37:48  ERROR     MIS BUY LODHA skipped — insufficient capital after reduction
2026-07-15 08:37:52  DEBUG     Starting new HTTPS connection (1): piconnect.flattrade.in:443
2026-07-15 08:37:52  DEBUG     https://piconnect.flattrade.in:443 "POST /PiConnectAPI/Limits HTTP/1.1" 200 None
2026-07-15 08:37:52  WARNING   MIS BUY LODHA: avail=Rs125.54 < needed=Rs581.50 — qty 2→0
2026-07-15 08:37:52  ERROR     MIS BUY LODHA skipped — insufficient capital after reduction
2026-07-15 08:37:55  DEBUG     Starting new HTTPS connection (1): piconnect.flattrade.in:443
2026-07-15 08:37:55  DEBUG     https://piconnect.flattrade.in:443 "POST /PiConnectAPI/Limits HTTP/1.1" 200 None
2026-07-15 08:37:55  WARNING   MIS BUY LODHA: avail=Rs125.54 < needed=Rs581.50 — qty 2→0
2026-07-15 08:37:55  ERROR     MIS BUY LODHA skipped — insufficient capital after reduction
2026-07-15 08:37:57  DEBUG     Starting new HTTPS connection (1): piconnect.flattrade.in:443
2026-07-15 08:37:57  DEBUG     https://piconnect.flattrade.in:443 "POST /PiConnectAPI/Limits HTTP/1.1" 200 None
2026-07-15 08:37:57  WARNING   MIS BUY LODHA: avail=Rs125.54 < needed=Rs581.50 — qty 2→0
2026-07-15 08:37:57  ERROR     MIS BUY LODHA skipped — insufficient capital after reduction
2026-07-15 08:37:57  DEBUG     Starting new HTTPS connection (1): piconnect.flattrade.in:443
2026-07-15 08:37:57  DEBUG     https://piconnect.flattrade.in:443 "POST /PiConnectAPI/Limits HTTP/1.1" 200 None
2026-07-15 08:37:57  WARNING   MIS BUY LODHA: avail=Rs125.54 < needed=Rs581.40 — qty 2→0
2026-07-15 08:37:57  ERROR     MIS BUY LODHA skipped — insufficient capital after reduction
2026-07-15 08:37:59  DEBUG     Starting new HTTPS connection (1): piconnect.flattrade.in:443
2026-07-15 08:37:59  DEBUG     https://piconnect.flattrade.in:443 "POST /PiConnectAPI/Limits HTTP/1.1" 200 None
2026-07-15 08:37:59  WARNING   MIS BUY LODHA: avail=Rs125.54 < needed=Rs581.40 — qty 2→0
2026-07-15 08:37:59  ERROR     MIS BUY LODHA skipped — insufficient capital after reduction
2026-07-15 08:38:00  DEBUG     Sending ping
2026-07-15 08:38:02  DEBUG     Starting new HTTPS connection (1): piconnect.flattrade.in:443
2026-07-15 08:38:02  DEBUG     https://piconnect.flattrade.in:443 "POST /PiConnectAPI/Limits HTTP/1.1" 200 None
2026-07-15 08:38:02  WARNING   MIS BUY LODHA: avail=Rs125.54 < needed=Rs581.35 — qty 2→0
2026-07-15 08:38:02  ERROR     MIS BUY LODHA skipped — insufficient capital after reduction
2026-07-15 08:38:07  DEBUG     Starting new HTTPS connection (1): piconnect.flattrade.in:443
2026-07-15 08:38:07  DEBUG     https://piconnect.flattrade.in:443 "POST /PiConnectAPI/Limits HTTP/1.1" 200 None
2026-07-15 08:38:07  WARNING   MIS BUY LODHA: avail=Rs125.54 < needed=Rs581.35 — qty 2→0
2026-07-15 08:38:07  ERROR     MIS BUY LODHA skipped — insufficient capital after reduction
2026-07-15 08:38:11  DEBUG     Starting new HTTPS connection (1): piconnect.flattrade.in:443
2026-07-15 08:38:11  DEBUG     https://piconnect.flattrade.in:443 "POST /PiConnectAPI/Limits HTTP/1.1" 200 None
2026-07-15 08:38:11  WARNING   MIS BUY LODHA: avail=Rs125.54 < needed=Rs581.35 — qty 2→0
2026-07-15 08:38:11  ERROR     MIS BUY LODHA skipped — insufficient capital after reduction
2026-07-15 08:38:12  DEBUG     Starting new HTTPS connection (1): piconnect.flattrade.in:443
2026-07-15 08:38:12  DEBUG     https://piconnect.flattrade.in:443 "POST /PiConnectAPI/Limits HTTP/1.1" 200 None
2026-07-15 08:38:12  WARNING   MIS BUY LODHA: avail=Rs125.54 < needed=Rs581.40 — qty 2→0
2026-07-15 08:38:12  ERROR     MIS BUY LODHA skipped — insufficient capital after reduction
2026-07-15 08:38:16  DEBUG     Starting new HTTPS connection (1): piconnect.flattrade.in:443
2026-07-15 08:38:16  DEBUG     https://piconnect.flattrade.in:443 "POST /PiConnectAPI/Limits HTTP/1.1" 200 None
2026-07-15 08:38:16  WARNING   MIS BUY LODHA: avail=Rs125.54 < needed=Rs581.40 — qty 2→0
2026-07-15 08:38:16  ERROR     MIS BUY LODHA skipped — insufficient capital after reduction
2026-07-15 08:38:19  DEBUG     Starting new HTTPS connection (1): piconnect.flattrade.in:443
2026-07-15 08:38:19  DEBUG     https://piconnect.flattrade.in:443 "POST /PiConnectAPI/Limits HTTP/1.1" 200 None
2026-07-15 08:38:19  WARNING   MIS BUY LODHA: avail=Rs125.54 < needed=Rs581.40 — qty 2→0
2026-07-15 08:38:19  ERROR     MIS BUY LODHA skipped — insufficient capital after reduction
2026-07-15 08:38:21  DEBUG     Starting new HTTPS connection (1): piconnect.flattrade.in:443
2026-07-15 08:38:21  DEBUG     https://piconnect.flattrade.in:443 "POST /PiConnectAPI/Limits HTTP/1.1" 200 None
2026-07-15 08:38:21  WARNING   MIS BUY LODHA: avail=Rs125.54 < needed=Rs581.40 — qty 2→0
2026-07-15 08:38:21  ERROR     MIS BUY LODHA skipped — insufficient capital after reduction
2026-07-15 08:38:21  DEBUG     Starting new HTTPS connection (1): piconnect.flattrade.in:443
2026-07-15 08:38:21  DEBUG     https://piconnect.flattrade.in:443 "POST /PiConnectAPI/Limits HTTP/1.1" 200 None
2026-07-15 08:38:21  WARNING   MIS BUY LODHA: avail=Rs125.54 < needed=Rs581.60 — qty 2→0
2026-07-15 08:38:21  ERROR     MIS BUY LODHA skipped — insufficient capital after reduction
2026-07-15 08:38:23  DEBUG     Starting new HTTPS connection (1): piconnect.flattrade.in:443
2026-07-15 08:38:23  DEBUG     https://piconnect.flattrade.in:443 "POST /PiConnectAPI/Limits HTTP/1.1" 200 None
2026-07-15 08:38:23  WARNING   MIS BUY LODHA: avail=Rs125.54 < needed=Rs581.60 — qty 2→0
2026-07-15 08:38:23  ERROR     MIS BUY LODHA skipped — insufficient capital after reduction
2026-07-15 08:38:25  DEBUG     Starting new HTTPS connection (1): piconnect.flattrade.in:443
2026-07-15 08:38:25  DEBUG     https://piconnect.flattrade.in:443 "POST /PiConnectAPI/Limits HTTP/1.1" 200 None
2026-07-15 08:38:25  WARNING   MIS BUY LODHA: avail=Rs125.54 < needed=Rs581.60 — qty 2→0
2026-07-15 08:38:25  ERROR     MIS BUY LODHA skipped — insufficient capital after reduction
2026-07-15 08:38:26  DEBUG     Starting new HTTPS connection (1): piconnect.flattrade.in:443
2026-07-15 08:38:26  DEBUG     https://piconnect.flattrade.in:443 "POST /PiConnectAPI/Limits HTTP/1.1" 200 None
2026-07-15 08:38:26  WARNING   MIS BUY LODHA: avail=Rs125.54 < needed=Rs582.02 — qty 2→0
2026-07-15 08:38:26  ERROR     MIS BUY LODHA skipped — insufficient capital after reduction
2026-07-15 08:38:30  DEBUG     Starting new HTTPS connection (1): piconnect.flattrade.in:443
2026-07-15 08:38:30  DEBUG     https://piconnect.flattrade.in:443 "POST /PiConnectAPI/Limits HTTP/1.1" 200 None
2026-07-15 08:38:30  WARNING   MIS BUY LODHA: avail=Rs125.54 < needed=Rs582.02 — qty 2→0
2026-07-15 08:38:30  ERROR     MIS BUY LODHA skipped — insufficient capital after reduction
2026-07-15 08:38:30  DEBUG     Sending ping
2026-07-15 08:38:31  DEBUG     Starting new HTTPS connection (1): piconnect.flattrade.in:443
2026-07-15 08:38:31  DEBUG     https://piconnect.flattrade.in:443 "POST /PiConnectAPI/Limits HTTP/1.1" 200 None
2026-07-15 08:38:31  WARNING   MIS BUY LODHA: avail=Rs125.54 < needed=Rs582.02 — qty 2→0
2026-07-15 08:38:31  ERROR     MIS BUY LODHA skipped — insufficient capital after reduction
2026-07-15 08:38:36  DEBUG     Starting new HTTPS connection (1): piconnect.flattrade.in:443
2026-07-15 08:38:36  DEBUG     https://piconnect.flattrade.in:443 "POST /PiConnectAPI/Limits HTTP/1.1" 200 None
2026-07-15 08:38:36  WARNING   MIS BUY LODHA: avail=Rs125.54 < needed=Rs582.02 — qty 2→0
2026-07-15 08:38:36  ERROR     MIS BUY LODHA skipped — insufficient capital after reduction
2026-07-15 08:38:37  DEBUG     Starting new HTTPS connection (1): piconnect.flattrade.in:443
2026-07-15 08:38:37  DEBUG     https://piconnect.flattrade.in:443 "POST /PiConnectAPI/Limits HTTP/1.1" 200 None
2026-07-15 08:38:37  WARNING   MIS BUY LODHA: avail=Rs125.54 < needed=Rs582.02 — qty 2→0
2026-07-15 08:38:37  ERROR     MIS BUY LODHA skipped — insufficient capital after reduction
2026-07-15 08:38:41  DEBUG     Starting new HTTPS connection (1): piconnect.flattrade.in:443
2026-07-15 08:38:41  DEBUG     https://piconnect.flattrade.in:443 "POST /PiConnectAPI/Limits HTTP/1.1" 200 None
2026-07-15 08:38:41  WARNING   MIS BUY LODHA: avail=Rs125.54 < needed=Rs582.02 — qty 2→0
2026-07-15 08:38:41  ERROR     MIS BUY LODHA skipped — insufficient capital after reduction
2026-07-15 08:38:43  DEBUG     Starting new HTTPS connection (1): piconnect.flattrade.in:443
2026-07-15 08:38:43  DEBUG     https://piconnect.flattrade.in:443 "POST /PiConnectAPI/Limits HTTP/1.1" 200 None
2026-07-15 08:38:43  WARNING   MIS BUY LODHA: avail=Rs125.54 < needed=Rs582.02 — qty 2→0
2026-07-15 08:38:43  ERROR     MIS BUY LODHA skipped — insufficient capital after reduction
2026-07-15 08:38:46  DEBUG     Starting new HTTPS connection (1): piconnect.flattrade.in:443
2026-07-15 08:38:46  DEBUG     https://piconnect.flattrade.in:443 "POST /PiConnectAPI/Limits HTTP/1.1" 200 None
2026-07-15 08:38:46  WARNING   MIS BUY LODHA: avail=Rs125.54 < needed=Rs582.00 — qty 2→0
2026-07-15 08:38:46  ERROR     MIS BUY LODHA skipped — insufficient capital after reduction
2026-07-15 08:38:49  DEBUG     Starting new HTTPS connection (1): piconnect.flattrade.in:443
2026-07-15 08:38:49  DEBUG     https://piconnect.flattrade.in:443 "POST /PiConnectAPI/Limits HTTP/1.1" 200 None
2026-07-15 08:38:49  WARNING   MIS BUY LODHA: avail=Rs125.54 < needed=Rs582.00 — qty 2→0
2026-07-15 08:38:49  ERROR     MIS BUY LODHA skipped — insufficient capital after reduction
2026-07-15 08:38:51  DEBUG     Starting new HTTPS connection (1): piconnect.flattrade.in:443
2026-07-15 08:38:51  DEBUG     https://piconnect.flattrade.in:443 "POST /PiConnectAPI/Limits HTTP/1.1" 200 None
2026-07-15 08:38:51  WARNING   MIS BUY LODHA: avail=Rs125.54 < needed=Rs581.98 — qty 2→0
2026-07-15 08:38:51  ERROR     MIS BUY LODHA skipped — insufficient capital after reduction
2026-07-15 08:38:55  DEBUG     Starting new HTTPS connection (1): piconnect.flattrade.in:443
2026-07-15 08:38:55  DEBUG     https://piconnect.flattrade.in:443 "POST /PiConnectAPI/Limits HTTP/1.1" 200 None
2026-07-15 08:38:55  WARNING   MIS BUY LODHA: avail=Rs125.54 < needed=Rs581.98 — qty 2→0
2026-07-15 08:38:55  ERROR     MIS BUY LODHA skipped — insufficient capital after reduction
2026-07-15 08:38:55  DEBUG     Starting new HTTPS connection (1): piconnect.flattrade.in:443
2026-07-15 08:38:55  DEBUG     https://piconnect.flattrade.in:443 "POST /PiConnectAPI/Limits HTTP/1.1" 200 None
2026-07-15 08:38:55  WARNING   MIS BUY LODHA: avail=Rs125.54 < needed=Rs581.98 — qty 2→0
2026-07-15 08:38:55  ERROR     MIS BUY LODHA skipped — insufficient capital after reduction
2026-07-15 08:38:59  DEBUG     Starting new HTTPS connection (1): piconnect.flattrade.in:443
2026-07-15 08:38:59  DEBUG     https://piconnect.flattrade.in:443 "POST /PiConnectAPI/Limits HTTP/1.1" 200 None
2026-07-15 08:38:59  WARNING   MIS BUY LODHA: avail=Rs125.54 < needed=Rs581.98 — qty 2→0
2026-07-15 08:38:59  ERROR     MIS BUY LODHA skipped — insufficient capital after reduction
2026-07-15 08:39:00  DEBUG     Starting new HTTPS connection (1): piconnect.flattrade.in:443
2026-07-15 08:39:00  DEBUG     https://piconnect.flattrade.in:443 "POST /PiConnectAPI/Limits HTTP/1.1" 200 None
2026-07-15 08:39:00  WARNING   MIS BUY LODHA: avail=Rs125.54 < needed=Rs581.95 — qty 2→0
2026-07-15 08:39:00  ERROR     MIS BUY LODHA skipped — insufficient capital after reduction
2026-07-15 08:39:00  DEBUG     Sending ping
2026-07-15 08:39:05  DEBUG     Starting new HTTPS connection (1): piconnect.flattrade.in:443
2026-07-15 08:39:05  DEBUG     https://piconnect.flattrade.in:443 "POST /PiConnectAPI/Limits HTTP/1.1" 200 None
2026-07-15 08:39:05  WARNING   MIS BUY LODHA: avail=Rs125.54 < needed=Rs581.92 — qty 2→0
2026-07-15 08:39:05  ERROR     MIS BUY LODHA skipped — insufficient capital after reduction
2026-07-15 08:39:10  DEBUG     Starting new HTTPS connection (1): piconnect.flattrade.in:443
2026-07-15 08:39:10  DEBUG     https://piconnect.flattrade.in:443 "POST /PiConnectAPI/Limits HTTP/1.1" 200 None
2026-07-15 08:39:10  WARNING   MIS BUY LODHA: avail=Rs125.54 < needed=Rs581.92 — qty 2→0
2026-07-15 08:39:10  ERROR     MIS BUY LODHA skipped — insufficient capital after reduction
2026-07-15 08:39:14  DEBUG     Starting new HTTPS connection (1): piconnect.flattrade.in:443
2026-07-15 08:39:14  DEBUG     https://piconnect.flattrade.in:443 "POST /PiConnectAPI/Limits HTTP/1.1" 200 None
2026-07-15 08:39:14  WARNING   MIS BUY LODHA: avail=Rs125.54 < needed=Rs581.92 — qty 2→0
2026-07-15 08:39:14  ERROR     MIS BUY LODHA skipped — insufficient capital after reduction
2026-07-15 08:39:15  DEBUG     Starting new HTTPS connection (1): piconnect.flattrade.in:443
2026-07-15 08:39:15  DEBUG     https://piconnect.flattrade.in:443 "POST /PiConnectAPI/Limits HTTP/1.1" 200 None
2026-07-15 08:39:15  WARNING   MIS BUY LODHA: avail=Rs125.54 < needed=Rs581.92 — qty 2→0
2026-07-15 08:39:15  ERROR     MIS BUY LODHA skipped — insufficient capital after reduction
2026-07-15 08:39:20  DEBUG     Starting new HTTPS connection (1): piconnect.flattrade.in:443
2026-07-15 08:39:20  DEBUG     https://piconnect.flattrade.in:443 "POST /PiConnectAPI/Limits HTTP/1.1" 200 None
2026-07-15 08:39:20  WARNING   MIS BUY LODHA: avail=Rs125.54 < needed=Rs581.92 — qty 2→0
2026-07-15 08:39:20  ERROR     MIS BUY LODHA skipped — insufficient capital after reduction
2026-07-15 08:39:26  DEBUG     Starting new HTTPS connection (1): piconnect.flattrade.in:443
2026-07-15 08:39:26  DEBUG     https://piconnect.flattrade.in:443 "POST /PiConnectAPI/Limits HTTP/1.1" 200 None
2026-07-15 08:39:26  WARNING   MIS BUY LODHA: avail=Rs125.54 < needed=Rs581.88 — qty 2→0
2026-07-15 08:39:26  ERROR     MIS BUY LODHA skipped — insufficient capital after reduction
2026-07-15 08:39:27  DEBUG     Starting new HTTPS connection (1): piconnect.flattrade.in:443
2026-07-15 08:39:27  DEBUG     https://piconnect.flattrade.in:443 "POST /PiConnectAPI/Limits HTTP/1.1" 200 None
2026-07-15 08:39:27  WARNING   MIS BUY LODHA: avail=Rs125.54 < needed=Rs581.88 — qty 2→0
2026-07-15 08:39:27  ERROR     MIS BUY LODHA skipped — insufficient capital after reduction
2026-07-15 08:39:30  DEBUG     Starting new HTTPS connection (1): piconnect.flattrade.in:443
2026-07-15 08:39:30  DEBUG     https://piconnect.flattrade.in:443 "POST /PiConnectAPI/Limits HTTP/1.1" 200 None
2026-07-15 08:39:30  WARNING   MIS BUY LODHA: avail=Rs125.54 < needed=Rs581.88 — qty 2→0
2026-07-15 08:39:30  ERROR     MIS BUY LODHA skipped — insufficient capital after reduction
2026-07-15 08:39:30  DEBUG     Sending ping
2026-07-15 08:39:31  DEBUG     Starting new HTTPS connection (1): piconnect.flattrade.in:443
2026-07-15 08:39:31  DEBUG     https://piconnect.flattrade.in:443 "POST /PiConnectAPI/Limits HTTP/1.1" 200 None
2026-07-15 08:39:31  WARNING   MIS BUY LODHA: avail=Rs125.54 < needed=Rs581.80 — qty 2→0
2026-07-15 08:39:31  ERROR     MIS BUY LODHA skipped — insufficient capital after reduction
2026-07-15 08:39:37  DEBUG     Starting new HTTPS connection (1): piconnect.flattrade.in:443
2026-07-15 08:39:37  DEBUG     https://piconnect.flattrade.in:443 "POST /PiConnectAPI/Limits HTTP/1.1" 200 None
2026-07-15 08:39:37  WARNING   MIS BUY LODHA: avail=Rs125.54 < needed=Rs581.80 — qty 2→0
2026-07-15 08:39:37  ERROR     MIS BUY LODHA skipped — insufficient capital after reduction
2026-07-15 08:39:43  DEBUG     Starting new HTTPS connection (1): piconnect.flattrade.in:443
2026-07-15 08:39:44  DEBUG     https://piconnect.flattrade.in:443 "POST /PiConnectAPI/Limits HTTP/1.1" 200 None
2026-07-15 08:39:44  WARNING   MIS BUY LODHA: avail=Rs125.54 < needed=Rs581.77 — qty 2→0
2026-07-15 08:39:44  ERROR     MIS BUY LODHA skipped — insufficient capital after reduction
2026-07-15 08:39:49  DEBUG     Starting new HTTPS connection (1): piconnect.flattrade.in:443
2026-07-15 08:39:50  DEBUG     https://piconnect.flattrade.in:443 "POST /PiConnectAPI/Limits HTTP/1.1" 200 None
2026-07-15 08:39:50  WARNING   MIS BUY LODHA: avail=Rs125.54 < needed=Rs581.77 — qty 2→0
2026-07-15 08:39:50  ERROR     MIS BUY LODHA skipped — insufficient capital after reduction
2026-07-15 08:39:55  DEBUG     Starting new HTTPS connection (1): piconnect.flattrade.in:443
2026-07-15 08:39:55  DEBUG     https://piconnect.flattrade.in:443 "POST /PiConnectAPI/Limits HTTP/1.1" 200 None
2026-07-15 08:39:55  WARNING   MIS BUY LODHA: avail=Rs125.54 < needed=Rs581.77 — qty 2→0
2026-07-15 08:39:55  ERROR     MIS BUY LODHA skipped — insufficient capital after reduction
2026-07-15 08:40:00  DEBUG     Starting new HTTPS connection (1): piconnect.flattrade.in:443
2026-07-15 08:40:00  DEBUG     https://piconnect.flattrade.in:443 "POST /PiConnectAPI/Limits HTTP/1.1" 200 None
2026-07-15 08:40:00  WARNING   MIS BUY LODHA: avail=Rs125.54 < needed=Rs581.77 — qty 2→0
2026-07-15 08:40:00  ERROR     MIS BUY LODHA skipped — insufficient capital after reduction
2026-07-15 08:40:00  DEBUG     Sending ping
2026-07-15 08:40:03  DEBUG     Starting new HTTPS connection (1): piconnect.flattrade.in:443
2026-07-15 08:40:03  DEBUG     https://piconnect.flattrade.in:443 "POST /PiConnectAPI/Limits HTTP/1.1" 200 None
2026-07-15 08:40:03  WARNING   MIS BUY LODHA: avail=Rs125.54 < needed=Rs581.77 — qty 2→0
2026-07-15 08:40:03  ERROR     MIS BUY LODHA skipped — insufficient capital after reduction
2026-07-15 08:40:05  DEBUG     Starting new HTTPS connection (1): piconnect.flattrade.in:443
2026-07-15 08:40:05  DEBUG     https://piconnect.flattrade.in:443 "POST /PiConnectAPI/Limits HTTP/1.1" 200 None
2026-07-15 08:40:05  WARNING   MIS BUY LODHA: avail=Rs125.54 < needed=Rs581.88 — qty 2→0
2026-07-15 08:40:05  ERROR     MIS BUY LODHA skipped — insufficient capital after reduction
2026-07-15 08:40:10  DEBUG     Starting new HTTPS connection (1): piconnect.flattrade.in:443
2026-07-15 08:40:10  DEBUG     https://piconnect.flattrade.in:443 "POST /PiConnectAPI/Limits HTTP/1.1" 200 None
2026-07-15 08:40:10  WARNING   MIS BUY LODHA: avail=Rs125.54 < needed=Rs581.85 — qty 2→0
2026-07-15 08:40:10  ERROR     MIS BUY LODHA skipped — insufficient capital after reduction
2026-07-15 08:40:15  DEBUG     Starting new HTTPS connection (1): piconnect.flattrade.in:443
2026-07-15 08:40:15  DEBUG     https://piconnect.flattrade.in:443 "POST /PiConnectAPI/Limits HTTP/1.1" 200 None
2026-07-15 08:40:15  WARNING   MIS BUY LODHA: avail=Rs125.54 < needed=Rs581.85 — qty 2→0
2026-07-15 08:40:15  ERROR     MIS BUY LODHA skipped — insufficient capital after reduction
2026-07-15 08:40:20  DEBUG     Starting new HTTPS connection (1): piconnect.flattrade.in:443
2026-07-15 08:40:20  DEBUG     https://piconnect.flattrade.in:443 "POST /PiConnectAPI/Limits HTTP/1.1" 200 None
2026-07-15 08:40:20  WARNING   MIS BUY LODHA: avail=Rs125.54 < needed=Rs581.85 — qty 2→0
2026-07-15 08:40:20  ERROR     MIS BUY LODHA skipped — insufficient capital after reduction
2026-07-15 08:40:25  DEBUG     Starting new HTTPS connection (1): piconnect.flattrade.in:443
2026-07-15 08:40:25  DEBUG     https://piconnect.flattrade.in:443 "POST /PiConnectAPI/Limits HTTP/1.1" 200 None
2026-07-15 08:40:25  WARNING   MIS BUY LODHA: avail=Rs125.54 < needed=Rs581.85 — qty 2→0
2026-07-15 08:40:25  ERROR     MIS BUY LODHA skipped — insufficient capital after reduction
2026-07-15 08:40:30  DEBUG     Starting new HTTPS connection (1): piconnect.flattrade.in:443
2026-07-15 08:40:30  DEBUG     https://piconnect.flattrade.in:443 "POST /PiConnectAPI/Limits HTTP/1.1" 200 None
2026-07-15 08:40:30  WARNING   MIS BUY LODHA: avail=Rs125.54 < needed=Rs581.85 — qty 2→0
2026-07-15 08:40:30  ERROR     MIS BUY LODHA skipped — insufficient capital after reduction
2026-07-15 08:40:30  DEBUG     Sending ping
2026-07-15 08:40:31  DEBUG     Starting new HTTPS connection (1): piconnect.flattrade.in:443
2026-07-15 08:40:31  DEBUG     https://piconnect.flattrade.in:443 "POST /PiConnectAPI/Limits HTTP/1.1" 200 None
2026-07-15 08:40:31  WARNING   MIS BUY LODHA: avail=Rs125.54 < needed=Rs581.85 — qty 2→0
2026-07-15 08:40:31  ERROR     MIS BUY LODHA skipped — insufficient capital after reduction
2026-07-15 08:40:34  DEBUG     Starting new HTTPS connection (1): piconnect.flattrade.in:443
2026-07-15 08:40:35  DEBUG     https://piconnect.flattrade.in:443 "POST /PiConnectAPI/Limits HTTP/1.1" 200 None
2026-07-15 08:40:35  WARNING   MIS BUY LODHA: avail=Rs125.54 < needed=Rs582.00 — qty 2→0
2026-07-15 08:40:35  ERROR     MIS BUY LODHA skipped — insufficient capital after reduction
2026-07-15 08:40:40  DEBUG     Starting new HTTPS connection (1): piconnect.flattrade.in:443
2026-07-15 08:40:40  DEBUG     https://piconnect.flattrade.in:443 "POST /PiConnectAPI/Limits HTTP/1.1" 200 None
2026-07-15 08:40:40  WARNING   MIS BUY LODHA: avail=Rs125.54 < needed=Rs582.00 — qty 2→0
2026-07-15 08:40:40  ERROR     MIS BUY LODHA skipped — insufficient capital after reduction
2026-07-15 08:40:40  DEBUG     Starting new HTTPS connection (1): piconnect.flattrade.in:443
2026-07-15 08:40:40  DEBUG     https://piconnect.flattrade.in:443 "POST /PiConnectAPI/Limits HTTP/1.1" 200 None
2026-07-15 08:40:40  WARNING   MIS BUY LODHA: avail=Rs125.54 < needed=Rs581.95 — qty 2→0
2026-07-15 08:40:40  ERROR     MIS BUY LODHA skipped — insufficient capital after reduction
2026-07-15 08:40:43  DEBUG     Starting new HTTPS connection (1): piconnect.flattrade.in:443
2026-07-15 08:40:43  DEBUG     https://piconnect.flattrade.in:443 "POST /PiConnectAPI/Limits HTTP/1.1" 200 None
2026-07-15 08:40:43  WARNING   MIS BUY LODHA: avail=Rs125.54 < needed=Rs581.95 — qty 2→0
2026-07-15 08:40:43  ERROR     MIS BUY LODHA skipped — insufficient capital after reduction
2026-07-15 08:40:44  DEBUG     Starting new HTTPS connection (1): piconnect.flattrade.in:443
2026-07-15 08:40:44  DEBUG     https://piconnect.flattrade.in:443 "POST /PiConnectAPI/Limits HTTP/1.1" 200 None
2026-07-15 08:40:44  WARNING   MIS BUY LODHA: avail=Rs125.54 < needed=Rs581.95 — qty 2→0
2026-07-15 08:40:44  ERROR     MIS BUY LODHA skipped — insufficient capital after reduction
2026-07-15 08:40:45  DEBUG     Starting new HTTPS connection (1): piconnect.flattrade.in:443
2026-07-15 08:40:45  DEBUG     https://piconnect.flattrade.in:443 "POST /PiConnectAPI/Limits HTTP/1.1" 200 None
2026-07-15 08:40:45  WARNING   MIS BUY LODHA: avail=Rs125.54 < needed=Rs581.80 — qty 2→0
2026-07-15 08:40:45  ERROR     MIS BUY LODHA skipped — insufficient capital after reduction
2026-07-15 08:40:46  DEBUG     Starting new HTTPS connection (1): piconnect.flattrade.in:443
2026-07-15 08:40:46  DEBUG     https://piconnect.flattrade.in:443 "POST /PiConnectAPI/Limits HTTP/1.1" 200 None
2026-07-15 08:40:46  WARNING   MIS BUY LODHA: avail=Rs125.54 < needed=Rs581.80 — qty 2→0
2026-07-15 08:40:46  ERROR     MIS BUY LODHA skipped — insufficient capital after reduction
2026-07-15 08:40:49  DEBUG     Starting new HTTPS connection (1): piconnect.flattrade.in:443
2026-07-15 08:40:49  DEBUG     https://piconnect.flattrade.in:443 "POST /PiConnectAPI/Limits HTTP/1.1" 200 None
2026-07-15 08:40:49  WARNING   MIS BUY LODHA: avail=Rs125.54 < needed=Rs581.80 — qty 2→0
2026-07-15 08:40:49  ERROR     MIS BUY LODHA skipped — insufficient capital after reduction
2026-07-15 08:40:50  DEBUG     Starting new HTTPS connection (1): piconnect.flattrade.in:443
2026-07-15 08:40:50  DEBUG     https://piconnect.flattrade.in:443 "POST /PiConnectAPI/Limits HTTP/1.1" 200 None
2026-07-15 08:40:50  WARNING   MIS BUY LODHA: avail=Rs125.54 < needed=Rs581.80 — qty 2→0
2026-07-15 08:40:50  ERROR     MIS BUY LODHA skipped — insufficient capital after reduction
2026-07-15 08:40:55  DEBUG     Starting new HTTPS connection (1): piconnect.flattrade.in:443
2026-07-15 08:40:55  DEBUG     https://piconnect.flattrade.in:443 "POST /PiConnectAPI/Limits HTTP/1.1" 200 None
2026-07-15 08:40:55  WARNING   MIS BUY LODHA: avail=Rs125.54 < needed=Rs581.80 — qty 2→0
2026-07-15 08:40:55  ERROR     MIS BUY LODHA skipped — insufficient capital after reduction
2026-07-15 08:40:55  DEBUG     Starting new HTTPS connection (1): piconnect.flattrade.in:443
2026-07-15 08:40:55  DEBUG     https://piconnect.flattrade.in:443 "POST /PiConnectAPI/Limits HTTP/1.1" 200 None
2026-07-15 08:40:55  WARNING   MIS BUY LODHA: avail=Rs125.54 < needed=Rs581.75 — qty 2→0
2026-07-15 08:40:55  ERROR     MIS BUY LODHA skipped — insufficient capital after reduction
2026-07-15 08:41:00  DEBUG     Starting new HTTPS connection (1): piconnect.flattrade.in:443
2026-07-15 08:41:00  DEBUG     https://piconnect.flattrade.in:443 "POST /PiConnectAPI/Limits HTTP/1.1" 200 None
2026-07-15 08:41:00  WARNING   MIS BUY LODHA: avail=Rs125.54 < needed=Rs581.75 — qty 2→0
2026-07-15 08:41:00  ERROR     MIS BUY LODHA skipped — insufficient capital after reduction
2026-07-15 08:41:00  DEBUG     Starting new HTTPS connection (1): piconnect.flattrade.in:443
2026-07-15 08:41:00  DEBUG     https://piconnect.flattrade.in:443 "POST /PiConnectAPI/Limits HTTP/1.1" 200 None
2026-07-15 08:41:00  WARNING   MIS BUY LODHA: avail=Rs125.54 < needed=Rs581.70 — qty 2→0
2026-07-15 08:41:00  ERROR     MIS BUY LODHA skipped — insufficient capital after reduction
2026-07-15 08:41:00  DEBUG     Sending ping
2026-07-15 08:41:05  DEBUG     Starting new HTTPS connection (1): piconnect.flattrade.in:443
2026-07-15 08:41:05  DEBUG     https://piconnect.flattrade.in:443 "POST /PiConnectAPI/Limits HTTP/1.1" 200 None
2026-07-15 08:41:05  WARNING   MIS BUY LODHA: avail=Rs125.54 < needed=Rs581.70 — qty 2→0
2026-07-15 08:41:05  ERROR     MIS BUY LODHA skipped — insufficient capital after reduction
2026-07-15 08:41:05  DEBUG     Starting new HTTPS connection (1): piconnect.flattrade.in:443
2026-07-15 08:41:05  DEBUG     https://piconnect.flattrade.in:443 "POST /PiConnectAPI/Limits HTTP/1.1" 200 None
2026-07-15 08:41:05  WARNING   MIS BUY LODHA: avail=Rs125.54 < needed=Rs581.95 — qty 2→0
2026-07-15 08:41:05  ERROR     MIS BUY LODHA skipped — insufficient capital after reduction
2026-07-15 08:41:10  DEBUG     Starting new HTTPS connection (1): piconnect.flattrade.in:443
2026-07-15 08:41:10  DEBUG     https://piconnect.flattrade.in:443 "POST /PiConnectAPI/Limits HTTP/1.1" 200 None
2026-07-15 08:41:10  WARNING   MIS BUY LODHA: avail=Rs125.54 < needed=Rs581.90 — qty 2→0
2026-07-15 08:41:10  ERROR     MIS BUY LODHA skipped — insufficient capital after reduction
2026-07-15 08:41:15  DEBUG     Starting new HTTPS connection (1): piconnect.flattrade.in:443
2026-07-15 08:41:15  DEBUG     https://piconnect.flattrade.in:443 "POST /PiConnectAPI/Limits HTTP/1.1" 200 None
2026-07-15 08:41:15  WARNING   MIS BUY LODHA: avail=Rs125.54 < needed=Rs581.85 — qty 2→0
2026-07-15 08:41:15  ERROR     MIS BUY LODHA skipped — insufficient capital after reduction
2026-07-15 08:41:18  DEBUG     Starting new HTTPS connection (1): piconnect.flattrade.in:443
2026-07-15 08:41:18  DEBUG     https://piconnect.flattrade.in:443 "POST /PiConnectAPI/Limits HTTP/1.1" 200 None
2026-07-15 08:41:18  WARNING   MIS BUY LODHA: avail=Rs125.54 < needed=Rs581.85 — qty 2→0
2026-07-15 08:41:18  ERROR     MIS BUY LODHA skipped — insufficient capital after reduction
2026-07-15 08:41:20  DEBUG     Starting new HTTPS connection (1): piconnect.flattrade.in:443
2026-07-15 08:41:20  DEBUG     https://piconnect.flattrade.in:443 "POST /PiConnectAPI/Limits HTTP/1.1" 200 None
2026-07-15 08:41:20  WARNING   MIS BUY LODHA: avail=Rs125.54 < needed=Rs581.77 — qty 2→0
2026-07-15 08:41:20  ERROR     MIS BUY LODHA skipped — insufficient capital after reduction
2026-07-15 08:41:21  DEBUG     Starting new HTTPS connection (1): piconnect.flattrade.in:443
2026-07-15 08:41:21  DEBUG     https://piconnect.flattrade.in:443 "POST /PiConnectAPI/Limits HTTP/1.1" 200 None
2026-07-15 08:41:21  WARNING   MIS BUY LODHA: avail=Rs125.54 < needed=Rs581.77 — qty 2→0
2026-07-15 08:41:21  ERROR     MIS BUY LODHA skipped — insufficient capital after reduction
2026-07-15 08:41:22  DEBUG     Starting new HTTPS connection (1): piconnect.flattrade.in:443
2026-07-15 08:41:22  DEBUG     https://piconnect.flattrade.in:443 "POST /PiConnectAPI/Limits HTTP/1.1" 200 None
2026-07-15 08:41:22  WARNING   MIS BUY LODHA: avail=Rs125.54 < needed=Rs581.77 — qty 2→0
2026-07-15 08:41:22  ERROR     MIS BUY LODHA skipped — insufficient capital after reduction
2026-07-15 08:41:24  DEBUG     Starting new HTTPS connection (1): piconnect.flattrade.in:443
2026-07-15 08:41:24  DEBUG     https://piconnect.flattrade.in:443 "POST /PiConnectAPI/Limits HTTP/1.1" 200 None
2026-07-15 08:41:24  WARNING   MIS BUY LODHA: avail=Rs125.54 < needed=Rs581.77 — qty 2→0
2026-07-15 08:41:24  ERROR     MIS BUY LODHA skipped — insufficient capital after reduction
2026-07-15 08:41:25  DEBUG     Starting new HTTPS connection (1): piconnect.flattrade.in:443
2026-07-15 08:41:26  DEBUG     https://piconnect.flattrade.in:443 "POST /PiConnectAPI/Limits HTTP/1.1" 200 None
2026-07-15 08:41:26  WARNING   MIS BUY LODHA: avail=Rs125.54 < needed=Rs582.08 — qty 2→0
2026-07-15 08:41:26  ERROR     MIS BUY LODHA skipped — insufficient capital after reduction
2026-07-15 08:41:27  DEBUG     Starting new HTTPS connection (1): piconnect.flattrade.in:443
2026-07-15 08:41:27  DEBUG     https://piconnect.flattrade.in:443 "POST /PiConnectAPI/Limits HTTP/1.1" 200 None
2026-07-15 08:41:27  WARNING   MIS BUY LODHA: avail=Rs125.54 < needed=Rs582.08 — qty 2→0
2026-07-15 08:41:27  ERROR     MIS BUY LODHA skipped — insufficient capital after reduction
2026-07-15 08:41:30  DEBUG     Sending ping
2026-07-15 08:41:30  DEBUG     Starting new HTTPS connection (1): piconnect.flattrade.in:443
2026-07-15 08:41:31  DEBUG     https://piconnect.flattrade.in:443 "POST /PiConnectAPI/Limits HTTP/1.1" 200 None
2026-07-15 08:41:31  WARNING   MIS BUY LODHA: avail=Rs125.54 < needed=Rs582.05 — qty 2→0
2026-07-15 08:41:31  ERROR     MIS BUY LODHA skipped — insufficient capital after reduction
2026-07-15 08:41:31  DEBUG     Starting new HTTPS connection (1): piconnect.flattrade.in:443
2026-07-15 08:41:31  DEBUG     https://piconnect.flattrade.in:443 "POST /PiConnectAPI/Limits HTTP/1.1" 200 None
2026-07-15 08:41:31  WARNING   MIS BUY LODHA: avail=Rs125.54 < needed=Rs582.05 — qty 2→0
2026-07-15 08:41:31  ERROR     MIS BUY LODHA skipped — insufficient capital after reduction
2026-07-15 08:41:32  DEBUG     Starting new HTTPS connection (1): piconnect.flattrade.in:443
2026-07-15 08:41:32  DEBUG     https://piconnect.flattrade.in:443 "POST /PiConnectAPI/Limits HTTP/1.1" 200 None
2026-07-15 08:41:32  WARNING   MIS BUY LODHA: avail=Rs125.54 < needed=Rs582.05 — qty 2→0
2026-07-15 08:41:32  ERROR     MIS BUY LODHA skipped — insufficient capital after reduction
2026-07-15 08:41:35  DEBUG     Starting new HTTPS connection (1): piconnect.flattrade.in:443
2026-07-15 08:41:35  DEBUG     https://piconnect.flattrade.in:443 "POST /PiConnectAPI/Limits HTTP/1.1" 200 None
2026-07-15 08:41:35  WARNING   MIS BUY LODHA: avail=Rs125.54 < needed=Rs582.05 — qty 2→0
2026-07-15 08:41:35  ERROR     MIS BUY LODHA skipped — insufficient capital after reduction
2026-07-15 08:41:35  DEBUG     Starting new HTTPS connection (1): piconnect.flattrade.in:443
2026-07-15 08:41:36  DEBUG     https://piconnect.flattrade.in:443 "POST /PiConnectAPI/Limits HTTP/1.1" 200 None
2026-07-15 08:41:36  WARNING   MIS BUY LODHA: avail=Rs125.54 < needed=Rs582.00 — qty 2→0
2026-07-15 08:41:36  ERROR     MIS BUY LODHA skipped — insufficient capital after reduction
2026-07-15 08:41:38  DEBUG     Starting new HTTPS connection (1): piconnect.flattrade.in:443
2026-07-15 08:41:38  DEBUG     https://piconnect.flattrade.in:443 "POST /PiConnectAPI/Limits HTTP/1.1" 200 None
2026-07-15 08:41:38  WARNING   MIS BUY LODHA: avail=Rs125.54 < needed=Rs582.00 — qty 2→0
2026-07-15 08:41:38  ERROR     MIS BUY LODHA skipped — insufficient capital after reduction
2026-07-15 08:41:40  DEBUG     Starting new HTTPS connection (1): piconnect.flattrade.in:443
2026-07-15 08:41:40  DEBUG     https://piconnect.flattrade.in:443 "POST /PiConnectAPI/Limits HTTP/1.1" 200 None
2026-07-15 08:41:40  WARNING   MIS BUY LODHA: avail=Rs125.54 < needed=Rs581.98 — qty 2→0
2026-07-15 08:41:40  ERROR     MIS BUY LODHA skipped — insufficient capital after reduction
2026-07-15 08:41:45  DEBUG     Starting new HTTPS connection (1): piconnect.flattrade.in:443
2026-07-15 08:41:45  DEBUG     https://piconnect.flattrade.in:443 "POST /PiConnectAPI/Limits HTTP/1.1" 200 None
2026-07-15 08:41:45  WARNING   MIS BUY LODHA: avail=Rs125.54 < needed=Rs581.98 — qty 2→0
2026-07-15 08:41:45  ERROR     MIS BUY LODHA skipped — insufficient capital after reduction
2026-07-15 08:41:45  DEBUG     Starting new HTTPS connection (1): piconnect.flattrade.in:443
2026-07-15 08:41:45  DEBUG     https://piconnect.flattrade.in:443 "POST /PiConnectAPI/Limits HTTP/1.1" 200 None
2026-07-15 08:41:45  WARNING   MIS BUY LODHA: avail=Rs125.54 < needed=Rs582.15 — qty 2→0
2026-07-15 08:41:45  ERROR     MIS BUY LODHA skipped — insufficient capital after reduction
2026-07-15 08:41:46  DEBUG     Starting new HTTPS connection (1): piconnect.flattrade.in:443
2026-07-15 08:41:46  DEBUG     https://piconnect.flattrade.in:443 "POST /PiConnectAPI/Limits HTTP/1.1" 200 None
2026-07-15 08:41:46  WARNING   MIS BUY LODHA: avail=Rs125.54 < needed=Rs582.15 — qty 2→0
2026-07-15 08:41:46  ERROR     MIS BUY LODHA skipped — insufficient capital after reduction
2026-07-15 08:41:50  DEBUG     Starting new HTTPS connection (1): piconnect.flattrade.in:443
2026-07-15 08:41:50  DEBUG     https://piconnect.flattrade.in:443 "POST /PiConnectAPI/Limits HTTP/1.1" 200 None
2026-07-15 08:41:50  WARNING   MIS BUY LODHA: avail=Rs125.54 < needed=Rs582.10 — qty 2→0
2026-07-15 08:41:50  ERROR     MIS BUY LODHA skipped — insufficient capital after reduction
2026-07-15 08:41:54  DEBUG     Starting new HTTPS connection (1): piconnect.flattrade.in:443
2026-07-15 08:41:55  DEBUG     https://piconnect.flattrade.in:443 "POST /PiConnectAPI/Limits HTTP/1.1" 200 None
2026-07-15 08:41:55  WARNING   MIS BUY LODHA: avail=Rs125.54 < needed=Rs582.10 — qty 2→0
2026-07-15 08:41:55  ERROR     MIS BUY LODHA skipped — insufficient capital after reduction
2026-07-15 08:41:59  DEBUG     Starting new HTTPS connection (1): piconnect.flattrade.in:443
2026-07-15 08:42:00  DEBUG     https://piconnect.flattrade.in:443 "POST /PiConnectAPI/Limits HTTP/1.1" 200 None
2026-07-15 08:42:00  WARNING   MIS BUY LODHA: avail=Rs125.54 < needed=Rs581.98 — qty 2→0
2026-07-15 08:42:00  ERROR     MIS BUY LODHA skipped — insufficient capital after reduction
2026-07-15 08:42:00  DEBUG     Sending ping
2026-07-15 08:42:04  DEBUG     Starting new HTTPS connection (1): piconnect.flattrade.in:443
2026-07-15 08:42:04  DEBUG     https://piconnect.flattrade.in:443 "POST /PiConnectAPI/Limits HTTP/1.1" 200 None
2026-07-15 08:42:04  WARNING   MIS BUY LODHA: avail=Rs125.54 < needed=Rs581.98 — qty 2→0
2026-07-15 08:42:04  ERROR     MIS BUY LODHA skipped — insufficient capital after reduction
2026-07-15 08:42:09  DEBUG     Starting new HTTPS connection (1): piconnect.flattrade.in:443
2026-07-15 08:42:10  DEBUG     https://piconnect.flattrade.in:443 "POST /PiConnectAPI/Limits HTTP/1.1" 200 None
2026-07-15 08:42:10  WARNING   MIS BUY LODHA: avail=Rs125.54 < needed=Rs581.98 — qty 2→0
2026-07-15 08:42:10  ERROR     MIS BUY LODHA skipped — insufficient capital after reduction
2026-07-15 08:42:15  DEBUG     Starting new HTTPS connection (1): piconnect.flattrade.in:443
2026-07-15 08:42:15  DEBUG     https://piconnect.flattrade.in:443 "POST /PiConnectAPI/Limits HTTP/1.1" 200 None
2026-07-15 08:42:15  WARNING   MIS BUY LODHA: avail=Rs125.54 < needed=Rs582.12 — qty 2→0
2026-07-15 08:42:15  ERROR     MIS BUY LODHA skipped — insufficient capital after reduction
2026-07-15 08:42:20  DEBUG     Starting new HTTPS connection (1): piconnect.flattrade.in:443
2026-07-15 08:42:20  DEBUG     https://piconnect.flattrade.in:443 "POST /PiConnectAPI/Limits HTTP/1.1" 200 None
2026-07-15 08:42:20  WARNING   MIS BUY LODHA: avail=Rs125.54 < needed=Rs582.12 — qty 2→0
2026-07-15 08:42:20  ERROR     MIS BUY LODHA skipped — insufficient capital after reduction
2026-07-15 08:42:22  DEBUG     Starting new HTTPS connection (1): piconnect.flattrade.in:443
2026-07-15 08:42:22  DEBUG     https://piconnect.flattrade.in:443 "POST /PiConnectAPI/Limits HTTP/1.1" 200 None
2026-07-15 08:42:22  WARNING   MIS BUY LODHA: avail=Rs125.54 < needed=Rs582.12 — qty 2→0
2026-07-15 08:42:22  ERROR     MIS BUY LODHA skipped — insufficient capital after reduction
2026-07-15 08:42:24  DEBUG     Starting new HTTPS connection (1): piconnect.flattrade.in:443
2026-07-15 08:42:24  DEBUG     https://piconnect.flattrade.in:443 "POST /PiConnectAPI/Limits HTTP/1.1" 200 None
2026-07-15 08:42:24  WARNING   MIS BUY LODHA: avail=Rs125.54 < needed=Rs582.12 — qty 2→0
2026-07-15 08:42:24  ERROR     MIS BUY LODHA skipped — insufficient capital after reduction
2026-07-15 08:42:25  DEBUG     Starting new HTTPS connection (1): piconnect.flattrade.in:443
2026-07-15 08:42:25  DEBUG     https://piconnect.flattrade.in:443 "POST /PiConnectAPI/Limits HTTP/1.1" 200 None
2026-07-15 08:42:25  WARNING   MIS BUY LODHA: avail=Rs125.54 < needed=Rs582.33 — qty 2→0
2026-07-15 08:42:25  ERROR     MIS BUY LODHA skipped — insufficient capital after reduction
2026-07-15 08:42:27  DEBUG     Starting new HTTPS connection (1): piconnect.flattrade.in:443
2026-07-15 08:42:27  DEBUG     https://piconnect.flattrade.in:443 "POST /PiConnectAPI/Limits HTTP/1.1" 200 None
2026-07-15 08:42:27  WARNING   MIS BUY LODHA: avail=Rs125.54 < needed=Rs582.33 — qty 2→0
2026-07-15 08:42:27  ERROR     MIS BUY LODHA skipped — insufficient capital after reduction
2026-07-15 08:42:29  DEBUG     Starting new HTTPS connection (1): piconnect.flattrade.in:443
2026-07-15 08:42:29  DEBUG     https://piconnect.flattrade.in:443 "POST /PiConnectAPI/Limits HTTP/1.1" 200 None
2026-07-15 08:42:29  WARNING   MIS BUY LODHA: avail=Rs125.54 < needed=Rs582.27 — qty 2→0
2026-07-15 08:42:29  ERROR     MIS BUY LODHA skipped — insufficient capital after reduction
2026-07-15 08:42:30  DEBUG     Starting new HTTPS connection (1): piconnect.flattrade.in:443
2026-07-15 08:42:30  DEBUG     https://piconnect.flattrade.in:443 "POST /PiConnectAPI/Limits HTTP/1.1" 200 None
2026-07-15 08:42:30  WARNING   MIS BUY LODHA: avail=Rs125.54 < needed=Rs582.27 — qty 2→0
2026-07-15 08:42:30  ERROR     MIS BUY LODHA skipped — insufficient capital after reduction
2026-07-15 08:42:30  DEBUG     Sending ping
2026-07-15 08:42:31  DEBUG     Starting new HTTPS connection (1): piconnect.flattrade.in:443
2026-07-15 08:42:32  DEBUG     https://piconnect.flattrade.in:443 "POST /PiConnectAPI/Limits HTTP/1.1" 200 None
2026-07-15 08:42:32  WARNING   MIS BUY LODHA: avail=Rs125.54 < needed=Rs582.27 — qty 2→0
2026-07-15 08:42:32  ERROR     MIS BUY LODHA skipped — insufficient capital after reduction
2026-07-15 08:42:34  DEBUG     Starting new HTTPS connection (1): piconnect.flattrade.in:443
2026-07-15 08:42:34  DEBUG     https://piconnect.flattrade.in:443 "POST /PiConnectAPI/Limits HTTP/1.1" 200 None
2026-07-15 08:42:34  WARNING   MIS BUY LODHA: avail=Rs125.54 < needed=Rs582.25 — qty 2→0
2026-07-15 08:42:34  ERROR     MIS BUY LODHA skipped — insufficient capital after reduction
2026-07-15 08:42:37  DEBUG     Starting new HTTPS connection (1): piconnect.flattrade.in:443
2026-07-15 08:42:37  DEBUG     https://piconnect.flattrade.in:443 "POST /PiConnectAPI/Limits HTTP/1.1" 200 None
2026-07-15 08:42:37  WARNING   MIS BUY LODHA: avail=Rs125.54 < needed=Rs582.25 — qty 2→0
2026-07-15 08:42:37  ERROR     MIS BUY LODHA skipped — insufficient capital after reduction
2026-07-15 08:42:38  DEBUG     Starting new HTTPS connection (1): piconnect.flattrade.in:443
2026-07-15 08:42:39  DEBUG     https://piconnect.flattrade.in:443 "POST /PiConnectAPI/Limits HTTP/1.1" 200 None
2026-07-15 08:42:39  WARNING   MIS BUY LODHA: avail=Rs125.54 < needed=Rs582.23 — qty 2→0
2026-07-15 08:42:39  ERROR     MIS BUY LODHA skipped — insufficient capital after reduction
2026-07-15 08:42:43  DEBUG     Starting new HTTPS connection (1): piconnect.flattrade.in:443
2026-07-15 08:42:43  DEBUG     https://piconnect.flattrade.in:443 "POST /PiConnectAPI/Limits HTTP/1.1" 200 None
2026-07-15 08:42:43  WARNING   MIS BUY LODHA: avail=Rs125.54 < needed=Rs582.17 — qty 2→0
2026-07-15 08:42:43  ERROR     MIS BUY LODHA skipped — insufficient capital after reduction
2026-07-15 08:42:45  DEBUG     Starting new HTTPS connection (1): piconnect.flattrade.in:443
2026-07-15 08:42:45  DEBUG     https://piconnect.flattrade.in:443 "POST /PiConnectAPI/Limits HTTP/1.1" 200 None
2026-07-15 08:42:45  WARNING   MIS BUY LODHA: avail=Rs125.54 < needed=Rs582.17 — qty 2→0
2026-07-15 08:42:45  ERROR     MIS BUY LODHA skipped — insufficient capital after reduction
2026-07-15 08:42:47  DEBUG     Starting new HTTPS connection (1): piconnect.flattrade.in:443
2026-07-15 08:42:47  DEBUG     https://piconnect.flattrade.in:443 "POST /PiConnectAPI/Limits HTTP/1.1" 200 None
2026-07-15 08:42:47  WARNING   MIS BUY LODHA: avail=Rs125.54 < needed=Rs582.17 — qty 2→0
2026-07-15 08:42:47  ERROR     MIS BUY LODHA skipped — insufficient capital after reduction
2026-07-15 08:42:48  DEBUG     Starting new HTTPS connection (1): piconnect.flattrade.in:443
2026-07-15 08:42:49  DEBUG     https://piconnect.flattrade.in:443 "POST /PiConnectAPI/Limits HTTP/1.1" 200 None
2026-07-15 08:42:49  WARNING   MIS BUY LODHA: avail=Rs125.54 < needed=Rs582.05 — qty 2→0
2026-07-15 08:42:49  ERROR     MIS BUY LODHA skipped — insufficient capital after reduction
2026-07-15 08:42:50  DEBUG     Starting new HTTPS connection (1): piconnect.flattrade.in:443
2026-07-15 08:42:50  DEBUG     https://piconnect.flattrade.in:443 "POST /PiConnectAPI/Limits HTTP/1.1" 200 None
2026-07-15 08:42:50  WARNING   MIS BUY LODHA: avail=Rs125.54 < needed=Rs582.05 — qty 2→0
2026-07-15 08:42:50  ERROR     MIS BUY LODHA skipped — insufficient capital after reduction
2026-07-15 08:42:54  DEBUG     Starting new HTTPS connection (1): piconnect.flattrade.in:443
2026-07-15 08:42:54  DEBUG     https://piconnect.flattrade.in:443 "POST /PiConnectAPI/Limits HTTP/1.1" 200 None
2026-07-15 08:42:54  WARNING   MIS BUY LODHA: avail=Rs125.54 < needed=Rs582.00 — qty 2→0
2026-07-15 08:42:54  ERROR     MIS BUY LODHA skipped — insufficient capital after reduction
2026-07-15 08:42:55  DEBUG     Starting new HTTPS connection (1): piconnect.flattrade.in:443
2026-07-15 08:42:55  DEBUG     https://piconnect.flattrade.in:443 "POST /PiConnectAPI/Limits HTTP/1.1" 200 None
2026-07-15 08:42:55  WARNING   MIS BUY LODHA: avail=Rs125.54 < needed=Rs582.00 — qty 2→0
2026-07-15 08:42:55  ERROR     MIS BUY LODHA skipped — insufficient capital after reduction
2026-07-15 08:42:58  DEBUG     Starting new HTTPS connection (1): piconnect.flattrade.in:443
2026-07-15 08:42:58  DEBUG     https://piconnect.flattrade.in:443 "POST /PiConnectAPI/Limits HTTP/1.1" 200 None
2026-07-15 08:42:58  WARNING   MIS BUY LODHA: avail=Rs125.54 < needed=Rs582.00 — qty 2→0
2026-07-15 08:42:58  ERROR     MIS BUY LODHA skipped — insufficient capital after reduction
2026-07-15 08:42:59  DEBUG     Starting new HTTPS connection (1): piconnect.flattrade.in:443
2026-07-15 08:42:59  DEBUG     https://piconnect.flattrade.in:443 "POST /PiConnectAPI/Limits HTTP/1.1" 200 None
2026-07-15 08:42:59  WARNING   MIS BUY LODHA: avail=Rs125.54 < needed=Rs581.48 — qty 2→0
2026-07-15 08:42:59  ERROR     MIS BUY LODHA skipped — insufficient capital after reduction
2026-07-15 08:43:00  DEBUG     Starting new HTTPS connection (1): piconnect.flattrade.in:443
2026-07-15 08:43:00  DEBUG     https://piconnect.flattrade.in:443 "POST /PiConnectAPI/Limits HTTP/1.1" 200 None
2026-07-15 08:43:00  WARNING   MIS BUY LODHA: avail=Rs125.54 < needed=Rs581.48 — qty 2→0
2026-07-15 08:43:00  ERROR     MIS BUY LODHA skipped — insufficient capital after reduction
2026-07-15 08:43:00  DEBUG     Sending ping
2026-07-15 08:43:03  DEBUG     Starting new HTTPS connection (1): piconnect.flattrade.in:443
2026-07-15 08:43:03  DEBUG     https://piconnect.flattrade.in:443 "POST /PiConnectAPI/Limits HTTP/1.1" 200 None
2026-07-15 08:43:03  WARNING   MIS BUY LODHA: avail=Rs125.54 < needed=Rs581.48 — qty 2→0
2026-07-15 08:43:03  ERROR     MIS BUY LODHA skipped — insufficient capital after reduction
2026-07-15 08:43:03  DEBUG     Starting new HTTPS connection (1): piconnect.flattrade.in:443
2026-07-15 08:43:04  DEBUG     https://piconnect.flattrade.in:443 "POST /PiConnectAPI/Limits HTTP/1.1" 200 None
2026-07-15 08:43:04  WARNING   MIS BUY LODHA: avail=Rs125.54 < needed=Rs581.17 — qty 2→0
2026-07-15 08:43:04  ERROR     MIS BUY LODHA skipped — insufficient capital after reduction
2026-07-15 08:43:07  DEBUG     Starting new HTTPS connection (1): piconnect.flattrade.in:443
2026-07-15 08:43:07  DEBUG     https://piconnect.flattrade.in:443 "POST /PiConnectAPI/Limits HTTP/1.1" 200 None
2026-07-15 08:43:07  WARNING   MIS BUY LODHA: avail=Rs125.54 < needed=Rs581.17 — qty 2→0
2026-07-15 08:43:07  ERROR     MIS BUY LODHA skipped — insufficient capital after reduction
2026-07-15 08:43:08  DEBUG     Starting new HTTPS connection (1): piconnect.flattrade.in:443
2026-07-15 08:43:08  DEBUG     https://piconnect.flattrade.in:443 "POST /PiConnectAPI/Limits HTTP/1.1" 200 None
2026-07-15 08:43:08  WARNING   MIS BUY LODHA: avail=Rs125.54 < needed=Rs581.17 — qty 2→0
2026-07-15 08:43:08  ERROR     MIS BUY LODHA skipped — insufficient capital after reduction
2026-07-15 08:43:13  DEBUG     Starting new HTTPS connection (1): piconnect.flattrade.in:443
2026-07-15 08:43:13  DEBUG     https://piconnect.flattrade.in:443 "POST /PiConnectAPI/Limits HTTP/1.1" 200 None
2026-07-15 08:43:13  WARNING   MIS BUY LODHA: avail=Rs125.54 < needed=Rs581.10 — qty 2→0
2026-07-15 08:43:13  ERROR     MIS BUY LODHA skipped — insufficient capital after reduction
2026-07-15 08:43:15  DEBUG     Starting new HTTPS connection (1): piconnect.flattrade.in:443
2026-07-15 08:43:15  DEBUG     https://piconnect.flattrade.in:443 "POST /PiConnectAPI/Limits HTTP/1.1" 200 None
2026-07-15 08:43:15  WARNING   MIS BUY LODHA: avail=Rs125.54 < needed=Rs581.10 — qty 2→0
2026-07-15 08:43:15  ERROR     MIS BUY LODHA skipped — insufficient capital after reduction
2026-07-15 08:43:18  DEBUG     Starting new HTTPS connection (1): piconnect.flattrade.in:443
2026-07-15 08:43:18  DEBUG     https://piconnect.flattrade.in:443 "POST /PiConnectAPI/Limits HTTP/1.1" 200 None
2026-07-15 08:43:18  WARNING   MIS BUY LODHA: avail=Rs125.54 < needed=Rs581.10 — qty 2→0
2026-07-15 08:43:18  ERROR     MIS BUY LODHA skipped — insufficient capital after reduction
2026-07-15 08:43:19  DEBUG     Starting new HTTPS connection (1): piconnect.flattrade.in:443
2026-07-15 08:43:19  DEBUG     https://piconnect.flattrade.in:443 "POST /PiConnectAPI/Limits HTTP/1.1" 200 None
2026-07-15 08:43:19  WARNING   MIS BUY LODHA: avail=Rs125.54 < needed=Rs581.08 — qty 2→0
2026-07-15 08:43:19  ERROR     MIS BUY LODHA skipped — insufficient capital after reduction
2026-07-15 08:43:20  DEBUG     Starting new HTTPS connection (1): piconnect.flattrade.in:443
2026-07-15 08:43:20  DEBUG     https://piconnect.flattrade.in:443 "POST /PiConnectAPI/Limits HTTP/1.1" 200 None
2026-07-15 08:43:20  WARNING   MIS BUY LODHA: avail=Rs125.54 < needed=Rs581.10 — qty 2→0
2026-07-15 08:43:20  ERROR     MIS BUY LODHA skipped — insufficient capital after reduction
2026-07-15 08:43:21  DEBUG     Starting new HTTPS connection (1): piconnect.flattrade.in:443
2026-07-15 08:43:21  DEBUG     https://piconnect.flattrade.in:443 "POST /PiConnectAPI/Limits HTTP/1.1" 200 None
2026-07-15 08:43:21  WARNING   MIS BUY LODHA: avail=Rs125.54 < needed=Rs581.02 — qty 2→0
2026-07-15 08:43:21  ERROR     MIS BUY LODHA skipped — insufficient capital after reduction
2026-07-15 08:43:22  DEBUG     Starting new HTTPS connection (1): piconnect.flattrade.in:443
2026-07-15 08:43:22  DEBUG     https://piconnect.flattrade.in:443 "POST /PiConnectAPI/Limits HTTP/1.1" 200 None
2026-07-15 08:43:22  WARNING   MIS BUY LODHA: avail=Rs125.54 < needed=Rs580.98 — qty 2→0
2026-07-15 08:43:22  ERROR     MIS BUY LODHA skipped — insufficient capital after reduction
2026-07-15 08:43:23  DEBUG     Starting new HTTPS connection (1): piconnect.flattrade.in:443
2026-07-15 08:43:23  DEBUG     https://piconnect.flattrade.in:443 "POST /PiConnectAPI/Limits HTTP/1.1" 200 None
2026-07-15 08:43:23  WARNING   MIS BUY LODHA: avail=Rs125.54 < needed=Rs580.98 — qty 2→0
2026-07-15 08:43:23  ERROR     MIS BUY LODHA skipped — insufficient capital after reduction
2026-07-15 08:43:25  DEBUG     Starting new HTTPS connection (1): piconnect.flattrade.in:443
2026-07-15 08:43:25  DEBUG     https://piconnect.flattrade.in:443 "POST /PiConnectAPI/Limits HTTP/1.1" 200 None
2026-07-15 08:43:25  WARNING   MIS BUY LODHA: avail=Rs125.54 < needed=Rs580.98 — qty 2→0
2026-07-15 08:43:25  ERROR     MIS BUY LODHA skipped — insufficient capital after reduction
2026-07-15 08:43:26  DEBUG     Starting new HTTPS connection (1): piconnect.flattrade.in:443
2026-07-15 08:43:26  DEBUG     https://piconnect.flattrade.in:443 "POST /PiConnectAPI/Limits HTTP/1.1" 200 None
2026-07-15 08:43:26  WARNING   MIS BUY LODHA: avail=Rs125.54 < needed=Rs580.98 — qty 2→0
2026-07-15 08:43:26  ERROR     MIS BUY LODHA skipped — insufficient capital after reduction
2026-07-15 08:43:29  DEBUG     Starting new HTTPS connection (1): piconnect.flattrade.in:443
2026-07-15 08:43:29  DEBUG     https://piconnect.flattrade.in:443 "POST /PiConnectAPI/Limits HTTP/1.1" 200 None
2026-07-15 08:43:29  WARNING   MIS BUY LODHA: avail=Rs125.54 < needed=Rs580.98 — qty 2→0
2026-07-15 08:43:29  ERROR     MIS BUY LODHA skipped — insufficient capital after reduction
2026-07-15 08:43:29  DEBUG     Starting new HTTPS connection (1): piconnect.flattrade.in:443
2026-07-15 08:43:29  DEBUG     https://piconnect.flattrade.in:443 "POST /PiConnectAPI/Limits HTTP/1.1" 200 None
2026-07-15 08:43:29  WARNING   MIS BUY LODHA: avail=Rs125.54 < needed=Rs580.98 — qty 2→0
2026-07-15 08:43:29  ERROR     MIS BUY LODHA skipped — insufficient capital after reduction
2026-07-15 08:43:30  DEBUG     Sending ping
2026-07-15 08:43:31  DEBUG     Starting new HTTPS connection (1): piconnect.flattrade.in:443
2026-07-15 08:43:32  DEBUG     https://piconnect.flattrade.in:443 "POST /PiConnectAPI/Limits HTTP/1.1" 200 None
2026-07-15 08:43:32  WARNING   MIS BUY LODHA: avail=Rs125.54 < needed=Rs580.98 — qty 2→0
2026-07-15 08:43:32  ERROR     MIS BUY LODHA skipped — insufficient capital after reduction
2026-07-15 08:43:32  DEBUG     Starting new HTTPS connection (1): piconnect.flattrade.in:443
2026-07-15 08:43:32  DEBUG     https://piconnect.flattrade.in:443 "POST /PiConnectAPI/Limits HTTP/1.1" 200 None
2026-07-15 08:43:32  WARNING   MIS BUY LODHA: avail=Rs125.54 < needed=Rs580.98 — qty 2→0
2026-07-15 08:43:32  ERROR     MIS BUY LODHA skipped — insufficient capital after reduction
2026-07-15 08:43:33  DEBUG     Starting new HTTPS connection (1): piconnect.flattrade.in:443
2026-07-15 08:43:33  DEBUG     https://piconnect.flattrade.in:443 "POST /PiConnectAPI/Limits HTTP/1.1" 200 None
2026-07-15 08:43:33  WARNING   MIS BUY LODHA: avail=Rs125.54 < needed=Rs580.98 — qty 2→0
2026-07-15 08:43:33  ERROR     MIS BUY LODHA skipped — insufficient capital after reduction
2026-07-15 08:43:38  DEBUG     Starting new HTTPS connection (1): piconnect.flattrade.in:443
2026-07-15 08:43:38  DEBUG     https://piconnect.flattrade.in:443 "POST /PiConnectAPI/Limits HTTP/1.1" 200 None
2026-07-15 08:43:38  WARNING   MIS BUY LODHA: avail=Rs125.54 < needed=Rs580.98 — qty 2→0
2026-07-15 08:43:38  ERROR     MIS BUY LODHA skipped — insufficient capital after reduction
2026-07-15 08:43:38  DEBUG     Starting new HTTPS connection (1): piconnect.flattrade.in:443
2026-07-15 08:43:38  DEBUG     https://piconnect.flattrade.in:443 "POST /PiConnectAPI/Limits HTTP/1.1" 200 None
2026-07-15 08:43:38  WARNING   MIS BUY LODHA: avail=Rs125.54 < needed=Rs580.98 — qty 2→0
2026-07-15 08:43:38  ERROR     MIS BUY LODHA skipped — insufficient capital after reduction
2026-07-15 08:43:39  DEBUG     Starting new HTTPS connection (1): piconnect.flattrade.in:443
2026-07-15 08:43:39  DEBUG     https://piconnect.flattrade.in:443 "POST /PiConnectAPI/Limits HTTP/1.1" 200 None
2026-07-15 08:43:39  WARNING   MIS BUY LODHA: avail=Rs125.54 < needed=Rs580.98 — qty 2→0
2026-07-15 08:43:39  ERROR     MIS BUY LODHA skipped — insufficient capital after reduction
2026-07-15 08:43:40  DEBUG     Starting new HTTPS connection (1): piconnect.flattrade.in:443
2026-07-15 08:43:40  DEBUG     https://piconnect.flattrade.in:443 "POST /PiConnectAPI/Limits HTTP/1.1" 200 None
2026-07-15 08:43:40  WARNING   MIS BUY LODHA: avail=Rs125.54 < needed=Rs580.98 — qty 2→0
2026-07-15 08:43:40  ERROR     MIS BUY LODHA skipped — insufficient capital after reduction
2026-07-15 08:43:41  DEBUG     Starting new HTTPS connection (1): piconnect.flattrade.in:443
2026-07-15 08:43:41  DEBUG     https://piconnect.flattrade.in:443 "POST /PiConnectAPI/Limits HTTP/1.1" 200 None
2026-07-15 08:43:41  WARNING   MIS BUY LODHA: avail=Rs125.54 < needed=Rs580.98 — qty 2→0
2026-07-15 08:43:41  ERROR     MIS BUY LODHA skipped — insufficient capital after reduction
2026-07-15 08:43:42  DEBUG     Starting new HTTPS connection (1): piconnect.flattrade.in:443
2026-07-15 08:43:42  DEBUG     https://piconnect.flattrade.in:443 "POST /PiConnectAPI/Limits HTTP/1.1" 200 None
2026-07-15 08:43:42  WARNING   MIS BUY LODHA: avail=Rs125.54 < needed=Rs580.98 — qty 2→0
2026-07-15 08:43:42  ERROR     MIS BUY LODHA skipped — insufficient capital after reduction
2026-07-15 08:43:43  DEBUG     Starting new HTTPS connection (1): piconnect.flattrade.in:443
2026-07-15 08:43:43  DEBUG     https://piconnect.flattrade.in:443 "POST /PiConnectAPI/Limits HTTP/1.1" 200 None
2026-07-15 08:43:43  WARNING   MIS BUY LODHA: avail=Rs125.54 < needed=Rs580.98 — qty 2→0
2026-07-15 08:43:43  ERROR     MIS BUY LODHA skipped — insufficient capital after reduction
2026-07-15 08:43:44  DEBUG     Starting new HTTPS connection (1): piconnect.flattrade.in:443
2026-07-15 08:43:44  DEBUG     https://piconnect.flattrade.in:443 "POST /PiConnectAPI/Limits HTTP/1.1" 200 None
2026-07-15 08:43:44  WARNING   MIS BUY LODHA: avail=Rs125.54 < needed=Rs580.98 — qty 2→0
2026-07-15 08:43:44  ERROR     MIS BUY LODHA skipped — insufficient capital after reduction
2026-07-15 08:43:44  DEBUG     Starting new HTTPS connection (1): piconnect.flattrade.in:443
2026-07-15 08:43:44  DEBUG     https://piconnect.flattrade.in:443 "POST /PiConnectAPI/Limits HTTP/1.1" 200 None
2026-07-15 08:43:44  WARNING   MIS BUY LODHA: avail=Rs125.54 < needed=Rs580.98 — qty 2→0
2026-07-15 08:43:44  ERROR     MIS BUY LODHA skipped — insufficient capital after reduction
2026-07-15 08:43:45  DEBUG     Starting new HTTPS connection (1): piconnect.flattrade.in:443
2026-07-15 08:43:45  DEBUG     https://piconnect.flattrade.in:443 "POST /PiConnectAPI/Limits HTTP/1.1" 200 None
2026-07-15 08:43:45  WARNING   MIS BUY LODHA: avail=Rs125.54 < needed=Rs580.98 — qty 2→0
2026-07-15 08:43:45  ERROR     MIS BUY LODHA skipped — insufficient capital after reduction
2026-07-15 08:43:46  DEBUG     Starting new HTTPS connection (1): piconnect.flattrade.in:443
2026-07-15 08:43:46  DEBUG     https://piconnect.flattrade.in:443 "POST /PiConnectAPI/Limits HTTP/1.1" 200 None
2026-07-15 08:43:46  WARNING   MIS BUY LODHA: avail=Rs125.54 < needed=Rs580.98 — qty 2→0
2026-07-15 08:43:46  ERROR     MIS BUY LODHA skipped — insufficient capital after reduction
2026-07-15 08:43:47  DEBUG     Starting new HTTPS connection (1): piconnect.flattrade.in:443
2026-07-15 08:43:47  DEBUG     https://piconnect.flattrade.in:443 "POST /PiConnectAPI/Limits HTTP/1.1" 200 None
2026-07-15 08:43:47  WARNING   MIS BUY LODHA: avail=Rs125.54 < needed=Rs580.98 — qty 2→0
2026-07-15 08:43:47  ERROR     MIS BUY LODHA skipped — insufficient capital after reduction
2026-07-15 08:43:50  DEBUG     Starting new HTTPS connection (1): piconnect.flattrade.in:443
2026-07-15 08:43:50  DEBUG     https://piconnect.flattrade.in:443 "POST /PiConnectAPI/Limits HTTP/1.1" 200 None
2026-07-15 08:43:50  WARNING   MIS BUY LODHA: avail=Rs125.54 < needed=Rs580.98 — qty 2→0
2026-07-15 08:43:50  ERROR     MIS BUY LODHA skipped — insufficient capital after reduction
2026-07-15 08:43:51  DEBUG     Starting new HTTPS connection (1): piconnect.flattrade.in:443
2026-07-15 08:43:51  DEBUG     https://piconnect.flattrade.in:443 "POST /PiConnectAPI/Limits HTTP/1.1" 200 None
2026-07-15 08:43:51  WARNING   MIS BUY LODHA: avail=Rs125.54 < needed=Rs580.98 — qty 2→0
2026-07-15 08:43:51  ERROR     MIS BUY LODHA skipped — insufficient capital after reduction
2026-07-15 08:43:51  DEBUG     Starting new HTTPS connection (1): piconnect.flattrade.in:443
2026-07-15 08:43:51  DEBUG     https://piconnect.flattrade.in:443 "POST /PiConnectAPI/Limits HTTP/1.1" 200 None
2026-07-15 08:43:51  WARNING   MIS BUY LODHA: avail=Rs125.54 < needed=Rs580.98 — qty 2→0
2026-07-15 08:43:51  ERROR     MIS BUY LODHA skipped — insufficient capital after reduction
2026-07-15 08:43:52  DEBUG     Starting new HTTPS connection (1): piconnect.flattrade.in:443
2026-07-15 08:43:52  DEBUG     https://piconnect.flattrade.in:443 "POST /PiConnectAPI/Limits HTTP/1.1" 200 None
2026-07-15 08:43:52  WARNING   MIS BUY LODHA: avail=Rs125.54 < needed=Rs580.98 — qty 2→0
2026-07-15 08:43:52  ERROR     MIS BUY LODHA skipped — insufficient capital after reduction
2026-07-15 08:43:52  DEBUG     Starting new HTTPS connection (1): piconnect.flattrade.in:443
2026-07-15 08:43:52  DEBUG     https://piconnect.flattrade.in:443 "POST /PiConnectAPI/Limits HTTP/1.1" 200 None
2026-07-15 08:43:52  WARNING   MIS BUY LODHA: avail=Rs125.54 < needed=Rs580.95 — qty 2→0
2026-07-15 08:43:52  ERROR     MIS BUY LODHA skipped — insufficient capital after reduction
2026-07-15 08:43:53  DEBUG     Starting new HTTPS connection (1): piconnect.flattrade.in:443
2026-07-15 08:43:53  DEBUG     https://piconnect.flattrade.in:443 "POST /PiConnectAPI/Limits HTTP/1.1" 200 None
2026-07-15 08:43:53  WARNING   MIS BUY LODHA: avail=Rs125.54 < needed=Rs580.95 — qty 2→0
2026-07-15 08:43:53  ERROR     MIS BUY LODHA skipped — insufficient capital after reduction
2026-07-15 08:43:54  DEBUG     Starting new HTTPS connection (1): piconnect.flattrade.in:443
2026-07-15 08:43:54  DEBUG     https://piconnect.flattrade.in:443 "POST /PiConnectAPI/Limits HTTP/1.1" 200 None
2026-07-15 08:43:54  WARNING   MIS BUY LODHA: avail=Rs125.54 < needed=Rs580.95 — qty 2→0
2026-07-15 08:43:54  ERROR     MIS BUY LODHA skipped — insufficient capital after reduction
2026-07-15 08:43:54  DEBUG     Starting new HTTPS connection (1): piconnect.flattrade.in:443
2026-07-15 08:43:54  DEBUG     https://piconnect.flattrade.in:443 "POST /PiConnectAPI/Limits HTTP/1.1" 200 None
2026-07-15 08:43:54  WARNING   MIS BUY LODHA: avail=Rs125.54 < needed=Rs580.92 — qty 2→0
2026-07-15 08:43:54  ERROR     MIS BUY LODHA skipped — insufficient capital after reduction
2026-07-15 08:43:55  DEBUG     Starting new HTTPS connection (1): piconnect.flattrade.in:443
2026-07-15 08:43:55  DEBUG     https://piconnect.flattrade.in:443 "POST /PiConnectAPI/Limits HTTP/1.1" 200 None
2026-07-15 08:43:55  WARNING   MIS BUY LODHA: avail=Rs125.54 < needed=Rs581.10 — qty 2→0
2026-07-15 08:43:55  ERROR     MIS BUY LODHA skipped — insufficient capital after reduction
2026-07-15 08:43:56  DEBUG     Starting new HTTPS connection (1): piconnect.flattrade.in:443
2026-07-15 08:43:56  DEBUG     https://piconnect.flattrade.in:443 "POST /PiConnectAPI/Limits HTTP/1.1" 200 None
2026-07-15 08:43:56  WARNING   MIS BUY LODHA: avail=Rs125.54 < needed=Rs581.10 — qty 2→0
2026-07-15 08:43:56  ERROR     MIS BUY LODHA skipped — insufficient capital after reduction
2026-07-15 08:43:56  DEBUG     Starting new HTTPS connection (1): piconnect.flattrade.in:443
2026-07-15 08:43:56  DEBUG     https://piconnect.flattrade.in:443 "POST /PiConnectAPI/Limits HTTP/1.1" 200 None
2026-07-15 08:43:56  WARNING   MIS BUY LODHA: avail=Rs125.54 < needed=Rs580.98 — qty 2→0
2026-07-15 08:43:56  ERROR     MIS BUY LODHA skipped — insufficient capital after reduction
2026-07-15 08:43:57  DEBUG     Starting new HTTPS connection (1): piconnect.flattrade.in:443
2026-07-15 08:43:57  DEBUG     https://piconnect.flattrade.in:443 "POST /PiConnectAPI/Limits HTTP/1.1" 200 None
2026-07-15 08:43:57  WARNING   MIS BUY LODHA: avail=Rs125.54 < needed=Rs581.08 — qty 2→0
2026-07-15 08:43:57  ERROR     MIS BUY LODHA skipped — insufficient capital after reduction
2026-07-15 08:43:58  DEBUG     Starting new HTTPS connection (1): piconnect.flattrade.in:443
2026-07-15 08:43:58  DEBUG     https://piconnect.flattrade.in:443 "POST /PiConnectAPI/Limits HTTP/1.1" 200 None
2026-07-15 08:43:58  WARNING   MIS BUY LODHA: avail=Rs125.54 < needed=Rs581.08 — qty 2→0
2026-07-15 08:43:58  ERROR     MIS BUY LODHA skipped — insufficient capital after reduction
2026-07-15 08:43:59  DEBUG     Starting new HTTPS connection (1): piconnect.flattrade.in:443
2026-07-15 08:43:59  DEBUG     https://piconnect.flattrade.in:443 "POST /PiConnectAPI/Limits HTTP/1.1" 200 None
2026-07-15 08:43:59  WARNING   MIS BUY LODHA: avail=Rs125.54 < needed=Rs581.02 — qty 2→0
2026-07-15 08:43:59  ERROR     MIS BUY LODHA skipped — insufficient capital after reduction
2026-07-15 08:44:00  DEBUG     Starting new HTTPS connection (1): piconnect.flattrade.in:443
2026-07-15 08:44:00  DEBUG     https://piconnect.flattrade.in:443 "POST /PiConnectAPI/Limits HTTP/1.1" 200 None
2026-07-15 08:44:00  WARNING   MIS BUY LODHA: avail=Rs125.54 < needed=Rs581.02 — qty 2→0
2026-07-15 08:44:00  ERROR     MIS BUY LODHA skipped — insufficient capital after reduction
2026-07-15 08:44:00  DEBUG     Starting new HTTPS connection (1): piconnect.flattrade.in:443
2026-07-15 08:44:00  DEBUG     Sending ping
2026-07-15 08:44:00  DEBUG     https://piconnect.flattrade.in:443 "POST /PiConnectAPI/Limits HTTP/1.1" 200 None
2026-07-15 08:44:00  WARNING   MIS BUY LODHA: avail=Rs125.54 < needed=Rs580.92 — qty 2→0
2026-07-15 08:44:00  ERROR     MIS BUY LODHA skipped — insufficient capital after reduction
2026-07-15 08:44:01  DEBUG     Starting new HTTPS connection (1): piconnect.flattrade.in:443
2026-07-15 08:44:01  DEBUG     https://piconnect.flattrade.in:443 "POST /PiConnectAPI/Limits HTTP/1.1" 200 None
2026-07-15 08:44:01  WARNING   MIS BUY LODHA: avail=Rs125.54 < needed=Rs580.92 — qty 2→0
2026-07-15 08:44:01  ERROR     MIS BUY LODHA skipped — insufficient capital after reduction
2026-07-15 08:44:01  DEBUG     Starting new HTTPS connection (1): piconnect.flattrade.in:443
2026-07-15 08:44:01  DEBUG     https://piconnect.flattrade.in:443 "POST /PiConnectAPI/Limits HTTP/1.1" 200 None
2026-07-15 08:44:01  WARNING   MIS BUY LODHA: avail=Rs125.54 < needed=Rs580.92 — qty 2→0
2026-07-15 08:44:01  ERROR     MIS BUY LODHA skipped — insufficient capital after reduction
2026-07-15 08:44:02  DEBUG     Starting new HTTPS connection (1): piconnect.flattrade.in:443
2026-07-15 08:44:03  DEBUG     https://piconnect.flattrade.in:443 "POST /PiConnectAPI/Limits HTTP/1.1" 200 None
2026-07-15 08:44:03  WARNING   MIS BUY LODHA: avail=Rs125.54 < needed=Rs580.92 — qty 2→0
2026-07-15 08:44:03  ERROR     MIS BUY LODHA skipped — insufficient capital after reduction
2026-07-15 08:44:04  DEBUG     Starting new HTTPS connection (1): piconnect.flattrade.in:443
2026-07-15 08:44:04  DEBUG     https://piconnect.flattrade.in:443 "POST /PiConnectAPI/Limits HTTP/1.1" 200 None
2026-07-15 08:44:04  WARNING   MIS BUY LODHA: avail=Rs125.54 < needed=Rs581.02 — qty 2→0
2026-07-15 08:44:04  ERROR     MIS BUY LODHA skipped — insufficient capital after reduction
2026-07-15 08:44:05  DEBUG     Starting new HTTPS connection (1): piconnect.flattrade.in:443
2026-07-15 08:44:05  DEBUG     https://piconnect.flattrade.in:443 "POST /PiConnectAPI/Limits HTTP/1.1" 200 None
2026-07-15 08:44:05  WARNING   MIS BUY LODHA: avail=Rs125.54 < needed=Rs581.02 — qty 2→0
2026-07-15 08:44:05  ERROR     MIS BUY LODHA skipped — insufficient capital after reduction
2026-07-15 08:44:06  DEBUG     Starting new HTTPS connection (1): piconnect.flattrade.in:443
2026-07-15 08:44:06  DEBUG     https://piconnect.flattrade.in:443 "POST /PiConnectAPI/Limits HTTP/1.1" 200 None
2026-07-15 08:44:06  WARNING   MIS BUY LODHA: avail=Rs125.54 < needed=Rs581.02 — qty 2→0
2026-07-15 08:44:06  ERROR     MIS BUY LODHA skipped — insufficient capital after reduction
2026-07-15 08:44:06  DEBUG     Starting new HTTPS connection (1): piconnect.flattrade.in:443
2026-07-15 08:44:06  DEBUG     https://piconnect.flattrade.in:443 "POST /PiConnectAPI/Limits HTTP/1.1" 200 None
2026-07-15 08:44:06  WARNING   MIS BUY LODHA: avail=Rs125.54 < needed=Rs581.12 — qty 2→0
2026-07-15 08:44:06  ERROR     MIS BUY LODHA skipped — insufficient capital after reduction
2026-07-15 08:44:08  DEBUG     Starting new HTTPS connection (1): piconnect.flattrade.in:443
2026-07-15 08:44:08  DEBUG     https://piconnect.flattrade.in:443 "POST /PiConnectAPI/Limits HTTP/1.1" 200 None
2026-07-15 08:44:08  WARNING   MIS BUY LODHA: avail=Rs125.54 < needed=Rs581.12 — qty 2→0
2026-07-15 08:44:08  ERROR     MIS BUY LODHA skipped — insufficient capital after reduction
2026-07-15 08:44:09  DEBUG     Starting new HTTPS connection (1): piconnect.flattrade.in:443
2026-07-15 08:44:09  DEBUG     https://piconnect.flattrade.in:443 "POST /PiConnectAPI/Limits HTTP/1.1" 200 None
2026-07-15 08:44:09  WARNING   MIS BUY LODHA: avail=Rs125.54 < needed=Rs581.12 — qty 2→0
2026-07-15 08:44:09  ERROR     MIS BUY LODHA skipped — insufficient capital after reduction
2026-07-15 08:44:13  DEBUG     Starting new HTTPS connection (1): piconnect.flattrade.in:443
2026-07-15 08:44:13  DEBUG     https://piconnect.flattrade.in:443 "POST /PiConnectAPI/Limits HTTP/1.1" 200 None
2026-07-15 08:44:13  WARNING   MIS BUY LODHA: avail=Rs125.54 < needed=Rs581.12 — qty 2→0
2026-07-15 08:44:13  ERROR     MIS BUY LODHA skipped — insufficient capital after reduction
2026-07-15 08:44:14  DEBUG     Starting new HTTPS connection (1): piconnect.flattrade.in:443
2026-07-15 08:44:14  DEBUG     https://piconnect.flattrade.in:443 "POST /PiConnectAPI/Limits HTTP/1.1" 200 None
2026-07-15 08:44:14  WARNING   MIS BUY LODHA: avail=Rs125.54 < needed=Rs581.12 — qty 2→0
2026-07-15 08:44:14  ERROR     MIS BUY LODHA skipped — insufficient capital after reduction
2026-07-15 08:44:15  DEBUG     Starting new HTTPS connection (1): piconnect.flattrade.in:443
2026-07-15 08:44:15  DEBUG     https://piconnect.flattrade.in:443 "POST /PiConnectAPI/Limits HTTP/1.1" 200 None
2026-07-15 08:44:15  WARNING   MIS BUY LODHA: avail=Rs125.54 < needed=Rs581.12 — qty 2→0
2026-07-15 08:44:15  ERROR     MIS BUY LODHA skipped — insufficient capital after reduction
2026-07-15 08:44:17  DEBUG     Starting new HTTPS connection (1): piconnect.flattrade.in:443
2026-07-15 08:44:18  DEBUG     https://piconnect.flattrade.in:443 "POST /PiConnectAPI/Limits HTTP/1.1" 200 None
2026-07-15 08:44:18  WARNING   MIS BUY LODHA: avail=Rs125.54 < needed=Rs581.00 — qty 2→0
2026-07-15 08:44:18  ERROR     MIS BUY LODHA skipped — insufficient capital after reduction
2026-07-15 08:44:20  DEBUG     Starting new HTTPS connection (1): piconnect.flattrade.in:443
2026-07-15 08:44:20  DEBUG     https://piconnect.flattrade.in:443 "POST /PiConnectAPI/Limits HTTP/1.1" 200 None
2026-07-15 08:44:20  WARNING   MIS BUY LODHA: avail=Rs125.54 < needed=Rs581.00 — qty 2→0
2026-07-15 08:44:20  ERROR     MIS BUY LODHA skipped — insufficient capital after reduction
2026-07-15 08:44:22  DEBUG     Starting new HTTPS connection (1): piconnect.flattrade.in:443
2026-07-15 08:44:22  DEBUG     https://piconnect.flattrade.in:443 "POST /PiConnectAPI/Limits HTTP/1.1" 200 None
2026-07-15 08:44:22  WARNING   MIS BUY LODHA: avail=Rs125.54 < needed=Rs581.00 — qty 2→0
2026-07-15 08:44:22  ERROR     MIS BUY LODHA skipped — insufficient capital after reduction
2026-07-15 08:44:24  DEBUG     Starting new HTTPS connection (1): piconnect.flattrade.in:443
2026-07-15 08:44:24  DEBUG     https://piconnect.flattrade.in:443 "POST /PiConnectAPI/Limits HTTP/1.1" 200 None
2026-07-15 08:44:24  WARNING   MIS BUY LODHA: avail=Rs125.54 < needed=Rs581.00 — qty 2→0
2026-07-15 08:44:24  ERROR     MIS BUY LODHA skipped — insufficient capital after reduction
2026-07-15 08:44:29  DEBUG     Starting new HTTPS connection (1): piconnect.flattrade.in:443
2026-07-15 08:44:29  DEBUG     https://piconnect.flattrade.in:443 "POST /PiConnectAPI/Limits HTTP/1.1" 200 None
2026-07-15 08:44:29  WARNING   MIS BUY LODHA: avail=Rs125.54 < needed=Rs581.00 — qty 2→0
2026-07-15 08:44:29  ERROR     MIS BUY LODHA skipped — insufficient capital after reduction
2026-07-15 08:44:30  DEBUG     Sending ping
2026-07-15 08:44:32  DEBUG     Starting new HTTPS connection (1): piconnect.flattrade.in:443
2026-07-15 08:44:32  DEBUG     https://piconnect.flattrade.in:443 "POST /PiConnectAPI/Limits HTTP/1.1" 200 None
2026-07-15 08:44:32  WARNING   MIS BUY LODHA: avail=Rs125.54 < needed=Rs581.00 — qty 2→0
2026-07-15 08:44:32  ERROR     MIS BUY LODHA skipped — insufficient capital after reduction
2026-07-15 08:44:32  DEBUG     Starting new HTTPS connection (1): piconnect.flattrade.in:443
2026-07-15 08:44:32  DEBUG     https://piconnect.flattrade.in:443 "POST /PiConnectAPI/Limits HTTP/1.1" 200 None
2026-07-15 08:44:32  WARNING   MIS BUY LODHA: avail=Rs125.54 < needed=Rs581.00 — qty 2→0
2026-07-15 08:44:32  ERROR     MIS BUY LODHA skipped — insufficient capital after reduction
2026-07-15 08:44:33  DEBUG     Starting new HTTPS connection (1): piconnect.flattrade.in:443
2026-07-15 08:44:33  DEBUG     https://piconnect.flattrade.in:443 "POST /PiConnectAPI/Limits HTTP/1.1" 200 None
2026-07-15 08:44:33  WARNING   MIS BUY LODHA: avail=Rs125.54 < needed=Rs581.00 — qty 2→0
2026-07-15 08:44:33  ERROR     MIS BUY LODHA skipped — insufficient capital after reduction
2026-07-15 08:44:35  DEBUG     Starting new HTTPS connection (1): piconnect.flattrade.in:443
2026-07-15 08:44:35  DEBUG     https://piconnect.flattrade.in:443 "POST /PiConnectAPI/Limits HTTP/1.1" 200 None
2026-07-15 08:44:35  WARNING   MIS BUY LODHA: avail=Rs125.54 < needed=Rs581.00 — qty 2→0
2026-07-15 08:44:35  ERROR     MIS BUY LODHA skipped — insufficient capital after reduction
2026-07-15 08:44:37  DEBUG     Starting new HTTPS connection (1): piconnect.flattrade.in:443
2026-07-15 08:44:37  DEBUG     https://piconnect.flattrade.in:443 "POST /PiConnectAPI/Limits HTTP/1.1" 200 None
2026-07-15 08:44:37  WARNING   MIS BUY LODHA: avail=Rs125.54 < needed=Rs581.00 — qty 2→0
2026-07-15 08:44:37  ERROR     MIS BUY LODHA skipped — insufficient capital after reduction
2026-07-15 08:44:38  DEBUG     Starting new HTTPS connection (1): piconnect.flattrade.in:443
2026-07-15 08:44:38  DEBUG     https://piconnect.flattrade.in:443 "POST /PiConnectAPI/Limits HTTP/1.1" 200 None
2026-07-15 08:44:38  WARNING   MIS BUY LODHA: avail=Rs125.54 < needed=Rs581.00 — qty 2→0
2026-07-15 08:44:38  ERROR     MIS BUY LODHA skipped — insufficient capital after reduction
2026-07-15 08:44:38  DEBUG     Starting new HTTPS connection (1): piconnect.flattrade.in:443
2026-07-15 08:44:38  DEBUG     https://piconnect.flattrade.in:443 "POST /PiConnectAPI/Limits HTTP/1.1" 200 None
2026-07-15 08:44:38  WARNING   MIS BUY LODHA: avail=Rs125.54 < needed=Rs581.23 — qty 2→0
2026-07-15 08:44:38  ERROR     MIS BUY LODHA skipped — insufficient capital after reduction
2026-07-15 08:44:40  DEBUG     Starting new HTTPS connection (1): piconnect.flattrade.in:443
2026-07-15 08:44:40  DEBUG     https://piconnect.flattrade.in:443 "POST /PiConnectAPI/Limits HTTP/1.1" 200 None
2026-07-15 08:44:40  WARNING   MIS BUY LODHA: avail=Rs125.54 < needed=Rs581.23 — qty 2→0
2026-07-15 08:44:40  ERROR     MIS BUY LODHA skipped — insufficient capital after reduction
2026-07-15 08:44:42  DEBUG     Starting new HTTPS connection (1): piconnect.flattrade.in:443
2026-07-15 08:44:42  DEBUG     https://piconnect.flattrade.in:443 "POST /PiConnectAPI/Limits HTTP/1.1" 200 None
2026-07-15 08:44:42  WARNING   MIS BUY LODHA: avail=Rs125.54 < needed=Rs581.23 — qty 2→0
2026-07-15 08:44:42  ERROR     MIS BUY LODHA skipped — insufficient capital after reduction
2026-07-15 08:44:44  DEBUG     Starting new HTTPS connection (1): piconnect.flattrade.in:443
2026-07-15 08:44:44  DEBUG     https://piconnect.flattrade.in:443 "POST /PiConnectAPI/Limits HTTP/1.1" 200 None
2026-07-15 08:44:44  WARNING   MIS BUY LODHA: avail=Rs125.54 < needed=Rs581.23 — qty 2→0
2026-07-15 08:44:44  ERROR     MIS BUY LODHA skipped — insufficient capital after reduction
2026-07-15 08:44:46  DEBUG     Starting new HTTPS connection (1): piconnect.flattrade.in:443
2026-07-15 08:44:47  DEBUG     https://piconnect.flattrade.in:443 "POST /PiConnectAPI/Limits HTTP/1.1" 200 None
2026-07-15 08:44:47  WARNING   MIS BUY LODHA: avail=Rs125.54 < needed=Rs581.23 — qty 2→0
2026-07-15 08:44:47  ERROR     MIS BUY LODHA skipped — insufficient capital after reduction
2026-07-15 08:44:51  DEBUG     Starting new HTTPS connection (1): piconnect.flattrade.in:443
2026-07-15 08:44:51  DEBUG     https://piconnect.flattrade.in:443 "POST /PiConnectAPI/Limits HTTP/1.1" 200 None
2026-07-15 08:44:51  WARNING   MIS BUY LODHA: avail=Rs125.54 < needed=Rs581.20 — qty 2→0
2026-07-15 08:44:51  ERROR     MIS BUY LODHA skipped — insufficient capital after reduction
2026-07-15 08:44:55  DEBUG     Starting new HTTPS connection (1): piconnect.flattrade.in:443
2026-07-15 08:44:56  DEBUG     https://piconnect.flattrade.in:443 "POST /PiConnectAPI/Limits HTTP/1.1" 200 None
2026-07-15 08:44:56  WARNING   MIS BUY LODHA: avail=Rs125.54 < needed=Rs581.23 — qty 2→0
2026-07-15 08:44:56  ERROR     MIS BUY LODHA skipped — insufficient capital after reduction
2026-07-15 08:44:58  DEBUG     Starting new HTTPS connection (1): piconnect.flattrade.in:443
2026-07-15 08:44:58  DEBUG     https://piconnect.flattrade.in:443 "POST /PiConnectAPI/Limits HTTP/1.1" 200 None
2026-07-15 08:44:58  WARNING   MIS BUY LODHA: avail=Rs125.54 < needed=Rs581.23 — qty 2→0
2026-07-15 08:44:58  ERROR     MIS BUY LODHA skipped — insufficient capital after reduction
2026-07-15 08:45:00  DEBUG     Starting new HTTPS connection (1): piconnect.flattrade.in:443
2026-07-15 08:45:00  DEBUG     https://piconnect.flattrade.in:443 "POST /PiConnectAPI/Limits HTTP/1.1" 200 None
2026-07-15 08:45:00  WARNING   MIS BUY LODHA: avail=Rs125.54 < needed=Rs581.23 — qty 2→0
2026-07-15 08:45:00  ERROR     MIS BUY LODHA skipped — insufficient capital after reduction
2026-07-15 08:45:00  DEBUG     CANDLE  LODHA         O=1162.25  H=1164.70  L=1160.75  C=1162.00
2026-07-15 08:45:00  DEBUG     Starting new HTTPS connection (1): piconnect.flattrade.in:443
2026-07-15 08:45:00  DEBUG     https://piconnect.flattrade.in:443 "POST /PiConnectAPI/Limits HTTP/1.1" 200 None
2026-07-15 08:45:00  WARNING   MIS BUY LODHA: avail=Rs125.54 < needed=Rs581.35 — qty 2→0
2026-07-15 08:45:00  ERROR     MIS BUY LODHA skipped — insufficient capital after reduction
2026-07-15 08:45:00  DEBUG     Sending ping
2026-07-15 08:45:01  DEBUG     CANDLE  UNIONBANK     O=173.29  H=173.77  L=172.85  C=173.32
2026-07-15 08:45:02  DEBUG     Starting new HTTPS connection (1): piconnect.flattrade.in:443
2026-07-15 08:45:02  DEBUG     https://piconnect.flattrade.in:443 "POST /PiConnectAPI/Limits HTTP/1.1" 200 None
2026-07-15 08:45:02  WARNING   MIS BUY LODHA: avail=Rs125.54 < needed=Rs581.35 — qty 2→0
2026-07-15 08:45:02  ERROR     MIS BUY LODHA skipped — insufficient capital after reduction
2026-07-15 08:45:03  DEBUG     CANDLE  JIOFIN        O=236.35  H=236.56  L=236.25  C=236.48
2026-07-15 08:45:05  DEBUG     Starting new HTTPS connection (1): piconnect.flattrade.in:443
2026-07-15 08:45:05  DEBUG     https://piconnect.flattrade.in:443 "POST /PiConnectAPI/Limits HTTP/1.1" 200 None
2026-07-15 08:45:05  WARNING   MIS BUY LODHA: avail=Rs125.54 < needed=Rs581.50 — qty 2→0
2026-07-15 08:45:05  ERROR     MIS BUY LODHA skipped — insufficient capital after reduction
2026-07-15 08:45:07  DEBUG     Starting new HTTPS connection (1): piconnect.flattrade.in:443
2026-07-15 08:45:07  DEBUG     https://piconnect.flattrade.in:443 "POST /PiConnectAPI/Limits HTTP/1.1" 200 None
2026-07-15 08:45:07  WARNING   MIS BUY LODHA: avail=Rs125.54 < needed=Rs581.50 — qty 2→0
2026-07-15 08:45:07  ERROR     MIS BUY LODHA skipped — insufficient capital after reduction
2026-07-15 08:45:08  DEBUG     CANDLE  HCLTECH       O=1167.00  H=1169.70  L=1167.00  C=1167.70
2026-07-15 08:45:09  DEBUG     Starting new HTTPS connection (1): piconnect.flattrade.in:443
2026-07-15 08:45:10  DEBUG     https://piconnect.flattrade.in:443 "POST /PiConnectAPI/Limits HTTP/1.1" 200 None
2026-07-15 08:45:10  WARNING   MIS BUY LODHA: avail=Rs125.54 < needed=Rs581.48 — qty 2→0
2026-07-15 08:45:10  ERROR     MIS BUY LODHA skipped — insufficient capital after reduction
2026-07-15 08:45:11  DEBUG     CANDLE  ADANIENSOL    O=1676.60  H=1686.70  L=1676.60  C=1682.60
2026-07-15 08:45:12  DEBUG     Starting new HTTPS connection (1): piconnect.flattrade.in:443
2026-07-15 08:45:12  DEBUG     https://piconnect.flattrade.in:443 "POST /PiConnectAPI/Limits HTTP/1.1" 200 None
2026-07-15 08:45:12  WARNING   MIS BUY LODHA: avail=Rs125.54 < needed=Rs581.48 — qty 2→0
2026-07-15 08:45:12  ERROR     MIS BUY LODHA skipped — insufficient capital after reduction
2026-07-15 08:45:14  DEBUG     Starting new HTTPS connection (1): piconnect.flattrade.in:443
2026-07-15 08:45:14  DEBUG     https://piconnect.flattrade.in:443 "POST /PiConnectAPI/Limits HTTP/1.1" 200 None
2026-07-15 08:45:14  WARNING   MIS BUY LODHA: avail=Rs125.54 < needed=Rs581.48 — qty 2→0
2026-07-15 08:45:14  ERROR     MIS BUY LODHA skipped — insufficient capital after reduction
2026-07-15 08:45:14  DEBUG     Starting new HTTPS connection (1): piconnect.flattrade.in:443
2026-07-15 08:45:15  DEBUG     https://piconnect.flattrade.in:443 "POST /PiConnectAPI/Limits HTTP/1.1" 200 None
2026-07-15 08:45:15  WARNING   MIS BUY LODHA: avail=Rs125.54 < needed=Rs581.33 — qty 2→0
2026-07-15 08:45:15  ERROR     MIS BUY LODHA skipped — insufficient capital after reduction
2026-07-15 08:45:18  DEBUG     Starting new HTTPS connection (1): piconnect.flattrade.in:443
2026-07-15 08:45:19  DEBUG     https://piconnect.flattrade.in:443 "POST /PiConnectAPI/Limits HTTP/1.1" 200 None
2026-07-15 08:45:19  WARNING   MIS BUY LODHA: avail=Rs125.54 < needed=Rs581.30 — qty 2→0
2026-07-15 08:45:19  ERROR     MIS BUY LODHA skipped — insufficient capital after reduction
2026-07-15 08:45:19  DEBUG     Starting new HTTPS connection (1): piconnect.flattrade.in:443
2026-07-15 08:45:20  DEBUG     https://piconnect.flattrade.in:443 "POST /PiConnectAPI/Limits HTTP/1.1" 200 None
2026-07-15 08:45:20  WARNING   MIS BUY LODHA: avail=Rs125.54 < needed=Rs581.30 — qty 2→0
2026-07-15 08:45:20  ERROR     MIS BUY LODHA skipped — insufficient capital after reduction
2026-07-15 08:45:20  DEBUG     Starting new HTTPS connection (1): piconnect.flattrade.in:443
2026-07-15 08:45:21  DEBUG     https://piconnect.flattrade.in:443 "POST /PiConnectAPI/Limits HTTP/1.1" 200 None
2026-07-15 08:45:21  WARNING   MIS BUY LODHA: avail=Rs125.54 < needed=Rs581.30 — qty 2→0
2026-07-15 08:45:21  ERROR     MIS BUY LODHA skipped — insufficient capital after reduction
2026-07-15 08:45:21  DEBUG     Starting new HTTPS connection (1): piconnect.flattrade.in:443
2026-07-15 08:45:22  DEBUG     https://piconnect.flattrade.in:443 "POST /PiConnectAPI/Limits HTTP/1.1" 200 None
2026-07-15 08:45:22  WARNING   MIS BUY LODHA: avail=Rs125.54 < needed=Rs581.30 — qty 2→0
2026-07-15 08:45:22  ERROR     MIS BUY LODHA skipped — insufficient capital after reduction
2026-07-15 08:45:22  DEBUG     Starting new HTTPS connection (1): piconnect.flattrade.in:443
2026-07-15 08:45:22  DEBUG     https://piconnect.flattrade.in:443 "POST /PiConnectAPI/Limits HTTP/1.1" 200 None
2026-07-15 08:45:22  WARNING   MIS BUY LODHA: avail=Rs125.54 < needed=Rs581.30 — qty 2→0
2026-07-15 08:45:22  ERROR     MIS BUY LODHA skipped — insufficient capital after reduction
2026-07-15 08:45:24  DEBUG     Starting new HTTPS connection (1): piconnect.flattrade.in:443
2026-07-15 08:45:24  DEBUG     https://piconnect.flattrade.in:443 "POST /PiConnectAPI/Limits HTTP/1.1" 200 None
2026-07-15 08:45:24  WARNING   MIS BUY LODHA: avail=Rs125.54 < needed=Rs581.30 — qty 2→0
2026-07-15 08:45:24  ERROR     MIS BUY LODHA skipped — insufficient capital after reduction
2026-07-15 08:45:25  DEBUG     Starting new HTTPS connection (1): piconnect.flattrade.in:443
2026-07-15 08:45:25  DEBUG     https://piconnect.flattrade.in:443 "POST /PiConnectAPI/Limits HTTP/1.1" 200 None
2026-07-15 08:45:25  WARNING   MIS BUY LODHA: avail=Rs125.54 < needed=Rs581.30 — qty 2→0
2026-07-15 08:45:25  ERROR     MIS BUY LODHA skipped — insufficient capital after reduction
2026-07-15 08:45:26  DEBUG     Starting new HTTPS connection (1): piconnect.flattrade.in:443
2026-07-15 08:45:26  DEBUG     https://piconnect.flattrade.in:443 "POST /PiConnectAPI/Limits HTTP/1.1" 200 None
2026-07-15 08:45:26  WARNING   MIS BUY LODHA: avail=Rs125.54 < needed=Rs581.30 — qty 2→0
2026-07-15 08:45:26  ERROR     MIS BUY LODHA skipped — insufficient capital after reduction
2026-07-15 08:45:27  DEBUG     Starting new HTTPS connection (1): piconnect.flattrade.in:443
2026-07-15 08:45:27  DEBUG     https://piconnect.flattrade.in:443 "POST /PiConnectAPI/Limits HTTP/1.1" 200 None
2026-07-15 08:45:27  WARNING   MIS BUY LODHA: avail=Rs125.54 < needed=Rs581.30 — qty 2→0
2026-07-15 08:45:27  ERROR     MIS BUY LODHA skipped — insufficient capital after reduction
2026-07-15 08:45:28  DEBUG     Starting new HTTPS connection (1): piconnect.flattrade.in:443
2026-07-15 08:45:28  DEBUG     https://piconnect.flattrade.in:443 "POST /PiConnectAPI/Limits HTTP/1.1" 200 None
2026-07-15 08:45:28  WARNING   MIS BUY LODHA: avail=Rs125.54 < needed=Rs581.30 — qty 2→0
2026-07-15 08:45:28  ERROR     MIS BUY LODHA skipped — insufficient capital after reduction
2026-07-15 08:45:28  DEBUG     Starting new HTTPS connection (1): piconnect.flattrade.in:443
2026-07-15 08:45:28  DEBUG     https://piconnect.flattrade.in:443 "POST /PiConnectAPI/Limits HTTP/1.1" 200 None
2026-07-15 08:45:28  WARNING   MIS BUY LODHA: avail=Rs125.54 < needed=Rs581.30 — qty 2→0
2026-07-15 08:45:28  ERROR     MIS BUY LODHA skipped — insufficient capital after reduction
2026-07-15 08:45:30  DEBUG     Starting new HTTPS connection (1): piconnect.flattrade.in:443
2026-07-15 08:45:30  DEBUG     https://piconnect.flattrade.in:443 "POST /PiConnectAPI/Limits HTTP/1.1" 200 None
2026-07-15 08:45:30  WARNING   MIS BUY LODHA: avail=Rs125.54 < needed=Rs581.30 — qty 2→0
2026-07-15 08:45:30  ERROR     MIS BUY LODHA skipped — insufficient capital after reduction
2026-07-15 08:45:30  DEBUG     Sending ping
2026-07-15 08:45:31  DEBUG     Starting new HTTPS connection (1): piconnect.flattrade.in:443
2026-07-15 08:45:31  DEBUG     https://piconnect.flattrade.in:443 "POST /PiConnectAPI/Limits HTTP/1.1" 200 None
2026-07-15 08:45:31  WARNING   MIS BUY LODHA: avail=Rs125.54 < needed=Rs581.30 — qty 2→0
2026-07-15 08:45:31  ERROR     MIS BUY LODHA skipped — insufficient capital after reduction
2026-07-15 08:45:32  DEBUG     Starting new HTTPS connection (1): piconnect.flattrade.in:443
2026-07-15 08:45:32  DEBUG     https://piconnect.flattrade.in:443 "POST /PiConnectAPI/Limits HTTP/1.1" 200 None
2026-07-15 08:45:32  WARNING   MIS BUY LODHA: avail=Rs125.54 < needed=Rs581.30 — qty 2→0
2026-07-15 08:45:32  ERROR     MIS BUY LODHA skipped — insufficient capital after reduction
2026-07-15 08:45:33  DEBUG     Starting new HTTPS connection (1): piconnect.flattrade.in:443
2026-07-15 08:45:33  DEBUG     https://piconnect.flattrade.in:443 "POST /PiConnectAPI/Limits HTTP/1.1" 200 None
2026-07-15 08:45:33  WARNING   MIS BUY LODHA: avail=Rs125.54 < needed=Rs581.30 — qty 2→0
2026-07-15 08:45:33  ERROR     MIS BUY LODHA skipped — insufficient capital after reduction
2026-07-15 08:45:34  DEBUG     Starting new HTTPS connection (1): piconnect.flattrade.in:443
2026-07-15 08:45:34  DEBUG     https://piconnect.flattrade.in:443 "POST /PiConnectAPI/Limits HTTP/1.1" 200 None
2026-07-15 08:45:34  WARNING   MIS BUY LODHA: avail=Rs125.54 < needed=Rs581.30 — qty 2→0
2026-07-15 08:45:34  ERROR     MIS BUY LODHA skipped — insufficient capital after reduction
2026-07-15 08:45:35  DEBUG     Starting new HTTPS connection (1): piconnect.flattrade.in:443
2026-07-15 08:45:35  DEBUG     https://piconnect.flattrade.in:443 "POST /PiConnectAPI/Limits HTTP/1.1" 200 None
2026-07-15 08:45:35  WARNING   MIS BUY LODHA: avail=Rs125.54 < needed=Rs581.30 — qty 2→0
2026-07-15 08:45:35  ERROR     MIS BUY LODHA skipped — insufficient capital after reduction
2026-07-15 08:45:37  DEBUG     Starting new HTTPS connection (1): piconnect.flattrade.in:443
2026-07-15 08:45:37  DEBUG     https://piconnect.flattrade.in:443 "POST /PiConnectAPI/Limits HTTP/1.1" 200 None
2026-07-15 08:45:37  WARNING   MIS BUY LODHA: avail=Rs125.54 < needed=Rs581.30 — qty 2→0
2026-07-15 08:45:37  ERROR     MIS BUY LODHA skipped — insufficient capital after reduction
2026-07-15 08:45:38  DEBUG     Starting new HTTPS connection (1): piconnect.flattrade.in:443
2026-07-15 08:45:38  DEBUG     https://piconnect.flattrade.in:443 "POST /PiConnectAPI/Limits HTTP/1.1" 200 None
2026-07-15 08:45:38  WARNING   MIS BUY LODHA: avail=Rs125.54 < needed=Rs581.30 — qty 2→0
2026-07-15 08:45:38  ERROR     MIS BUY LODHA skipped — insufficient capital after reduction
2026-07-15 08:45:39  DEBUG     Starting new HTTPS connection (1): piconnect.flattrade.in:443
2026-07-15 08:45:39  DEBUG     https://piconnect.flattrade.in:443 "POST /PiConnectAPI/Limits HTTP/1.1" 200 None
2026-07-15 08:45:39  WARNING   MIS BUY LODHA: avail=Rs125.54 < needed=Rs581.30 — qty 2→0
2026-07-15 08:45:39  ERROR     MIS BUY LODHA skipped — insufficient capital after reduction
2026-07-15 08:45:40  DEBUG     Starting new HTTPS connection (1): piconnect.flattrade.in:443
2026-07-15 08:45:40  DEBUG     https://piconnect.flattrade.in:443 "POST /PiConnectAPI/Limits HTTP/1.1" 200 None
2026-07-15 08:45:40  WARNING   MIS BUY LODHA: avail=Rs125.54 < needed=Rs581.30 — qty 2→0
2026-07-15 08:45:40  ERROR     MIS BUY LODHA skipped — insufficient capital after reduction
2026-07-15 08:45:43  DEBUG     Starting new HTTPS connection (1): piconnect.flattrade.in:443
2026-07-15 08:45:43  DEBUG     https://piconnect.flattrade.in:443 "POST /PiConnectAPI/Limits HTTP/1.1" 200 None
2026-07-15 08:45:43  WARNING   MIS BUY LODHA: avail=Rs125.54 < needed=Rs581.30 — qty 2→0
2026-07-15 08:45:43  ERROR     MIS BUY LODHA skipped — insufficient capital after reduction
2026-07-15 08:45:43  DEBUG     Starting new HTTPS connection (1): piconnect.flattrade.in:443
2026-07-15 08:45:43  DEBUG     https://piconnect.flattrade.in:443 "POST /PiConnectAPI/Limits HTTP/1.1" 200 None
2026-07-15 08:45:43  WARNING   MIS BUY LODHA: avail=Rs125.54 < needed=Rs581.30 — qty 2→0
2026-07-15 08:45:43  ERROR     MIS BUY LODHA skipped — insufficient capital after reduction
2026-07-15 08:45:44  DEBUG     Starting new HTTPS connection (1): piconnect.flattrade.in:443
2026-07-15 08:45:44  DEBUG     https://piconnect.flattrade.in:443 "POST /PiConnectAPI/Limits HTTP/1.1" 200 None
2026-07-15 08:45:44  WARNING   MIS BUY LODHA: avail=Rs125.54 < needed=Rs581.30 — qty 2→0
2026-07-15 08:45:44  ERROR     MIS BUY LODHA skipped — insufficient capital after reduction
2026-07-15 08:45:45  DEBUG     Starting new HTTPS connection (1): piconnect.flattrade.in:443
2026-07-15 08:45:45  DEBUG     https://piconnect.flattrade.in:443 "POST /PiConnectAPI/Limits HTTP/1.1" 200 None
2026-07-15 08:45:45  WARNING   MIS BUY LODHA: avail=Rs125.54 < needed=Rs581.30 — qty 2→0
2026-07-15 08:45:45  ERROR     MIS BUY LODHA skipped — insufficient capital after reduction
2026-07-15 08:45:46  DEBUG     Starting new HTTPS connection (1): piconnect.flattrade.in:443
2026-07-15 08:45:46  DEBUG     https://piconnect.flattrade.in:443 "POST /PiConnectAPI/Limits HTTP/1.1" 200 None
2026-07-15 08:45:46  WARNING   MIS BUY LODHA: avail=Rs125.54 < needed=Rs581.30 — qty 2→0
2026-07-15 08:45:46  ERROR     MIS BUY LODHA skipped — insufficient capital after reduction
2026-07-15 08:45:47  DEBUG     Starting new HTTPS connection (1): piconnect.flattrade.in:443
2026-07-15 08:45:47  DEBUG     https://piconnect.flattrade.in:443 "POST /PiConnectAPI/Limits HTTP/1.1" 200 None
2026-07-15 08:45:47  WARNING   MIS BUY LODHA: avail=Rs125.54 < needed=Rs581.30 — qty 2→0
2026-07-15 08:45:47  ERROR     MIS BUY LODHA skipped — insufficient capital after reduction
2026-07-15 08:45:47  DEBUG     Starting new HTTPS connection (1): piconnect.flattrade.in:443
2026-07-15 08:45:47  DEBUG     https://piconnect.flattrade.in:443 "POST /PiConnectAPI/Limits HTTP/1.1" 200 None
2026-07-15 08:45:47  WARNING   MIS BUY LODHA: avail=Rs125.54 < needed=Rs581.35 — qty 2→0
2026-07-15 08:45:47  ERROR     MIS BUY LODHA skipped — insufficient capital after reduction
2026-07-15 08:45:48  DEBUG     Starting new HTTPS connection (1): piconnect.flattrade.in:443
2026-07-15 08:45:48  DEBUG     https://piconnect.flattrade.in:443 "POST /PiConnectAPI/Limits HTTP/1.1" 200 None
2026-07-15 08:45:48  WARNING   MIS BUY LODHA: avail=Rs125.54 < needed=Rs581.35 — qty 2→0
2026-07-15 08:45:48  ERROR     MIS BUY LODHA skipped — insufficient capital after reduction
2026-07-15 08:45:48  DEBUG     Starting new HTTPS connection (1): piconnect.flattrade.in:443
2026-07-15 08:45:48  DEBUG     https://piconnect.flattrade.in:443 "POST /PiConnectAPI/Limits HTTP/1.1" 200 None
2026-07-15 08:45:48  WARNING   MIS BUY LODHA: avail=Rs125.54 < needed=Rs581.35 — qty 2→0
2026-07-15 08:45:48  ERROR     MIS BUY LODHA skipped — insufficient capital after reduction
2026-07-15 08:45:49  DEBUG     Starting new HTTPS connection (1): piconnect.flattrade.in:443
2026-07-15 08:45:49  DEBUG     https://piconnect.flattrade.in:443 "POST /PiConnectAPI/Limits HTTP/1.1" 200 None
2026-07-15 08:45:49  WARNING   MIS BUY LODHA: avail=Rs125.54 < needed=Rs581.45 — qty 2→0
2026-07-15 08:45:49  ERROR     MIS BUY LODHA skipped — insufficient capital after reduction
2026-07-15 08:45:50  DEBUG     Starting new HTTPS connection (1): piconnect.flattrade.in:443
2026-07-15 08:45:50  DEBUG     https://piconnect.flattrade.in:443 "POST /PiConnectAPI/Limits HTTP/1.1" 200 None
2026-07-15 08:45:50  WARNING   MIS BUY LODHA: avail=Rs125.54 < needed=Rs581.45 — qty 2→0
2026-07-15 08:45:50  ERROR     MIS BUY LODHA skipped — insufficient capital after reduction
2026-07-15 08:45:51  DEBUG     Starting new HTTPS connection (1): piconnect.flattrade.in:443
2026-07-15 08:45:51  DEBUG     https://piconnect.flattrade.in:443 "POST /PiConnectAPI/Limits HTTP/1.1" 200 None
2026-07-15 08:45:51  WARNING   MIS BUY LODHA: avail=Rs125.54 < needed=Rs581.45 — qty 2→0
2026-07-15 08:45:51  ERROR     MIS BUY LODHA skipped — insufficient capital after reduction
2026-07-15 08:45:51  DEBUG     Starting new HTTPS connection (1): piconnect.flattrade.in:443
2026-07-15 08:45:51  DEBUG     https://piconnect.flattrade.in:443 "POST /PiConnectAPI/Limits HTTP/1.1" 200 None
2026-07-15 08:45:51  WARNING   MIS BUY LODHA: avail=Rs125.54 < needed=Rs581.45 — qty 2→0
2026-07-15 08:45:51  ERROR     MIS BUY LODHA skipped — insufficient capital after reduction
2026-07-15 08:45:52  DEBUG     Starting new HTTPS connection (1): piconnect.flattrade.in:443
2026-07-15 08:45:52  DEBUG     https://piconnect.flattrade.in:443 "POST /PiConnectAPI/Limits HTTP/1.1" 200 None
2026-07-15 08:45:52  WARNING   MIS BUY LODHA: avail=Rs125.54 < needed=Rs581.45 — qty 2→0
2026-07-15 08:45:52  ERROR     MIS BUY LODHA skipped — insufficient capital after reduction
2026-07-15 08:45:53  DEBUG     Starting new HTTPS connection (1): piconnect.flattrade.in:443
2026-07-15 08:45:53  DEBUG     https://piconnect.flattrade.in:443 "POST /PiConnectAPI/Limits HTTP/1.1" 200 None
2026-07-15 08:45:53  WARNING   MIS BUY LODHA: avail=Rs125.54 < needed=Rs581.45 — qty 2→0
2026-07-15 08:45:53  ERROR     MIS BUY LODHA skipped — insufficient capital after reduction
2026-07-15 08:45:54  DEBUG     Starting new HTTPS connection (1): piconnect.flattrade.in:443
2026-07-15 08:45:54  DEBUG     https://piconnect.flattrade.in:443 "POST /PiConnectAPI/Limits HTTP/1.1" 200 None
2026-07-15 08:45:54  WARNING   MIS BUY LODHA: avail=Rs125.54 < needed=Rs581.45 — qty 2→0
2026-07-15 08:45:54  ERROR     MIS BUY LODHA skipped — insufficient capital after reduction
2026-07-15 08:45:55  DEBUG     Starting new HTTPS connection (1): piconnect.flattrade.in:443
2026-07-15 08:45:55  DEBUG     https://piconnect.flattrade.in:443 "POST /PiConnectAPI/Limits HTTP/1.1" 200 None
2026-07-15 08:45:55  WARNING   MIS BUY LODHA: avail=Rs125.54 < needed=Rs581.45 — qty 2→0
2026-07-15 08:45:55  ERROR     MIS BUY LODHA skipped — insufficient capital after reduction
2026-07-15 08:45:56  DEBUG     Starting new HTTPS connection (1): piconnect.flattrade.in:443
2026-07-15 08:45:56  DEBUG     https://piconnect.flattrade.in:443 "POST /PiConnectAPI/Limits HTTP/1.1" 200 None
2026-07-15 08:45:56  WARNING   MIS BUY LODHA: avail=Rs125.54 < needed=Rs581.45 — qty 2→0
2026-07-15 08:45:56  ERROR     MIS BUY LODHA skipped — insufficient capital after reduction
2026-07-15 08:45:58  DEBUG     Starting new HTTPS connection (1): piconnect.flattrade.in:443
2026-07-15 08:45:58  DEBUG     https://piconnect.flattrade.in:443 "POST /PiConnectAPI/Limits HTTP/1.1" 200 None
2026-07-15 08:45:58  WARNING   MIS BUY LODHA: avail=Rs125.54 < needed=Rs581.45 — qty 2→0
2026-07-15 08:45:58  ERROR     MIS BUY LODHA skipped — insufficient capital after reduction
2026-07-15 08:45:58  DEBUG     Starting new HTTPS connection (1): piconnect.flattrade.in:443
2026-07-15 08:45:58  DEBUG     https://piconnect.flattrade.in:443 "POST /PiConnectAPI/Limits HTTP/1.1" 200 None
2026-07-15 08:45:58  WARNING   MIS BUY LODHA: avail=Rs125.54 < needed=Rs581.62 — qty 2→0
2026-07-15 08:45:58  ERROR     MIS BUY LODHA skipped — insufficient capital after reduction
2026-07-15 08:45:59  DEBUG     Starting new HTTPS connection (1): piconnect.flattrade.in:443
2026-07-15 08:45:59  DEBUG     https://piconnect.flattrade.in:443 "POST /PiConnectAPI/Limits HTTP/1.1" 200 None
2026-07-15 08:45:59  WARNING   MIS BUY LODHA: avail=Rs125.54 < needed=Rs581.62 — qty 2→0
2026-07-15 08:45:59  ERROR     MIS BUY LODHA skipped — insufficient capital after reduction
2026-07-15 08:46:00  DEBUG     Starting new HTTPS connection (1): piconnect.flattrade.in:443
2026-07-15 08:46:00  DEBUG     https://piconnect.flattrade.in:443 "POST /PiConnectAPI/Limits HTTP/1.1" 200 None
2026-07-15 08:46:00  WARNING   MIS BUY LODHA: avail=Rs125.54 < needed=Rs581.62 — qty 2→0
2026-07-15 08:46:00  ERROR     MIS BUY LODHA skipped — insufficient capital after reduction
2026-07-15 08:46:00  DEBUG     Sending ping
2026-07-15 08:46:01  DEBUG     Starting new HTTPS connection (1): piconnect.flattrade.in:443
2026-07-15 08:46:01  DEBUG     https://piconnect.flattrade.in:443 "POST /PiConnectAPI/Limits HTTP/1.1" 200 None
2026-07-15 08:46:01  WARNING   MIS BUY LODHA: avail=Rs125.54 < needed=Rs581.62 — qty 2→0
2026-07-15 08:46:01  ERROR     MIS BUY LODHA skipped — insufficient capital after reduction
2026-07-15 08:46:01  DEBUG     Starting new HTTPS connection (1): piconnect.flattrade.in:443
2026-07-15 08:46:01  DEBUG     https://piconnect.flattrade.in:443 "POST /PiConnectAPI/Limits HTTP/1.1" 200 None
2026-07-15 08:46:01  WARNING   MIS BUY LODHA: avail=Rs125.54 < needed=Rs581.62 — qty 2→0
2026-07-15 08:46:01  ERROR     MIS BUY LODHA skipped — insufficient capital after reduction
2026-07-15 08:46:02  DEBUG     Starting new HTTPS connection (1): piconnect.flattrade.in:443
2026-07-15 08:46:02  DEBUG     https://piconnect.flattrade.in:443 "POST /PiConnectAPI/Limits HTTP/1.1" 200 None
2026-07-15 08:46:02  WARNING   MIS BUY LODHA: avail=Rs125.54 < needed=Rs581.62 — qty 2→0
2026-07-15 08:46:02  ERROR     MIS BUY LODHA skipped — insufficient capital after reduction
2026-07-15 08:46:03  DEBUG     Starting new HTTPS connection (1): piconnect.flattrade.in:443
2026-07-15 08:46:03  DEBUG     https://piconnect.flattrade.in:443 "POST /PiConnectAPI/Limits HTTP/1.1" 200 None
2026-07-15 08:46:03  WARNING   MIS BUY LODHA: avail=Rs125.54 < needed=Rs581.62 — qty 2→0
2026-07-15 08:46:03  ERROR     MIS BUY LODHA skipped — insufficient capital after reduction
2026-07-15 08:46:04  DEBUG     Starting new HTTPS connection (1): piconnect.flattrade.in:443
2026-07-15 08:46:04  DEBUG     https://piconnect.flattrade.in:443 "POST /PiConnectAPI/Limits HTTP/1.1" 200 None
2026-07-15 08:46:04  WARNING   MIS BUY LODHA: avail=Rs125.54 < needed=Rs581.75 — qty 2→0
2026-07-15 08:46:04  ERROR     MIS BUY LODHA skipped — insufficient capital after reduction
2026-07-15 08:46:05  DEBUG     Starting new HTTPS connection (1): piconnect.flattrade.in:443
2026-07-15 08:46:05  DEBUG     https://piconnect.flattrade.in:443 "POST /PiConnectAPI/Limits HTTP/1.1" 200 None
2026-07-15 08:46:05  WARNING   MIS BUY LODHA: avail=Rs125.54 < needed=Rs581.75 — qty 2→0
2026-07-15 08:46:05  ERROR     MIS BUY LODHA skipped — insufficient capital after reduction
2026-07-15 08:46:06  DEBUG     Starting new HTTPS connection (1): piconnect.flattrade.in:443
2026-07-15 08:46:06  DEBUG     https://piconnect.flattrade.in:443 "POST /PiConnectAPI/Limits HTTP/1.1" 200 None
2026-07-15 08:46:06  WARNING   MIS BUY LODHA: avail=Rs125.54 < needed=Rs581.75 — qty 2→0
2026-07-15 08:46:06  ERROR     MIS BUY LODHA skipped — insufficient capital after reduction
2026-07-15 08:46:07  DEBUG     Starting new HTTPS connection (1): piconnect.flattrade.in:443
2026-07-15 08:46:07  DEBUG     https://piconnect.flattrade.in:443 "POST /PiConnectAPI/Limits HTTP/1.1" 200 None
2026-07-15 08:46:07  WARNING   MIS BUY LODHA: avail=Rs125.54 < needed=Rs581.75 — qty 2→0
2026-07-15 08:46:07  ERROR     MIS BUY LODHA skipped — insufficient capital after reduction
2026-07-15 08:46:07  DEBUG     Starting new HTTPS connection (1): piconnect.flattrade.in:443
2026-07-15 08:46:07  DEBUG     https://piconnect.flattrade.in:443 "POST /PiConnectAPI/Limits HTTP/1.1" 200 None
2026-07-15 08:46:07  WARNING   MIS BUY LODHA: avail=Rs125.54 < needed=Rs581.75 — qty 2→0
2026-07-15 08:46:07  ERROR     MIS BUY LODHA skipped — insufficient capital after reduction
2026-07-15 08:46:08  DEBUG     Starting new HTTPS connection (1): piconnect.flattrade.in:443
2026-07-15 08:46:08  DEBUG     https://piconnect.flattrade.in:443 "POST /PiConnectAPI/Limits HTTP/1.1" 200 None
2026-07-15 08:46:08  WARNING   MIS BUY LODHA: avail=Rs125.54 < needed=Rs581.75 — qty 2→0
2026-07-15 08:46:08  ERROR     MIS BUY LODHA skipped — insufficient capital after reduction
2026-07-15 08:46:09  DEBUG     Starting new HTTPS connection (1): piconnect.flattrade.in:443
2026-07-15 08:46:09  DEBUG     https://piconnect.flattrade.in:443 "POST /PiConnectAPI/Limits HTTP/1.1" 200 None
2026-07-15 08:46:09  WARNING   MIS BUY LODHA: avail=Rs125.54 < needed=Rs581.75 — qty 2→0
2026-07-15 08:46:09  ERROR     MIS BUY LODHA skipped — insufficient capital after reduction
2026-07-15 08:46:11  DEBUG     Starting new HTTPS connection (1): piconnect.flattrade.in:443
2026-07-15 08:46:11  DEBUG     https://piconnect.flattrade.in:443 "POST /PiConnectAPI/Limits HTTP/1.1" 200 None
2026-07-15 08:46:11  WARNING   MIS BUY LODHA: avail=Rs125.54 < needed=Rs581.75 — qty 2→0
2026-07-15 08:46:11  ERROR     MIS BUY LODHA skipped — insufficient capital after reduction
2026-07-15 08:46:11  DEBUG     Starting new HTTPS connection (1): piconnect.flattrade.in:443
2026-07-15 08:46:11  DEBUG     https://piconnect.flattrade.in:443 "POST /PiConnectAPI/Limits HTTP/1.1" 200 None
2026-07-15 08:46:11  WARNING   MIS BUY LODHA: avail=Rs125.54 < needed=Rs581.90 — qty 2→0
2026-07-15 08:46:11  ERROR     MIS BUY LODHA skipped — insufficient capital after reduction
2026-07-15 08:46:12  DEBUG     Starting new HTTPS connection (1): piconnect.flattrade.in:443
2026-07-15 08:46:12  DEBUG     https://piconnect.flattrade.in:443 "POST /PiConnectAPI/Limits HTTP/1.1" 200 None
2026-07-15 08:46:12  WARNING   MIS BUY LODHA: avail=Rs125.54 < needed=Rs581.90 — qty 2→0
2026-07-15 08:46:12  ERROR     MIS BUY LODHA skipped — insufficient capital after reduction
2026-07-15 08:46:13  DEBUG     Starting new HTTPS connection (1): piconnect.flattrade.in:443
2026-07-15 08:46:13  DEBUG     https://piconnect.flattrade.in:443 "POST /PiConnectAPI/Limits HTTP/1.1" 200 None
2026-07-15 08:46:13  WARNING   MIS BUY LODHA: avail=Rs125.54 < needed=Rs581.90 — qty 2→0
2026-07-15 08:46:13  ERROR     MIS BUY LODHA skipped — insufficient capital after reduction
2026-07-15 08:46:13  DEBUG     Starting new HTTPS connection (1): piconnect.flattrade.in:443
2026-07-15 08:46:13  DEBUG     https://piconnect.flattrade.in:443 "POST /PiConnectAPI/Limits HTTP/1.1" 200 None
2026-07-15 08:46:13  WARNING   MIS BUY LODHA: avail=Rs125.54 < needed=Rs581.90 — qty 2→0
2026-07-15 08:46:13  ERROR     MIS BUY LODHA skipped — insufficient capital after reduction
2026-07-15 08:46:14  DEBUG     Starting new HTTPS connection (1): piconnect.flattrade.in:443
2026-07-15 08:46:14  DEBUG     https://piconnect.flattrade.in:443 "POST /PiConnectAPI/Limits HTTP/1.1" 200 None
2026-07-15 08:46:14  WARNING   MIS BUY LODHA: avail=Rs125.54 < needed=Rs581.90 — qty 2→0
2026-07-15 08:46:14  ERROR     MIS BUY LODHA skipped — insufficient capital after reduction
2026-07-15 08:46:15  DEBUG     Starting new HTTPS connection (1): piconnect.flattrade.in:443
2026-07-15 08:46:15  DEBUG     https://piconnect.flattrade.in:443 "POST /PiConnectAPI/Limits HTTP/1.1" 200 None
2026-07-15 08:46:15  WARNING   MIS BUY LODHA: avail=Rs125.54 < needed=Rs581.90 — qty 2→0
2026-07-15 08:46:15  ERROR     MIS BUY LODHA skipped — insufficient capital after reduction
2026-07-15 08:46:15  DEBUG     Starting new HTTPS connection (1): piconnect.flattrade.in:443
2026-07-15 08:46:15  DEBUG     https://piconnect.flattrade.in:443 "POST /PiConnectAPI/Limits HTTP/1.1" 200 None
2026-07-15 08:46:15  WARNING   MIS BUY LODHA: avail=Rs125.54 < needed=Rs581.88 — qty 2→0
2026-07-15 08:46:15  ERROR     MIS BUY LODHA skipped — insufficient capital after reduction
2026-07-15 08:46:16  DEBUG     Starting new HTTPS connection (1): piconnect.flattrade.in:443
2026-07-15 08:46:16  DEBUG     https://piconnect.flattrade.in:443 "POST /PiConnectAPI/Limits HTTP/1.1" 200 None
2026-07-15 08:46:16  WARNING   MIS BUY LODHA: avail=Rs125.54 < needed=Rs581.83 — qty 2→0
2026-07-15 08:46:16  ERROR     MIS BUY LODHA skipped — insufficient capital after reduction
2026-07-15 08:46:17  DEBUG     Starting new HTTPS connection (1): piconnect.flattrade.in:443
2026-07-15 08:46:17  DEBUG     https://piconnect.flattrade.in:443 "POST /PiConnectAPI/Limits HTTP/1.1" 200 None
2026-07-15 08:46:17  WARNING   MIS BUY LODHA: avail=Rs125.54 < needed=Rs581.83 — qty 2→0
2026-07-15 08:46:17  ERROR     MIS BUY LODHA skipped — insufficient capital after reduction
2026-07-15 08:46:20  DEBUG     Starting new HTTPS connection (1): piconnect.flattrade.in:443
2026-07-15 08:46:20  DEBUG     https://piconnect.flattrade.in:443 "POST /PiConnectAPI/Limits HTTP/1.1" 200 None
2026-07-15 08:46:20  WARNING   MIS BUY LODHA: avail=Rs125.54 < needed=Rs581.83 — qty 2→0
2026-07-15 08:46:20  ERROR     MIS BUY LODHA skipped — insufficient capital after reduction
2026-07-15 08:46:21  DEBUG     Starting new HTTPS connection (1): piconnect.flattrade.in:443
2026-07-15 08:46:21  DEBUG     https://piconnect.flattrade.in:443 "POST /PiConnectAPI/Limits HTTP/1.1" 200 None
2026-07-15 08:46:21  WARNING   MIS BUY LODHA: avail=Rs125.54 < needed=Rs581.83 — qty 2→0
2026-07-15 08:46:21  ERROR     MIS BUY LODHA skipped — insufficient capital after reduction
2026-07-15 08:46:21  DEBUG     Starting new HTTPS connection (1): piconnect.flattrade.in:443
2026-07-15 08:46:21  DEBUG     https://piconnect.flattrade.in:443 "POST /PiConnectAPI/Limits HTTP/1.1" 200 None
2026-07-15 08:46:21  WARNING   MIS BUY LODHA: avail=Rs125.54 < needed=Rs581.83 — qty 2→0
2026-07-15 08:46:21  ERROR     MIS BUY LODHA skipped — insufficient capital after reduction
2026-07-15 08:46:22  DEBUG     Starting new HTTPS connection (1): piconnect.flattrade.in:443
2026-07-15 08:46:22  DEBUG     https://piconnect.flattrade.in:443 "POST /PiConnectAPI/Limits HTTP/1.1" 200 None
2026-07-15 08:46:22  WARNING   MIS BUY LODHA: avail=Rs125.54 < needed=Rs581.83 — qty 2→0
2026-07-15 08:46:22  ERROR     MIS BUY LODHA skipped — insufficient capital after reduction
2026-07-15 08:46:23  DEBUG     Starting new HTTPS connection (1): piconnect.flattrade.in:443
2026-07-15 08:46:23  DEBUG     https://piconnect.flattrade.in:443 "POST /PiConnectAPI/Limits HTTP/1.1" 200 None
2026-07-15 08:46:23  WARNING   MIS BUY LODHA: avail=Rs125.54 < needed=Rs581.83 — qty 2→0
2026-07-15 08:46:23  ERROR     MIS BUY LODHA skipped — insufficient capital after reduction
2026-07-15 08:46:24  DEBUG     Starting new HTTPS connection (1): piconnect.flattrade.in:443
2026-07-15 08:46:24  DEBUG     https://piconnect.flattrade.in:443 "POST /PiConnectAPI/Limits HTTP/1.1" 200 None
2026-07-15 08:46:24  WARNING   MIS BUY LODHA: avail=Rs125.54 < needed=Rs581.80 — qty 2→0
2026-07-15 08:46:24  ERROR     MIS BUY LODHA skipped — insufficient capital after reduction
2026-07-15 08:46:26  DEBUG     Starting new HTTPS connection (1): piconnect.flattrade.in:443
2026-07-15 08:46:26  DEBUG     https://piconnect.flattrade.in:443 "POST /PiConnectAPI/Limits HTTP/1.1" 200 None
2026-07-15 08:46:26  WARNING   MIS BUY LODHA: avail=Rs125.54 < needed=Rs581.80 — qty 2→0
2026-07-15 08:46:26  ERROR     MIS BUY LODHA skipped — insufficient capital after reduction
2026-07-15 08:46:27  DEBUG     Starting new HTTPS connection (1): piconnect.flattrade.in:443
2026-07-15 08:46:27  DEBUG     https://piconnect.flattrade.in:443 "POST /PiConnectAPI/Limits HTTP/1.1" 200 None
2026-07-15 08:46:27  WARNING   MIS BUY LODHA: avail=Rs125.54 < needed=Rs581.80 — qty 2→0
2026-07-15 08:46:27  ERROR     MIS BUY LODHA skipped — insufficient capital after reduction
2026-07-15 08:46:28  DEBUG     Starting new HTTPS connection (1): piconnect.flattrade.in:443
2026-07-15 08:46:28  DEBUG     https://piconnect.flattrade.in:443 "POST /PiConnectAPI/Limits HTTP/1.1" 200 None
2026-07-15 08:46:28  WARNING   MIS BUY LODHA: avail=Rs125.54 < needed=Rs581.80 — qty 2→0
2026-07-15 08:46:28  ERROR     MIS BUY LODHA skipped — insufficient capital after reduction
2026-07-15 08:46:28  DEBUG     Starting new HTTPS connection (1): piconnect.flattrade.in:443
2026-07-15 08:46:28  DEBUG     https://piconnect.flattrade.in:443 "POST /PiConnectAPI/Limits HTTP/1.1" 200 None
2026-07-15 08:46:28  WARNING   MIS BUY LODHA: avail=Rs125.54 < needed=Rs581.80 — qty 2→0
2026-07-15 08:46:28  ERROR     MIS BUY LODHA skipped — insufficient capital after reduction
2026-07-15 08:46:29  DEBUG     Starting new HTTPS connection (1): piconnect.flattrade.in:443
2026-07-15 08:46:29  DEBUG     https://piconnect.flattrade.in:443 "POST /PiConnectAPI/Limits HTTP/1.1" 200 None
2026-07-15 08:46:29  WARNING   MIS BUY LODHA: avail=Rs125.54 < needed=Rs581.80 — qty 2→0
2026-07-15 08:46:29  ERROR     MIS BUY LODHA skipped — insufficient capital after reduction
2026-07-15 08:46:29  DEBUG     Starting new HTTPS connection (1): piconnect.flattrade.in:443
2026-07-15 08:46:29  DEBUG     https://piconnect.flattrade.in:443 "POST /PiConnectAPI/Limits HTTP/1.1" 200 None
2026-07-15 08:46:29  WARNING   MIS BUY LODHA: avail=Rs125.54 < needed=Rs581.80 — qty 2→0
2026-07-15 08:46:29  ERROR     MIS BUY LODHA skipped — insufficient capital after reduction
2026-07-15 08:46:30  DEBUG     Starting new HTTPS connection (1): piconnect.flattrade.in:443
2026-07-15 08:46:30  DEBUG     https://piconnect.flattrade.in:443 "POST /PiConnectAPI/Limits HTTP/1.1" 200 None
2026-07-15 08:46:30  WARNING   MIS BUY LODHA: avail=Rs125.54 < needed=Rs581.80 — qty 2→0
2026-07-15 08:46:30  ERROR     MIS BUY LODHA skipped — insufficient capital after reduction
2026-07-15 08:46:30  DEBUG     Sending ping
2026-07-15 08:46:32  DEBUG     Starting new HTTPS connection (1): piconnect.flattrade.in:443
2026-07-15 08:46:32  DEBUG     https://piconnect.flattrade.in:443 "POST /PiConnectAPI/Limits HTTP/1.1" 200 None
2026-07-15 08:46:32  WARNING   MIS BUY LODHA: avail=Rs125.54 < needed=Rs581.85 — qty 2→0
2026-07-15 08:46:32  ERROR     MIS BUY LODHA skipped — insufficient capital after reduction
2026-07-15 08:46:32  DEBUG     Starting new HTTPS connection (1): piconnect.flattrade.in:443
2026-07-15 08:46:33  DEBUG     https://piconnect.flattrade.in:443 "POST /PiConnectAPI/Limits HTTP/1.1" 200 None
2026-07-15 08:46:33  WARNING   MIS BUY LODHA: avail=Rs125.54 < needed=Rs581.85 — qty 2→0
2026-07-15 08:46:33  ERROR     MIS BUY LODHA skipped — insufficient capital after reduction
2026-07-15 08:46:33  DEBUG     Starting new HTTPS connection (1): piconnect.flattrade.in:443
2026-07-15 08:46:33  DEBUG     https://piconnect.flattrade.in:443 "POST /PiConnectAPI/Limits HTTP/1.1" 200 None
2026-07-15 08:46:33  WARNING   MIS BUY LODHA: avail=Rs125.54 < needed=Rs581.75 — qty 2→0
2026-07-15 08:46:33  ERROR     MIS BUY LODHA skipped — insufficient capital after reduction
2026-07-15 08:46:34  DEBUG     Starting new HTTPS connection (1): piconnect.flattrade.in:443
2026-07-15 08:46:34  DEBUG     https://piconnect.flattrade.in:443 "POST /PiConnectAPI/Limits HTTP/1.1" 200 None
2026-07-15 08:46:34  WARNING   MIS BUY LODHA: avail=Rs125.54 < needed=Rs581.75 — qty 2→0
2026-07-15 08:46:34  ERROR     MIS BUY LODHA skipped — insufficient capital after reduction
2026-07-15 08:46:34  DEBUG     Starting new HTTPS connection (1): piconnect.flattrade.in:443
2026-07-15 08:46:34  DEBUG     https://piconnect.flattrade.in:443 "POST /PiConnectAPI/Limits HTTP/1.1" 200 None
2026-07-15 08:46:34  WARNING   MIS BUY LODHA: avail=Rs125.54 < needed=Rs581.75 — qty 2→0
2026-07-15 08:46:34  ERROR     MIS BUY LODHA skipped — insufficient capital after reduction
2026-07-15 08:46:35  DEBUG     Starting new HTTPS connection (1): piconnect.flattrade.in:443
2026-07-15 08:46:35  DEBUG     https://piconnect.flattrade.in:443 "POST /PiConnectAPI/Limits HTTP/1.1" 200 None
2026-07-15 08:46:35  WARNING   MIS BUY LODHA: avail=Rs125.54 < needed=Rs581.75 — qty 2→0
2026-07-15 08:46:35  ERROR     MIS BUY LODHA skipped — insufficient capital after reduction
2026-07-15 08:46:36  DEBUG     Starting new HTTPS connection (1): piconnect.flattrade.in:443
2026-07-15 08:46:36  DEBUG     https://piconnect.flattrade.in:443 "POST /PiConnectAPI/Limits HTTP/1.1" 200 None
2026-07-15 08:46:36  WARNING   MIS BUY LODHA: avail=Rs125.54 < needed=Rs581.75 — qty 2→0
2026-07-15 08:46:36  ERROR     MIS BUY LODHA skipped — insufficient capital after reduction
2026-07-15 08:46:38  DEBUG     Starting new HTTPS connection (1): piconnect.flattrade.in:443
2026-07-15 08:46:38  DEBUG     https://piconnect.flattrade.in:443 "POST /PiConnectAPI/Limits HTTP/1.1" 200 None
2026-07-15 08:46:38  WARNING   MIS BUY LODHA: avail=Rs125.54 < needed=Rs581.75 — qty 2→0
2026-07-15 08:46:38  ERROR     MIS BUY LODHA skipped — insufficient capital after reduction
2026-07-15 08:46:39  DEBUG     Starting new HTTPS connection (1): piconnect.flattrade.in:443
2026-07-15 08:46:39  DEBUG     https://piconnect.flattrade.in:443 "POST /PiConnectAPI/Limits HTTP/1.1" 200 None
2026-07-15 08:46:39  WARNING   MIS BUY LODHA: avail=Rs125.54 < needed=Rs581.75 — qty 2→0
2026-07-15 08:46:39  ERROR     MIS BUY LODHA skipped — insufficient capital after reduction
2026-07-15 08:46:39  DEBUG     Starting new HTTPS connection (1): piconnect.flattrade.in:443
2026-07-15 08:46:39  DEBUG     https://piconnect.flattrade.in:443 "POST /PiConnectAPI/Limits HTTP/1.1" 200 None
2026-07-15 08:46:39  WARNING   MIS BUY LODHA: avail=Rs125.54 < needed=Rs581.77 — qty 2→0
2026-07-15 08:46:39  ERROR     MIS BUY LODHA skipped — insufficient capital after reduction
2026-07-15 08:46:40  DEBUG     Starting new HTTPS connection (1): piconnect.flattrade.in:443
2026-07-15 08:46:40  DEBUG     https://piconnect.flattrade.in:443 "POST /PiConnectAPI/Limits HTTP/1.1" 200 None
2026-07-15 08:46:40  WARNING   MIS BUY LODHA: avail=Rs125.54 < needed=Rs581.67 — qty 2→0
2026-07-15 08:46:40  ERROR     MIS BUY LODHA skipped — insufficient capital after reduction
2026-07-15 08:46:41  DEBUG     Starting new HTTPS connection (1): piconnect.flattrade.in:443
2026-07-15 08:46:41  DEBUG     https://piconnect.flattrade.in:443 "POST /PiConnectAPI/Limits HTTP/1.1" 200 None
2026-07-15 08:46:41  WARNING   MIS BUY LODHA: avail=Rs125.54 < needed=Rs581.75 — qty 2→0
2026-07-15 08:46:41  ERROR     MIS BUY LODHA skipped — insufficient capital after reduction
2026-07-15 08:46:42  DEBUG     Starting new HTTPS connection (1): piconnect.flattrade.in:443
2026-07-15 08:46:42  DEBUG     https://piconnect.flattrade.in:443 "POST /PiConnectAPI/Limits HTTP/1.1" 200 None
2026-07-15 08:46:42  WARNING   MIS BUY LODHA: avail=Rs125.54 < needed=Rs581.75 — qty 2→0
2026-07-15 08:46:42  ERROR     MIS BUY LODHA skipped — insufficient capital after reduction
2026-07-15 08:46:43  DEBUG     Starting new HTTPS connection (1): piconnect.flattrade.in:443
2026-07-15 08:46:43  DEBUG     https://piconnect.flattrade.in:443 "POST /PiConnectAPI/Limits HTTP/1.1" 200 None
2026-07-15 08:46:43  WARNING   MIS BUY LODHA: avail=Rs125.54 < needed=Rs581.75 — qty 2→0
2026-07-15 08:46:43  ERROR     MIS BUY LODHA skipped — insufficient capital after reduction
2026-07-15 08:46:43  DEBUG     Starting new HTTPS connection (1): piconnect.flattrade.in:443
2026-07-15 08:46:43  DEBUG     https://piconnect.flattrade.in:443 "POST /PiConnectAPI/Limits HTTP/1.1" 200 None
2026-07-15 08:46:43  WARNING   MIS BUY LODHA: avail=Rs125.54 < needed=Rs581.75 — qty 2→0
2026-07-15 08:46:43  ERROR     MIS BUY LODHA skipped — insufficient capital after reduction
2026-07-15 08:46:44  DEBUG     Starting new HTTPS connection (1): piconnect.flattrade.in:443
2026-07-15 08:46:44  DEBUG     https://piconnect.flattrade.in:443 "POST /PiConnectAPI/Limits HTTP/1.1" 200 None
2026-07-15 08:46:44  WARNING   MIS BUY LODHA: avail=Rs125.54 < needed=Rs581.75 — qty 2→0
2026-07-15 08:46:44  ERROR     MIS BUY LODHA skipped — insufficient capital after reduction
2026-07-15 08:46:45  DEBUG     Starting new HTTPS connection (1): piconnect.flattrade.in:443
2026-07-15 08:46:45  DEBUG     https://piconnect.flattrade.in:443 "POST /PiConnectAPI/Limits HTTP/1.1" 200 None
2026-07-15 08:46:45  WARNING   MIS BUY LODHA: avail=Rs125.54 < needed=Rs581.65 — qty 2→0
2026-07-15 08:46:45  ERROR     MIS BUY LODHA skipped — insufficient capital after reduction
2026-07-15 08:46:46  DEBUG     Starting new HTTPS connection (1): piconnect.flattrade.in:443
2026-07-15 08:46:46  DEBUG     https://piconnect.flattrade.in:443 "POST /PiConnectAPI/Limits HTTP/1.1" 200 None
2026-07-15 08:46:46  WARNING   MIS BUY LODHA: avail=Rs125.54 < needed=Rs581.65 — qty 2→0
2026-07-15 08:46:46  ERROR     MIS BUY LODHA skipped — insufficient capital after reduction
2026-07-15 08:46:47  DEBUG     Starting new HTTPS connection (1): piconnect.flattrade.in:443
2026-07-15 08:46:47  DEBUG     https://piconnect.flattrade.in:443 "POST /PiConnectAPI/Limits HTTP/1.1" 200 None
2026-07-15 08:46:47  WARNING   MIS BUY LODHA: avail=Rs125.54 < needed=Rs581.65 — qty 2→0
2026-07-15 08:46:47  ERROR     MIS BUY LODHA skipped — insufficient capital after reduction
2026-07-15 08:46:48  DEBUG     Starting new HTTPS connection (1): piconnect.flattrade.in:443
2026-07-15 08:46:48  DEBUG     https://piconnect.flattrade.in:443 "POST /PiConnectAPI/Limits HTTP/1.1" 200 None
2026-07-15 08:46:48  WARNING   MIS BUY LODHA: avail=Rs125.54 < needed=Rs581.60 — qty 2→0
2026-07-15 08:46:48  ERROR     MIS BUY LODHA skipped — insufficient capital after reduction
2026-07-15 08:46:51  DEBUG     Starting new HTTPS connection (1): piconnect.flattrade.in:443
2026-07-15 08:46:51  DEBUG     https://piconnect.flattrade.in:443 "POST /PiConnectAPI/Limits HTTP/1.1" 200 None
2026-07-15 08:46:51  WARNING   MIS BUY LODHA: avail=Rs125.54 < needed=Rs581.60 — qty 2→0
2026-07-15 08:46:51  ERROR     MIS BUY LODHA skipped — insufficient capital after reduction
2026-07-15 08:46:51  DEBUG     Starting new HTTPS connection (1): piconnect.flattrade.in:443
2026-07-15 08:46:51  DEBUG     https://piconnect.flattrade.in:443 "POST /PiConnectAPI/Limits HTTP/1.1" 200 None
2026-07-15 08:46:51  WARNING   MIS BUY LODHA: avail=Rs125.54 < needed=Rs581.55 — qty 2→0
2026-07-15 08:46:51  ERROR     MIS BUY LODHA skipped — insufficient capital after reduction
2026-07-15 08:46:52  DEBUG     Starting new HTTPS connection (1): piconnect.flattrade.in:443
2026-07-15 08:46:52  DEBUG     https://piconnect.flattrade.in:443 "POST /PiConnectAPI/Limits HTTP/1.1" 200 None
2026-07-15 08:46:52  WARNING   MIS BUY LODHA: avail=Rs125.54 < needed=Rs581.55 — qty 2→0
2026-07-15 08:46:52  ERROR     MIS BUY LODHA skipped — insufficient capital after reduction
2026-07-15 08:46:54  DEBUG     Starting new HTTPS connection (1): piconnect.flattrade.in:443
2026-07-15 08:46:54  DEBUG     https://piconnect.flattrade.in:443 "POST /PiConnectAPI/Limits HTTP/1.1" 200 None
2026-07-15 08:46:54  WARNING   MIS BUY LODHA: avail=Rs125.54 < needed=Rs581.55 — qty 2→0
2026-07-15 08:46:54  ERROR     MIS BUY LODHA skipped — insufficient capital after reduction
2026-07-15 08:46:54  DEBUG     Starting new HTTPS connection (1): piconnect.flattrade.in:443
2026-07-15 08:46:54  DEBUG     https://piconnect.flattrade.in:443 "POST /PiConnectAPI/Limits HTTP/1.1" 200 None
2026-07-15 08:46:54  WARNING   MIS BUY LODHA: avail=Rs125.54 < needed=Rs581.50 — qty 2→0
2026-07-15 08:46:54  ERROR     MIS BUY LODHA skipped — insufficient capital after reduction
2026-07-15 08:46:55  DEBUG     Starting new HTTPS connection (1): piconnect.flattrade.in:443
2026-07-15 08:46:55  DEBUG     https://piconnect.flattrade.in:443 "POST /PiConnectAPI/Limits HTTP/1.1" 200 None
2026-07-15 08:46:55  WARNING   MIS BUY LODHA: avail=Rs125.54 < needed=Rs581.50 — qty 2→0
2026-07-15 08:46:55  ERROR     MIS BUY LODHA skipped — insufficient capital after reduction
2026-07-15 08:46:55  DEBUG     Starting new HTTPS connection (1): piconnect.flattrade.in:443
2026-07-15 08:46:55  DEBUG     https://piconnect.flattrade.in:443 "POST /PiConnectAPI/Limits HTTP/1.1" 200 None
2026-07-15 08:46:55  WARNING   MIS BUY LODHA: avail=Rs125.54 < needed=Rs581.55 — qty 2→0
2026-07-15 08:46:55  ERROR     MIS BUY LODHA skipped — insufficient capital after reduction
2026-07-15 08:46:56  DEBUG     Starting new HTTPS connection (1): piconnect.flattrade.in:443
2026-07-15 08:46:56  DEBUG     https://piconnect.flattrade.in:443 "POST /PiConnectAPI/Limits HTTP/1.1" 200 None
2026-07-15 08:46:56  WARNING   MIS BUY LODHA: avail=Rs125.54 < needed=Rs581.55 — qty 2→0
2026-07-15 08:46:56  ERROR     MIS BUY LODHA skipped — insufficient capital after reduction
2026-07-15 08:46:57  DEBUG     Starting new HTTPS connection (1): piconnect.flattrade.in:443
2026-07-15 08:46:57  DEBUG     https://piconnect.flattrade.in:443 "POST /PiConnectAPI/Limits HTTP/1.1" 200 None
2026-07-15 08:46:57  WARNING   MIS BUY LODHA: avail=Rs125.54 < needed=Rs581.55 — qty 2→0
2026-07-15 08:46:57  ERROR     MIS BUY LODHA skipped — insufficient capital after reduction
2026-07-15 08:46:58  DEBUG     Starting new HTTPS connection (1): piconnect.flattrade.in:443
2026-07-15 08:46:58  DEBUG     https://piconnect.flattrade.in:443 "POST /PiConnectAPI/Limits HTTP/1.1" 200 None
2026-07-15 08:46:58  WARNING   MIS BUY LODHA: avail=Rs125.54 < needed=Rs581.55 — qty 2→0
2026-07-15 08:46:58  ERROR     MIS BUY LODHA skipped — insufficient capital after reduction
2026-07-15 08:47:00  DEBUG     Sending ping
2026-07-15 08:47:01  DEBUG     Starting new HTTPS connection (1): piconnect.flattrade.in:443
2026-07-15 08:47:01  DEBUG     https://piconnect.flattrade.in:443 "POST /PiConnectAPI/Limits HTTP/1.1" 200 None
2026-07-15 08:47:01  WARNING   MIS BUY LODHA: avail=Rs125.54 < needed=Rs581.55 — qty 2→0
2026-07-15 08:47:01  ERROR     MIS BUY LODHA skipped — insufficient capital after reduction
2026-07-15 08:47:04  DEBUG     Starting new HTTPS connection (1): piconnect.flattrade.in:443
2026-07-15 08:47:04  DEBUG     https://piconnect.flattrade.in:443 "POST /PiConnectAPI/Limits HTTP/1.1" 200 None
2026-07-15 08:47:04  WARNING   MIS BUY LODHA: avail=Rs125.54 < needed=Rs581.55 — qty 2→0
2026-07-15 08:47:04  ERROR     MIS BUY LODHA skipped — insufficient capital after reduction
2026-07-15 08:47:05  DEBUG     Starting new HTTPS connection (1): piconnect.flattrade.in:443
2026-07-15 08:47:05  DEBUG     https://piconnect.flattrade.in:443 "POST /PiConnectAPI/Limits HTTP/1.1" 200 None
2026-07-15 08:47:05  WARNING   MIS BUY LODHA: avail=Rs125.54 < needed=Rs581.67 — qty 2→0
2026-07-15 08:47:05  ERROR     MIS BUY LODHA skipped — insufficient capital after reduction
2026-07-15 08:47:06  DEBUG     Starting new HTTPS connection (1): piconnect.flattrade.in:443
2026-07-15 08:47:06  DEBUG     https://piconnect.flattrade.in:443 "POST /PiConnectAPI/Limits HTTP/1.1" 200 None
2026-07-15 08:47:06  WARNING   MIS BUY LODHA: avail=Rs125.54 < needed=Rs581.55 — qty 2→0
2026-07-15 08:47:06  ERROR     MIS BUY LODHA skipped — insufficient capital after reduction
2026-07-15 08:47:07  DEBUG     Starting new HTTPS connection (1): piconnect.flattrade.in:443
2026-07-15 08:47:07  DEBUG     https://piconnect.flattrade.in:443 "POST /PiConnectAPI/Limits HTTP/1.1" 200 None
2026-07-15 08:47:07  WARNING   MIS BUY LODHA: avail=Rs125.54 < needed=Rs581.55 — qty 2→0
2026-07-15 08:47:07  ERROR     MIS BUY LODHA skipped — insufficient capital after reduction
2026-07-15 08:47:09  DEBUG     Starting new HTTPS connection (1): piconnect.flattrade.in:443
2026-07-15 08:47:09  DEBUG     https://piconnect.flattrade.in:443 "POST /PiConnectAPI/Limits HTTP/1.1" 200 None
2026-07-15 08:47:09  WARNING   MIS BUY LODHA: avail=Rs125.54 < needed=Rs581.55 — qty 2→0
2026-07-15 08:47:09  ERROR     MIS BUY LODHA skipped — insufficient capital after reduction
2026-07-15 08:47:09  DEBUG     Starting new HTTPS connection (1): piconnect.flattrade.in:443
2026-07-15 08:47:09  DEBUG     https://piconnect.flattrade.in:443 "POST /PiConnectAPI/Limits HTTP/1.1" 200 None
2026-07-15 08:47:09  WARNING   MIS BUY LODHA: avail=Rs125.54 < needed=Rs581.55 — qty 2→0
2026-07-15 08:47:09  ERROR     MIS BUY LODHA skipped — insufficient capital after reduction
2026-07-15 08:47:10  DEBUG     Starting new HTTPS connection (1): piconnect.flattrade.in:443
2026-07-15 08:47:10  DEBUG     https://piconnect.flattrade.in:443 "POST /PiConnectAPI/Limits HTTP/1.1" 200 None
2026-07-15 08:47:10  WARNING   MIS BUY LODHA: avail=Rs125.54 < needed=Rs581.55 — qty 2→0
2026-07-15 08:47:10  ERROR     MIS BUY LODHA skipped — insufficient capital after reduction
2026-07-15 08:47:12  DEBUG     Starting new HTTPS connection (1): piconnect.flattrade.in:443
2026-07-15 08:47:13  DEBUG     https://piconnect.flattrade.in:443 "POST /PiConnectAPI/Limits HTTP/1.1" 200 None
2026-07-15 08:47:13  WARNING   MIS BUY LODHA: avail=Rs125.54 < needed=Rs581.55 — qty 2→0
2026-07-15 08:47:13  ERROR     MIS BUY LODHA skipped — insufficient capital after reduction
2026-07-15 08:47:13  DEBUG     Starting new HTTPS connection (1): piconnect.flattrade.in:443
2026-07-15 08:47:14  DEBUG     https://piconnect.flattrade.in:443 "POST /PiConnectAPI/Limits HTTP/1.1" 200 None
2026-07-15 08:47:14  WARNING   MIS BUY LODHA: avail=Rs125.54 < needed=Rs581.55 — qty 2→0
2026-07-15 08:47:14  ERROR     MIS BUY LODHA skipped — insufficient capital after reduction
2026-07-15 08:47:17  DEBUG     Starting new HTTPS connection (1): piconnect.flattrade.in:443
2026-07-15 08:47:17  DEBUG     https://piconnect.flattrade.in:443 "POST /PiConnectAPI/Limits HTTP/1.1" 200 None
2026-07-15 08:47:17  WARNING   MIS BUY LODHA: avail=Rs125.54 < needed=Rs581.48 — qty 2→0
2026-07-15 08:47:17  ERROR     MIS BUY LODHA skipped — insufficient capital after reduction
2026-07-15 08:47:18  DEBUG     Starting new HTTPS connection (1): piconnect.flattrade.in:443
2026-07-15 08:47:18  DEBUG     https://piconnect.flattrade.in:443 "POST /PiConnectAPI/Limits HTTP/1.1" 200 None
2026-07-15 08:47:18  WARNING   MIS BUY LODHA: avail=Rs125.54 < needed=Rs581.48 — qty 2→0
2026-07-15 08:47:18  ERROR     MIS BUY LODHA skipped — insufficient capital after reduction
2026-07-15 08:47:19  DEBUG     Starting new HTTPS connection (1): piconnect.flattrade.in:443
2026-07-15 08:47:19  DEBUG     https://piconnect.flattrade.in:443 "POST /PiConnectAPI/Limits HTTP/1.1" 200 None
2026-07-15 08:47:19  WARNING   MIS BUY LODHA: avail=Rs125.54 < needed=Rs581.48 — qty 2→0
2026-07-15 08:47:19  ERROR     MIS BUY LODHA skipped — insufficient capital after reduction
2026-07-15 08:47:21  DEBUG     Starting new HTTPS connection (1): piconnect.flattrade.in:443
2026-07-15 08:47:21  DEBUG     https://piconnect.flattrade.in:443 "POST /PiConnectAPI/Limits HTTP/1.1" 200 None
2026-07-15 08:47:21  WARNING   MIS BUY LODHA: avail=Rs125.54 < needed=Rs581.48 — qty 2→0
2026-07-15 08:47:21  ERROR     MIS BUY LODHA skipped — insufficient capital after reduction
2026-07-15 08:47:23  DEBUG     Starting new HTTPS connection (1): piconnect.flattrade.in:443
2026-07-15 08:47:23  DEBUG     https://piconnect.flattrade.in:443 "POST /PiConnectAPI/Limits HTTP/1.1" 200 None
2026-07-15 08:47:23  WARNING   MIS BUY LODHA: avail=Rs125.54 < needed=Rs581.48 — qty 2→0
2026-07-15 08:47:23  ERROR     MIS BUY LODHA skipped — insufficient capital after reduction
2026-07-15 08:47:24  DEBUG     Starting new HTTPS connection (1): piconnect.flattrade.in:443
2026-07-15 08:47:24  DEBUG     https://piconnect.flattrade.in:443 "POST /PiConnectAPI/Limits HTTP/1.1" 200 None
2026-07-15 08:47:24  WARNING   MIS BUY LODHA: avail=Rs125.54 < needed=Rs581.48 — qty 2→0
2026-07-15 08:47:24  ERROR     MIS BUY LODHA skipped — insufficient capital after reduction
2026-07-15 08:47:26  DEBUG     Starting new HTTPS connection (1): piconnect.flattrade.in:443
2026-07-15 08:47:26  DEBUG     https://piconnect.flattrade.in:443 "POST /PiConnectAPI/Limits HTTP/1.1" 200 None
2026-07-15 08:47:26  WARNING   MIS BUY LODHA: avail=Rs125.54 < needed=Rs581.48 — qty 2→0
2026-07-15 08:47:26  ERROR     MIS BUY LODHA skipped — insufficient capital after reduction
2026-07-15 08:47:27  DEBUG     Starting new HTTPS connection (1): piconnect.flattrade.in:443
2026-07-15 08:47:27  DEBUG     https://piconnect.flattrade.in:443 "POST /PiConnectAPI/Limits HTTP/1.1" 200 None
2026-07-15 08:47:27  WARNING   MIS BUY LODHA: avail=Rs125.54 < needed=Rs581.45 — qty 2→0
2026-07-15 08:47:27  ERROR     MIS BUY LODHA skipped — insufficient capital after reduction
2026-07-15 08:47:28  DEBUG     Starting new HTTPS connection (1): piconnect.flattrade.in:443
2026-07-15 08:47:28  DEBUG     https://piconnect.flattrade.in:443 "POST /PiConnectAPI/Limits HTTP/1.1" 200 None
2026-07-15 08:47:28  WARNING   MIS BUY LODHA: avail=Rs125.54 < needed=Rs581.45 — qty 2→0
2026-07-15 08:47:28  ERROR     MIS BUY LODHA skipped — insufficient capital after reduction
2026-07-15 08:47:28  DEBUG     Starting new HTTPS connection (1): piconnect.flattrade.in:443
2026-07-15 08:47:28  DEBUG     https://piconnect.flattrade.in:443 "POST /PiConnectAPI/Limits HTTP/1.1" 200 None
2026-07-15 08:47:28  WARNING   MIS BUY LODHA: avail=Rs125.54 < needed=Rs581.45 — qty 2→0
2026-07-15 08:47:28  ERROR     MIS BUY LODHA skipped — insufficient capital after reduction
2026-07-15 08:47:29  DEBUG     Starting new HTTPS connection (1): piconnect.flattrade.in:443
2026-07-15 08:47:29  DEBUG     https://piconnect.flattrade.in:443 "POST /PiConnectAPI/Limits HTTP/1.1" 200 None
2026-07-15 08:47:29  WARNING   MIS BUY LODHA: avail=Rs125.54 < needed=Rs581.45 — qty 2→0
2026-07-15 08:47:29  ERROR     MIS BUY LODHA skipped — insufficient capital after reduction
2026-07-15 08:47:30  DEBUG     Starting new HTTPS connection (1): piconnect.flattrade.in:443
2026-07-15 08:47:30  DEBUG     https://piconnect.flattrade.in:443 "POST /PiConnectAPI/Limits HTTP/1.1" 200 None
2026-07-15 08:47:30  WARNING   MIS BUY LODHA: avail=Rs125.54 < needed=Rs581.45 — qty 2→0
2026-07-15 08:47:30  ERROR     MIS BUY LODHA skipped — insufficient capital after reduction
2026-07-15 08:47:30  DEBUG     Sending ping
2026-07-15 08:47:31  DEBUG     Starting new HTTPS connection (1): piconnect.flattrade.in:443
2026-07-15 08:47:31  DEBUG     https://piconnect.flattrade.in:443 "POST /PiConnectAPI/Limits HTTP/1.1" 200 None
2026-07-15 08:47:31  WARNING   MIS BUY LODHA: avail=Rs125.54 < needed=Rs581.45 — qty 2→0
2026-07-15 08:47:31  ERROR     MIS BUY LODHA skipped — insufficient capital after reduction
2026-07-15 08:47:31  DEBUG     Starting new HTTPS connection (1): piconnect.flattrade.in:443
2026-07-15 08:47:31  DEBUG     https://piconnect.flattrade.in:443 "POST /PiConnectAPI/Limits HTTP/1.1" 200 None
2026-07-15 08:47:31  WARNING   MIS BUY LODHA: avail=Rs125.54 < needed=Rs581.52 — qty 2→0
2026-07-15 08:47:31  ERROR     MIS BUY LODHA skipped — insufficient capital after reduction
2026-07-15 08:47:32  DEBUG     Starting new HTTPS connection (1): piconnect.flattrade.in:443
2026-07-15 08:47:32  DEBUG     https://piconnect.flattrade.in:443 "POST /PiConnectAPI/Limits HTTP/1.1" 200 None
2026-07-15 08:47:32  WARNING   MIS BUY LODHA: avail=Rs125.54 < needed=Rs581.52 — qty 2→0
2026-07-15 08:47:32  ERROR     MIS BUY LODHA skipped — insufficient capital after reduction
2026-07-15 08:47:33  DEBUG     Starting new HTTPS connection (1): piconnect.flattrade.in:443
2026-07-15 08:47:33  DEBUG     https://piconnect.flattrade.in:443 "POST /PiConnectAPI/Limits HTTP/1.1" 200 None
2026-07-15 08:47:33  WARNING   MIS BUY LODHA: avail=Rs125.54 < needed=Rs581.52 — qty 2→0
2026-07-15 08:47:33  ERROR     MIS BUY LODHA skipped — insufficient capital after reduction
2026-07-15 08:47:33  DEBUG     Starting new HTTPS connection (1): piconnect.flattrade.in:443
2026-07-15 08:47:33  DEBUG     https://piconnect.flattrade.in:443 "POST /PiConnectAPI/Limits HTTP/1.1" 200 None
2026-07-15 08:47:33  WARNING   MIS BUY LODHA: avail=Rs125.54 < needed=Rs581.52 — qty 2→0
2026-07-15 08:47:33  ERROR     MIS BUY LODHA skipped — insufficient capital after reduction
2026-07-15 08:47:33  DEBUG     Starting new HTTPS connection (1): piconnect.flattrade.in:443
2026-07-15 08:47:33  DEBUG     https://piconnect.flattrade.in:443 "POST /PiConnectAPI/Limits HTTP/1.1" 200 None
2026-07-15 08:47:33  WARNING   MIS BUY LODHA: avail=Rs125.54 < needed=Rs581.52 — qty 2→0
2026-07-15 08:47:33  ERROR     MIS BUY LODHA skipped — insufficient capital after reduction
2026-07-15 08:47:36  DEBUG     Starting new HTTPS connection (1): piconnect.flattrade.in:443
2026-07-15 08:47:36  DEBUG     https://piconnect.flattrade.in:443 "POST /PiConnectAPI/Limits HTTP/1.1" 200 None
2026-07-15 08:47:36  WARNING   MIS BUY LODHA: avail=Rs125.54 < needed=Rs581.52 — qty 2→0
2026-07-15 08:47:36  ERROR     MIS BUY LODHA skipped — insufficient capital after reduction
2026-07-15 08:47:38  DEBUG     Starting new HTTPS connection (1): piconnect.flattrade.in:443
2026-07-15 08:47:38  DEBUG     https://piconnect.flattrade.in:443 "POST /PiConnectAPI/Limits HTTP/1.1" 200 None
2026-07-15 08:47:38  WARNING   MIS BUY LODHA: avail=Rs125.54 < needed=Rs581.50 — qty 2→0
2026-07-15 08:47:38  ERROR     MIS BUY LODHA skipped — insufficient capital after reduction
2026-07-15 08:47:39  DEBUG     Starting new HTTPS connection (1): piconnect.flattrade.in:443
2026-07-15 08:47:39  DEBUG     https://piconnect.flattrade.in:443 "POST /PiConnectAPI/Limits HTTP/1.1" 200 None
2026-07-15 08:47:39  WARNING   MIS BUY LODHA: avail=Rs125.54 < needed=Rs581.50 — qty 2→0
2026-07-15 08:47:39  ERROR     MIS BUY LODHA skipped — insufficient capital after reduction
2026-07-15 08:47:41  DEBUG     Starting new HTTPS connection (1): piconnect.flattrade.in:443
2026-07-15 08:47:42  DEBUG     https://piconnect.flattrade.in:443 "POST /PiConnectAPI/Limits HTTP/1.1" 200 None
2026-07-15 08:47:42  WARNING   MIS BUY LODHA: avail=Rs125.54 < needed=Rs581.50 — qty 2→0
2026-07-15 08:47:42  ERROR     MIS BUY LODHA skipped — insufficient capital after reduction
2026-07-15 08:47:42  DEBUG     Starting new HTTPS connection (1): piconnect.flattrade.in:443
2026-07-15 08:47:43  DEBUG     https://piconnect.flattrade.in:443 "POST /PiConnectAPI/Limits HTTP/1.1" 200 None
2026-07-15 08:47:43  WARNING   MIS BUY LODHA: avail=Rs125.54 < needed=Rs581.50 — qty 2→0
2026-07-15 08:47:43  ERROR     MIS BUY LODHA skipped — insufficient capital after reduction
2026-07-15 08:47:43  DEBUG     Starting new HTTPS connection (1): piconnect.flattrade.in:443
2026-07-15 08:47:44  DEBUG     https://piconnect.flattrade.in:443 "POST /PiConnectAPI/Limits HTTP/1.1" 200 None
2026-07-15 08:47:44  WARNING   MIS BUY LODHA: avail=Rs125.54 < needed=Rs581.50 — qty 2→0
2026-07-15 08:47:44  ERROR     MIS BUY LODHA skipped — insufficient capital after reduction
2026-07-15 08:47:46  DEBUG     Starting new HTTPS connection (1): piconnect.flattrade.in:443
2026-07-15 08:47:47  DEBUG     https://piconnect.flattrade.in:443 "POST /PiConnectAPI/Limits HTTP/1.1" 200 None
2026-07-15 08:47:47  WARNING   MIS BUY LODHA: avail=Rs125.54 < needed=Rs581.50 — qty 2→0
2026-07-15 08:47:47  ERROR     MIS BUY LODHA skipped — insufficient capital after reduction
2026-07-15 08:47:47  DEBUG     Starting new HTTPS connection (1): piconnect.flattrade.in:443
2026-07-15 08:47:48  DEBUG     https://piconnect.flattrade.in:443 "POST /PiConnectAPI/Limits HTTP/1.1" 200 None
2026-07-15 08:47:48  WARNING   MIS BUY LODHA: avail=Rs125.54 < needed=Rs581.50 — qty 2→0
2026-07-15 08:47:48  ERROR     MIS BUY LODHA skipped — insufficient capital after reduction
2026-07-15 08:47:48  DEBUG     Starting new HTTPS connection (1): piconnect.flattrade.in:443
2026-07-15 08:47:49  DEBUG     https://piconnect.flattrade.in:443 "POST /PiConnectAPI/Limits HTTP/1.1" 200 None
2026-07-15 08:47:49  WARNING   MIS BUY LODHA: avail=Rs125.54 < needed=Rs581.50 — qty 2→0
2026-07-15 08:47:49  ERROR     MIS BUY LODHA skipped — insufficient capital after reduction
2026-07-15 08:47:49  DEBUG     Starting new HTTPS connection (1): piconnect.flattrade.in:443
2026-07-15 08:47:50  DEBUG     https://piconnect.flattrade.in:443 "POST /PiConnectAPI/Limits HTTP/1.1" 200 None
2026-07-15 08:47:50  WARNING   MIS BUY LODHA: avail=Rs125.54 < needed=Rs581.50 — qty 2→0
2026-07-15 08:47:50  ERROR     MIS BUY LODHA skipped — insufficient capital after reduction
2026-07-15 08:47:52  DEBUG     Starting new HTTPS connection (1): piconnect.flattrade.in:443
2026-07-15 08:47:52  DEBUG     https://piconnect.flattrade.in:443 "POST /PiConnectAPI/Limits HTTP/1.1" 200 None
2026-07-15 08:47:52  WARNING   MIS BUY LODHA: avail=Rs125.54 < needed=Rs581.48 — qty 2→0
2026-07-15 08:47:52  ERROR     MIS BUY LODHA skipped — insufficient capital after reduction
2026-07-15 08:47:53  DEBUG     Starting new HTTPS connection (1): piconnect.flattrade.in:443
2026-07-15 08:47:53  DEBUG     https://piconnect.flattrade.in:443 "POST /PiConnectAPI/Limits HTTP/1.1" 200 None
2026-07-15 08:47:53  WARNING   MIS BUY LODHA: avail=Rs125.54 < needed=Rs581.48 — qty 2→0
2026-07-15 08:47:53  ERROR     MIS BUY LODHA skipped — insufficient capital after reduction
2026-07-15 08:47:53  DEBUG     Starting new HTTPS connection (1): piconnect.flattrade.in:443
2026-07-15 08:47:53  DEBUG     https://piconnect.flattrade.in:443 "POST /PiConnectAPI/Limits HTTP/1.1" 200 None
2026-07-15 08:47:53  WARNING   MIS BUY LODHA: avail=Rs125.54 < needed=Rs581.48 — qty 2→0
2026-07-15 08:47:53  ERROR     MIS BUY LODHA skipped — insufficient capital after reduction
2026-07-15 08:47:54  DEBUG     Starting new HTTPS connection (1): piconnect.flattrade.in:443
2026-07-15 08:47:54  DEBUG     https://piconnect.flattrade.in:443 "POST /PiConnectAPI/Limits HTTP/1.1" 200 None
2026-07-15 08:47:54  WARNING   MIS BUY LODHA: avail=Rs125.54 < needed=Rs581.48 — qty 2→0
2026-07-15 08:47:54  ERROR     MIS BUY LODHA skipped — insufficient capital after reduction
2026-07-15 08:47:55  DEBUG     Starting new HTTPS connection (1): piconnect.flattrade.in:443
2026-07-15 08:47:56  DEBUG     https://piconnect.flattrade.in:443 "POST /PiConnectAPI/Limits HTTP/1.1" 200 None
2026-07-15 08:47:56  WARNING   MIS BUY LODHA: avail=Rs125.54 < needed=Rs581.48 — qty 2→0
2026-07-15 08:47:56  ERROR     MIS BUY LODHA skipped — insufficient capital after reduction
2026-07-15 08:47:56  DEBUG     Starting new HTTPS connection (1): piconnect.flattrade.in:443
2026-07-15 08:47:57  DEBUG     https://piconnect.flattrade.in:443 "POST /PiConnectAPI/Limits HTTP/1.1" 200 None
2026-07-15 08:47:57  WARNING   MIS BUY LODHA: avail=Rs125.54 < needed=Rs581.48 — qty 2→0
2026-07-15 08:47:57  ERROR     MIS BUY LODHA skipped — insufficient capital after reduction
2026-07-15 08:47:57  DEBUG     Starting new HTTPS connection (1): piconnect.flattrade.in:443
2026-07-15 08:47:58  DEBUG     https://piconnect.flattrade.in:443 "POST /PiConnectAPI/Limits HTTP/1.1" 200 None
2026-07-15 08:47:58  WARNING   MIS BUY LODHA: avail=Rs125.54 < needed=Rs581.48 — qty 2→0
2026-07-15 08:47:58  ERROR     MIS BUY LODHA skipped — insufficient capital after reduction
2026-07-15 08:47:58  DEBUG     Starting new HTTPS connection (1): piconnect.flattrade.in:443
2026-07-15 08:47:59  DEBUG     https://piconnect.flattrade.in:443 "POST /PiConnectAPI/Limits HTTP/1.1" 200 None
2026-07-15 08:47:59  WARNING   MIS BUY LODHA: avail=Rs125.54 < needed=Rs581.38 — qty 2→0
2026-07-15 08:47:59  ERROR     MIS BUY LODHA skipped — insufficient capital after reduction
2026-07-15 08:47:59  DEBUG     Starting new HTTPS connection (1): piconnect.flattrade.in:443
2026-07-15 08:47:59  DEBUG     https://piconnect.flattrade.in:443 "POST /PiConnectAPI/Limits HTTP/1.1" 200 None
2026-07-15 08:47:59  WARNING   MIS BUY LODHA: avail=Rs125.54 < needed=Rs581.38 — qty 2→0
2026-07-15 08:47:59  ERROR     MIS BUY LODHA skipped — insufficient capital after reduction
2026-07-15 08:47:59  DEBUG     Starting new HTTPS connection (1): piconnect.flattrade.in:443
2026-07-15 08:47:59  DEBUG     https://piconnect.flattrade.in:443 "POST /PiConnectAPI/Limits HTTP/1.1" 200 None
2026-07-15 08:47:59  WARNING   MIS BUY LODHA: avail=Rs125.54 < needed=Rs581.25 — qty 2→0
2026-07-15 08:47:59  ERROR     MIS BUY LODHA skipped — insufficient capital after reduction
2026-07-15 08:48:00  DEBUG     Starting new HTTPS connection (1): piconnect.flattrade.in:443
2026-07-15 08:48:00  DEBUG     Sending ping
2026-07-15 08:48:00  DEBUG     https://piconnect.flattrade.in:443 "POST /PiConnectAPI/Limits HTTP/1.1" 200 None
2026-07-15 08:48:00  WARNING   MIS BUY LODHA: avail=Rs125.54 < needed=Rs581.25 — qty 2→0
2026-07-15 08:48:00  ERROR     MIS BUY LODHA skipped — insufficient capital after reduction
2026-07-15 08:48:01  DEBUG     Starting new HTTPS connection (1): piconnect.flattrade.in:443
2026-07-15 08:48:02  DEBUG     https://piconnect.flattrade.in:443 "POST /PiConnectAPI/Limits HTTP/1.1" 200 None
2026-07-15 08:48:02  WARNING   MIS BUY LODHA: avail=Rs125.54 < needed=Rs581.20 — qty 2→0
2026-07-15 08:48:02  ERROR     MIS BUY LODHA skipped — insufficient capital after reduction
2026-07-15 08:48:02  DEBUG     Starting new HTTPS connection (1): piconnect.flattrade.in:443
2026-07-15 08:48:03  DEBUG     https://piconnect.flattrade.in:443 "POST /PiConnectAPI/Limits HTTP/1.1" 200 None
2026-07-15 08:48:03  WARNING   MIS BUY LODHA: avail=Rs125.54 < needed=Rs581.20 — qty 2→0
2026-07-15 08:48:03  ERROR     MIS BUY LODHA skipped — insufficient capital after reduction
2026-07-15 08:48:03  DEBUG     Starting new HTTPS connection (1): piconnect.flattrade.in:443
2026-07-15 08:48:04  DEBUG     https://piconnect.flattrade.in:443 "POST /PiConnectAPI/Limits HTTP/1.1" 200 None
2026-07-15 08:48:04  WARNING   MIS BUY LODHA: avail=Rs125.54 < needed=Rs581.17 — qty 2→0
2026-07-15 08:48:04  ERROR     MIS BUY LODHA skipped — insufficient capital after reduction
2026-07-15 08:48:04  DEBUG     Starting new HTTPS connection (1): piconnect.flattrade.in:443
2026-07-15 08:48:04  DEBUG     https://piconnect.flattrade.in:443 "POST /PiConnectAPI/Limits HTTP/1.1" 200 None
2026-07-15 08:48:04  WARNING   MIS BUY LODHA: avail=Rs125.54 < needed=Rs581.17 — qty 2→0
2026-07-15 08:48:04  ERROR     MIS BUY LODHA skipped — insufficient capital after reduction
2026-07-15 08:48:05  DEBUG     Starting new HTTPS connection (1): piconnect.flattrade.in:443
2026-07-15 08:48:05  DEBUG     https://piconnect.flattrade.in:443 "POST /PiConnectAPI/Limits HTTP/1.1" 200 None
2026-07-15 08:48:05  WARNING   MIS BUY LODHA: avail=Rs125.54 < needed=Rs581.17 — qty 2→0
2026-07-15 08:48:05  ERROR     MIS BUY LODHA skipped — insufficient capital after reduction
2026-07-15 08:48:06  DEBUG     Starting new HTTPS connection (1): piconnect.flattrade.in:443
2026-07-15 08:48:06  DEBUG     https://piconnect.flattrade.in:443 "POST /PiConnectAPI/Limits HTTP/1.1" 200 None
2026-07-15 08:48:06  WARNING   MIS BUY LODHA: avail=Rs125.54 < needed=Rs581.17 — qty 2→0
2026-07-15 08:48:06  ERROR     MIS BUY LODHA skipped — insufficient capital after reduction
2026-07-15 08:48:07  DEBUG     Starting new HTTPS connection (1): piconnect.flattrade.in:443
2026-07-15 08:48:07  DEBUG     https://piconnect.flattrade.in:443 "POST /PiConnectAPI/Limits HTTP/1.1" 200 None
2026-07-15 08:48:07  WARNING   MIS BUY LODHA: avail=Rs125.54 < needed=Rs581.17 — qty 2→0
2026-07-15 08:48:07  ERROR     MIS BUY LODHA skipped — insufficient capital after reduction
2026-07-15 08:48:08  DEBUG     Starting new HTTPS connection (1): piconnect.flattrade.in:443
2026-07-15 08:48:08  DEBUG     https://piconnect.flattrade.in:443 "POST /PiConnectAPI/Limits HTTP/1.1" 200 None
2026-07-15 08:48:08  WARNING   MIS BUY LODHA: avail=Rs125.54 < needed=Rs581.17 — qty 2→0
2026-07-15 08:48:08  ERROR     MIS BUY LODHA skipped — insufficient capital after reduction
2026-07-15 08:48:10  DEBUG     Starting new HTTPS connection (1): piconnect.flattrade.in:443
2026-07-15 08:48:10  DEBUG     https://piconnect.flattrade.in:443 "POST /PiConnectAPI/Limits HTTP/1.1" 200 None
2026-07-15 08:48:10  WARNING   MIS BUY LODHA: avail=Rs125.54 < needed=Rs581.17 — qty 2→0
2026-07-15 08:48:10  ERROR     MIS BUY LODHA skipped — insufficient capital after reduction
2026-07-15 08:48:11  DEBUG     Starting new HTTPS connection (1): piconnect.flattrade.in:443
2026-07-15 08:48:11  DEBUG     https://piconnect.flattrade.in:443 "POST /PiConnectAPI/Limits HTTP/1.1" 200 None
2026-07-15 08:48:11  WARNING   MIS BUY LODHA: avail=Rs125.54 < needed=Rs581.17 — qty 2→0
2026-07-15 08:48:11  ERROR     MIS BUY LODHA skipped — insufficient capital after reduction
2026-07-15 08:48:13  DEBUG     Starting new HTTPS connection (1): piconnect.flattrade.in:443
2026-07-15 08:48:13  DEBUG     https://piconnect.flattrade.in:443 "POST /PiConnectAPI/Limits HTTP/1.1" 200 None
2026-07-15 08:48:13  WARNING   MIS BUY LODHA: avail=Rs125.54 < needed=Rs581.17 — qty 2→0
2026-07-15 08:48:13  ERROR     MIS BUY LODHA skipped — insufficient capital after reduction
2026-07-15 08:48:13  DEBUG     Starting new HTTPS connection (1): piconnect.flattrade.in:443
2026-07-15 08:48:13  DEBUG     https://piconnect.flattrade.in:443 "POST /PiConnectAPI/Limits HTTP/1.1" 200 None
2026-07-15 08:48:13  WARNING   MIS BUY LODHA: avail=Rs125.54 < needed=Rs581.10 — qty 2→0
2026-07-15 08:48:13  ERROR     MIS BUY LODHA skipped — insufficient capital after reduction
2026-07-15 08:48:14  DEBUG     Starting new HTTPS connection (1): piconnect.flattrade.in:443
2026-07-15 08:48:14  DEBUG     https://piconnect.flattrade.in:443 "POST /PiConnectAPI/Limits HTTP/1.1" 200 None
2026-07-15 08:48:14  WARNING   MIS BUY LODHA: avail=Rs125.54 < needed=Rs581.10 — qty 2→0
2026-07-15 08:48:14  ERROR     MIS BUY LODHA skipped — insufficient capital after reduction
2026-07-15 08:48:14  DEBUG     Starting new HTTPS connection (1): piconnect.flattrade.in:443
2026-07-15 08:48:14  DEBUG     https://piconnect.flattrade.in:443 "POST /PiConnectAPI/Limits HTTP/1.1" 200 None
2026-07-15 08:48:14  WARNING   MIS BUY LODHA: avail=Rs125.54 < needed=Rs581.02 — qty 2→0
2026-07-15 08:48:14  ERROR     MIS BUY LODHA skipped — insufficient capital after reduction
2026-07-15 08:48:15  DEBUG     Starting new HTTPS connection (1): piconnect.flattrade.in:443
2026-07-15 08:48:15  DEBUG     https://piconnect.flattrade.in:443 "POST /PiConnectAPI/Limits HTTP/1.1" 200 None
2026-07-15 08:48:15  WARNING   MIS BUY LODHA: avail=Rs125.54 < needed=Rs581.02 — qty 2→0
2026-07-15 08:48:15  ERROR     MIS BUY LODHA skipped — insufficient capital after reduction
2026-07-15 08:48:16  DEBUG     Starting new HTTPS connection (1): piconnect.flattrade.in:443
2026-07-15 08:48:16  DEBUG     https://piconnect.flattrade.in:443 "POST /PiConnectAPI/Limits HTTP/1.1" 200 None
2026-07-15 08:48:16  WARNING   MIS BUY LODHA: avail=Rs125.54 < needed=Rs581.02 — qty 2→0
2026-07-15 08:48:16  ERROR     MIS BUY LODHA skipped — insufficient capital after reduction
2026-07-15 08:48:17  DEBUG     Starting new HTTPS connection (1): piconnect.flattrade.in:443
2026-07-15 08:48:17  DEBUG     https://piconnect.flattrade.in:443 "POST /PiConnectAPI/Limits HTTP/1.1" 200 None
2026-07-15 08:48:17  WARNING   MIS BUY LODHA: avail=Rs125.54 < needed=Rs581.02 — qty 2→0
2026-07-15 08:48:17  ERROR     MIS BUY LODHA skipped — insufficient capital after reduction
2026-07-15 08:48:18  DEBUG     Starting new HTTPS connection (1): piconnect.flattrade.in:443
2026-07-15 08:48:18  DEBUG     https://piconnect.flattrade.in:443 "POST /PiConnectAPI/Limits HTTP/1.1" 200 None
2026-07-15 08:48:18  WARNING   MIS BUY LODHA: avail=Rs125.54 < needed=Rs580.92 — qty 2→0
2026-07-15 08:48:18  ERROR     MIS BUY LODHA skipped — insufficient capital after reduction
2026-07-15 08:48:26  DEBUG     Starting new HTTPS connection (1): piconnect.flattrade.in:443
2026-07-15 08:48:26  DEBUG     https://piconnect.flattrade.in:443 "POST /PiConnectAPI/Limits HTTP/1.1" 200 None
2026-07-15 08:48:26  WARNING   MIS BUY LODHA: avail=Rs125.54 < needed=Rs580.90 — qty 2→0
2026-07-15 08:48:26  ERROR     MIS BUY LODHA skipped — insufficient capital after reduction
2026-07-15 08:48:30  DEBUG     Sending ping
2026-07-15 08:48:31  DEBUG     Starting new HTTPS connection (1): piconnect.flattrade.in:443
2026-07-15 08:48:31  DEBUG     https://piconnect.flattrade.in:443 "POST /PiConnectAPI/Limits HTTP/1.1" 200 None
2026-07-15 08:48:31  WARNING   MIS BUY LODHA: avail=Rs125.54 < needed=Rs580.90 — qty 2→0
2026-07-15 08:48:31  ERROR     MIS BUY LODHA skipped — insufficient capital after reduction
2026-07-15 08:48:33  DEBUG     Starting new HTTPS connection (1): piconnect.flattrade.in:443
2026-07-15 08:48:33  DEBUG     https://piconnect.flattrade.in:443 "POST /PiConnectAPI/Limits HTTP/1.1" 200 None
2026-07-15 08:48:33  WARNING   MIS BUY LODHA: avail=Rs125.54 < needed=Rs580.90 — qty 2→0
2026-07-15 08:48:33  ERROR     MIS BUY LODHA skipped — insufficient capital after reduction
2026-07-15 08:48:36  DEBUG     Starting new HTTPS connection (1): piconnect.flattrade.in:443
2026-07-15 08:48:36  DEBUG     https://piconnect.flattrade.in:443 "POST /PiConnectAPI/Limits HTTP/1.1" 200 None
2026-07-15 08:48:36  WARNING   MIS BUY LODHA: avail=Rs125.54 < needed=Rs580.90 — qty 2→0
2026-07-15 08:48:36  ERROR     MIS BUY LODHA skipped — insufficient capital after reduction
2026-07-15 08:48:41  DEBUG     Starting new HTTPS connection (1): piconnect.flattrade.in:443
2026-07-15 08:48:41  DEBUG     https://piconnect.flattrade.in:443 "POST /PiConnectAPI/Limits HTTP/1.1" 200 None
2026-07-15 08:48:41  WARNING   MIS BUY LODHA: avail=Rs125.54 < needed=Rs580.90 — qty 2→0
2026-07-15 08:48:41  ERROR     MIS BUY LODHA skipped — insufficient capital after reduction
2026-07-15 08:48:42  DEBUG     Starting new HTTPS connection (1): piconnect.flattrade.in:443
2026-07-15 08:48:42  DEBUG     https://piconnect.flattrade.in:443 "POST /PiConnectAPI/Limits HTTP/1.1" 200 None
2026-07-15 08:48:42  WARNING   MIS BUY LODHA: avail=Rs125.54 < needed=Rs580.90 — qty 2→0
2026-07-15 08:48:42  ERROR     MIS BUY LODHA skipped — insufficient capital after reduction
2026-07-15 08:48:44  DEBUG     Starting new HTTPS connection (1): piconnect.flattrade.in:443
2026-07-15 08:48:44  DEBUG     https://piconnect.flattrade.in:443 "POST /PiConnectAPI/Limits HTTP/1.1" 200 None
2026-07-15 08:48:44  WARNING   MIS BUY LODHA: avail=Rs125.54 < needed=Rs580.90 — qty 2→0
2026-07-15 08:48:44  ERROR     MIS BUY LODHA skipped — insufficient capital after reduction
2026-07-15 08:48:46  DEBUG     Starting new HTTPS connection (1): piconnect.flattrade.in:443
2026-07-15 08:48:47  DEBUG     https://piconnect.flattrade.in:443 "POST /PiConnectAPI/Limits HTTP/1.1" 200 None
2026-07-15 08:48:47  WARNING   MIS BUY LODHA: avail=Rs125.54 < needed=Rs581.42 — qty 2→0
2026-07-15 08:48:47  ERROR     MIS BUY LODHA skipped — insufficient capital after reduction
2026-07-15 08:48:47  DEBUG     Starting new HTTPS connection (1): piconnect.flattrade.in:443
2026-07-15 08:48:47  DEBUG     https://piconnect.flattrade.in:443 "POST /PiConnectAPI/Limits HTTP/1.1" 200 None
2026-07-15 08:48:47  WARNING   MIS BUY LODHA: avail=Rs125.54 < needed=Rs581.42 — qty 2→0
2026-07-15 08:48:47  ERROR     MIS BUY LODHA skipped — insufficient capital after reduction
2026-07-15 08:48:49  DEBUG     Starting new HTTPS connection (1): piconnect.flattrade.in:443
2026-07-15 08:48:49  DEBUG     https://piconnect.flattrade.in:443 "POST /PiConnectAPI/Limits HTTP/1.1" 200 None
2026-07-15 08:48:49  WARNING   MIS BUY LODHA: avail=Rs125.54 < needed=Rs581.42 — qty 2→0
2026-07-15 08:48:49  ERROR     MIS BUY LODHA skipped — insufficient capital after reduction
2026-07-15 08:48:52  DEBUG     Starting new HTTPS connection (1): piconnect.flattrade.in:443
2026-07-15 08:48:52  DEBUG     https://piconnect.flattrade.in:443 "POST /PiConnectAPI/Limits HTTP/1.1" 200 None
2026-07-15 08:48:52  WARNING   MIS BUY LODHA: avail=Rs125.54 < needed=Rs581.15 — qty 2→0
2026-07-15 08:48:52  ERROR     MIS BUY LODHA skipped — insufficient capital after reduction
2026-07-15 08:48:55  DEBUG     Starting new HTTPS connection (1): piconnect.flattrade.in:443
2026-07-15 08:48:55  DEBUG     https://piconnect.flattrade.in:443 "POST /PiConnectAPI/Limits HTTP/1.1" 200 None
2026-07-15 08:48:55  WARNING   MIS BUY LODHA: avail=Rs125.54 < needed=Rs581.15 — qty 2→0
2026-07-15 08:48:55  ERROR     MIS BUY LODHA skipped — insufficient capital after reduction
2026-07-15 08:48:57  DEBUG     Starting new HTTPS connection (1): piconnect.flattrade.in:443
2026-07-15 08:48:57  DEBUG     https://piconnect.flattrade.in:443 "POST /PiConnectAPI/Limits HTTP/1.1" 200 None
2026-07-15 08:48:57  WARNING   MIS BUY LODHA: avail=Rs125.54 < needed=Rs581.08 — qty 2→0
2026-07-15 08:48:57  ERROR     MIS BUY LODHA skipped — insufficient capital after reduction
2026-07-15 08:48:58  DEBUG     Starting new HTTPS connection (1): piconnect.flattrade.in:443
2026-07-15 08:48:58  DEBUG     https://piconnect.flattrade.in:443 "POST /PiConnectAPI/Limits HTTP/1.1" 200 None
2026-07-15 08:48:58  WARNING   MIS BUY LODHA: avail=Rs125.54 < needed=Rs581.08 — qty 2→0
2026-07-15 08:48:58  ERROR     MIS BUY LODHA skipped — insufficient capital after reduction
2026-07-15 08:49:00  DEBUG     Sending ping
2026-07-15 08:49:01  DEBUG     Starting new HTTPS connection (1): piconnect.flattrade.in:443
2026-07-15 08:49:01  DEBUG     https://piconnect.flattrade.in:443 "POST /PiConnectAPI/Limits HTTP/1.1" 200 None
2026-07-15 08:49:01  WARNING   MIS BUY LODHA: avail=Rs125.54 < needed=Rs581.08 — qty 2→0
2026-07-15 08:49:01  ERROR     MIS BUY LODHA skipped — insufficient capital after reduction
2026-07-15 08:49:02  DEBUG     Starting new HTTPS connection (1): piconnect.flattrade.in:443
2026-07-15 08:49:02  DEBUG     https://piconnect.flattrade.in:443 "POST /PiConnectAPI/Limits HTTP/1.1" 200 None
2026-07-15 08:49:02  WARNING   MIS BUY LODHA: avail=Rs125.54 < needed=Rs581.15 — qty 2→0
2026-07-15 08:49:02  ERROR     MIS BUY LODHA skipped — insufficient capital after reduction
2026-07-15 08:49:07  DEBUG     Starting new HTTPS connection (1): piconnect.flattrade.in:443
2026-07-15 08:49:07  DEBUG     https://piconnect.flattrade.in:443 "POST /PiConnectAPI/Limits HTTP/1.1" 200 None
2026-07-15 08:49:07  WARNING   MIS BUY LODHA: avail=Rs125.54 < needed=Rs581.12 — qty 2→0
2026-07-15 08:49:07  ERROR     MIS BUY LODHA skipped — insufficient capital after reduction
2026-07-15 08:49:10  DEBUG     Starting new HTTPS connection (1): piconnect.flattrade.in:443
2026-07-15 08:49:10  DEBUG     https://piconnect.flattrade.in:443 "POST /PiConnectAPI/Limits HTTP/1.1" 200 None
2026-07-15 08:49:10  WARNING   MIS BUY LODHA: avail=Rs125.54 < needed=Rs581.12 — qty 2→0
2026-07-15 08:49:10  ERROR     MIS BUY LODHA skipped — insufficient capital after reduction
2026-07-15 08:49:11  DEBUG     Starting new HTTPS connection (1): piconnect.flattrade.in:443
2026-07-15 08:49:11  DEBUG     https://piconnect.flattrade.in:443 "POST /PiConnectAPI/Limits HTTP/1.1" 200 None
2026-07-15 08:49:11  WARNING   MIS BUY LODHA: avail=Rs125.54 < needed=Rs581.12 — qty 2→0
2026-07-15 08:49:11  ERROR     MIS BUY LODHA skipped — insufficient capital after reduction
2026-07-15 08:49:12  DEBUG     Starting new HTTPS connection (1): piconnect.flattrade.in:443
2026-07-15 08:49:12  DEBUG     https://piconnect.flattrade.in:443 "POST /PiConnectAPI/Limits HTTP/1.1" 200 None
2026-07-15 08:49:12  WARNING   MIS BUY LODHA: avail=Rs125.54 < needed=Rs581.12 — qty 2→0
2026-07-15 08:49:12  ERROR     MIS BUY LODHA skipped — insufficient capital after reduction
2026-07-15 08:49:13  DEBUG     Starting new HTTPS connection (1): piconnect.flattrade.in:443
2026-07-15 08:49:13  DEBUG     https://piconnect.flattrade.in:443 "POST /PiConnectAPI/Limits HTTP/1.1" 200 None
2026-07-15 08:49:13  WARNING   MIS BUY LODHA: avail=Rs125.54 < needed=Rs581.12 — qty 2→0
2026-07-15 08:49:13  ERROR     MIS BUY LODHA skipped — insufficient capital after reduction
2026-07-15 08:49:17  DEBUG     Starting new HTTPS connection (1): piconnect.flattrade.in:443
2026-07-15 08:49:17  DEBUG     https://piconnect.flattrade.in:443 "POST /PiConnectAPI/Limits HTTP/1.1" 200 None
2026-07-15 08:49:17  WARNING   MIS BUY LODHA: avail=Rs125.54 < needed=Rs581.12 — qty 2→0
2026-07-15 08:49:17  ERROR     MIS BUY LODHA skipped — insufficient capital after reduction
2026-07-15 08:49:18  DEBUG     Starting new HTTPS connection (1): piconnect.flattrade.in:443
2026-07-15 08:49:18  DEBUG     https://piconnect.flattrade.in:443 "POST /PiConnectAPI/Limits HTTP/1.1" 200 None
2026-07-15 08:49:18  WARNING   MIS BUY LODHA: avail=Rs125.54 < needed=Rs581.12 — qty 2→0
2026-07-15 08:49:18  ERROR     MIS BUY LODHA skipped — insufficient capital after reduction
2026-07-15 08:49:19  DEBUG     Starting new HTTPS connection (1): piconnect.flattrade.in:443
2026-07-15 08:49:20  DEBUG     https://piconnect.flattrade.in:443 "POST /PiConnectAPI/Limits HTTP/1.1" 200 None
2026-07-15 08:49:20  WARNING   MIS BUY LODHA: avail=Rs125.54 < needed=Rs581.02 — qty 2→0
2026-07-15 08:49:20  ERROR     MIS BUY LODHA skipped — insufficient capital after reduction
2026-07-15 08:49:20  DEBUG     Starting new HTTPS connection (1): piconnect.flattrade.in:443
2026-07-15 08:49:20  DEBUG     https://piconnect.flattrade.in:443 "POST /PiConnectAPI/Limits HTTP/1.1" 200 None
2026-07-15 08:49:20  WARNING   MIS BUY LODHA: avail=Rs125.54 < needed=Rs581.12 — qty 2→0
2026-07-15 08:49:20  ERROR     MIS BUY LODHA skipped — insufficient capital after reduction
2026-07-15 08:49:21  DEBUG     Starting new HTTPS connection (1): piconnect.flattrade.in:443
2026-07-15 08:49:21  DEBUG     https://piconnect.flattrade.in:443 "POST /PiConnectAPI/Limits HTTP/1.1" 200 None
2026-07-15 08:49:21  WARNING   MIS BUY LODHA: avail=Rs125.54 < needed=Rs581.12 — qty 2→0
2026-07-15 08:49:21  ERROR     MIS BUY LODHA skipped — insufficient capital after reduction
2026-07-15 08:49:21  DEBUG     Starting new HTTPS connection (1): piconnect.flattrade.in:443
2026-07-15 08:49:21  DEBUG     https://piconnect.flattrade.in:443 "POST /PiConnectAPI/Limits HTTP/1.1" 200 None
2026-07-15 08:49:21  WARNING   MIS BUY LODHA: avail=Rs125.54 < needed=Rs581.12 — qty 2→0
2026-07-15 08:49:21  ERROR     MIS BUY LODHA skipped — insufficient capital after reduction
2026-07-15 08:49:26  DEBUG     Starting new HTTPS connection (1): piconnect.flattrade.in:443
2026-07-15 08:49:27  DEBUG     https://piconnect.flattrade.in:443 "POST /PiConnectAPI/Limits HTTP/1.1" 200 None
2026-07-15 08:49:27  WARNING   MIS BUY LODHA: avail=Rs125.54 < needed=Rs581.12 — qty 2→0
2026-07-15 08:49:27  ERROR     MIS BUY LODHA skipped — insufficient capital after reduction
2026-07-15 08:49:28  DEBUG     Starting new HTTPS connection (1): piconnect.flattrade.in:443
2026-07-15 08:49:28  DEBUG     https://piconnect.flattrade.in:443 "POST /PiConnectAPI/Limits HTTP/1.1" 200 None
2026-07-15 08:49:28  WARNING   MIS BUY LODHA: avail=Rs125.54 < needed=Rs581.12 — qty 2→0
2026-07-15 08:49:28  ERROR     MIS BUY LODHA skipped — insufficient capital after reduction
2026-07-15 08:49:28  DEBUG     Starting new HTTPS connection (1): piconnect.flattrade.in:443
2026-07-15 08:49:29  DEBUG     https://piconnect.flattrade.in:443 "POST /PiConnectAPI/Limits HTTP/1.1" 200 None
2026-07-15 08:49:29  WARNING   MIS BUY LODHA: avail=Rs125.54 < needed=Rs581.10 — qty 2→0
2026-07-15 08:49:29  ERROR     MIS BUY LODHA skipped — insufficient capital after reduction
2026-07-15 08:49:29  DEBUG     Starting new HTTPS connection (1): piconnect.flattrade.in:443
2026-07-15 08:49:29  DEBUG     https://piconnect.flattrade.in:443 "POST /PiConnectAPI/Limits HTTP/1.1" 200 None
2026-07-15 08:49:29  WARNING   MIS BUY LODHA: avail=Rs125.54 < needed=Rs581.10 — qty 2→0
2026-07-15 08:49:29  ERROR     MIS BUY LODHA skipped — insufficient capital after reduction
2026-07-15 08:49:29  DEBUG     Starting new HTTPS connection (1): piconnect.flattrade.in:443
2026-07-15 08:49:30  DEBUG     https://piconnect.flattrade.in:443 "POST /PiConnectAPI/Limits HTTP/1.1" 200 None
2026-07-15 08:49:30  WARNING   MIS BUY LODHA: avail=Rs125.54 < needed=Rs581.10 — qty 2→0
2026-07-15 08:49:30  ERROR     MIS BUY LODHA skipped — insufficient capital after reduction
2026-07-15 08:49:30  DEBUG     Sending ping
2026-07-15 08:49:31  DEBUG     Starting new HTTPS connection (1): piconnect.flattrade.in:443
2026-07-15 08:49:32  DEBUG     https://piconnect.flattrade.in:443 "POST /PiConnectAPI/Limits HTTP/1.1" 200 None
2026-07-15 08:49:32  WARNING   MIS BUY LODHA: avail=Rs125.54 < needed=Rs581.10 — qty 2→0
2026-07-15 08:49:32  ERROR     MIS BUY LODHA skipped — insufficient capital after reduction
2026-07-15 08:49:34  DEBUG     Starting new HTTPS connection (1): piconnect.flattrade.in:443
2026-07-15 08:49:34  DEBUG     https://piconnect.flattrade.in:443 "POST /PiConnectAPI/Limits HTTP/1.1" 200 None
2026-07-15 08:49:34  WARNING   MIS BUY LODHA: avail=Rs125.54 < needed=Rs581.10 — qty 2→0
2026-07-15 08:49:34  ERROR     MIS BUY LODHA skipped — insufficient capital after reduction
2026-07-15 08:49:36  DEBUG     Starting new HTTPS connection (1): piconnect.flattrade.in:443
2026-07-15 08:49:36  DEBUG     https://piconnect.flattrade.in:443 "POST /PiConnectAPI/Limits HTTP/1.1" 200 None
2026-07-15 08:49:36  WARNING   MIS BUY LODHA: avail=Rs125.54 < needed=Rs581.10 — qty 2→0
2026-07-15 08:49:36  ERROR     MIS BUY LODHA skipped — insufficient capital after reduction
2026-07-15 08:49:37  DEBUG     Starting new HTTPS connection (1): piconnect.flattrade.in:443
2026-07-15 08:49:37  DEBUG     https://piconnect.flattrade.in:443 "POST /PiConnectAPI/Limits HTTP/1.1" 200 None
2026-07-15 08:49:37  WARNING   MIS BUY LODHA: avail=Rs125.54 < needed=Rs581.10 — qty 2→0
2026-07-15 08:49:37  ERROR     MIS BUY LODHA skipped — insufficient capital after reduction
2026-07-15 08:49:38  DEBUG     Starting new HTTPS connection (1): piconnect.flattrade.in:443
2026-07-15 08:49:39  DEBUG     https://piconnect.flattrade.in:443 "POST /PiConnectAPI/Limits HTTP/1.1" 200 None
2026-07-15 08:49:39  WARNING   MIS BUY LODHA: avail=Rs125.54 < needed=Rs581.08 — qty 2→0
2026-07-15 08:49:39  ERROR     MIS BUY LODHA skipped — insufficient capital after reduction
2026-07-15 08:49:41  DEBUG     Starting new HTTPS connection (1): piconnect.flattrade.in:443
2026-07-15 08:49:42  DEBUG     https://piconnect.flattrade.in:443 "POST /PiConnectAPI/Limits HTTP/1.1" 200 None
2026-07-15 08:49:42  WARNING   MIS BUY LODHA: avail=Rs125.54 < needed=Rs581.08 — qty 2→0
2026-07-15 08:49:42  ERROR     MIS BUY LODHA skipped — insufficient capital after reduction
2026-07-15 08:49:42  DEBUG     Starting new HTTPS connection (1): piconnect.flattrade.in:443
2026-07-15 08:49:43  DEBUG     https://piconnect.flattrade.in:443 "POST /PiConnectAPI/Limits HTTP/1.1" 200 None
2026-07-15 08:49:43  WARNING   MIS BUY LODHA: avail=Rs125.54 < needed=Rs581.08 — qty 2→0
2026-07-15 08:49:43  ERROR     MIS BUY LODHA skipped — insufficient capital after reduction
2026-07-15 08:49:43  DEBUG     Starting new HTTPS connection (1): piconnect.flattrade.in:443
2026-07-15 08:49:43  DEBUG     https://piconnect.flattrade.in:443 "POST /PiConnectAPI/Limits HTTP/1.1" 200 None
2026-07-15 08:49:43  WARNING   MIS BUY LODHA: avail=Rs125.54 < needed=Rs581.08 — qty 2→0
2026-07-15 08:49:43  ERROR     MIS BUY LODHA skipped — insufficient capital after reduction
2026-07-15 08:49:43  DEBUG     Starting new HTTPS connection (1): piconnect.flattrade.in:443
2026-07-15 08:49:44  DEBUG     https://piconnect.flattrade.in:443 "POST /PiConnectAPI/Limits HTTP/1.1" 200 None
2026-07-15 08:49:44  WARNING   MIS BUY LODHA: avail=Rs125.54 < needed=Rs581.08 — qty 2→0
2026-07-15 08:49:44  ERROR     MIS BUY LODHA skipped — insufficient capital after reduction
2026-07-15 08:49:45  DEBUG     Starting new HTTPS connection (1): piconnect.flattrade.in:443
2026-07-15 08:49:45  DEBUG     https://piconnect.flattrade.in:443 "POST /PiConnectAPI/Limits HTTP/1.1" 200 None
2026-07-15 08:49:45  WARNING   MIS BUY LODHA: avail=Rs125.54 < needed=Rs581.08 — qty 2→0
2026-07-15 08:49:45  ERROR     MIS BUY LODHA skipped — insufficient capital after reduction
2026-07-15 08:49:46  DEBUG     Starting new HTTPS connection (1): piconnect.flattrade.in:443
2026-07-15 08:49:47  DEBUG     https://piconnect.flattrade.in:443 "POST /PiConnectAPI/Limits HTTP/1.1" 200 None
2026-07-15 08:49:47  WARNING   MIS BUY LODHA: avail=Rs125.54 < needed=Rs581.08 — qty 2→0
2026-07-15 08:49:47  ERROR     MIS BUY LODHA skipped — insufficient capital after reduction
2026-07-15 08:49:47  DEBUG     Starting new HTTPS connection (1): piconnect.flattrade.in:443
2026-07-15 08:49:48  DEBUG     https://piconnect.flattrade.in:443 "POST /PiConnectAPI/Limits HTTP/1.1" 200 None
2026-07-15 08:49:48  WARNING   MIS BUY LODHA: avail=Rs125.54 < needed=Rs581.08 — qty 2→0
2026-07-15 08:49:48  ERROR     MIS BUY LODHA skipped — insufficient capital after reduction
2026-07-15 08:49:48  DEBUG     Starting new HTTPS connection (1): piconnect.flattrade.in:443
2026-07-15 08:49:49  DEBUG     https://piconnect.flattrade.in:443 "POST /PiConnectAPI/Limits HTTP/1.1" 200 None
2026-07-15 08:49:49  WARNING   MIS BUY LODHA: avail=Rs125.54 < needed=Rs581.08 — qty 2→0
2026-07-15 08:49:49  ERROR     MIS BUY LODHA skipped — insufficient capital after reduction
2026-07-15 08:49:49  DEBUG     Starting new HTTPS connection (1): piconnect.flattrade.in:443
2026-07-15 08:49:50  DEBUG     https://piconnect.flattrade.in:443 "POST /PiConnectAPI/Limits HTTP/1.1" 200 None
2026-07-15 08:49:50  WARNING   MIS BUY LODHA: avail=Rs125.54 < needed=Rs581.08 — qty 2→0
2026-07-15 08:49:50  ERROR     MIS BUY LODHA skipped — insufficient capital after reduction
2026-07-15 08:49:51  DEBUG     Starting new HTTPS connection (1): piconnect.flattrade.in:443
2026-07-15 08:49:51  DEBUG     https://piconnect.flattrade.in:443 "POST /PiConnectAPI/Limits HTTP/1.1" 200 None
2026-07-15 08:49:51  WARNING   MIS BUY LODHA: avail=Rs125.54 < needed=Rs581.08 — qty 2→0
2026-07-15 08:49:51  ERROR     MIS BUY LODHA skipped — insufficient capital after reduction
2026-07-15 08:49:52  DEBUG     Starting new HTTPS connection (1): piconnect.flattrade.in:443
2026-07-15 08:49:52  DEBUG     https://piconnect.flattrade.in:443 "POST /PiConnectAPI/Limits HTTP/1.1" 200 None
2026-07-15 08:49:52  WARNING   MIS BUY LODHA: avail=Rs125.54 < needed=Rs581.08 — qty 2→0
2026-07-15 08:49:52  ERROR     MIS BUY LODHA skipped — insufficient capital after reduction
2026-07-15 08:49:52  DEBUG     Starting new HTTPS connection (1): piconnect.flattrade.in:443
2026-07-15 08:49:52  DEBUG     https://piconnect.flattrade.in:443 "POST /PiConnectAPI/Limits HTTP/1.1" 200 None
2026-07-15 08:49:52  WARNING   MIS BUY LODHA: avail=Rs125.54 < needed=Rs581.08 — qty 2→0
2026-07-15 08:49:52  ERROR     MIS BUY LODHA skipped — insufficient capital after reduction
2026-07-15 08:49:53  DEBUG     Starting new HTTPS connection (1): piconnect.flattrade.in:443
2026-07-15 08:49:53  DEBUG     https://piconnect.flattrade.in:443 "POST /PiConnectAPI/Limits HTTP/1.1" 200 None
2026-07-15 08:49:53  WARNING   MIS BUY LODHA: avail=Rs125.54 < needed=Rs581.08 — qty 2→0
2026-07-15 08:49:53  ERROR     MIS BUY LODHA skipped — insufficient capital after reduction
2026-07-15 08:49:54  DEBUG     Starting new HTTPS connection (1): piconnect.flattrade.in:443
2026-07-15 08:49:54  DEBUG     https://piconnect.flattrade.in:443 "POST /PiConnectAPI/Limits HTTP/1.1" 200 None
2026-07-15 08:49:54  WARNING   MIS BUY LODHA: avail=Rs125.54 < needed=Rs581.08 — qty 2→0
2026-07-15 08:49:54  ERROR     MIS BUY LODHA skipped — insufficient capital after reduction
2026-07-15 08:49:55  DEBUG     Starting new HTTPS connection (1): piconnect.flattrade.in:443
2026-07-15 08:49:55  DEBUG     https://piconnect.flattrade.in:443 "POST /PiConnectAPI/Limits HTTP/1.1" 200 None
2026-07-15 08:49:55  WARNING   MIS BUY LODHA: avail=Rs125.54 < needed=Rs581.08 — qty 2→0
2026-07-15 08:49:55  ERROR     MIS BUY LODHA skipped — insufficient capital after reduction
2026-07-15 08:49:56  DEBUG     Starting new HTTPS connection (1): piconnect.flattrade.in:443
2026-07-15 08:49:56  DEBUG     https://piconnect.flattrade.in:443 "POST /PiConnectAPI/Limits HTTP/1.1" 200 None
2026-07-15 08:49:56  WARNING   MIS BUY LODHA: avail=Rs125.54 < needed=Rs581.08 — qty 2→0
2026-07-15 08:49:56  ERROR     MIS BUY LODHA skipped — insufficient capital after reduction
2026-07-15 08:49:57  DEBUG     Starting new HTTPS connection (1): piconnect.flattrade.in:443
2026-07-15 08:49:57  DEBUG     https://piconnect.flattrade.in:443 "POST /PiConnectAPI/Limits HTTP/1.1" 200 None
2026-07-15 08:49:57  WARNING   MIS BUY LODHA: avail=Rs125.54 < needed=Rs581.08 — qty 2→0
2026-07-15 08:49:57  ERROR     MIS BUY LODHA skipped — insufficient capital after reduction
2026-07-15 08:49:58  DEBUG     Starting new HTTPS connection (1): piconnect.flattrade.in:443
2026-07-15 08:49:58  DEBUG     https://piconnect.flattrade.in:443 "POST /PiConnectAPI/Limits HTTP/1.1" 200 None
2026-07-15 08:49:58  WARNING   MIS BUY LODHA: avail=Rs125.54 < needed=Rs581.08 — qty 2→0
2026-07-15 08:49:58  ERROR     MIS BUY LODHA skipped — insufficient capital after reduction
2026-07-15 08:49:58  DEBUG     Starting new HTTPS connection (1): piconnect.flattrade.in:443
2026-07-15 08:49:58  DEBUG     https://piconnect.flattrade.in:443 "POST /PiConnectAPI/Limits HTTP/1.1" 200 None
2026-07-15 08:49:58  WARNING   MIS BUY LODHA: avail=Rs125.54 < needed=Rs581.08 — qty 2→0
2026-07-15 08:49:58  ERROR     MIS BUY LODHA skipped — insufficient capital after reduction
2026-07-15 08:49:59  DEBUG     Starting new HTTPS connection (1): piconnect.flattrade.in:443
2026-07-15 08:49:59  DEBUG     https://piconnect.flattrade.in:443 "POST /PiConnectAPI/Limits HTTP/1.1" 200 None
2026-07-15 08:49:59  WARNING   MIS BUY LODHA: avail=Rs125.54 < needed=Rs581.08 — qty 2→0
2026-07-15 08:49:59  ERROR     MIS BUY LODHA skipped — insufficient capital after reduction
2026-07-15 08:50:00  DEBUG     Sending ping
2026-07-15 08:50:01  DEBUG     Starting new HTTPS connection (1): piconnect.flattrade.in:443
2026-07-15 08:50:01  DEBUG     https://piconnect.flattrade.in:443 "POST /PiConnectAPI/Limits HTTP/1.1" 200 None
2026-07-15 08:50:01  WARNING   MIS BUY LODHA: avail=Rs125.54 < needed=Rs581.08 — qty 2→0
2026-07-15 08:50:01  ERROR     MIS BUY LODHA skipped — insufficient capital after reduction
2026-07-15 08:50:01  DEBUG     Starting new HTTPS connection (1): piconnect.flattrade.in:443
2026-07-15 08:50:01  DEBUG     https://piconnect.flattrade.in:443 "POST /PiConnectAPI/Limits HTTP/1.1" 200 None
2026-07-15 08:50:01  WARNING   MIS BUY LODHA: avail=Rs125.54 < needed=Rs581.08 — qty 2→0
2026-07-15 08:50:01  ERROR     MIS BUY LODHA skipped — insufficient capital after reduction
2026-07-15 08:50:05  DEBUG     Starting new HTTPS connection (1): piconnect.flattrade.in:443
2026-07-15 08:50:05  DEBUG     https://piconnect.flattrade.in:443 "POST /PiConnectAPI/Limits HTTP/1.1" 200 None
2026-07-15 08:50:05  WARNING   MIS BUY LODHA: avail=Rs125.54 < needed=Rs581.08 — qty 2→0
2026-07-15 08:50:05  ERROR     MIS BUY LODHA skipped — insufficient capital after reduction
2026-07-15 08:50:08  DEBUG     Starting new HTTPS connection (1): piconnect.flattrade.in:443
2026-07-15 08:50:08  DEBUG     https://piconnect.flattrade.in:443 "POST /PiConnectAPI/Limits HTTP/1.1" 200 None
2026-07-15 08:50:08  WARNING   MIS BUY LODHA: avail=Rs125.54 < needed=Rs581.12 — qty 2→0
2026-07-15 08:50:08  ERROR     MIS BUY LODHA skipped — insufficient capital after reduction
2026-07-15 08:50:09  DEBUG     Starting new HTTPS connection (1): piconnect.flattrade.in:443
2026-07-15 08:50:09  DEBUG     https://piconnect.flattrade.in:443 "POST /PiConnectAPI/Limits HTTP/1.1" 200 None
2026-07-15 08:50:09  WARNING   MIS BUY LODHA: avail=Rs125.54 < needed=Rs581.12 — qty 2→0
2026-07-15 08:50:09  ERROR     MIS BUY LODHA skipped — insufficient capital after reduction
2026-07-15 08:50:10  DEBUG     Starting new HTTPS connection (1): piconnect.flattrade.in:443
2026-07-15 08:50:10  DEBUG     https://piconnect.flattrade.in:443 "POST /PiConnectAPI/Limits HTTP/1.1" 200 None
2026-07-15 08:50:10  WARNING   MIS BUY LODHA: avail=Rs125.54 < needed=Rs581.10 — qty 2→0
2026-07-15 08:50:10  ERROR     MIS BUY LODHA skipped — insufficient capital after reduction
2026-07-15 08:50:11  DEBUG     Starting new HTTPS connection (1): piconnect.flattrade.in:443
2026-07-15 08:50:11  DEBUG     https://piconnect.flattrade.in:443 "POST /PiConnectAPI/Limits HTTP/1.1" 200 None
2026-07-15 08:50:11  WARNING   MIS BUY LODHA: avail=Rs125.54 < needed=Rs581.10 — qty 2→0
2026-07-15 08:50:11  ERROR     MIS BUY LODHA skipped — insufficient capital after reduction
2026-07-15 08:50:11  DEBUG     Starting new HTTPS connection (1): piconnect.flattrade.in:443
2026-07-15 08:50:11  DEBUG     https://piconnect.flattrade.in:443 "POST /PiConnectAPI/Limits HTTP/1.1" 200 None
2026-07-15 08:50:11  WARNING   MIS BUY LODHA: avail=Rs125.54 < needed=Rs581.10 — qty 2→0
2026-07-15 08:50:11  ERROR     MIS BUY LODHA skipped — insufficient capital after reduction
2026-07-15 08:50:12  DEBUG     Starting new HTTPS connection (1): piconnect.flattrade.in:443
2026-07-15 08:50:12  DEBUG     https://piconnect.flattrade.in:443 "POST /PiConnectAPI/Limits HTTP/1.1" 200 None
2026-07-15 08:50:12  WARNING   MIS BUY LODHA: avail=Rs125.54 < needed=Rs581.10 — qty 2→0
2026-07-15 08:50:12  ERROR     MIS BUY LODHA skipped — insufficient capital after reduction
2026-07-15 08:50:13  DEBUG     Starting new HTTPS connection (1): piconnect.flattrade.in:443
2026-07-15 08:50:13  DEBUG     https://piconnect.flattrade.in:443 "POST /PiConnectAPI/Limits HTTP/1.1" 200 None
2026-07-15 08:50:13  WARNING   MIS BUY LODHA: avail=Rs125.54 < needed=Rs581.10 — qty 2→0
2026-07-15 08:50:13  ERROR     MIS BUY LODHA skipped — insufficient capital after reduction
2026-07-15 08:50:14  DEBUG     Starting new HTTPS connection (1): piconnect.flattrade.in:443
2026-07-15 08:50:14  DEBUG     https://piconnect.flattrade.in:443 "POST /PiConnectAPI/Limits HTTP/1.1" 200 None
2026-07-15 08:50:14  WARNING   MIS BUY LODHA: avail=Rs125.54 < needed=Rs581.10 — qty 2→0
2026-07-15 08:50:14  ERROR     MIS BUY LODHA skipped — insufficient capital after reduction
2026-07-15 08:50:14  DEBUG     Starting new HTTPS connection (1): piconnect.flattrade.in:443
2026-07-15 08:50:14  DEBUG     https://piconnect.flattrade.in:443 "POST /PiConnectAPI/Limits HTTP/1.1" 200 None
2026-07-15 08:50:14  WARNING   MIS BUY LODHA: avail=Rs125.54 < needed=Rs581.10 — qty 2→0
2026-07-15 08:50:14  ERROR     MIS BUY LODHA skipped — insufficient capital after reduction
2026-07-15 08:50:15  DEBUG     Starting new HTTPS connection (1): piconnect.flattrade.in:443
2026-07-15 08:50:15  DEBUG     https://piconnect.flattrade.in:443 "POST /PiConnectAPI/Limits HTTP/1.1" 200 None
2026-07-15 08:50:15  WARNING   MIS BUY LODHA: avail=Rs125.54 < needed=Rs581.10 — qty 2→0
2026-07-15 08:50:15  ERROR     MIS BUY LODHA skipped — insufficient capital after reduction
2026-07-15 08:50:17  DEBUG     Starting new HTTPS connection (1): piconnect.flattrade.in:443
2026-07-15 08:50:17  DEBUG     https://piconnect.flattrade.in:443 "POST /PiConnectAPI/Limits HTTP/1.1" 200 None
2026-07-15 08:50:17  WARNING   MIS BUY LODHA: avail=Rs125.54 < needed=Rs581.10 — qty 2→0
2026-07-15 08:50:17  ERROR     MIS BUY LODHA skipped — insufficient capital after reduction
2026-07-15 08:50:18  DEBUG     Starting new HTTPS connection (1): piconnect.flattrade.in:443
2026-07-15 08:50:18  DEBUG     https://piconnect.flattrade.in:443 "POST /PiConnectAPI/Limits HTTP/1.1" 200 None
2026-07-15 08:50:18  WARNING   MIS BUY LODHA: avail=Rs125.54 < needed=Rs581.10 — qty 2→0
2026-07-15 08:50:18  ERROR     MIS BUY LODHA skipped — insufficient capital after reduction
2026-07-15 08:50:21  DEBUG     Starting new HTTPS connection (1): piconnect.flattrade.in:443
2026-07-15 08:50:24  DEBUG     https://piconnect.flattrade.in:443 "POST /PiConnectAPI/Limits HTTP/1.1" 200 None
2026-07-15 08:50:24  WARNING   MIS BUY LODHA: avail=Rs125.54 < needed=Rs581.05 — qty 2→0
2026-07-15 08:50:24  ERROR     MIS BUY LODHA skipped — insufficient capital after reduction
2026-07-15 08:50:26  DEBUG     Starting new HTTPS connection (1): piconnect.flattrade.in:443
2026-07-15 08:50:26  DEBUG     https://piconnect.flattrade.in:443 "POST /PiConnectAPI/Limits HTTP/1.1" 200 None
2026-07-15 08:50:26  WARNING   MIS BUY LODHA: avail=Rs125.54 < needed=Rs581.05 — qty 2→0
2026-07-15 08:50:26  ERROR     MIS BUY LODHA skipped — insufficient capital after reduction
2026-07-15 08:50:29  DEBUG     Starting new HTTPS connection (1): piconnect.flattrade.in:443
2026-07-15 08:50:29  DEBUG     https://piconnect.flattrade.in:443 "POST /PiConnectAPI/Limits HTTP/1.1" 200 None
2026-07-15 08:50:29  WARNING   MIS BUY LODHA: avail=Rs125.54 < needed=Rs581.05 — qty 2→0
2026-07-15 08:50:29  ERROR     MIS BUY LODHA skipped — insufficient capital after reduction
2026-07-15 08:50:30  DEBUG     Starting new HTTPS connection (1): piconnect.flattrade.in:443
2026-07-15 08:50:30  DEBUG     Sending ping
2026-07-15 08:50:31  DEBUG     https://piconnect.flattrade.in:443 "POST /PiConnectAPI/Limits HTTP/1.1" 200 None
2026-07-15 08:50:31  WARNING   MIS BUY LODHA: avail=Rs125.54 < needed=Rs581.05 — qty 2→0
2026-07-15 08:50:31  ERROR     MIS BUY LODHA skipped — insufficient capital after reduction
2026-07-15 08:50:34  DEBUG     Starting new HTTPS connection (1): piconnect.flattrade.in:443
2026-07-15 08:50:34  DEBUG     https://piconnect.flattrade.in:443 "POST /PiConnectAPI/Limits HTTP/1.1" 200 None
2026-07-15 08:50:34  WARNING   MIS BUY LODHA: avail=Rs125.54 < needed=Rs581.05 — qty 2→0
2026-07-15 08:50:34  ERROR     MIS BUY LODHA skipped — insufficient capital after reduction
2026-07-15 08:50:35  DEBUG     Starting new HTTPS connection (1): piconnect.flattrade.in:443
2026-07-15 08:50:35  DEBUG     https://piconnect.flattrade.in:443 "POST /PiConnectAPI/Limits HTTP/1.1" 200 None
2026-07-15 08:50:35  WARNING   MIS BUY LODHA: avail=Rs125.54 < needed=Rs581.05 — qty 2→0
2026-07-15 08:50:35  ERROR     MIS BUY LODHA skipped — insufficient capital after reduction
2026-07-15 08:50:37  DEBUG     Starting new HTTPS connection (1): piconnect.flattrade.in:443
2026-07-15 08:50:37  DEBUG     https://piconnect.flattrade.in:443 "POST /PiConnectAPI/Limits HTTP/1.1" 200 None
2026-07-15 08:50:37  WARNING   MIS BUY LODHA: avail=Rs125.54 < needed=Rs581.05 — qty 2→0
2026-07-15 08:50:37  ERROR     MIS BUY LODHA skipped — insufficient capital after reduction
2026-07-15 08:50:40  DEBUG     Starting new HTTPS connection (1): piconnect.flattrade.in:443
2026-07-15 08:50:40  DEBUG     https://piconnect.flattrade.in:443 "POST /PiConnectAPI/Limits HTTP/1.1" 200 None
2026-07-15 08:50:40  WARNING   MIS BUY LODHA: avail=Rs125.54 < needed=Rs581.05 — qty 2→0
2026-07-15 08:50:40  ERROR     MIS BUY LODHA skipped — insufficient capital after reduction
2026-07-15 08:50:44  DEBUG     Starting new HTTPS connection (1): piconnect.flattrade.in:443
2026-07-15 08:50:45  DEBUG     https://piconnect.flattrade.in:443 "POST /PiConnectAPI/Limits HTTP/1.1" 200 None
2026-07-15 08:50:45  WARNING   MIS BUY LODHA: avail=Rs125.54 < needed=Rs581.10 — qty 2→0
2026-07-15 08:50:45  ERROR     MIS BUY LODHA skipped — insufficient capital after reduction
2026-07-15 08:50:50  DEBUG     Starting new HTTPS connection (1): piconnect.flattrade.in:443
2026-07-15 08:50:50  DEBUG     https://piconnect.flattrade.in:443 "POST /PiConnectAPI/Limits HTTP/1.1" 200 None
2026-07-15 08:50:50  WARNING   MIS BUY LODHA: avail=Rs125.54 < needed=Rs581.10 — qty 2→0
2026-07-15 08:50:50  ERROR     MIS BUY LODHA skipped — insufficient capital after reduction
2026-07-15 08:50:55  DEBUG     Starting new HTTPS connection (1): piconnect.flattrade.in:443
2026-07-15 08:50:55  DEBUG     https://piconnect.flattrade.in:443 "POST /PiConnectAPI/Limits HTTP/1.1" 200 None
2026-07-15 08:50:55  WARNING   MIS BUY LODHA: avail=Rs125.54 < needed=Rs581.10 — qty 2→0
2026-07-15 08:50:55  ERROR     MIS BUY LODHA skipped — insufficient capital after reduction
2026-07-15 08:51:00  DEBUG     Starting new HTTPS connection (1): piconnect.flattrade.in:443
2026-07-15 08:51:00  DEBUG     https://piconnect.flattrade.in:443 "POST /PiConnectAPI/Limits HTTP/1.1" 200 None
2026-07-15 08:51:00  WARNING   MIS BUY LODHA: avail=Rs125.54 < needed=Rs581.12 — qty 2→0
2026-07-15 08:51:00  ERROR     MIS BUY LODHA skipped — insufficient capital after reduction
2026-07-15 08:51:00  DEBUG     Sending ping
2026-07-15 08:51:05  DEBUG     Starting new HTTPS connection (1): piconnect.flattrade.in:443
2026-07-15 08:51:06  DEBUG     https://piconnect.flattrade.in:443 "POST /PiConnectAPI/Limits HTTP/1.1" 200 None
2026-07-15 08:51:06  WARNING   MIS BUY LODHA: avail=Rs125.54 < needed=Rs581.08 — qty 2→0
2026-07-15 08:51:06  ERROR     MIS BUY LODHA skipped — insufficient capital after reduction
2026-07-15 08:51:11  DEBUG     Starting new HTTPS connection (1): piconnect.flattrade.in:443
2026-07-15 08:51:11  DEBUG     https://piconnect.flattrade.in:443 "POST /PiConnectAPI/Limits HTTP/1.1" 200 None
2026-07-15 08:51:11  WARNING   MIS BUY LODHA: avail=Rs125.54 < needed=Rs581.08 — qty 2→0
2026-07-15 08:51:11  ERROR     MIS BUY LODHA skipped — insufficient capital after reduction
2026-07-15 08:51:13  DEBUG     Starting new HTTPS connection (1): piconnect.flattrade.in:443
2026-07-15 08:51:13  DEBUG     https://piconnect.flattrade.in:443 "POST /PiConnectAPI/Limits HTTP/1.1" 200 None
2026-07-15 08:51:13  WARNING   MIS BUY LODHA: avail=Rs125.54 < needed=Rs581.08 — qty 2→0
2026-07-15 08:51:13  ERROR     MIS BUY LODHA skipped — insufficient capital after reduction
2026-07-15 08:51:16  DEBUG     Starting new HTTPS connection (1): piconnect.flattrade.in:443
2026-07-15 08:51:16  DEBUG     https://piconnect.flattrade.in:443 "POST /PiConnectAPI/Limits HTTP/1.1" 200 None
2026-07-15 08:51:16  WARNING   MIS BUY LODHA: avail=Rs125.54 < needed=Rs581.08 — qty 2→0
2026-07-15 08:51:16  ERROR     MIS BUY LODHA skipped — insufficient capital after reduction
2026-07-15 08:51:16  DEBUG     Starting new HTTPS connection (1): piconnect.flattrade.in:443
2026-07-15 08:51:16  DEBUG     https://piconnect.flattrade.in:443 "POST /PiConnectAPI/Limits HTTP/1.1" 200 None
2026-07-15 08:51:16  WARNING   MIS BUY LODHA: avail=Rs125.54 < needed=Rs580.98 — qty 2→0
2026-07-15 08:51:16  ERROR     MIS BUY LODHA skipped — insufficient capital after reduction
2026-07-15 08:51:19  DEBUG     Starting new HTTPS connection (1): piconnect.flattrade.in:443
2026-07-15 08:51:19  DEBUG     https://piconnect.flattrade.in:443 "POST /PiConnectAPI/Limits HTTP/1.1" 200 None
2026-07-15 08:51:19  WARNING   MIS BUY LODHA: avail=Rs125.54 < needed=Rs580.98 — qty 2→0
2026-07-15 08:51:19  ERROR     MIS BUY LODHA skipped — insufficient capital after reduction
2026-07-15 08:51:21  DEBUG     Starting new HTTPS connection (1): piconnect.flattrade.in:443
2026-07-15 08:51:21  DEBUG     https://piconnect.flattrade.in:443 "POST /PiConnectAPI/Limits HTTP/1.1" 200 None
2026-07-15 08:51:21  WARNING   MIS BUY LODHA: avail=Rs125.54 < needed=Rs580.92 — qty 2→0
2026-07-15 08:51:21  ERROR     MIS BUY LODHA skipped — insufficient capital after reduction
2026-07-15 08:51:26  DEBUG     Starting new HTTPS connection (1): piconnect.flattrade.in:443
2026-07-15 08:51:26  DEBUG     https://piconnect.flattrade.in:443 "POST /PiConnectAPI/Limits HTTP/1.1" 200 None
2026-07-15 08:51:26  WARNING   MIS BUY LODHA: avail=Rs125.54 < needed=Rs580.90 — qty 2→0
2026-07-15 08:51:26  ERROR     MIS BUY LODHA skipped — insufficient capital after reduction
2026-07-15 08:51:29  DEBUG     Starting new HTTPS connection (1): piconnect.flattrade.in:443
2026-07-15 08:51:29  DEBUG     https://piconnect.flattrade.in:443 "POST /PiConnectAPI/Limits HTTP/1.1" 200 None
2026-07-15 08:51:29  WARNING   MIS BUY LODHA: avail=Rs125.54 < needed=Rs580.90 — qty 2→0
2026-07-15 08:51:29  ERROR     MIS BUY LODHA skipped — insufficient capital after reduction
2026-07-15 08:51:30  DEBUG     Sending ping
2026-07-15 08:51:31  DEBUG     Starting new HTTPS connection (1): piconnect.flattrade.in:443
2026-07-15 08:51:31  DEBUG     https://piconnect.flattrade.in:443 "POST /PiConnectAPI/Limits HTTP/1.1" 200 None
2026-07-15 08:51:31  WARNING   MIS BUY LODHA: avail=Rs125.54 < needed=Rs580.98 — qty 2→0
2026-07-15 08:51:31  ERROR     MIS BUY LODHA skipped — insufficient capital after reduction
2026-07-15 08:51:34  DEBUG     Starting new HTTPS connection (1): piconnect.flattrade.in:443
2026-07-15 08:51:34  DEBUG     https://piconnect.flattrade.in:443 "POST /PiConnectAPI/Limits HTTP/1.1" 200 None
2026-07-15 08:51:34  WARNING   MIS BUY LODHA: avail=Rs125.54 < needed=Rs580.98 — qty 2→0
2026-07-15 08:51:34  ERROR     MIS BUY LODHA skipped — insufficient capital after reduction
2026-07-15 08:51:36  DEBUG     Starting new HTTPS connection (1): piconnect.flattrade.in:443
2026-07-15 08:51:36  DEBUG     https://piconnect.flattrade.in:443 "POST /PiConnectAPI/Limits HTTP/1.1" 200 None
2026-07-15 08:51:36  WARNING   MIS BUY LODHA: avail=Rs125.54 < needed=Rs580.98 — qty 2→0
2026-07-15 08:51:36  ERROR     MIS BUY LODHA skipped — insufficient capital after reduction
2026-07-15 08:51:37  DEBUG     Starting new HTTPS connection (1): piconnect.flattrade.in:443
2026-07-15 08:51:37  DEBUG     https://piconnect.flattrade.in:443 "POST /PiConnectAPI/Limits HTTP/1.1" 200 None
2026-07-15 08:51:37  WARNING   MIS BUY LODHA: avail=Rs125.54 < needed=Rs580.98 — qty 2→0
2026-07-15 08:51:37  ERROR     MIS BUY LODHA skipped — insufficient capital after reduction
2026-07-15 08:51:41  DEBUG     Starting new HTTPS connection (1): piconnect.flattrade.in:443
2026-07-15 08:51:41  DEBUG     https://piconnect.flattrade.in:443 "POST /PiConnectAPI/Limits HTTP/1.1" 200 None
2026-07-15 08:51:41  WARNING   MIS BUY LODHA: avail=Rs125.54 < needed=Rs580.98 — qty 2→0
2026-07-15 08:51:41  ERROR     MIS BUY LODHA skipped — insufficient capital after reduction
2026-07-15 08:51:43  DEBUG     Starting new HTTPS connection (1): piconnect.flattrade.in:443
2026-07-15 08:51:43  DEBUG     https://piconnect.flattrade.in:443 "POST /PiConnectAPI/Limits HTTP/1.1" 200 None
2026-07-15 08:51:43  WARNING   MIS BUY LODHA: avail=Rs125.54 < needed=Rs580.98 — qty 2→0
2026-07-15 08:51:43  ERROR     MIS BUY LODHA skipped — insufficient capital after reduction
2026-07-15 08:51:45  DEBUG     Starting new HTTPS connection (1): piconnect.flattrade.in:443
2026-07-15 08:51:45  DEBUG     https://piconnect.flattrade.in:443 "POST /PiConnectAPI/Limits HTTP/1.1" 200 None
2026-07-15 08:51:45  WARNING   MIS BUY LODHA: avail=Rs125.54 < needed=Rs580.98 — qty 2→0
2026-07-15 08:51:45  ERROR     MIS BUY LODHA skipped — insufficient capital after reduction
2026-07-15 08:51:46  DEBUG     Starting new HTTPS connection (1): piconnect.flattrade.in:443
2026-07-15 08:51:46  DEBUG     https://piconnect.flattrade.in:443 "POST /PiConnectAPI/Limits HTTP/1.1" 200 None
2026-07-15 08:51:46  WARNING   MIS BUY LODHA: avail=Rs125.54 < needed=Rs580.95 — qty 2→0
2026-07-15 08:51:46  ERROR     MIS BUY LODHA skipped — insufficient capital after reduction
2026-07-15 08:51:51  DEBUG     Starting new HTTPS connection (1): piconnect.flattrade.in:443
2026-07-15 08:51:51  DEBUG     https://piconnect.flattrade.in:443 "POST /PiConnectAPI/Limits HTTP/1.1" 200 None
2026-07-15 08:51:51  WARNING   MIS BUY LODHA: avail=Rs125.54 < needed=Rs580.95 — qty 2→0
2026-07-15 08:51:51  ERROR     MIS BUY LODHA skipped — insufficient capital after reduction
2026-07-15 08:51:54  DEBUG     Starting new HTTPS connection (1): piconnect.flattrade.in:443
2026-07-15 08:51:54  DEBUG     https://piconnect.flattrade.in:443 "POST /PiConnectAPI/Limits HTTP/1.1" 200 None
2026-07-15 08:51:54  WARNING   MIS BUY LODHA: avail=Rs125.54 < needed=Rs580.95 — qty 2→0
2026-07-15 08:51:54  ERROR     MIS BUY LODHA skipped — insufficient capital after reduction
2026-07-15 08:51:56  DEBUG     Starting new HTTPS connection (1): piconnect.flattrade.in:443
2026-07-15 08:51:56  DEBUG     https://piconnect.flattrade.in:443 "POST /PiConnectAPI/Limits HTTP/1.1" 200 None
2026-07-15 08:51:56  WARNING   MIS BUY LODHA: avail=Rs125.54 < needed=Rs580.95 — qty 2→0
2026-07-15 08:51:56  ERROR     MIS BUY LODHA skipped — insufficient capital after reduction
2026-07-15 08:51:59  DEBUG     Starting new HTTPS connection (1): piconnect.flattrade.in:443
2026-07-15 08:51:59  DEBUG     https://piconnect.flattrade.in:443 "POST /PiConnectAPI/Limits HTTP/1.1" 200 None
2026-07-15 08:51:59  WARNING   MIS BUY LODHA: avail=Rs125.54 < needed=Rs580.95 — qty 2→0
2026-07-15 08:51:59  ERROR     MIS BUY LODHA skipped — insufficient capital after reduction
2026-07-15 08:52:00  DEBUG     Starting new HTTPS connection (1): piconnect.flattrade.in:443
2026-07-15 08:52:00  DEBUG     Sending ping
2026-07-15 08:52:00  DEBUG     https://piconnect.flattrade.in:443 "POST /PiConnectAPI/Limits HTTP/1.1" 200 None
2026-07-15 08:52:00  WARNING   MIS BUY LODHA: avail=Rs125.54 < needed=Rs580.95 — qty 2→0
2026-07-15 08:52:00  ERROR     MIS BUY LODHA skipped — insufficient capital after reduction
2026-07-15 08:52:05  DEBUG     Starting new HTTPS connection (1): piconnect.flattrade.in:443
2026-07-15 08:52:05  DEBUG     https://piconnect.flattrade.in:443 "POST /PiConnectAPI/Limits HTTP/1.1" 200 None
2026-07-15 08:52:05  WARNING   MIS BUY LODHA: avail=Rs125.54 < needed=Rs580.95 — qty 2→0
2026-07-15 08:52:05  ERROR     MIS BUY LODHA skipped — insufficient capital after reduction
2026-07-15 08:52:10  DEBUG     Starting new HTTPS connection (1): piconnect.flattrade.in:443
2026-07-15 08:52:10  DEBUG     https://piconnect.flattrade.in:443 "POST /PiConnectAPI/Limits HTTP/1.1" 200 None
2026-07-15 08:52:10  WARNING   MIS BUY LODHA: avail=Rs125.54 < needed=Rs580.95 — qty 2→0
2026-07-15 08:52:10  ERROR     MIS BUY LODHA skipped — insufficient capital after reduction
2026-07-15 08:52:13  DEBUG     Starting new HTTPS connection (1): piconnect.flattrade.in:443
2026-07-15 08:52:13  DEBUG     https://piconnect.flattrade.in:443 "POST /PiConnectAPI/Limits HTTP/1.1" 200 None
2026-07-15 08:52:13  WARNING   MIS BUY LODHA: avail=Rs125.54 < needed=Rs580.95 — qty 2→0
2026-07-15 08:52:13  ERROR     MIS BUY LODHA skipped — insufficient capital after reduction
2026-07-15 08:52:15  DEBUG     Starting new HTTPS connection (1): piconnect.flattrade.in:443
2026-07-15 08:52:15  DEBUG     https://piconnect.flattrade.in:443 "POST /PiConnectAPI/Limits HTTP/1.1" 200 None
2026-07-15 08:52:15  WARNING   MIS BUY LODHA: avail=Rs125.54 < needed=Rs580.95 — qty 2→0
2026-07-15 08:52:15  ERROR     MIS BUY LODHA skipped — insufficient capital after reduction
2026-07-15 08:52:19  DEBUG     Starting new HTTPS connection (1): piconnect.flattrade.in:443
2026-07-15 08:52:19  DEBUG     https://piconnect.flattrade.in:443 "POST /PiConnectAPI/Limits HTTP/1.1" 200 None
2026-07-15 08:52:19  WARNING   MIS BUY LODHA: avail=Rs125.54 < needed=Rs580.95 — qty 2→0
2026-07-15 08:52:19  ERROR     MIS BUY LODHA skipped — insufficient capital after reduction
2026-07-15 08:52:24  DEBUG     Starting new HTTPS connection (1): piconnect.flattrade.in:443
2026-07-15 08:52:24  DEBUG     https://piconnect.flattrade.in:443 "POST /PiConnectAPI/Limits HTTP/1.1" 200 None
2026-07-15 08:52:24  WARNING   MIS BUY LODHA: avail=Rs125.54 < needed=Rs581.20 — qty 2→0
2026-07-15 08:52:24  ERROR     MIS BUY LODHA skipped — insufficient capital after reduction
2026-07-15 08:52:29  DEBUG     Starting new HTTPS connection (1): piconnect.flattrade.in:443
2026-07-15 08:52:29  DEBUG     https://piconnect.flattrade.in:443 "POST /PiConnectAPI/Limits HTTP/1.1" 200 None
2026-07-15 08:52:29  WARNING   MIS BUY LODHA: avail=Rs125.54 < needed=Rs581.20 — qty 2→0
2026-07-15 08:52:29  ERROR     MIS BUY LODHA skipped — insufficient capital after reduction
2026-07-15 08:52:29  DEBUG     Starting new HTTPS connection (1): piconnect.flattrade.in:443
2026-07-15 08:52:29  DEBUG     https://piconnect.flattrade.in:443 "POST /PiConnectAPI/Limits HTTP/1.1" 200 None
2026-07-15 08:52:29  WARNING   MIS BUY LODHA: avail=Rs125.54 < needed=Rs581.20 — qty 2→0
2026-07-15 08:52:29  ERROR     MIS BUY LODHA skipped — insufficient capital after reduction
2026-07-15 08:52:30  DEBUG     Sending ping
2026-07-15 08:52:34  DEBUG     Starting new HTTPS connection (1): piconnect.flattrade.in:443
2026-07-15 08:52:34  DEBUG     https://piconnect.flattrade.in:443 "POST /PiConnectAPI/Limits HTTP/1.1" 200 None
2026-07-15 08:52:34  WARNING   MIS BUY LODHA: avail=Rs125.54 < needed=Rs581.15 — qty 2→0
2026-07-15 08:52:34  ERROR     MIS BUY LODHA skipped — insufficient capital after reduction
2026-07-15 08:52:34  DEBUG     Starting new HTTPS connection (1): piconnect.flattrade.in:443
2026-07-15 08:52:35  DEBUG     https://piconnect.flattrade.in:443 "POST /PiConnectAPI/Limits HTTP/1.1" 200 None
2026-07-15 08:52:35  WARNING   MIS BUY LODHA: avail=Rs125.54 < needed=Rs581.15 — qty 2→0
2026-07-15 08:52:35  ERROR     MIS BUY LODHA skipped — insufficient capital after reduction
2026-07-15 08:52:36  DEBUG     Starting new HTTPS connection (1): piconnect.flattrade.in:443
2026-07-15 08:52:36  DEBUG     https://piconnect.flattrade.in:443 "POST /PiConnectAPI/Limits HTTP/1.1" 200 None
2026-07-15 08:52:36  WARNING   MIS BUY LODHA: avail=Rs125.54 < needed=Rs581.15 — qty 2→0
2026-07-15 08:52:36  ERROR     MIS BUY LODHA skipped — insufficient capital after reduction
2026-07-15 08:52:40  DEBUG     Starting new HTTPS connection (1): piconnect.flattrade.in:443
2026-07-15 08:52:40  DEBUG     https://piconnect.flattrade.in:443 "POST /PiConnectAPI/Limits HTTP/1.1" 200 None
2026-07-15 08:52:40  WARNING   MIS BUY LODHA: avail=Rs125.54 < needed=Rs581.15 — qty 2→0
2026-07-15 08:52:40  ERROR     MIS BUY LODHA skipped — insufficient capital after reduction
2026-07-15 08:52:43  DEBUG     Starting new HTTPS connection (1): piconnect.flattrade.in:443
2026-07-15 08:52:43  DEBUG     https://piconnect.flattrade.in:443 "POST /PiConnectAPI/Limits HTTP/1.1" 200 None
2026-07-15 08:52:43  WARNING   MIS BUY LODHA: avail=Rs125.54 < needed=Rs581.15 — qty 2→0
2026-07-15 08:52:43  ERROR     MIS BUY LODHA skipped — insufficient capital after reduction
2026-07-15 08:52:45  DEBUG     Starting new HTTPS connection (1): piconnect.flattrade.in:443
2026-07-15 08:52:45  DEBUG     https://piconnect.flattrade.in:443 "POST /PiConnectAPI/Limits HTTP/1.1" 200 None
2026-07-15 08:52:45  WARNING   MIS BUY LODHA: avail=Rs125.54 < needed=Rs581.12 — qty 2→0
2026-07-15 08:52:45  ERROR     MIS BUY LODHA skipped — insufficient capital after reduction
2026-07-15 08:52:50  DEBUG     Starting new HTTPS connection (1): piconnect.flattrade.in:443
2026-07-15 08:52:51  DEBUG     https://piconnect.flattrade.in:443 "POST /PiConnectAPI/Limits HTTP/1.1" 200 None
2026-07-15 08:52:51  WARNING   MIS BUY LODHA: avail=Rs125.54 < needed=Rs581.10 — qty 2→0
2026-07-15 08:52:51  ERROR     MIS BUY LODHA skipped — insufficient capital after reduction
2026-07-15 08:52:55  DEBUG     Starting new HTTPS connection (1): piconnect.flattrade.in:443
2026-07-15 08:52:56  DEBUG     https://piconnect.flattrade.in:443 "POST /PiConnectAPI/Limits HTTP/1.1" 200 None
2026-07-15 08:52:56  WARNING   MIS BUY LODHA: avail=Rs125.54 < needed=Rs581.10 — qty 2→0
2026-07-15 08:52:56  ERROR     MIS BUY LODHA skipped — insufficient capital after reduction
2026-07-15 08:52:58  DEBUG     Starting new HTTPS connection (1): piconnect.flattrade.in:443
2026-07-15 08:52:58  DEBUG     https://piconnect.flattrade.in:443 "POST /PiConnectAPI/Limits HTTP/1.1" 200 None
2026-07-15 08:52:58  WARNING   MIS BUY LODHA: avail=Rs125.54 < needed=Rs581.10 — qty 2→0
2026-07-15 08:52:58  ERROR     MIS BUY LODHA skipped — insufficient capital after reduction
2026-07-15 08:53:00  DEBUG     Sending ping
2026-07-15 08:53:00  DEBUG     Starting new HTTPS connection (1): piconnect.flattrade.in:443
2026-07-15 08:53:01  DEBUG     https://piconnect.flattrade.in:443 "POST /PiConnectAPI/Limits HTTP/1.1" 200 None
2026-07-15 08:53:01  WARNING   MIS BUY LODHA: avail=Rs125.54 < needed=Rs581.05 — qty 2→0
2026-07-15 08:53:01  ERROR     MIS BUY LODHA skipped — insufficient capital after reduction
2026-07-15 08:53:03  DEBUG     Starting new HTTPS connection (1): piconnect.flattrade.in:443
2026-07-15 08:53:03  DEBUG     https://piconnect.flattrade.in:443 "POST /PiConnectAPI/Limits HTTP/1.1" 200 None
2026-07-15 08:53:03  WARNING   MIS BUY LODHA: avail=Rs125.54 < needed=Rs581.05 — qty 2→0
2026-07-15 08:53:03  ERROR     MIS BUY LODHA skipped — insufficient capital after reduction
2026-07-15 08:53:05  DEBUG     Starting new HTTPS connection (1): piconnect.flattrade.in:443
2026-07-15 08:53:06  DEBUG     https://piconnect.flattrade.in:443 "POST /PiConnectAPI/Limits HTTP/1.1" 200 None
2026-07-15 08:53:06  WARNING   MIS BUY LODHA: avail=Rs125.54 < needed=Rs581.02 — qty 2→0
2026-07-15 08:53:06  ERROR     MIS BUY LODHA skipped — insufficient capital after reduction
2026-07-15 08:53:10  DEBUG     Starting new HTTPS connection (1): piconnect.flattrade.in:443
2026-07-15 08:53:11  DEBUG     https://piconnect.flattrade.in:443 "POST /PiConnectAPI/Limits HTTP/1.1" 200 None
2026-07-15 08:53:11  WARNING   MIS BUY LODHA: avail=Rs125.54 < needed=Rs581.02 — qty 2→0
2026-07-15 08:53:11  ERROR     MIS BUY LODHA skipped — insufficient capital after reduction
2026-07-15 08:53:14  DEBUG     Starting new HTTPS connection (1): piconnect.flattrade.in:443
2026-07-15 08:53:14  DEBUG     https://piconnect.flattrade.in:443 "POST /PiConnectAPI/Limits HTTP/1.1" 200 None
2026-07-15 08:53:14  WARNING   MIS BUY LODHA: avail=Rs125.54 < needed=Rs581.02 — qty 2→0
2026-07-15 08:53:14  ERROR     MIS BUY LODHA skipped — insufficient capital after reduction
2026-07-15 08:53:15  DEBUG     Starting new HTTPS connection (1): piconnect.flattrade.in:443
2026-07-15 08:53:15  DEBUG     https://piconnect.flattrade.in:443 "POST /PiConnectAPI/Limits HTTP/1.1" 200 None
2026-07-15 08:53:15  WARNING   MIS BUY LODHA: avail=Rs125.54 < needed=Rs581.02 — qty 2→0
2026-07-15 08:53:15  ERROR     MIS BUY LODHA skipped — insufficient capital after reduction
2026-07-15 08:53:20  DEBUG     Starting new HTTPS connection (1): piconnect.flattrade.in:443
2026-07-15 08:53:20  DEBUG     https://piconnect.flattrade.in:443 "POST /PiConnectAPI/Limits HTTP/1.1" 200 None
2026-07-15 08:53:20  WARNING   MIS BUY LODHA: avail=Rs125.54 < needed=Rs581.00 — qty 2→0
2026-07-15 08:53:20  ERROR     MIS BUY LODHA skipped — insufficient capital after reduction
2026-07-15 08:53:25  DEBUG     Starting new HTTPS connection (1): piconnect.flattrade.in:443
2026-07-15 08:53:25  DEBUG     https://piconnect.flattrade.in:443 "POST /PiConnectAPI/Limits HTTP/1.1" 200 None
2026-07-15 08:53:25  WARNING   MIS BUY LODHA: avail=Rs125.54 < needed=Rs581.00 — qty 2→0
2026-07-15 08:53:25  ERROR     MIS BUY LODHA skipped — insufficient capital after reduction
2026-07-15 08:53:28  DEBUG     Starting new HTTPS connection (1): piconnect.flattrade.in:443
2026-07-15 08:53:28  DEBUG     https://piconnect.flattrade.in:443 "POST /PiConnectAPI/Limits HTTP/1.1" 200 None
2026-07-15 08:53:28  WARNING   MIS BUY LODHA: avail=Rs125.54 < needed=Rs581.00 — qty 2→0
2026-07-15 08:53:28  ERROR     MIS BUY LODHA skipped — insufficient capital after reduction
2026-07-15 08:53:30  DEBUG     Starting new HTTPS connection (1): piconnect.flattrade.in:443
2026-07-15 08:53:30  DEBUG     https://piconnect.flattrade.in:443 "POST /PiConnectAPI/Limits HTTP/1.1" 200 None
2026-07-15 08:53:30  WARNING   MIS BUY LODHA: avail=Rs125.54 < needed=Rs580.95 — qty 2→0
2026-07-15 08:53:30  ERROR     MIS BUY LODHA skipped — insufficient capital after reduction
2026-07-15 08:53:30  DEBUG     Sending ping
2026-07-15 08:53:34  DEBUG     Starting new HTTPS connection (1): piconnect.flattrade.in:443
2026-07-15 08:53:35  DEBUG     https://piconnect.flattrade.in:443 "POST /PiConnectAPI/Limits HTTP/1.1" 200 None
2026-07-15 08:53:35  WARNING   MIS BUY LODHA: avail=Rs125.54 < needed=Rs580.95 — qty 2→0
2026-07-15 08:53:35  ERROR     MIS BUY LODHA skipped — insufficient capital after reduction
2026-07-15 08:53:35  DEBUG     Starting new HTTPS connection (1): piconnect.flattrade.in:443
2026-07-15 08:53:35  DEBUG     https://piconnect.flattrade.in:443 "POST /PiConnectAPI/Limits HTTP/1.1" 200 None
2026-07-15 08:53:35  WARNING   MIS BUY LODHA: avail=Rs125.54 < needed=Rs580.95 — qty 2→0
2026-07-15 08:53:35  ERROR     MIS BUY LODHA skipped — insufficient capital after reduction
2026-07-15 08:53:40  DEBUG     Starting new HTTPS connection (1): piconnect.flattrade.in:443
2026-07-15 08:53:40  DEBUG     https://piconnect.flattrade.in:443 "POST /PiConnectAPI/Limits HTTP/1.1" 200 None
2026-07-15 08:53:40  WARNING   MIS BUY LODHA: avail=Rs125.54 < needed=Rs580.92 — qty 2→0
2026-07-15 08:53:40  ERROR     MIS BUY LODHA skipped — insufficient capital after reduction
2026-07-15 08:53:44  DEBUG     Starting new HTTPS connection (1): piconnect.flattrade.in:443
2026-07-15 08:53:44  DEBUG     https://piconnect.flattrade.in:443 "POST /PiConnectAPI/Limits HTTP/1.1" 200 None
2026-07-15 08:53:44  WARNING   MIS BUY LODHA: avail=Rs125.54 < needed=Rs580.88 — qty 2→0
2026-07-15 08:53:44  ERROR     MIS BUY LODHA skipped — insufficient capital after reduction
2026-07-15 08:53:49  DEBUG     Starting new HTTPS connection (1): piconnect.flattrade.in:443
2026-07-15 08:53:49  DEBUG     https://piconnect.flattrade.in:443 "POST /PiConnectAPI/Limits HTTP/1.1" 200 None
2026-07-15 08:53:49  WARNING   MIS BUY LODHA: avail=Rs125.54 < needed=Rs580.88 — qty 2→0
2026-07-15 08:53:49  ERROR     MIS BUY LODHA skipped — insufficient capital after reduction
2026-07-15 08:53:54  DEBUG     Starting new HTTPS connection (1): piconnect.flattrade.in:443
2026-07-15 08:53:54  DEBUG     https://piconnect.flattrade.in:443 "POST /PiConnectAPI/Limits HTTP/1.1" 200 None
2026-07-15 08:53:54  WARNING   MIS BUY LODHA: avail=Rs125.54 < needed=Rs580.88 — qty 2→0
2026-07-15 08:53:54  ERROR     MIS BUY LODHA skipped — insufficient capital after reduction
2026-07-15 08:53:58  DEBUG     Starting new HTTPS connection (1): piconnect.flattrade.in:443
2026-07-15 08:53:58  DEBUG     https://piconnect.flattrade.in:443 "POST /PiConnectAPI/Limits HTTP/1.1" 200 None
2026-07-15 08:53:58  WARNING   MIS BUY LODHA: avail=Rs125.54 < needed=Rs580.88 — qty 2→0
2026-07-15 08:53:58  ERROR     MIS BUY LODHA skipped — insufficient capital after reduction
2026-07-15 08:53:58  DEBUG     Starting new HTTPS connection (1): piconnect.flattrade.in:443
2026-07-15 08:53:58  DEBUG     https://piconnect.flattrade.in:443 "POST /PiConnectAPI/Limits HTTP/1.1" 200 None
2026-07-15 08:53:58  WARNING   MIS BUY LODHA: avail=Rs125.54 < needed=Rs580.88 — qty 2→0
2026-07-15 08:53:58  ERROR     MIS BUY LODHA skipped — insufficient capital after reduction
2026-07-15 08:54:00  DEBUG     Sending ping
2026-07-15 08:54:03  DEBUG     Starting new HTTPS connection (1): piconnect.flattrade.in:443
2026-07-15 08:54:04  DEBUG     https://piconnect.flattrade.in:443 "POST /PiConnectAPI/Limits HTTP/1.1" 200 None
2026-07-15 08:54:04  WARNING   MIS BUY LODHA: avail=Rs125.54 < needed=Rs580.80 — qty 2→0
2026-07-15 08:54:04  ERROR     MIS BUY LODHA skipped — insufficient capital after reduction
2026-07-15 08:54:04  DEBUG     Starting new HTTPS connection (1): piconnect.flattrade.in:443
2026-07-15 08:54:04  DEBUG     https://piconnect.flattrade.in:443 "POST /PiConnectAPI/Limits HTTP/1.1" 200 None
2026-07-15 08:54:04  WARNING   MIS BUY LODHA: avail=Rs125.54 < needed=Rs580.80 — qty 2→0
2026-07-15 08:54:04  ERROR     MIS BUY LODHA skipped — insufficient capital after reduction
2026-07-15 08:54:07  DEBUG     Starting new HTTPS connection (1): piconnect.flattrade.in:443
2026-07-15 08:54:07  DEBUG     https://piconnect.flattrade.in:443 "POST /PiConnectAPI/Limits HTTP/1.1" 200 None
2026-07-15 08:54:07  WARNING   MIS BUY LODHA: avail=Rs125.54 < needed=Rs580.80 — qty 2→0
2026-07-15 08:54:07  ERROR     MIS BUY LODHA skipped — insufficient capital after reduction
2026-07-15 08:54:09  DEBUG     Starting new HTTPS connection (1): piconnect.flattrade.in:443
2026-07-15 08:54:09  DEBUG     https://piconnect.flattrade.in:443 "POST /PiConnectAPI/Limits HTTP/1.1" 200 None
2026-07-15 08:54:09  WARNING   MIS BUY LODHA: avail=Rs125.54 < needed=Rs580.73 — qty 2→0
2026-07-15 08:54:09  ERROR     MIS BUY LODHA skipped — insufficient capital after reduction
2026-07-15 08:54:13  DEBUG     Starting new HTTPS connection (1): piconnect.flattrade.in:443
2026-07-15 08:54:14  DEBUG     https://piconnect.flattrade.in:443 "POST /PiConnectAPI/Limits HTTP/1.1" 200 None
2026-07-15 08:54:14  WARNING   MIS BUY LODHA: avail=Rs125.54 < needed=Rs580.67 — qty 2→0
2026-07-15 08:54:14  ERROR     MIS BUY LODHA skipped — insufficient capital after reduction
2026-07-15 08:54:18  DEBUG     Starting new HTTPS connection (1): piconnect.flattrade.in:443
2026-07-15 08:54:18  DEBUG     https://piconnect.flattrade.in:443 "POST /PiConnectAPI/Limits HTTP/1.1" 200 None
2026-07-15 08:54:18  WARNING   MIS BUY LODHA: avail=Rs125.54 < needed=Rs580.70 — qty 2→0
2026-07-15 08:54:18  ERROR     MIS BUY LODHA skipped — insufficient capital after reduction
2026-07-15 08:54:23  DEBUG     Starting new HTTPS connection (1): piconnect.flattrade.in:443
2026-07-15 08:54:23  DEBUG     https://piconnect.flattrade.in:443 "POST /PiConnectAPI/Limits HTTP/1.1" 200 None
2026-07-15 08:54:23  WARNING   MIS BUY LODHA: avail=Rs125.54 < needed=Rs580.70 — qty 2→0
2026-07-15 08:54:23  ERROR     MIS BUY LODHA skipped — insufficient capital after reduction
2026-07-15 08:54:28  DEBUG     Starting new HTTPS connection (1): piconnect.flattrade.in:443
2026-07-15 08:54:28  DEBUG     https://piconnect.flattrade.in:443 "POST /PiConnectAPI/Limits HTTP/1.1" 200 None
2026-07-15 08:54:28  WARNING   MIS BUY LODHA: avail=Rs125.54 < needed=Rs580.70 — qty 2→0
2026-07-15 08:54:28  ERROR     MIS BUY LODHA skipped — insufficient capital after reduction
2026-07-15 08:54:30  DEBUG     Sending ping
2026-07-15 08:54:33  DEBUG     Starting new HTTPS connection (1): piconnect.flattrade.in:443
2026-07-15 08:54:34  DEBUG     https://piconnect.flattrade.in:443 "POST /PiConnectAPI/Limits HTTP/1.1" 200 None
2026-07-15 08:54:34  WARNING   MIS BUY LODHA: avail=Rs125.54 < needed=Rs580.70 — qty 2→0
2026-07-15 08:54:34  ERROR     MIS BUY LODHA skipped — insufficient capital after reduction
2026-07-15 08:54:35  DEBUG     Starting new HTTPS connection (1): piconnect.flattrade.in:443
2026-07-15 08:54:35  DEBUG     https://piconnect.flattrade.in:443 "POST /PiConnectAPI/Limits HTTP/1.1" 200 None
2026-07-15 08:54:35  WARNING   MIS BUY LODHA: avail=Rs125.54 < needed=Rs580.70 — qty 2→0
2026-07-15 08:54:35  ERROR     MIS BUY LODHA skipped — insufficient capital after reduction
2026-07-15 08:54:38  DEBUG     Starting new HTTPS connection (1): piconnect.flattrade.in:443
2026-07-15 08:54:39  DEBUG     https://piconnect.flattrade.in:443 "POST /PiConnectAPI/Limits HTTP/1.1" 200 None
2026-07-15 08:54:39  WARNING   MIS BUY LODHA: avail=Rs125.54 < needed=Rs580.67 — qty 2→0
2026-07-15 08:54:39  ERROR     MIS BUY LODHA skipped — insufficient capital after reduction
2026-07-15 08:54:43  DEBUG     Starting new HTTPS connection (1): piconnect.flattrade.in:443
2026-07-15 08:54:43  DEBUG     https://piconnect.flattrade.in:443 "POST /PiConnectAPI/Limits HTTP/1.1" 200 None
2026-07-15 08:54:43  WARNING   MIS BUY LODHA: avail=Rs125.54 < needed=Rs580.67 — qty 2→0
2026-07-15 08:54:43  ERROR     MIS BUY LODHA skipped — insufficient capital after reduction
2026-07-15 08:54:43  DEBUG     Starting new HTTPS connection (1): piconnect.flattrade.in:443
2026-07-15 08:54:43  DEBUG     https://piconnect.flattrade.in:443 "POST /PiConnectAPI/Limits HTTP/1.1" 200 None
2026-07-15 08:54:43  WARNING   MIS BUY LODHA: avail=Rs125.54 < needed=Rs580.65 — qty 2→0
2026-07-15 08:54:43  ERROR     MIS BUY LODHA skipped — insufficient capital after reduction
2026-07-15 08:54:45  DEBUG     Starting new HTTPS connection (1): piconnect.flattrade.in:443
2026-07-15 08:54:45  DEBUG     https://piconnect.flattrade.in:443 "POST /PiConnectAPI/Limits HTTP/1.1" 200 None
2026-07-15 08:54:45  WARNING   MIS BUY LODHA: avail=Rs125.54 < needed=Rs580.65 — qty 2→0
2026-07-15 08:54:45  ERROR     MIS BUY LODHA skipped — insufficient capital after reduction
2026-07-15 08:54:48  DEBUG     Starting new HTTPS connection (1): piconnect.flattrade.in:443
2026-07-15 08:54:48  DEBUG     https://piconnect.flattrade.in:443 "POST /PiConnectAPI/Limits HTTP/1.1" 200 None
2026-07-15 08:54:48  WARNING   MIS BUY LODHA: avail=Rs125.54 < needed=Rs580.65 — qty 2→0
2026-07-15 08:54:48  ERROR     MIS BUY LODHA skipped — insufficient capital after reduction
2026-07-15 08:54:52  DEBUG     Starting new HTTPS connection (1): piconnect.flattrade.in:443
2026-07-15 08:54:52  DEBUG     https://piconnect.flattrade.in:443 "POST /PiConnectAPI/Limits HTTP/1.1" 200 None
2026-07-15 08:54:52  WARNING   MIS BUY LODHA: avail=Rs125.54 < needed=Rs580.65 — qty 2→0
2026-07-15 08:54:52  ERROR     MIS BUY LODHA skipped — insufficient capital after reduction
2026-07-15 08:54:57  DEBUG     Starting new HTTPS connection (1): piconnect.flattrade.in:443
2026-07-15 08:54:57  DEBUG     https://piconnect.flattrade.in:443 "POST /PiConnectAPI/Limits HTTP/1.1" 200 None
2026-07-15 08:54:57  WARNING   MIS BUY LODHA: avail=Rs125.54 < needed=Rs580.60 — qty 2→0
2026-07-15 08:54:57  ERROR     MIS BUY LODHA skipped — insufficient capital after reduction
2026-07-15 08:54:59  DEBUG     Starting new HTTPS connection (1): piconnect.flattrade.in:443
2026-07-15 08:54:59  DEBUG     https://piconnect.flattrade.in:443 "POST /PiConnectAPI/Limits HTTP/1.1" 200 None
2026-07-15 08:54:59  WARNING   MIS BUY LODHA: avail=Rs125.54 < needed=Rs580.60 — qty 2→0
2026-07-15 08:54:59  ERROR     MIS BUY LODHA skipped — insufficient capital after reduction
2026-07-15 08:55:00  DEBUG     Sending ping
2026-07-15 08:55:02  DEBUG     Starting new HTTPS connection (1): piconnect.flattrade.in:443
2026-07-15 08:55:02  DEBUG     https://piconnect.flattrade.in:443 "POST /PiConnectAPI/Limits HTTP/1.1" 200 None
2026-07-15 08:55:02  WARNING   MIS BUY LODHA: avail=Rs125.54 < needed=Rs580.48 — qty 2→0
2026-07-15 08:55:02  ERROR     MIS BUY LODHA skipped — insufficient capital after reduction
2026-07-15 08:55:07  DEBUG     Starting new HTTPS connection (1): piconnect.flattrade.in:443
2026-07-15 08:55:07  DEBUG     https://piconnect.flattrade.in:443 "POST /PiConnectAPI/Limits HTTP/1.1" 200 None
2026-07-15 08:55:07  WARNING   MIS BUY LODHA: avail=Rs125.54 < needed=Rs580.48 — qty 2→0
2026-07-15 08:55:07  ERROR     MIS BUY LODHA skipped — insufficient capital after reduction
2026-07-15 08:55:09  DEBUG     Starting new HTTPS connection (1): piconnect.flattrade.in:443
2026-07-15 08:55:09  DEBUG     https://piconnect.flattrade.in:443 "POST /PiConnectAPI/Limits HTTP/1.1" 200 None
2026-07-15 08:55:09  WARNING   MIS BUY LODHA: avail=Rs125.54 < needed=Rs580.48 — qty 2→0
2026-07-15 08:55:09  ERROR     MIS BUY LODHA skipped — insufficient capital after reduction
2026-07-15 08:55:12  DEBUG     Starting new HTTPS connection (1): piconnect.flattrade.in:443
2026-07-15 08:55:12  DEBUG     https://piconnect.flattrade.in:443 "POST /PiConnectAPI/Limits HTTP/1.1" 200 None
2026-07-15 08:55:12  WARNING   MIS BUY LODHA: avail=Rs125.54 < needed=Rs580.45 — qty 2→0
2026-07-15 08:55:12  ERROR     MIS BUY LODHA skipped — insufficient capital after reduction
2026-07-15 08:55:13  DEBUG     Starting new HTTPS connection (1): piconnect.flattrade.in:443
2026-07-15 08:55:13  DEBUG     https://piconnect.flattrade.in:443 "POST /PiConnectAPI/Limits HTTP/1.1" 200 None
2026-07-15 08:55:13  WARNING   MIS BUY LODHA: avail=Rs125.54 < needed=Rs580.45 — qty 2→0
2026-07-15 08:55:13  ERROR     MIS BUY LODHA skipped — insufficient capital after reduction
2026-07-15 08:55:15  DEBUG     Starting new HTTPS connection (1): piconnect.flattrade.in:443
2026-07-15 08:55:15  DEBUG     https://piconnect.flattrade.in:443 "POST /PiConnectAPI/Limits HTTP/1.1" 200 None
2026-07-15 08:55:15  WARNING   MIS BUY LODHA: avail=Rs125.54 < needed=Rs580.45 — qty 2→0
2026-07-15 08:55:15  ERROR     MIS BUY LODHA skipped — insufficient capital after reduction
2026-07-15 08:55:16  DEBUG     Starting new HTTPS connection (1): piconnect.flattrade.in:443
2026-07-15 08:55:17  DEBUG     https://piconnect.flattrade.in:443 "POST /PiConnectAPI/Limits HTTP/1.1" 200 None
2026-07-15 08:55:17  WARNING   MIS BUY LODHA: avail=Rs125.54 < needed=Rs580.45 — qty 2→0
2026-07-15 08:55:17  ERROR     MIS BUY LODHA skipped — insufficient capital after reduction
2026-07-15 08:55:21  DEBUG     Starting new HTTPS connection (1): piconnect.flattrade.in:443
2026-07-15 08:55:21  DEBUG     https://piconnect.flattrade.in:443 "POST /PiConnectAPI/Limits HTTP/1.1" 200 None
2026-07-15 08:55:21  WARNING   MIS BUY LODHA: avail=Rs125.54 < needed=Rs580.35 — qty 2→0
2026-07-15 08:55:21  ERROR     MIS BUY LODHA skipped — insufficient capital after reduction
2026-07-15 08:55:24  DEBUG     Starting new HTTPS connection (1): piconnect.flattrade.in:443
2026-07-15 08:55:24  DEBUG     https://piconnect.flattrade.in:443 "POST /PiConnectAPI/Limits HTTP/1.1" 200 None
2026-07-15 08:55:24  WARNING   MIS BUY LODHA: avail=Rs125.54 < needed=Rs580.35 — qty 2→0
2026-07-15 08:55:24  ERROR     MIS BUY LODHA skipped — insufficient capital after reduction
2026-07-15 08:55:27  DEBUG     Starting new HTTPS connection (1): piconnect.flattrade.in:443
2026-07-15 08:55:27  DEBUG     https://piconnect.flattrade.in:443 "POST /PiConnectAPI/Limits HTTP/1.1" 200 None
2026-07-15 08:55:27  WARNING   MIS BUY LODHA: avail=Rs125.54 < needed=Rs580.27 — qty 2→0
2026-07-15 08:55:27  ERROR     MIS BUY LODHA skipped — insufficient capital after reduction
2026-07-15 08:55:29  DEBUG     Starting new HTTPS connection (1): piconnect.flattrade.in:443
2026-07-15 08:55:29  DEBUG     https://piconnect.flattrade.in:443 "POST /PiConnectAPI/Limits HTTP/1.1" 200 None
2026-07-15 08:55:29  WARNING   MIS BUY LODHA: avail=Rs125.54 < needed=Rs580.27 — qty 2→0
2026-07-15 08:55:29  ERROR     MIS BUY LODHA skipped — insufficient capital after reduction
2026-07-15 08:55:30  DEBUG     Sending ping
2026-07-15 08:55:32  DEBUG     Starting new HTTPS connection (1): piconnect.flattrade.in:443
2026-07-15 08:55:32  DEBUG     https://piconnect.flattrade.in:443 "POST /PiConnectAPI/Limits HTTP/1.1" 200 None
2026-07-15 08:55:32  WARNING   MIS BUY LODHA: avail=Rs125.54 < needed=Rs580.23 — qty 2→0
2026-07-15 08:55:32  ERROR     MIS BUY LODHA skipped — insufficient capital after reduction
2026-07-15 08:55:32  DEBUG     Starting new HTTPS connection (1): piconnect.flattrade.in:443
2026-07-15 08:55:32  DEBUG     https://piconnect.flattrade.in:443 "POST /PiConnectAPI/Limits HTTP/1.1" 200 None
2026-07-15 08:55:32  WARNING   MIS BUY LODHA: avail=Rs125.54 < needed=Rs580.23 — qty 2→0
2026-07-15 08:55:32  ERROR     MIS BUY LODHA skipped — insufficient capital after reduction
2026-07-15 08:55:36  DEBUG     Starting new HTTPS connection (1): piconnect.flattrade.in:443
2026-07-15 08:55:36  DEBUG     https://piconnect.flattrade.in:443 "POST /PiConnectAPI/Limits HTTP/1.1" 200 None
2026-07-15 08:55:36  WARNING   MIS BUY LODHA: avail=Rs125.54 < needed=Rs580.23 — qty 2→0
2026-07-15 08:55:36  ERROR     MIS BUY LODHA skipped — insufficient capital after reduction
2026-07-15 08:55:36  DEBUG     Starting new HTTPS connection (1): piconnect.flattrade.in:443
2026-07-15 08:55:36  DEBUG     https://piconnect.flattrade.in:443 "POST /PiConnectAPI/Limits HTTP/1.1" 200 None
2026-07-15 08:55:36  WARNING   MIS BUY LODHA: avail=Rs125.54 < needed=Rs580.23 — qty 2→0
2026-07-15 08:55:36  ERROR     MIS BUY LODHA skipped — insufficient capital after reduction
2026-07-15 08:55:38  DEBUG     Starting new HTTPS connection (1): piconnect.flattrade.in:443
2026-07-15 08:55:38  DEBUG     https://piconnect.flattrade.in:443 "POST /PiConnectAPI/Limits HTTP/1.1" 200 None
2026-07-15 08:55:38  WARNING   MIS BUY LODHA: avail=Rs125.54 < needed=Rs580.23 — qty 2→0
2026-07-15 08:55:38  ERROR     MIS BUY LODHA skipped — insufficient capital after reduction
2026-07-15 08:55:39  DEBUG     Starting new HTTPS connection (1): piconnect.flattrade.in:443
2026-07-15 08:55:39  DEBUG     https://piconnect.flattrade.in:443 "POST /PiConnectAPI/Limits HTTP/1.1" 200 None
2026-07-15 08:55:39  WARNING   MIS BUY LODHA: avail=Rs125.54 < needed=Rs580.23 — qty 2→0
2026-07-15 08:55:39  ERROR     MIS BUY LODHA skipped — insufficient capital after reduction
2026-07-15 08:55:41  DEBUG     Starting new HTTPS connection (1): piconnect.flattrade.in:443
2026-07-15 08:55:41  DEBUG     https://piconnect.flattrade.in:443 "POST /PiConnectAPI/Limits HTTP/1.1" 200 None
2026-07-15 08:55:41  WARNING   MIS BUY LODHA: avail=Rs125.54 < needed=Rs580.23 — qty 2→0
2026-07-15 08:55:41  ERROR     MIS BUY LODHA skipped — insufficient capital after reduction
2026-07-15 08:55:46  DEBUG     Starting new HTTPS connection (1): piconnect.flattrade.in:443
2026-07-15 08:55:46  DEBUG     https://piconnect.flattrade.in:443 "POST /PiConnectAPI/Limits HTTP/1.1" 200 None
2026-07-15 08:55:46  WARNING   MIS BUY LODHA: avail=Rs125.54 < needed=Rs580.20 — qty 2→0
2026-07-15 08:55:46  ERROR     MIS BUY LODHA skipped — insufficient capital after reduction
2026-07-15 08:55:50  DEBUG     Starting new HTTPS connection (1): piconnect.flattrade.in:443
2026-07-15 08:55:51  DEBUG     https://piconnect.flattrade.in:443 "POST /PiConnectAPI/Limits HTTP/1.1" 200 None
2026-07-15 08:55:51  WARNING   MIS BUY LODHA: avail=Rs125.54 < needed=Rs580.20 — qty 2→0
2026-07-15 08:55:51  ERROR     MIS BUY LODHA skipped — insufficient capital after reduction
2026-07-15 08:55:55  DEBUG     Starting new HTTPS connection (1): piconnect.flattrade.in:443
2026-07-15 08:55:56  DEBUG     https://piconnect.flattrade.in:443 "POST /PiConnectAPI/Limits HTTP/1.1" 200 None
2026-07-15 08:55:56  WARNING   MIS BUY LODHA: avail=Rs125.54 < needed=Rs580.17 — qty 2→0
2026-07-15 08:55:56  ERROR     MIS BUY LODHA skipped — insufficient capital after reduction
2026-07-15 08:55:57  DEBUG     Starting new HTTPS connection (1): piconnect.flattrade.in:443
2026-07-15 08:55:57  DEBUG     https://piconnect.flattrade.in:443 "POST /PiConnectAPI/Limits HTTP/1.1" 200 None
2026-07-15 08:55:57  WARNING   MIS BUY LODHA: avail=Rs125.54 < needed=Rs580.17 — qty 2→0
2026-07-15 08:55:57  ERROR     MIS BUY LODHA skipped — insufficient capital after reduction
2026-07-15 08:55:59  DEBUG     Starting new HTTPS connection (1): piconnect.flattrade.in:443
2026-07-15 08:55:59  DEBUG     https://piconnect.flattrade.in:443 "POST /PiConnectAPI/Limits HTTP/1.1" 200 None
2026-07-15 08:55:59  WARNING   MIS BUY LODHA: avail=Rs125.54 < needed=Rs580.17 — qty 2→0
2026-07-15 08:55:59  ERROR     MIS BUY LODHA skipped — insufficient capital after reduction
2026-07-15 08:56:00  DEBUG     Starting new HTTPS connection (1): piconnect.flattrade.in:443
2026-07-15 08:56:00  DEBUG     https://piconnect.flattrade.in:443 "POST /PiConnectAPI/Limits HTTP/1.1" 200 None
2026-07-15 08:56:00  WARNING   MIS BUY LODHA: avail=Rs125.54 < needed=Rs579.95 — qty 2→0
2026-07-15 08:56:00  ERROR     MIS BUY LODHA skipped — insufficient capital after reduction
2026-07-15 08:56:00  DEBUG     Sending ping
2026-07-15 08:56:02  DEBUG     Starting new HTTPS connection (1): piconnect.flattrade.in:443
2026-07-15 08:56:02  DEBUG     https://piconnect.flattrade.in:443 "POST /PiConnectAPI/Limits HTTP/1.1" 200 None
2026-07-15 08:56:02  WARNING   MIS BUY LODHA: avail=Rs125.54 < needed=Rs579.95 — qty 2→0
2026-07-15 08:56:02  ERROR     MIS BUY LODHA skipped — insufficient capital after reduction
2026-07-15 08:56:03  DEBUG     Starting new HTTPS connection (1): piconnect.flattrade.in:443
2026-07-15 08:56:03  DEBUG     https://piconnect.flattrade.in:443 "POST /PiConnectAPI/Limits HTTP/1.1" 200 None
2026-07-15 08:56:03  WARNING   MIS BUY LODHA: avail=Rs125.54 < needed=Rs579.95 — qty 2→0
2026-07-15 08:56:03  ERROR     MIS BUY LODHA skipped — insufficient capital after reduction
2026-07-15 08:56:05  DEBUG     Starting new HTTPS connection (1): piconnect.flattrade.in:443
2026-07-15 08:56:05  DEBUG     https://piconnect.flattrade.in:443 "POST /PiConnectAPI/Limits HTTP/1.1" 200 None
2026-07-15 08:56:05  WARNING   MIS BUY LODHA: avail=Rs125.54 < needed=Rs579.42 — qty 2→0
2026-07-15 08:56:05  ERROR     MIS BUY LODHA skipped — insufficient capital after reduction
2026-07-15 08:56:06  DEBUG     Starting new HTTPS connection (1): piconnect.flattrade.in:443
2026-07-15 08:56:06  DEBUG     https://piconnect.flattrade.in:443 "POST /PiConnectAPI/Limits HTTP/1.1" 200 None
2026-07-15 08:56:06  WARNING   MIS BUY LODHA: avail=Rs125.54 < needed=Rs579.42 — qty 2→0
2026-07-15 08:56:06  ERROR     MIS BUY LODHA skipped — insufficient capital after reduction
2026-07-15 08:56:11  DEBUG     Starting new HTTPS connection (1): piconnect.flattrade.in:443
2026-07-15 08:56:11  DEBUG     https://piconnect.flattrade.in:443 "POST /PiConnectAPI/Limits HTTP/1.1" 200 None
2026-07-15 08:56:11  WARNING   MIS BUY LODHA: avail=Rs125.54 < needed=Rs579.30 — qty 2→0
2026-07-15 08:56:11  ERROR     MIS BUY LODHA skipped — insufficient capital after reduction
2026-07-15 08:56:12  DEBUG     Starting new HTTPS connection (1): piconnect.flattrade.in:443
2026-07-15 08:56:12  DEBUG     https://piconnect.flattrade.in:443 "POST /PiConnectAPI/Limits HTTP/1.1" 200 None
2026-07-15 08:56:12  WARNING   MIS BUY LODHA: avail=Rs125.54 < needed=Rs579.30 — qty 2→0
2026-07-15 08:56:12  ERROR     MIS BUY LODHA skipped — insufficient capital after reduction
2026-07-15 08:56:15  DEBUG     Starting new HTTPS connection (1): piconnect.flattrade.in:443
2026-07-15 08:56:15  DEBUG     https://piconnect.flattrade.in:443 "POST /PiConnectAPI/Limits HTTP/1.1" 200 None
2026-07-15 08:56:15  WARNING   MIS BUY LODHA: avail=Rs125.54 < needed=Rs579.30 — qty 2→0
2026-07-15 08:56:15  ERROR     MIS BUY LODHA skipped — insufficient capital after reduction
2026-07-15 08:56:16  DEBUG     Starting new HTTPS connection (1): piconnect.flattrade.in:443
2026-07-15 08:56:16  DEBUG     https://piconnect.flattrade.in:443 "POST /PiConnectAPI/Limits HTTP/1.1" 200 None
2026-07-15 08:56:16  WARNING   MIS BUY LODHA: avail=Rs125.54 < needed=Rs579.23 — qty 2→0
2026-07-15 08:56:16  ERROR     MIS BUY LODHA skipped — insufficient capital after reduction
2026-07-15 08:56:18  DEBUG     Starting new HTTPS connection (1): piconnect.flattrade.in:443
2026-07-15 08:56:18  DEBUG     https://piconnect.flattrade.in:443 "POST /PiConnectAPI/Limits HTTP/1.1" 200 None
2026-07-15 08:56:18  WARNING   MIS BUY LODHA: avail=Rs125.54 < needed=Rs579.23 — qty 2→0
2026-07-15 08:56:18  ERROR     MIS BUY LODHA skipped — insufficient capital after reduction
2026-07-15 08:56:19  DEBUG     Starting new HTTPS connection (1): piconnect.flattrade.in:443
2026-07-15 08:56:19  DEBUG     https://piconnect.flattrade.in:443 "POST /PiConnectAPI/Limits HTTP/1.1" 200 None
2026-07-15 08:56:19  WARNING   MIS BUY LODHA: avail=Rs125.54 < needed=Rs579.23 — qty 2→0
2026-07-15 08:56:19  ERROR     MIS BUY LODHA skipped — insufficient capital after reduction
2026-07-15 08:56:19  DEBUG     Starting new HTTPS connection (1): piconnect.flattrade.in:443
2026-07-15 08:56:19  DEBUG     https://piconnect.flattrade.in:443 "POST /PiConnectAPI/Limits HTTP/1.1" 200 None
2026-07-15 08:56:19  WARNING   MIS BUY LODHA: avail=Rs125.54 < needed=Rs579.08 — qty 2→0
2026-07-15 08:56:19  ERROR     MIS BUY LODHA skipped — insufficient capital after reduction
2026-07-15 08:56:20  DEBUG     Starting new HTTPS connection (1): piconnect.flattrade.in:443
2026-07-15 08:56:20  DEBUG     https://piconnect.flattrade.in:443 "POST /PiConnectAPI/Limits HTTP/1.1" 200 None
2026-07-15 08:56:20  WARNING   MIS BUY LODHA: avail=Rs125.54 < needed=Rs579.08 — qty 2→0
2026-07-15 08:56:20  ERROR     MIS BUY LODHA skipped — insufficient capital after reduction
2026-07-15 08:56:20  DEBUG     Starting new HTTPS connection (1): piconnect.flattrade.in:443
2026-07-15 08:56:20  DEBUG     https://piconnect.flattrade.in:443 "POST /PiConnectAPI/Limits HTTP/1.1" 200 None
2026-07-15 08:56:20  WARNING   MIS BUY LODHA: avail=Rs125.54 < needed=Rs578.95 — qty 2→0
2026-07-15 08:56:20  ERROR     MIS BUY LODHA skipped — insufficient capital after reduction
2026-07-15 08:56:21  DEBUG     Starting new HTTPS connection (1): piconnect.flattrade.in:443
2026-07-15 08:56:21  DEBUG     https://piconnect.flattrade.in:443 "POST /PiConnectAPI/Limits HTTP/1.1" 200 None
2026-07-15 08:56:21  WARNING   MIS BUY LODHA: avail=Rs125.54 < needed=Rs578.95 — qty 2→0
2026-07-15 08:56:21  ERROR     MIS BUY LODHA skipped — insufficient capital after reduction
2026-07-15 08:56:21  DEBUG     Starting new HTTPS connection (1): piconnect.flattrade.in:443
2026-07-15 08:56:21  DEBUG     https://piconnect.flattrade.in:443 "POST /PiConnectAPI/Limits HTTP/1.1" 200 None
2026-07-15 08:56:21  WARNING   MIS BUY LODHA: avail=Rs125.54 < needed=Rs578.92 — qty 2→0
2026-07-15 08:56:21  ERROR     MIS BUY LODHA skipped — insufficient capital after reduction
2026-07-15 08:56:22  DEBUG     Starting new HTTPS connection (1): piconnect.flattrade.in:443
2026-07-15 08:56:22  DEBUG     https://piconnect.flattrade.in:443 "POST /PiConnectAPI/Limits HTTP/1.1" 200 None
2026-07-15 08:56:22  WARNING   MIS BUY LODHA: avail=Rs125.54 < needed=Rs578.92 — qty 2→0
2026-07-15 08:56:22  ERROR     MIS BUY LODHA skipped — insufficient capital after reduction
2026-07-15 08:56:23  DEBUG     Starting new HTTPS connection (1): piconnect.flattrade.in:443
2026-07-15 08:56:23  DEBUG     https://piconnect.flattrade.in:443 "POST /PiConnectAPI/Limits HTTP/1.1" 200 None
2026-07-15 08:56:23  WARNING   MIS BUY LODHA: avail=Rs125.54 < needed=Rs578.90 — qty 2→0
2026-07-15 08:56:23  ERROR     MIS BUY LODHA skipped — insufficient capital after reduction
2026-07-15 08:56:24  DEBUG     Starting new HTTPS connection (1): piconnect.flattrade.in:443
2026-07-15 08:56:24  DEBUG     https://piconnect.flattrade.in:443 "POST /PiConnectAPI/Limits HTTP/1.1" 200 None
2026-07-15 08:56:24  WARNING   MIS BUY LODHA: avail=Rs125.54 < needed=Rs578.92 — qty 2→0
2026-07-15 08:56:24  ERROR     MIS BUY LODHA skipped — insufficient capital after reduction
2026-07-15 08:56:25  DEBUG     Starting new HTTPS connection (1): piconnect.flattrade.in:443
2026-07-15 08:56:26  DEBUG     https://piconnect.flattrade.in:443 "POST /PiConnectAPI/Limits HTTP/1.1" 200 None
2026-07-15 08:56:26  WARNING   MIS BUY LODHA: avail=Rs125.54 < needed=Rs578.92 — qty 2→0
2026-07-15 08:56:26  ERROR     MIS BUY LODHA skipped — insufficient capital after reduction
2026-07-15 08:56:26  DEBUG     Starting new HTTPS connection (1): piconnect.flattrade.in:443
2026-07-15 08:56:27  DEBUG     https://piconnect.flattrade.in:443 "POST /PiConnectAPI/Limits HTTP/1.1" 200 None
2026-07-15 08:56:27  WARNING   MIS BUY LODHA: avail=Rs125.54 < needed=Rs579.00 — qty 2→0
2026-07-15 08:56:27  ERROR     MIS BUY LODHA skipped — insufficient capital after reduction
2026-07-15 08:56:27  DEBUG     Starting new HTTPS connection (1): piconnect.flattrade.in:443
2026-07-15 08:56:27  DEBUG     https://piconnect.flattrade.in:443 "POST /PiConnectAPI/Limits HTTP/1.1" 200 None
2026-07-15 08:56:27  WARNING   MIS BUY LODHA: avail=Rs125.54 < needed=Rs579.00 — qty 2→0
2026-07-15 08:56:27  ERROR     MIS BUY LODHA skipped — insufficient capital after reduction
2026-07-15 08:56:27  DEBUG     Starting new HTTPS connection (1): piconnect.flattrade.in:443
2026-07-15 08:56:27  DEBUG     https://piconnect.flattrade.in:443 "POST /PiConnectAPI/Limits HTTP/1.1" 200 None
2026-07-15 08:56:27  WARNING   MIS BUY LODHA: avail=Rs125.54 < needed=Rs578.92 — qty 2→0
2026-07-15 08:56:27  ERROR     MIS BUY LODHA skipped — insufficient capital after reduction
2026-07-15 08:56:27  DEBUG     Starting new HTTPS connection (1): piconnect.flattrade.in:443
2026-07-15 08:56:28  DEBUG     https://piconnect.flattrade.in:443 "POST /PiConnectAPI/Limits HTTP/1.1" 200 None
2026-07-15 08:56:28  WARNING   MIS BUY LODHA: avail=Rs125.54 < needed=Rs578.92 — qty 2→0
2026-07-15 08:56:28  ERROR     MIS BUY LODHA skipped — insufficient capital after reduction
2026-07-15 08:56:28  DEBUG     Starting new HTTPS connection (1): piconnect.flattrade.in:443
2026-07-15 08:56:28  DEBUG     https://piconnect.flattrade.in:443 "POST /PiConnectAPI/Limits HTTP/1.1" 200 None
2026-07-15 08:56:28  WARNING   MIS BUY LODHA: avail=Rs125.54 < needed=Rs579.08 — qty 2→0
2026-07-15 08:56:28  ERROR     MIS BUY LODHA skipped — insufficient capital after reduction
2026-07-15 08:56:28  DEBUG     Starting new HTTPS connection (1): piconnect.flattrade.in:443
2026-07-15 08:56:28  DEBUG     https://piconnect.flattrade.in:443 "POST /PiConnectAPI/Limits HTTP/1.1" 200 None
2026-07-15 08:56:28  WARNING   MIS BUY LODHA: avail=Rs125.54 < needed=Rs579.08 — qty 2→0
2026-07-15 08:56:28  ERROR     MIS BUY LODHA skipped — insufficient capital after reduction
2026-07-15 08:56:28  DEBUG     Starting new HTTPS connection (1): piconnect.flattrade.in:443
2026-07-15 08:56:28  DEBUG     https://piconnect.flattrade.in:443 "POST /PiConnectAPI/Limits HTTP/1.1" 200 None
2026-07-15 08:56:28  WARNING   MIS BUY LODHA: avail=Rs125.54 < needed=Rs579.08 — qty 2→0
2026-07-15 08:56:28  ERROR     MIS BUY LODHA skipped — insufficient capital after reduction
2026-07-15 08:56:29  DEBUG     Starting new HTTPS connection (1): piconnect.flattrade.in:443
2026-07-15 08:56:29  DEBUG     https://piconnect.flattrade.in:443 "POST /PiConnectAPI/Limits HTTP/1.1" 200 None
2026-07-15 08:56:29  WARNING   MIS BUY LODHA: avail=Rs125.54 < needed=Rs579.08 — qty 2→0
2026-07-15 08:56:29  ERROR     MIS BUY LODHA skipped — insufficient capital after reduction
2026-07-15 08:56:29  DEBUG     Starting new HTTPS connection (1): piconnect.flattrade.in:443
2026-07-15 08:56:29  DEBUG     https://piconnect.flattrade.in:443 "POST /PiConnectAPI/Limits HTTP/1.1" 200 None
2026-07-15 08:56:29  WARNING   MIS BUY LODHA: avail=Rs125.54 < needed=Rs579.08 — qty 2→0
2026-07-15 08:56:29  ERROR     MIS BUY LODHA skipped — insufficient capital after reduction
2026-07-15 08:56:30  DEBUG     Starting new HTTPS connection (1): piconnect.flattrade.in:443
2026-07-15 08:56:30  DEBUG     https://piconnect.flattrade.in:443 "POST /PiConnectAPI/Limits HTTP/1.1" 200 None
2026-07-15 08:56:30  WARNING   MIS BUY LODHA: avail=Rs125.54 < needed=Rs579.08 — qty 2→0
2026-07-15 08:56:30  ERROR     MIS BUY LODHA skipped — insufficient capital after reduction
2026-07-15 08:56:30  DEBUG     Starting new HTTPS connection (1): piconnect.flattrade.in:443
2026-07-15 08:56:30  DEBUG     https://piconnect.flattrade.in:443 "POST /PiConnectAPI/Limits HTTP/1.1" 200 None
2026-07-15 08:56:30  WARNING   MIS BUY LODHA: avail=Rs125.54 < needed=Rs579.05 — qty 2→0
2026-07-15 08:56:30  ERROR     MIS BUY LODHA skipped — insufficient capital after reduction
2026-07-15 08:56:30  DEBUG     Sending ping
2026-07-15 08:56:31  DEBUG     Starting new HTTPS connection (1): piconnect.flattrade.in:443
2026-07-15 08:56:31  DEBUG     https://piconnect.flattrade.in:443 "POST /PiConnectAPI/Limits HTTP/1.1" 200 None
2026-07-15 08:56:31  WARNING   MIS BUY LODHA: avail=Rs125.54 < needed=Rs579.05 — qty 2→0
2026-07-15 08:56:31  ERROR     MIS BUY LODHA skipped — insufficient capital after reduction
2026-07-15 08:56:31  DEBUG     Starting new HTTPS connection (1): piconnect.flattrade.in:443
2026-07-15 08:56:32  DEBUG     https://piconnect.flattrade.in:443 "POST /PiConnectAPI/Limits HTTP/1.1" 200 None
2026-07-15 08:56:32  WARNING   MIS BUY LODHA: avail=Rs125.54 < needed=Rs579.08 — qty 2→0
2026-07-15 08:56:32  ERROR     MIS BUY LODHA skipped — insufficient capital after reduction
2026-07-15 08:56:32  DEBUG     Starting new HTTPS connection (1): piconnect.flattrade.in:443
2026-07-15 08:56:33  DEBUG     https://piconnect.flattrade.in:443 "POST /PiConnectAPI/Limits HTTP/1.1" 200 None
2026-07-15 08:56:33  WARNING   MIS BUY LODHA: avail=Rs125.54 < needed=Rs579.08 — qty 2→0
2026-07-15 08:56:33  ERROR     MIS BUY LODHA skipped — insufficient capital after reduction
2026-07-15 08:56:33  DEBUG     Starting new HTTPS connection (1): piconnect.flattrade.in:443
2026-07-15 08:56:34  DEBUG     https://piconnect.flattrade.in:443 "POST /PiConnectAPI/Limits HTTP/1.1" 200 None
2026-07-15 08:56:34  WARNING   MIS BUY LODHA: avail=Rs125.54 < needed=Rs579.08 — qty 2→0
2026-07-15 08:56:34  ERROR     MIS BUY LODHA skipped — insufficient capital after reduction
2026-07-15 08:56:34  DEBUG     Starting new HTTPS connection (1): piconnect.flattrade.in:443
2026-07-15 08:56:35  DEBUG     https://piconnect.flattrade.in:443 "POST /PiConnectAPI/Limits HTTP/1.1" 200 None
2026-07-15 08:56:35  WARNING   MIS BUY LODHA: avail=Rs125.54 < needed=Rs579.08 — qty 2→0
2026-07-15 08:56:35  ERROR     MIS BUY LODHA skipped — insufficient capital after reduction
2026-07-15 08:56:35  DEBUG     Starting new HTTPS connection (1): piconnect.flattrade.in:443
2026-07-15 08:56:35  DEBUG     https://piconnect.flattrade.in:443 "POST /PiConnectAPI/Limits HTTP/1.1" 200 None
2026-07-15 08:56:35  WARNING   MIS BUY LODHA: avail=Rs125.54 < needed=Rs579.08 — qty 2→0
2026-07-15 08:56:35  ERROR     MIS BUY LODHA skipped — insufficient capital after reduction
2026-07-15 08:56:36  DEBUG     Starting new HTTPS connection (1): piconnect.flattrade.in:443
2026-07-15 08:56:36  DEBUG     https://piconnect.flattrade.in:443 "POST /PiConnectAPI/Limits HTTP/1.1" 200 None
2026-07-15 08:56:36  WARNING   MIS BUY LODHA: avail=Rs125.54 < needed=Rs579.08 — qty 2→0
2026-07-15 08:56:36  ERROR     MIS BUY LODHA skipped — insufficient capital after reduction
2026-07-15 08:56:37  DEBUG     Starting new HTTPS connection (1): piconnect.flattrade.in:443
2026-07-15 08:56:37  DEBUG     https://piconnect.flattrade.in:443 "POST /PiConnectAPI/Limits HTTP/1.1" 200 None
2026-07-15 08:56:37  WARNING   MIS BUY LODHA: avail=Rs125.54 < needed=Rs579.08 — qty 2→0
2026-07-15 08:56:37  ERROR     MIS BUY LODHA skipped — insufficient capital after reduction
2026-07-15 08:56:38  DEBUG     Starting new HTTPS connection (1): piconnect.flattrade.in:443
2026-07-15 08:56:38  DEBUG     https://piconnect.flattrade.in:443 "POST /PiConnectAPI/Limits HTTP/1.1" 200 None
2026-07-15 08:56:38  WARNING   MIS BUY LODHA: avail=Rs125.54 < needed=Rs579.08 — qty 2→0
2026-07-15 08:56:38  ERROR     MIS BUY LODHA skipped — insufficient capital after reduction
2026-07-15 08:56:38  DEBUG     Starting new HTTPS connection (1): piconnect.flattrade.in:443
2026-07-15 08:56:39  DEBUG     https://piconnect.flattrade.in:443 "POST /PiConnectAPI/Limits HTTP/1.1" 200 None
2026-07-15 08:56:39  WARNING   MIS BUY LODHA: avail=Rs125.54 < needed=Rs579.08 — qty 2→0
2026-07-15 08:56:39  ERROR     MIS BUY LODHA skipped — insufficient capital after reduction
2026-07-15 08:56:39  DEBUG     Starting new HTTPS connection (1): piconnect.flattrade.in:443
2026-07-15 08:56:39  DEBUG     https://piconnect.flattrade.in:443 "POST /PiConnectAPI/Limits HTTP/1.1" 200 None
2026-07-15 08:56:39  WARNING   MIS BUY LODHA: avail=Rs125.54 < needed=Rs579.08 — qty 2→0
2026-07-15 08:56:39  ERROR     MIS BUY LODHA skipped — insufficient capital after reduction
2026-07-15 08:56:39  DEBUG     Starting new HTTPS connection (1): piconnect.flattrade.in:443
2026-07-15 08:56:40  DEBUG     https://piconnect.flattrade.in:443 "POST /PiConnectAPI/Limits HTTP/1.1" 200 None
2026-07-15 08:56:40  WARNING   MIS BUY LODHA: avail=Rs125.54 < needed=Rs579.30 — qty 2→0
2026-07-15 08:56:40  ERROR     MIS BUY LODHA skipped — insufficient capital after reduction
2026-07-15 08:56:41  DEBUG     Starting new HTTPS connection (1): piconnect.flattrade.in:443
2026-07-15 08:56:41  DEBUG     https://piconnect.flattrade.in:443 "POST /PiConnectAPI/Limits HTTP/1.1" 200 None
2026-07-15 08:56:41  WARNING   MIS BUY LODHA: avail=Rs125.54 < needed=Rs579.30 — qty 2→0
2026-07-15 08:56:41  ERROR     MIS BUY LODHA skipped — insufficient capital after reduction
2026-07-15 08:56:43  DEBUG     Starting new HTTPS connection (1): piconnect.flattrade.in:443
2026-07-15 08:56:43  DEBUG     https://piconnect.flattrade.in:443 "POST /PiConnectAPI/Limits HTTP/1.1" 200 None
2026-07-15 08:56:43  WARNING   MIS BUY LODHA: avail=Rs125.54 < needed=Rs579.30 — qty 2→0
2026-07-15 08:56:43  ERROR     MIS BUY LODHA skipped — insufficient capital after reduction
2026-07-15 08:56:43  DEBUG     Starting new HTTPS connection (1): piconnect.flattrade.in:443
2026-07-15 08:56:43  DEBUG     https://piconnect.flattrade.in:443 "POST /PiConnectAPI/Limits HTTP/1.1" 200 None
2026-07-15 08:56:43  WARNING   MIS BUY LODHA: avail=Rs125.54 < needed=Rs579.30 — qty 2→0
2026-07-15 08:56:43  ERROR     MIS BUY LODHA skipped — insufficient capital after reduction
2026-07-15 08:56:44  DEBUG     Starting new HTTPS connection (1): piconnect.flattrade.in:443
2026-07-15 08:56:44  DEBUG     https://piconnect.flattrade.in:443 "POST /PiConnectAPI/Limits HTTP/1.1" 200 None
2026-07-15 08:56:44  WARNING   MIS BUY LODHA: avail=Rs125.54 < needed=Rs579.25 — qty 2→0
2026-07-15 08:56:44  ERROR     MIS BUY LODHA skipped — insufficient capital after reduction
2026-07-15 08:56:45  DEBUG     Starting new HTTPS connection (1): piconnect.flattrade.in:443
2026-07-15 08:56:45  DEBUG     https://piconnect.flattrade.in:443 "POST /PiConnectAPI/Limits HTTP/1.1" 200 None
2026-07-15 08:56:45  WARNING   MIS BUY LODHA: avail=Rs125.54 < needed=Rs579.25 — qty 2→0
2026-07-15 08:56:45  ERROR     MIS BUY LODHA skipped — insufficient capital after reduction
2026-07-15 08:56:46  DEBUG     Starting new HTTPS connection (1): piconnect.flattrade.in:443
2026-07-15 08:56:46  DEBUG     https://piconnect.flattrade.in:443 "POST /PiConnectAPI/Limits HTTP/1.1" 200 None
2026-07-15 08:56:46  WARNING   MIS BUY LODHA: avail=Rs125.54 < needed=Rs579.25 — qty 2→0
2026-07-15 08:56:46  ERROR     MIS BUY LODHA skipped — insufficient capital after reduction
2026-07-15 08:56:48  DEBUG     Starting new HTTPS connection (1): piconnect.flattrade.in:443
2026-07-15 08:56:48  DEBUG     https://piconnect.flattrade.in:443 "POST /PiConnectAPI/Limits HTTP/1.1" 200 None
2026-07-15 08:56:48  WARNING   MIS BUY LODHA: avail=Rs125.54 < needed=Rs579.25 — qty 2→0
2026-07-15 08:56:48  ERROR     MIS BUY LODHA skipped — insufficient capital after reduction
2026-07-15 08:56:48  DEBUG     Starting new HTTPS connection (1): piconnect.flattrade.in:443
2026-07-15 08:56:49  DEBUG     https://piconnect.flattrade.in:443 "POST /PiConnectAPI/Limits HTTP/1.1" 200 None
2026-07-15 08:56:49  WARNING   MIS BUY LODHA: avail=Rs125.54 < needed=Rs579.25 — qty 2→0
2026-07-15 08:56:49  ERROR     MIS BUY LODHA skipped — insufficient capital after reduction
2026-07-15 08:56:49  DEBUG     Starting new HTTPS connection (1): piconnect.flattrade.in:443
2026-07-15 08:56:50  DEBUG     https://piconnect.flattrade.in:443 "POST /PiConnectAPI/Limits HTTP/1.1" 200 None
2026-07-15 08:56:50  WARNING   MIS BUY LODHA: avail=Rs125.54 < needed=Rs579.25 — qty 2→0
2026-07-15 08:56:50  ERROR     MIS BUY LODHA skipped — insufficient capital after reduction
2026-07-15 08:56:50  DEBUG     Starting new HTTPS connection (1): piconnect.flattrade.in:443
2026-07-15 08:56:51  DEBUG     https://piconnect.flattrade.in:443 "POST /PiConnectAPI/Limits HTTP/1.1" 200 None
2026-07-15 08:56:51  WARNING   MIS BUY LODHA: avail=Rs125.54 < needed=Rs579.20 — qty 2→0
2026-07-15 08:56:51  ERROR     MIS BUY LODHA skipped — insufficient capital after reduction
2026-07-15 08:56:55  DEBUG     Starting new HTTPS connection (1): piconnect.flattrade.in:443
2026-07-15 08:56:56  DEBUG     https://piconnect.flattrade.in:443 "POST /PiConnectAPI/Limits HTTP/1.1" 200 None
2026-07-15 08:56:56  WARNING   MIS BUY LODHA: avail=Rs125.54 < needed=Rs579.25 — qty 2→0
2026-07-15 08:56:56  ERROR     MIS BUY LODHA skipped — insufficient capital after reduction
2026-07-15 08:56:56  DEBUG     Starting new HTTPS connection (1): piconnect.flattrade.in:443
2026-07-15 08:56:57  DEBUG     https://piconnect.flattrade.in:443 "POST /PiConnectAPI/Limits HTTP/1.1" 200 None
2026-07-15 08:56:57  WARNING   MIS BUY LODHA: avail=Rs125.54 < needed=Rs579.25 — qty 2→0
2026-07-15 08:56:57  ERROR     MIS BUY LODHA skipped — insufficient capital after reduction
2026-07-15 08:56:58  DEBUG     Starting new HTTPS connection (1): piconnect.flattrade.in:443
2026-07-15 08:56:58  DEBUG     https://piconnect.flattrade.in:443 "POST /PiConnectAPI/Limits HTTP/1.1" 200 None
2026-07-15 08:56:58  WARNING   MIS BUY LODHA: avail=Rs125.54 < needed=Rs579.25 — qty 2→0
2026-07-15 08:56:58  ERROR     MIS BUY LODHA skipped — insufficient capital after reduction
2026-07-15 08:56:58  DEBUG     Starting new HTTPS connection (1): piconnect.flattrade.in:443
2026-07-15 08:56:59  DEBUG     https://piconnect.flattrade.in:443 "POST /PiConnectAPI/Limits HTTP/1.1" 200 None
2026-07-15 08:56:59  WARNING   MIS BUY LODHA: avail=Rs125.54 < needed=Rs579.25 — qty 2→0
2026-07-15 08:56:59  ERROR     MIS BUY LODHA skipped — insufficient capital after reduction
2026-07-15 08:56:59  DEBUG     Starting new HTTPS connection (1): piconnect.flattrade.in:443
2026-07-15 08:57:00  DEBUG     https://piconnect.flattrade.in:443 "POST /PiConnectAPI/Limits HTTP/1.1" 200 None
2026-07-15 08:57:00  WARNING   MIS BUY LODHA: avail=Rs125.54 < needed=Rs579.25 — qty 2→0
2026-07-15 08:57:00  ERROR     MIS BUY LODHA skipped — insufficient capital after reduction
2026-07-15 08:57:00  DEBUG     Sending ping
2026-07-15 08:57:00  DEBUG     Starting new HTTPS connection (1): piconnect.flattrade.in:443
2026-07-15 08:57:01  DEBUG     https://piconnect.flattrade.in:443 "POST /PiConnectAPI/Limits HTTP/1.1" 200 None
2026-07-15 08:57:01  WARNING   MIS BUY LODHA: avail=Rs125.54 < needed=Rs579.25 — qty 2→0
2026-07-15 08:57:01  ERROR     MIS BUY LODHA skipped — insufficient capital after reduction
2026-07-15 08:57:02  DEBUG     Starting new HTTPS connection (1): piconnect.flattrade.in:443
2026-07-15 08:57:02  DEBUG     https://piconnect.flattrade.in:443 "POST /PiConnectAPI/Limits HTTP/1.1" 200 None
2026-07-15 08:57:02  WARNING   MIS BUY LODHA: avail=Rs125.54 < needed=Rs579.25 — qty 2→0
2026-07-15 08:57:02  ERROR     MIS BUY LODHA skipped — insufficient capital after reduction
2026-07-15 08:57:04  DEBUG     Starting new HTTPS connection (1): piconnect.flattrade.in:443
2026-07-15 08:57:04  DEBUG     https://piconnect.flattrade.in:443 "POST /PiConnectAPI/Limits HTTP/1.1" 200 None
2026-07-15 08:57:04  WARNING   MIS BUY LODHA: avail=Rs125.54 < needed=Rs579.23 — qty 2→0
2026-07-15 08:57:04  ERROR     MIS BUY LODHA skipped — insufficient capital after reduction
2026-07-15 08:57:05  DEBUG     Starting new HTTPS connection (1): piconnect.flattrade.in:443
2026-07-15 08:57:05  DEBUG     https://piconnect.flattrade.in:443 "POST /PiConnectAPI/Limits HTTP/1.1" 200 None
2026-07-15 08:57:05  WARNING   MIS BUY LODHA: avail=Rs125.54 < needed=Rs579.23 — qty 2→0
2026-07-15 08:57:05  ERROR     MIS BUY LODHA skipped — insufficient capital after reduction
2026-07-15 08:57:06  DEBUG     Starting new HTTPS connection (1): piconnect.flattrade.in:443
2026-07-15 08:57:06  DEBUG     https://piconnect.flattrade.in:443 "POST /PiConnectAPI/Limits HTTP/1.1" 200 None
2026-07-15 08:57:06  WARNING   MIS BUY LODHA: avail=Rs125.54 < needed=Rs579.23 — qty 2→0
2026-07-15 08:57:06  ERROR     MIS BUY LODHA skipped — insufficient capital after reduction
2026-07-15 08:57:09  DEBUG     Starting new HTTPS connection (1): piconnect.flattrade.in:443
2026-07-15 08:57:10  DEBUG     https://piconnect.flattrade.in:443 "POST /PiConnectAPI/Limits HTTP/1.1" 200 None
2026-07-15 08:57:10  WARNING   MIS BUY LODHA: avail=Rs125.54 < needed=Rs579.23 — qty 2→0
2026-07-15 08:57:10  ERROR     MIS BUY LODHA skipped — insufficient capital after reduction
2026-07-15 08:57:10  DEBUG     Starting new HTTPS connection (1): piconnect.flattrade.in:443
2026-07-15 08:57:10  DEBUG     https://piconnect.flattrade.in:443 "POST /PiConnectAPI/Limits HTTP/1.1" 200 None
2026-07-15 08:57:10  WARNING   MIS BUY LODHA: avail=Rs125.54 < needed=Rs579.23 — qty 2→0
2026-07-15 08:57:10  ERROR     MIS BUY LODHA skipped — insufficient capital after reduction
2026-07-15 08:57:11  DEBUG     Starting new HTTPS connection (1): piconnect.flattrade.in:443
2026-07-15 08:57:11  DEBUG     https://piconnect.flattrade.in:443 "POST /PiConnectAPI/Limits HTTP/1.1" 200 None
2026-07-15 08:57:11  WARNING   MIS BUY LODHA: avail=Rs125.54 < needed=Rs579.23 — qty 2→0
2026-07-15 08:57:11  ERROR     MIS BUY LODHA skipped — insufficient capital after reduction
2026-07-15 08:57:11  DEBUG     Starting new HTTPS connection (1): piconnect.flattrade.in:443
2026-07-15 08:57:11  DEBUG     https://piconnect.flattrade.in:443 "POST /PiConnectAPI/Limits HTTP/1.1" 200 None
2026-07-15 08:57:11  WARNING   MIS BUY LODHA: avail=Rs125.54 < needed=Rs579.23 — qty 2→0
2026-07-15 08:57:11  ERROR     MIS BUY LODHA skipped — insufficient capital after reduction
2026-07-15 08:57:13  DEBUG     Starting new HTTPS connection (1): piconnect.flattrade.in:443
2026-07-15 08:57:13  DEBUG     https://piconnect.flattrade.in:443 "POST /PiConnectAPI/Limits HTTP/1.1" 200 None
2026-07-15 08:57:13  WARNING   MIS BUY LODHA: avail=Rs125.54 < needed=Rs579.23 — qty 2→0
2026-07-15 08:57:13  ERROR     MIS BUY LODHA skipped — insufficient capital after reduction
2026-07-15 08:57:15  DEBUG     Starting new HTTPS connection (1): piconnect.flattrade.in:443
2026-07-15 08:57:16  DEBUG     https://piconnect.flattrade.in:443 "POST /PiConnectAPI/Limits HTTP/1.1" 200 None
2026-07-15 08:57:16  WARNING   MIS BUY LODHA: avail=Rs125.54 < needed=Rs579.23 — qty 2→0
2026-07-15 08:57:16  ERROR     MIS BUY LODHA skipped — insufficient capital after reduction
2026-07-15 08:57:16  DEBUG     Starting new HTTPS connection (1): piconnect.flattrade.in:443
2026-07-15 08:57:17  DEBUG     https://piconnect.flattrade.in:443 "POST /PiConnectAPI/Limits HTTP/1.1" 200 None
2026-07-15 08:57:17  WARNING   MIS BUY LODHA: avail=Rs125.54 < needed=Rs579.23 — qty 2→0
2026-07-15 08:57:17  ERROR     MIS BUY LODHA skipped — insufficient capital after reduction
2026-07-15 08:57:21  DEBUG     Starting new HTTPS connection (1): piconnect.flattrade.in:443
2026-07-15 08:57:21  DEBUG     https://piconnect.flattrade.in:443 "POST /PiConnectAPI/Limits HTTP/1.1" 200 None
2026-07-15 08:57:21  WARNING   MIS BUY LODHA: avail=Rs125.54 < needed=Rs579.23 — qty 2→0
2026-07-15 08:57:21  ERROR     MIS BUY LODHA skipped — insufficient capital after reduction
2026-07-15 08:57:22  DEBUG     Starting new HTTPS connection (1): piconnect.flattrade.in:443
2026-07-15 08:57:22  DEBUG     https://piconnect.flattrade.in:443 "POST /PiConnectAPI/Limits HTTP/1.1" 200 None
2026-07-15 08:57:22  WARNING   MIS BUY LODHA: avail=Rs125.54 < needed=Rs579.23 — qty 2→0
2026-07-15 08:57:22  ERROR     MIS BUY LODHA skipped — insufficient capital after reduction
2026-07-15 08:57:24  DEBUG     Starting new HTTPS connection (1): piconnect.flattrade.in:443
2026-07-15 08:57:24  DEBUG     https://piconnect.flattrade.in:443 "POST /PiConnectAPI/Limits HTTP/1.1" 200 None
2026-07-15 08:57:24  WARNING   MIS BUY LODHA: avail=Rs125.54 < needed=Rs579.23 — qty 2→0
2026-07-15 08:57:24  ERROR     MIS BUY LODHA skipped — insufficient capital after reduction
2026-07-15 08:57:25  DEBUG     Starting new HTTPS connection (1): piconnect.flattrade.in:443
2026-07-15 08:57:25  DEBUG     https://piconnect.flattrade.in:443 "POST /PiConnectAPI/Limits HTTP/1.1" 200 None
2026-07-15 08:57:25  WARNING   MIS BUY LODHA: avail=Rs125.54 < needed=Rs579.23 — qty 2→0
2026-07-15 08:57:25  ERROR     MIS BUY LODHA skipped — insufficient capital after reduction
2026-07-15 08:57:27  DEBUG     Starting new HTTPS connection (1): piconnect.flattrade.in:443
2026-07-15 08:57:27  DEBUG     https://piconnect.flattrade.in:443 "POST /PiConnectAPI/Limits HTTP/1.1" 200 None
2026-07-15 08:57:27  WARNING   MIS BUY LODHA: avail=Rs125.54 < needed=Rs579.23 — qty 2→0
2026-07-15 08:57:27  ERROR     MIS BUY LODHA skipped — insufficient capital after reduction
2026-07-15 08:57:28  DEBUG     Starting new HTTPS connection (1): piconnect.flattrade.in:443
2026-07-15 08:57:28  DEBUG     https://piconnect.flattrade.in:443 "POST /PiConnectAPI/Limits HTTP/1.1" 200 None
2026-07-15 08:57:28  WARNING   MIS BUY LODHA: avail=Rs125.54 < needed=Rs579.40 — qty 2→0
2026-07-15 08:57:28  ERROR     MIS BUY LODHA skipped — insufficient capital after reduction
2026-07-15 08:57:29  DEBUG     Starting new HTTPS connection (1): piconnect.flattrade.in:443
2026-07-15 08:57:29  DEBUG     https://piconnect.flattrade.in:443 "POST /PiConnectAPI/Limits HTTP/1.1" 200 None
2026-07-15 08:57:29  WARNING   MIS BUY LODHA: avail=Rs125.54 < needed=Rs579.40 — qty 2→0
2026-07-15 08:57:29  ERROR     MIS BUY LODHA skipped — insufficient capital after reduction
2026-07-15 08:57:30  DEBUG     Starting new HTTPS connection (1): piconnect.flattrade.in:443
2026-07-15 08:57:30  DEBUG     https://piconnect.flattrade.in:443 "POST /PiConnectAPI/Limits HTTP/1.1" 200 None
2026-07-15 08:57:30  WARNING   MIS BUY LODHA: avail=Rs125.54 < needed=Rs579.40 — qty 2→0
2026-07-15 08:57:30  ERROR     MIS BUY LODHA skipped — insufficient capital after reduction
2026-07-15 08:57:30  DEBUG     Sending ping
2026-07-15 08:57:33  DEBUG     Starting new HTTPS connection (1): piconnect.flattrade.in:443
2026-07-15 08:57:33  DEBUG     https://piconnect.flattrade.in:443 "POST /PiConnectAPI/Limits HTTP/1.1" 200 None
2026-07-15 08:57:33  WARNING   MIS BUY LODHA: avail=Rs125.54 < needed=Rs579.40 — qty 2→0
2026-07-15 08:57:33  ERROR     MIS BUY LODHA skipped — insufficient capital after reduction
2026-07-15 08:57:36  DEBUG     Starting new HTTPS connection (1): piconnect.flattrade.in:443
2026-07-15 08:57:36  DEBUG     https://piconnect.flattrade.in:443 "POST /PiConnectAPI/Limits HTTP/1.1" 200 None
2026-07-15 08:57:36  WARNING   MIS BUY LODHA: avail=Rs125.54 < needed=Rs579.40 — qty 2→0
2026-07-15 08:57:36  ERROR     MIS BUY LODHA skipped — insufficient capital after reduction
2026-07-15 08:57:36  DEBUG     Starting new HTTPS connection (1): piconnect.flattrade.in:443
2026-07-15 08:57:36  DEBUG     https://piconnect.flattrade.in:443 "POST /PiConnectAPI/Limits HTTP/1.1" 200 None
2026-07-15 08:57:36  WARNING   MIS BUY LODHA: avail=Rs125.54 < needed=Rs579.40 — qty 2→0
2026-07-15 08:57:36  ERROR     MIS BUY LODHA skipped — insufficient capital after reduction
2026-07-15 08:57:37  DEBUG     Starting new HTTPS connection (1): piconnect.flattrade.in:443
2026-07-15 08:57:38  DEBUG     https://piconnect.flattrade.in:443 "POST /PiConnectAPI/Limits HTTP/1.1" 200 None
2026-07-15 08:57:38  WARNING   MIS BUY LODHA: avail=Rs125.54 < needed=Rs579.40 — qty 2→0
2026-07-15 08:57:38  ERROR     MIS BUY LODHA skipped — insufficient capital after reduction
2026-07-15 08:57:38  DEBUG     Starting new HTTPS connection (1): piconnect.flattrade.in:443
2026-07-15 08:57:38  DEBUG     https://piconnect.flattrade.in:443 "POST /PiConnectAPI/Limits HTTP/1.1" 200 None
2026-07-15 08:57:38  WARNING   MIS BUY LODHA: avail=Rs125.54 < needed=Rs579.40 — qty 2→0
2026-07-15 08:57:38  ERROR     MIS BUY LODHA skipped — insufficient capital after reduction
2026-07-15 08:57:39  DEBUG     Starting new HTTPS connection (1): piconnect.flattrade.in:443
2026-07-15 08:57:39  DEBUG     https://piconnect.flattrade.in:443 "POST /PiConnectAPI/Limits HTTP/1.1" 200 None
2026-07-15 08:57:39  WARNING   MIS BUY LODHA: avail=Rs125.54 < needed=Rs579.40 — qty 2→0
2026-07-15 08:57:39  ERROR     MIS BUY LODHA skipped — insufficient capital after reduction
2026-07-15 08:57:39  DEBUG     Starting new HTTPS connection (1): piconnect.flattrade.in:443
2026-07-15 08:57:39  DEBUG     https://piconnect.flattrade.in:443 "POST /PiConnectAPI/Limits HTTP/1.1" 200 None
2026-07-15 08:57:39  WARNING   MIS BUY LODHA: avail=Rs125.54 < needed=Rs579.58 — qty 2→0
2026-07-15 08:57:39  ERROR     MIS BUY LODHA skipped — insufficient capital after reduction
2026-07-15 08:57:40  DEBUG     Starting new HTTPS connection (1): piconnect.flattrade.in:443
2026-07-15 08:57:41  DEBUG     https://piconnect.flattrade.in:443 "POST /PiConnectAPI/Limits HTTP/1.1" 200 None
2026-07-15 08:57:41  WARNING   MIS BUY LODHA: avail=Rs125.54 < needed=Rs579.58 — qty 2→0
2026-07-15 08:57:41  ERROR     MIS BUY LODHA skipped — insufficient capital after reduction
2026-07-15 08:57:41  DEBUG     Starting new HTTPS connection (1): piconnect.flattrade.in:443
2026-07-15 08:57:41  DEBUG     https://piconnect.flattrade.in:443 "POST /PiConnectAPI/Limits HTTP/1.1" 200 None
2026-07-15 08:57:41  WARNING   MIS BUY LODHA: avail=Rs125.54 < needed=Rs579.58 — qty 2→0
2026-07-15 08:57:41  ERROR     MIS BUY LODHA skipped — insufficient capital after reduction
2026-07-15 08:57:42  DEBUG     Starting new HTTPS connection (1): piconnect.flattrade.in:443
2026-07-15 08:57:42  DEBUG     https://piconnect.flattrade.in:443 "POST /PiConnectAPI/Limits HTTP/1.1" 200 None
2026-07-15 08:57:42  WARNING   MIS BUY LODHA: avail=Rs125.54 < needed=Rs579.58 — qty 2→0
2026-07-15 08:57:42  ERROR     MIS BUY LODHA skipped — insufficient capital after reduction
2026-07-15 08:57:43  DEBUG     Starting new HTTPS connection (1): piconnect.flattrade.in:443
2026-07-15 08:57:43  DEBUG     https://piconnect.flattrade.in:443 "POST /PiConnectAPI/Limits HTTP/1.1" 200 None
2026-07-15 08:57:43  WARNING   MIS BUY LODHA: avail=Rs125.54 < needed=Rs579.58 — qty 2→0
2026-07-15 08:57:43  ERROR     MIS BUY LODHA skipped — insufficient capital after reduction
2026-07-15 08:57:43  DEBUG     Starting new HTTPS connection (1): piconnect.flattrade.in:443
2026-07-15 08:57:43  DEBUG     https://piconnect.flattrade.in:443 "POST /PiConnectAPI/Limits HTTP/1.1" 200 None
2026-07-15 08:57:43  WARNING   MIS BUY LODHA: avail=Rs125.54 < needed=Rs579.33 — qty 2→0
2026-07-15 08:57:44  ERROR     MIS BUY LODHA skipped — insufficient capital after reduction
2026-07-15 08:57:44  DEBUG     Starting new HTTPS connection (1): piconnect.flattrade.in:443
2026-07-15 08:57:45  DEBUG     https://piconnect.flattrade.in:443 "POST /PiConnectAPI/Limits HTTP/1.1" 200 None
2026-07-15 08:57:45  WARNING   MIS BUY LODHA: avail=Rs125.54 < needed=Rs579.33 — qty 2→0
2026-07-15 08:57:45  ERROR     MIS BUY LODHA skipped — insufficient capital after reduction
2026-07-15 08:57:46  DEBUG     Starting new HTTPS connection (1): piconnect.flattrade.in:443
2026-07-15 08:57:46  DEBUG     https://piconnect.flattrade.in:443 "POST /PiConnectAPI/Limits HTTP/1.1" 200 None
2026-07-15 08:57:46  WARNING   MIS BUY LODHA: avail=Rs125.54 < needed=Rs579.33 — qty 2→0
2026-07-15 08:57:46  ERROR     MIS BUY LODHA skipped — insufficient capital after reduction
2026-07-15 08:57:46  DEBUG     Starting new HTTPS connection (1): piconnect.flattrade.in:443
2026-07-15 08:57:47  DEBUG     https://piconnect.flattrade.in:443 "POST /PiConnectAPI/Limits HTTP/1.1" 200 None
2026-07-15 08:57:47  WARNING   MIS BUY LODHA: avail=Rs125.54 < needed=Rs579.48 — qty 2→0
2026-07-15 08:57:47  ERROR     MIS BUY LODHA skipped — insufficient capital after reduction
2026-07-15 08:57:48  DEBUG     Starting new HTTPS connection (1): piconnect.flattrade.in:443
2026-07-15 08:57:49  DEBUG     https://piconnect.flattrade.in:443 "POST /PiConnectAPI/Limits HTTP/1.1" 200 None
2026-07-15 08:57:49  WARNING   MIS BUY LODHA: avail=Rs125.54 < needed=Rs579.48 — qty 2→0
2026-07-15 08:57:49  ERROR     MIS BUY LODHA skipped — insufficient capital after reduction
2026-07-15 08:57:50  DEBUG     Starting new HTTPS connection (1): piconnect.flattrade.in:443
2026-07-15 08:57:51  DEBUG     https://piconnect.flattrade.in:443 "POST /PiConnectAPI/Limits HTTP/1.1" 200 None
2026-07-15 08:57:51  WARNING   MIS BUY LODHA: avail=Rs125.54 < needed=Rs579.48 — qty 2→0
2026-07-15 08:57:51  ERROR     MIS BUY LODHA skipped — insufficient capital after reduction
2026-07-15 08:57:51  DEBUG     Starting new HTTPS connection (1): piconnect.flattrade.in:443
2026-07-15 08:57:52  DEBUG     https://piconnect.flattrade.in:443 "POST /PiConnectAPI/Limits HTTP/1.1" 200 None
2026-07-15 08:57:52  WARNING   MIS BUY LODHA: avail=Rs125.54 < needed=Rs579.45 — qty 2→0
2026-07-15 08:57:52  ERROR     MIS BUY LODHA skipped — insufficient capital after reduction
2026-07-15 08:57:53  DEBUG     Starting new HTTPS connection (1): piconnect.flattrade.in:443
2026-07-15 08:57:54  DEBUG     https://piconnect.flattrade.in:443 "POST /PiConnectAPI/Limits HTTP/1.1" 200 None
2026-07-15 08:57:54  WARNING   MIS BUY LODHA: avail=Rs125.54 < needed=Rs579.45 — qty 2→0
2026-07-15 08:57:54  ERROR     MIS BUY LODHA skipped — insufficient capital after reduction
2026-07-15 08:57:54  DEBUG     Starting new HTTPS connection (1): piconnect.flattrade.in:443
2026-07-15 08:57:55  DEBUG     https://piconnect.flattrade.in:443 "POST /PiConnectAPI/Limits HTTP/1.1" 200 None
2026-07-15 08:57:55  WARNING   MIS BUY LODHA: avail=Rs125.54 < needed=Rs579.45 — qty 2→0
2026-07-15 08:57:55  ERROR     MIS BUY LODHA skipped — insufficient capital after reduction
2026-07-15 08:57:56  DEBUG     Starting new HTTPS connection (1): piconnect.flattrade.in:443
2026-07-15 08:57:56  DEBUG     https://piconnect.flattrade.in:443 "POST /PiConnectAPI/Limits HTTP/1.1" 200 None
2026-07-15 08:57:56  WARNING   MIS BUY LODHA: avail=Rs125.54 < needed=Rs579.45 — qty 2→0
2026-07-15 08:57:56  ERROR     MIS BUY LODHA skipped — insufficient capital after reduction
2026-07-15 08:57:57  DEBUG     Starting new HTTPS connection (1): piconnect.flattrade.in:443
2026-07-15 08:57:57  DEBUG     https://piconnect.flattrade.in:443 "POST /PiConnectAPI/Limits HTTP/1.1" 200 None
2026-07-15 08:57:57  WARNING   MIS BUY LODHA: avail=Rs125.54 < needed=Rs579.45 — qty 2→0
2026-07-15 08:57:57  ERROR     MIS BUY LODHA skipped — insufficient capital after reduction
2026-07-15 08:57:58  DEBUG     Starting new HTTPS connection (1): piconnect.flattrade.in:443
2026-07-15 08:57:58  DEBUG     https://piconnect.flattrade.in:443 "POST /PiConnectAPI/Limits HTTP/1.1" 200 None
2026-07-15 08:57:58  WARNING   MIS BUY LODHA: avail=Rs125.54 < needed=Rs579.45 — qty 2→0
2026-07-15 08:57:58  ERROR     MIS BUY LODHA skipped — insufficient capital after reduction
2026-07-15 08:57:58  DEBUG     Starting new HTTPS connection (1): piconnect.flattrade.in:443
2026-07-15 08:57:58  DEBUG     https://piconnect.flattrade.in:443 "POST /PiConnectAPI/Limits HTTP/1.1" 200 None
2026-07-15 08:57:58  WARNING   MIS BUY LODHA: avail=Rs125.54 < needed=Rs579.38 — qty 2→0
2026-07-15 08:57:58  ERROR     MIS BUY LODHA skipped — insufficient capital after reduction
2026-07-15 08:58:00  DEBUG     Sending ping
2026-07-15 08:58:01  DEBUG     Starting new HTTPS connection (1): piconnect.flattrade.in:443
2026-07-15 08:58:01  DEBUG     https://piconnect.flattrade.in:443 "POST /PiConnectAPI/Limits HTTP/1.1" 200 None
2026-07-15 08:58:01  WARNING   MIS BUY LODHA: avail=Rs125.54 < needed=Rs579.30 — qty 2→0
2026-07-15 08:58:01  ERROR     MIS BUY LODHA skipped — insufficient capital after reduction
2026-07-15 08:58:03  DEBUG     Starting new HTTPS connection (1): piconnect.flattrade.in:443
2026-07-15 08:58:04  DEBUG     https://piconnect.flattrade.in:443 "POST /PiConnectAPI/Limits HTTP/1.1" 200 None
2026-07-15 08:58:04  WARNING   MIS BUY LODHA: avail=Rs125.54 < needed=Rs579.30 — qty 2→0
2026-07-15 08:58:04  ERROR     MIS BUY LODHA skipped — insufficient capital after reduction
2026-07-15 08:58:04  DEBUG     Starting new HTTPS connection (1): piconnect.flattrade.in:443
2026-07-15 08:58:05  DEBUG     https://piconnect.flattrade.in:443 "POST /PiConnectAPI/Limits HTTP/1.1" 200 None
2026-07-15 08:58:05  WARNING   MIS BUY LODHA: avail=Rs125.54 < needed=Rs579.35 — qty 2→0
2026-07-15 08:58:05  ERROR     MIS BUY LODHA skipped — insufficient capital after reduction
2026-07-15 08:58:05  DEBUG     Starting new HTTPS connection (1): piconnect.flattrade.in:443
2026-07-15 08:58:05  DEBUG     https://piconnect.flattrade.in:443 "POST /PiConnectAPI/Limits HTTP/1.1" 200 None
2026-07-15 08:58:05  WARNING   MIS BUY LODHA: avail=Rs125.54 < needed=Rs579.45 — qty 2→0
2026-07-15 08:58:05  ERROR     MIS BUY LODHA skipped — insufficient capital after reduction
2026-07-15 08:58:07  DEBUG     Starting new HTTPS connection (1): piconnect.flattrade.in:443
2026-07-15 08:58:07  DEBUG     https://piconnect.flattrade.in:443 "POST /PiConnectAPI/Limits HTTP/1.1" 200 None
2026-07-15 08:58:07  WARNING   MIS BUY LODHA: avail=Rs125.54 < needed=Rs579.45 — qty 2→0
2026-07-15 08:58:07  ERROR     MIS BUY LODHA skipped — insufficient capital after reduction
2026-07-15 08:58:08  DEBUG     Starting new HTTPS connection (1): piconnect.flattrade.in:443
2026-07-15 08:58:08  DEBUG     https://piconnect.flattrade.in:443 "POST /PiConnectAPI/Limits HTTP/1.1" 200 None
2026-07-15 08:58:08  WARNING   MIS BUY LODHA: avail=Rs125.54 < needed=Rs579.42 — qty 2→0
2026-07-15 08:58:08  ERROR     MIS BUY LODHA skipped — insufficient capital after reduction
2026-07-15 08:58:09  DEBUG     Starting new HTTPS connection (1): piconnect.flattrade.in:443
2026-07-15 08:58:09  DEBUG     https://piconnect.flattrade.in:443 "POST /PiConnectAPI/Limits HTTP/1.1" 200 None
2026-07-15 08:58:09  WARNING   MIS BUY LODHA: avail=Rs125.54 < needed=Rs579.38 — qty 2→0
2026-07-15 08:58:09  ERROR     MIS BUY LODHA skipped — insufficient capital after reduction
2026-07-15 08:58:10  DEBUG     Starting new HTTPS connection (1): piconnect.flattrade.in:443
2026-07-15 08:58:10  DEBUG     https://piconnect.flattrade.in:443 "POST /PiConnectAPI/Limits HTTP/1.1" 200 None
2026-07-15 08:58:10  WARNING   MIS BUY LODHA: avail=Rs125.54 < needed=Rs579.35 — qty 2→0
2026-07-15 08:58:10  ERROR     MIS BUY LODHA skipped — insufficient capital after reduction
2026-07-15 08:58:11  DEBUG     Starting new HTTPS connection (1): piconnect.flattrade.in:443
2026-07-15 08:58:11  DEBUG     https://piconnect.flattrade.in:443 "POST /PiConnectAPI/Limits HTTP/1.1" 200 None
2026-07-15 08:58:11  WARNING   MIS BUY LODHA: avail=Rs125.54 < needed=Rs579.30 — qty 2→0
2026-07-15 08:58:11  ERROR     MIS BUY LODHA skipped — insufficient capital after reduction
2026-07-15 08:58:13  DEBUG     Starting new HTTPS connection (1): piconnect.flattrade.in:443
2026-07-15 08:58:13  DEBUG     https://piconnect.flattrade.in:443 "POST /PiConnectAPI/Limits HTTP/1.1" 200 None
2026-07-15 08:58:13  WARNING   MIS BUY LODHA: avail=Rs125.54 < needed=Rs579.30 — qty 2→0
2026-07-15 08:58:13  ERROR     MIS BUY LODHA skipped — insufficient capital after reduction
2026-07-15 08:58:13  DEBUG     Starting new HTTPS connection (1): piconnect.flattrade.in:443
2026-07-15 08:58:13  DEBUG     https://piconnect.flattrade.in:443 "POST /PiConnectAPI/Limits HTTP/1.1" 200 None
2026-07-15 08:58:13  WARNING   MIS BUY LODHA: avail=Rs125.54 < needed=Rs579.42 — qty 2→0
2026-07-15 08:58:13  ERROR     MIS BUY LODHA skipped — insufficient capital after reduction
2026-07-15 08:58:15  DEBUG     Starting new HTTPS connection (1): piconnect.flattrade.in:443
2026-07-15 08:58:15  DEBUG     https://piconnect.flattrade.in:443 "POST /PiConnectAPI/Limits HTTP/1.1" 200 None
2026-07-15 08:58:15  WARNING   MIS BUY LODHA: avail=Rs125.54 < needed=Rs579.42 — qty 2→0
2026-07-15 08:58:15  ERROR     MIS BUY LODHA skipped — insufficient capital after reduction
2026-07-15 08:58:15  DEBUG     Starting new HTTPS connection (1): piconnect.flattrade.in:443
2026-07-15 08:58:15  DEBUG     https://piconnect.flattrade.in:443 "POST /PiConnectAPI/Limits HTTP/1.1" 200 None
2026-07-15 08:58:15  WARNING   MIS BUY LODHA: avail=Rs125.54 < needed=Rs579.38 — qty 2→0
2026-07-15 08:58:15  ERROR     MIS BUY LODHA skipped — insufficient capital after reduction
2026-07-15 08:58:16  DEBUG     Starting new HTTPS connection (1): piconnect.flattrade.in:443
2026-07-15 08:58:16  DEBUG     https://piconnect.flattrade.in:443 "POST /PiConnectAPI/Limits HTTP/1.1" 200 None
2026-07-15 08:58:16  WARNING   MIS BUY LODHA: avail=Rs125.54 < needed=Rs579.33 — qty 2→0
2026-07-15 08:58:16  ERROR     MIS BUY LODHA skipped — insufficient capital after reduction
2026-07-15 08:58:17  DEBUG     Starting new HTTPS connection (1): piconnect.flattrade.in:443
2026-07-15 08:58:17  DEBUG     https://piconnect.flattrade.in:443 "POST /PiConnectAPI/Limits HTTP/1.1" 200 None
2026-07-15 08:58:17  WARNING   MIS BUY LODHA: avail=Rs125.54 < needed=Rs579.33 — qty 2→0
2026-07-15 08:58:17  ERROR     MIS BUY LODHA skipped — insufficient capital after reduction
2026-07-15 08:58:18  DEBUG     Starting new HTTPS connection (1): piconnect.flattrade.in:443
2026-07-15 08:58:18  DEBUG     https://piconnect.flattrade.in:443 "POST /PiConnectAPI/Limits HTTP/1.1" 200 None
2026-07-15 08:58:18  WARNING   MIS BUY LODHA: avail=Rs125.54 < needed=Rs579.33 — qty 2→0
2026-07-15 08:58:18  ERROR     MIS BUY LODHA skipped — insufficient capital after reduction
2026-07-15 08:58:22  DEBUG     Starting new HTTPS connection (1): piconnect.flattrade.in:443
2026-07-15 08:58:23  DEBUG     https://piconnect.flattrade.in:443 "POST /PiConnectAPI/Limits HTTP/1.1" 200 None
2026-07-15 08:58:23  WARNING   MIS BUY LODHA: avail=Rs125.54 < needed=Rs579.33 — qty 2→0
2026-07-15 08:58:23  ERROR     MIS BUY LODHA skipped — insufficient capital after reduction
2026-07-15 08:58:28  DEBUG     Starting new HTTPS connection (1): piconnect.flattrade.in:443
2026-07-15 08:58:28  DEBUG     https://piconnect.flattrade.in:443 "POST /PiConnectAPI/Limits HTTP/1.1" 200 None
2026-07-15 08:58:28  WARNING   MIS BUY LODHA: avail=Rs125.54 < needed=Rs579.27 — qty 2→0
2026-07-15 08:58:28  ERROR     MIS BUY LODHA skipped — insufficient capital after reduction
2026-07-15 08:58:28  DEBUG     Starting new HTTPS connection (1): piconnect.flattrade.in:443
2026-07-15 08:58:28  DEBUG     https://piconnect.flattrade.in:443 "POST /PiConnectAPI/Limits HTTP/1.1" 200 None
2026-07-15 08:58:28  WARNING   MIS BUY LODHA: avail=Rs125.54 < needed=Rs579.27 — qty 2→0
2026-07-15 08:58:28  ERROR     MIS BUY LODHA skipped — insufficient capital after reduction
2026-07-15 08:58:30  DEBUG     Sending ping
2026-07-15 08:58:33  DEBUG     Starting new HTTPS connection (1): piconnect.flattrade.in:443
2026-07-15 08:58:33  DEBUG     https://piconnect.flattrade.in:443 "POST /PiConnectAPI/Limits HTTP/1.1" 200 None
2026-07-15 08:58:33  WARNING   MIS BUY LODHA: avail=Rs125.54 < needed=Rs579.15 — qty 2→0
2026-07-15 08:58:33  ERROR     MIS BUY LODHA skipped — insufficient capital after reduction
2026-07-15 08:58:36  DEBUG     Starting new HTTPS connection (1): piconnect.flattrade.in:443
2026-07-15 08:58:36  DEBUG     https://piconnect.flattrade.in:443 "POST /PiConnectAPI/Limits HTTP/1.1" 200 None
2026-07-15 08:58:36  WARNING   MIS BUY LODHA: avail=Rs125.54 < needed=Rs579.15 — qty 2→0
2026-07-15 08:58:36  ERROR     MIS BUY LODHA skipped — insufficient capital after reduction
2026-07-15 08:58:38  DEBUG     Starting new HTTPS connection (1): piconnect.flattrade.in:443
2026-07-15 08:58:38  DEBUG     https://piconnect.flattrade.in:443 "POST /PiConnectAPI/Limits HTTP/1.1" 200 None
2026-07-15 08:58:38  WARNING   MIS BUY LODHA: avail=Rs125.54 < needed=Rs579.15 — qty 2→0
2026-07-15 08:58:38  ERROR     MIS BUY LODHA skipped — insufficient capital after reduction
2026-07-15 08:58:43  DEBUG     Starting new HTTPS connection (1): piconnect.flattrade.in:443
2026-07-15 08:58:43  DEBUG     https://piconnect.flattrade.in:443 "POST /PiConnectAPI/Limits HTTP/1.1" 200 None
2026-07-15 08:58:43  WARNING   MIS BUY LODHA: avail=Rs125.54 < needed=Rs579.12 — qty 2→0
2026-07-15 08:58:43  ERROR     MIS BUY LODHA skipped — insufficient capital after reduction
2026-07-15 08:58:48  DEBUG     Starting new HTTPS connection (1): piconnect.flattrade.in:443
2026-07-15 08:58:48  DEBUG     https://piconnect.flattrade.in:443 "POST /PiConnectAPI/Limits HTTP/1.1" 200 None
2026-07-15 08:58:48  WARNING   MIS BUY LODHA: avail=Rs125.54 < needed=Rs579.12 — qty 2→0
2026-07-15 08:58:48  ERROR     MIS BUY LODHA skipped — insufficient capital after reduction
2026-07-15 08:58:51  DEBUG     Starting new HTTPS connection (1): piconnect.flattrade.in:443
2026-07-15 08:58:51  DEBUG     https://piconnect.flattrade.in:443 "POST /PiConnectAPI/Limits HTTP/1.1" 200 None
2026-07-15 08:58:51  WARNING   MIS BUY LODHA: avail=Rs125.54 < needed=Rs579.12 — qty 2→0
2026-07-15 08:58:51  ERROR     MIS BUY LODHA skipped — insufficient capital after reduction
2026-07-15 08:58:53  DEBUG     Starting new HTTPS connection (1): piconnect.flattrade.in:443
2026-07-15 08:58:53  DEBUG     https://piconnect.flattrade.in:443 "POST /PiConnectAPI/Limits HTTP/1.1" 200 None
2026-07-15 08:58:53  WARNING   MIS BUY LODHA: avail=Rs125.54 < needed=Rs579.10 — qty 2→0
2026-07-15 08:58:53  ERROR     MIS BUY LODHA skipped — insufficient capital after reduction
2026-07-15 08:58:58  DEBUG     Starting new HTTPS connection (1): piconnect.flattrade.in:443
2026-07-15 08:58:58  DEBUG     https://piconnect.flattrade.in:443 "POST /PiConnectAPI/Limits HTTP/1.1" 200 None
2026-07-15 08:58:58  WARNING   MIS BUY LODHA: avail=Rs125.54 < needed=Rs579.00 — qty 2→0
2026-07-15 08:58:58  ERROR     MIS BUY LODHA skipped — insufficient capital after reduction
2026-07-15 08:59:00  DEBUG     Sending ping
2026-07-15 08:59:03  DEBUG     Starting new HTTPS connection (1): piconnect.flattrade.in:443
2026-07-15 08:59:04  DEBUG     https://piconnect.flattrade.in:443 "POST /PiConnectAPI/Limits HTTP/1.1" 200 None
2026-07-15 08:59:04  WARNING   MIS BUY LODHA: avail=Rs125.54 < needed=Rs579.00 — qty 2→0
2026-07-15 08:59:04  ERROR     MIS BUY LODHA skipped — insufficient capital after reduction
2026-07-15 08:59:07  DEBUG     Starting new HTTPS connection (1): piconnect.flattrade.in:443
2026-07-15 08:59:07  DEBUG     https://piconnect.flattrade.in:443 "POST /PiConnectAPI/Limits HTTP/1.1" 200 None
2026-07-15 08:59:07  WARNING   MIS BUY LODHA: avail=Rs125.54 < needed=Rs579.00 — qty 2→0
2026-07-15 08:59:07  ERROR     MIS BUY LODHA skipped — insufficient capital after reduction
2026-07-15 08:59:09  DEBUG     Starting new HTTPS connection (1): piconnect.flattrade.in:443
2026-07-15 08:59:09  DEBUG     https://piconnect.flattrade.in:443 "POST /PiConnectAPI/Limits HTTP/1.1" 200 None
2026-07-15 08:59:09  WARNING   MIS BUY LODHA: avail=Rs125.54 < needed=Rs579.00 — qty 2→0
2026-07-15 08:59:09  ERROR     MIS BUY LODHA skipped — insufficient capital after reduction
2026-07-15 08:59:11  DEBUG     Starting new HTTPS connection (1): piconnect.flattrade.in:443
2026-07-15 08:59:11  DEBUG     https://piconnect.flattrade.in:443 "POST /PiConnectAPI/Limits HTTP/1.1" 200 None
2026-07-15 08:59:11  WARNING   MIS BUY LODHA: avail=Rs125.54 < needed=Rs579.00 — qty 2→0
2026-07-15 08:59:11  ERROR     MIS BUY LODHA skipped — insufficient capital after reduction
2026-07-15 08:59:13  DEBUG     Starting new HTTPS connection (1): piconnect.flattrade.in:443
2026-07-15 08:59:13  DEBUG     https://piconnect.flattrade.in:443 "POST /PiConnectAPI/Limits HTTP/1.1" 200 None
2026-07-15 08:59:13  WARNING   MIS BUY LODHA: avail=Rs125.54 < needed=Rs579.00 — qty 2→0
2026-07-15 08:59:13  ERROR     MIS BUY LODHA skipped — insufficient capital after reduction
2026-07-15 08:59:15  DEBUG     Starting new HTTPS connection (1): piconnect.flattrade.in:443
2026-07-15 08:59:15  DEBUG     https://piconnect.flattrade.in:443 "POST /PiConnectAPI/Limits HTTP/1.1" 200 None
2026-07-15 08:59:15  WARNING   MIS BUY LODHA: avail=Rs125.54 < needed=Rs579.00 — qty 2→0
2026-07-15 08:59:15  ERROR     MIS BUY LODHA skipped — insufficient capital after reduction
2026-07-15 08:59:15  DEBUG     Starting new HTTPS connection (1): piconnect.flattrade.in:443
2026-07-15 08:59:15  DEBUG     https://piconnect.flattrade.in:443 "POST /PiConnectAPI/Limits HTTP/1.1" 200 None
2026-07-15 08:59:15  WARNING   MIS BUY LODHA: avail=Rs125.54 < needed=Rs579.00 — qty 2→0
2026-07-15 08:59:15  ERROR     MIS BUY LODHA skipped — insufficient capital after reduction
2026-07-15 08:59:21  DEBUG     Starting new HTTPS connection (1): piconnect.flattrade.in:443
2026-07-15 08:59:21  DEBUG     https://piconnect.flattrade.in:443 "POST /PiConnectAPI/Limits HTTP/1.1" 200 None
2026-07-15 08:59:21  WARNING   MIS BUY LODHA: avail=Rs125.54 < needed=Rs579.00 — qty 2→0
2026-07-15 08:59:21  ERROR     MIS BUY LODHA skipped — insufficient capital after reduction
2026-07-15 08:59:21  DEBUG     Starting new HTTPS connection (1): piconnect.flattrade.in:443
2026-07-15 08:59:21  DEBUG     https://piconnect.flattrade.in:443 "POST /PiConnectAPI/Limits HTTP/1.1" 200 None
2026-07-15 08:59:21  WARNING   MIS BUY LODHA: avail=Rs125.54 < needed=Rs579.20 — qty 2→0
2026-07-15 08:59:21  ERROR     MIS BUY LODHA skipped — insufficient capital after reduction
2026-07-15 08:59:27  DEBUG     Starting new HTTPS connection (1): piconnect.flattrade.in:443
2026-07-15 08:59:27  DEBUG     https://piconnect.flattrade.in:443 "POST /PiConnectAPI/Limits HTTP/1.1" 200 None
2026-07-15 08:59:27  WARNING   MIS BUY LODHA: avail=Rs125.54 < needed=Rs579.40 — qty 2→0
2026-07-15 08:59:27  ERROR     MIS BUY LODHA skipped — insufficient capital after reduction
2026-07-15 08:59:29  DEBUG     Starting new HTTPS connection (1): piconnect.flattrade.in:443
2026-07-15 08:59:29  DEBUG     https://piconnect.flattrade.in:443 "POST /PiConnectAPI/Limits HTTP/1.1" 200 None
2026-07-15 08:59:29  WARNING   MIS BUY LODHA: avail=Rs125.54 < needed=Rs579.40 — qty 2→0
2026-07-15 08:59:29  ERROR     MIS BUY LODHA skipped — insufficient capital after reduction
2026-07-15 08:59:30  DEBUG     Sending ping
2026-07-15 08:59:33  DEBUG     Starting new HTTPS connection (1): piconnect.flattrade.in:443
2026-07-15 08:59:33  DEBUG     https://piconnect.flattrade.in:443 "POST /PiConnectAPI/Limits HTTP/1.1" 200 None
2026-07-15 08:59:33  WARNING   MIS BUY LODHA: avail=Rs125.54 < needed=Rs579.40 — qty 2→0
2026-07-15 08:59:33  ERROR     MIS BUY LODHA skipped — insufficient capital after reduction
2026-07-15 08:59:36  DEBUG     Starting new HTTPS connection (1): piconnect.flattrade.in:443
2026-07-15 08:59:36  DEBUG     https://piconnect.flattrade.in:443 "POST /PiConnectAPI/Limits HTTP/1.1" 200 None
2026-07-15 08:59:36  WARNING   MIS BUY LODHA: avail=Rs125.54 < needed=Rs579.40 — qty 2→0
2026-07-15 08:59:36  ERROR     MIS BUY LODHA skipped — insufficient capital after reduction
2026-07-15 08:59:38  DEBUG     Starting new HTTPS connection (1): piconnect.flattrade.in:443
2026-07-15 08:59:38  DEBUG     https://piconnect.flattrade.in:443 "POST /PiConnectAPI/Limits HTTP/1.1" 200 None
2026-07-15 08:59:38  WARNING   MIS BUY LODHA: avail=Rs125.54 < needed=Rs579.40 — qty 2→0
2026-07-15 08:59:38  ERROR     MIS BUY LODHA skipped — insufficient capital after reduction
2026-07-15 08:59:39  DEBUG     Starting new HTTPS connection (1): piconnect.flattrade.in:443
2026-07-15 08:59:39  DEBUG     https://piconnect.flattrade.in:443 "POST /PiConnectAPI/Limits HTTP/1.1" 200 None
2026-07-15 08:59:39  WARNING   MIS BUY LODHA: avail=Rs125.54 < needed=Rs579.40 — qty 2→0
2026-07-15 08:59:39  ERROR     MIS BUY LODHA skipped — insufficient capital after reduction
2026-07-15 08:59:43  DEBUG     Starting new HTTPS connection (1): piconnect.flattrade.in:443
2026-07-15 08:59:43  DEBUG     https://piconnect.flattrade.in:443 "POST /PiConnectAPI/Limits HTTP/1.1" 200 None
2026-07-15 08:59:43  WARNING   MIS BUY LODHA: avail=Rs125.54 < needed=Rs579.40 — qty 2→0
2026-07-15 08:59:43  ERROR     MIS BUY LODHA skipped — insufficient capital after reduction
2026-07-15 08:59:43  DEBUG     Starting new HTTPS connection (1): piconnect.flattrade.in:443
2026-07-15 08:59:43  DEBUG     https://piconnect.flattrade.in:443 "POST /PiConnectAPI/Limits HTTP/1.1" 200 None
2026-07-15 08:59:43  WARNING   MIS BUY LODHA: avail=Rs125.54 < needed=Rs579.70 — qty 2→0
2026-07-15 08:59:43  ERROR     MIS BUY LODHA skipped — insufficient capital after reduction
2026-07-15 08:59:48  DEBUG     Starting new HTTPS connection (1): piconnect.flattrade.in:443
2026-07-15 08:59:49  DEBUG     https://piconnect.flattrade.in:443 "POST /PiConnectAPI/Limits HTTP/1.1" 200 None
2026-07-15 08:59:49  WARNING   MIS BUY LODHA: avail=Rs125.54 < needed=Rs579.70 — qty 2→0
2026-07-15 08:59:49  ERROR     MIS BUY LODHA skipped — insufficient capital after reduction
2026-07-15 08:59:54  DEBUG     Starting new HTTPS connection (1): piconnect.flattrade.in:443
2026-07-15 08:59:54  DEBUG     https://piconnect.flattrade.in:443 "POST /PiConnectAPI/Limits HTTP/1.1" 200 None
2026-07-15 08:59:54  WARNING   MIS BUY LODHA: avail=Rs125.54 < needed=Rs579.70 — qty 2→0
2026-07-15 08:59:54  ERROR     MIS BUY LODHA skipped — insufficient capital after reduction
2026-07-15 08:59:59  DEBUG     Starting new HTTPS connection (1): piconnect.flattrade.in:443
2026-07-15 08:59:59  DEBUG     https://piconnect.flattrade.in:443 "POST /PiConnectAPI/Limits HTTP/1.1" 200 None
2026-07-15 08:59:59  WARNING   MIS BUY LODHA: avail=Rs125.54 < needed=Rs579.70 — qty 2→0
2026-07-15 08:59:59  ERROR     MIS BUY LODHA skipped — insufficient capital after reduction
2026-07-15 08:59:59  DEBUG     Starting new HTTPS connection (1): piconnect.flattrade.in:443
2026-07-15 08:59:59  DEBUG     https://piconnect.flattrade.in:443 "POST /PiConnectAPI/Limits HTTP/1.1" 200 None
2026-07-15 08:59:59  WARNING   MIS BUY LODHA: avail=Rs125.54 < needed=Rs579.65 — qty 2→0
2026-07-15 08:59:59  ERROR     MIS BUY LODHA skipped — insufficient capital after reduction
2026-07-15 09:00:00  DEBUG     Sending ping
2026-07-15 09:00:01  DEBUG     CANDLE  HCLTECH       O=1168.00  H=1169.90  L=1167.30  C=1168.30
2026-07-15 09:00:01  DEBUG     CANDLE  UNIONBANK     O=173.24  H=173.33  L=172.79  C=172.83
2026-07-15 09:00:02  DEBUG     Starting new HTTPS connection (1): piconnect.flattrade.in:443
2026-07-15 09:00:02  DEBUG     https://piconnect.flattrade.in:443 "POST /PiConnectAPI/Limits HTTP/1.1" 200 None
2026-07-15 09:00:02  WARNING   MIS BUY LODHA: avail=Rs125.54 < needed=Rs579.65 — qty 2→0
2026-07-15 09:00:02  ERROR     MIS BUY LODHA skipped — insufficient capital after reduction
2026-07-15 09:00:02  DEBUG     CANDLE  LODHA         O=1162.45  H=1164.00  L=1157.40  C=1158.70
2026-07-15 09:00:05  DEBUG     Starting new HTTPS connection (1): piconnect.flattrade.in:443
2026-07-15 09:00:05  DEBUG     https://piconnect.flattrade.in:443 "POST /PiConnectAPI/Limits HTTP/1.1" 200 None
2026-07-15 09:00:05  WARNING   MIS BUY LODHA: avail=Rs125.54 < needed=Rs580.15 — qty 2→0
2026-07-15 09:00:05  ERROR     MIS BUY LODHA skipped — insufficient capital after reduction
2026-07-15 09:00:05  DEBUG     Starting new HTTPS connection (1): piconnect.flattrade.in:443
2026-07-15 09:00:05  DEBUG     https://piconnect.flattrade.in:443 "POST /PiConnectAPI/Limits HTTP/1.1" 200 None
2026-07-15 09:00:05  WARNING   MIS BUY LODHA: avail=Rs125.54 < needed=Rs580.15 — qty 2→0
2026-07-15 09:00:05  ERROR     MIS BUY LODHA skipped — insufficient capital after reduction
2026-07-15 09:00:08  DEBUG     CANDLE  ADANIENSOL    O=1682.70  H=1685.40  L=1679.20  C=1680.40
2026-07-15 09:00:09  DEBUG     Starting new HTTPS connection (1): piconnect.flattrade.in:443
2026-07-15 09:00:09  DEBUG     https://piconnect.flattrade.in:443 "POST /PiConnectAPI/Limits HTTP/1.1" 200 None
2026-07-15 09:00:09  WARNING   MIS BUY LODHA: avail=Rs125.54 < needed=Rs580.15 — qty 2→0
2026-07-15 09:00:09  ERROR     MIS BUY LODHA skipped — insufficient capital after reduction
2026-07-15 09:00:10  DEBUG     Starting new HTTPS connection (1): piconnect.flattrade.in:443
2026-07-15 09:00:10  DEBUG     https://piconnect.flattrade.in:443 "POST /PiConnectAPI/Limits HTTP/1.1" 200 None
2026-07-15 09:00:10  WARNING   MIS BUY LODHA: avail=Rs125.54 < needed=Rs580.15 — qty 2→0
2026-07-15 09:00:10  ERROR     MIS BUY LODHA skipped — insufficient capital after reduction
2026-07-15 09:00:11  DEBUG     CANDLE  JIOFIN        O=236.45  H=236.79  L=236.34  C=236.58
2026-07-15 09:00:15  DEBUG     Starting new HTTPS connection (1): piconnect.flattrade.in:443
2026-07-15 09:00:15  DEBUG     https://piconnect.flattrade.in:443 "POST /PiConnectAPI/Limits HTTP/1.1" 200 None
2026-07-15 09:00:15  WARNING   MIS BUY LODHA: avail=Rs125.54 < needed=Rs580.12 — qty 2→0
2026-07-15 09:00:15  ERROR     MIS BUY LODHA skipped — insufficient capital after reduction
2026-07-15 09:00:15  DEBUG     Starting new HTTPS connection (1): piconnect.flattrade.in:443
2026-07-15 09:00:15  DEBUG     https://piconnect.flattrade.in:443 "POST /PiConnectAPI/Limits HTTP/1.1" 200 None
2026-07-15 09:00:15  WARNING   MIS BUY LODHA: avail=Rs125.54 < needed=Rs580.12 — qty 2→0
2026-07-15 09:00:15  ERROR     MIS BUY LODHA skipped — insufficient capital after reduction
2026-07-15 09:00:19  DEBUG     Starting new HTTPS connection (1): piconnect.flattrade.in:443
2026-07-15 09:00:20  DEBUG     https://piconnect.flattrade.in:443 "POST /PiConnectAPI/Limits HTTP/1.1" 200 None
2026-07-15 09:00:20  WARNING   MIS BUY LODHA: avail=Rs125.54 < needed=Rs580.15 — qty 2→0
2026-07-15 09:00:20  ERROR     MIS BUY LODHA skipped — insufficient capital after reduction
2026-07-15 09:00:20  DEBUG     Starting new HTTPS connection (1): piconnect.flattrade.in:443
2026-07-15 09:00:20  DEBUG     https://piconnect.flattrade.in:443 "POST /PiConnectAPI/Limits HTTP/1.1" 200 None
2026-07-15 09:00:20  WARNING   MIS BUY LODHA: avail=Rs125.54 < needed=Rs580.15 — qty 2→0
2026-07-15 09:00:20  ERROR     MIS BUY LODHA skipped — insufficient capital after reduction
2026-07-15 09:00:21  DEBUG     Starting new HTTPS connection (1): piconnect.flattrade.in:443
2026-07-15 09:00:21  DEBUG     https://piconnect.flattrade.in:443 "POST /PiConnectAPI/Limits HTTP/1.1" 200 None
2026-07-15 09:00:21  WARNING   MIS BUY LODHA: avail=Rs125.54 < needed=Rs580.15 — qty 2→0
2026-07-15 09:00:21  ERROR     MIS BUY LODHA skipped — insufficient capital after reduction
2026-07-15 09:00:21  DEBUG     Starting new HTTPS connection (1): piconnect.flattrade.in:443
2026-07-15 09:00:21  DEBUG     https://piconnect.flattrade.in:443 "POST /PiConnectAPI/Limits HTTP/1.1" 200 None
2026-07-15 09:00:21  WARNING   MIS BUY LODHA: avail=Rs125.54 < needed=Rs580.15 — qty 2→0
2026-07-15 09:00:21  ERROR     MIS BUY LODHA skipped — insufficient capital after reduction
2026-07-15 09:00:22  DEBUG     Starting new HTTPS connection (1): piconnect.flattrade.in:443
2026-07-15 09:00:22  DEBUG     https://piconnect.flattrade.in:443 "POST /PiConnectAPI/Limits HTTP/1.1" 200 None
2026-07-15 09:00:22  WARNING   MIS BUY LODHA: avail=Rs125.54 < needed=Rs580.15 — qty 2→0
2026-07-15 09:00:22  ERROR     MIS BUY LODHA skipped — insufficient capital after reduction
2026-07-15 09:00:23  DEBUG     Starting new HTTPS connection (1): piconnect.flattrade.in:443
2026-07-15 09:00:23  DEBUG     https://piconnect.flattrade.in:443 "POST /PiConnectAPI/Limits HTTP/1.1" 200 None
2026-07-15 09:00:23  WARNING   MIS BUY LODHA: avail=Rs125.54 < needed=Rs580.15 — qty 2→0
2026-07-15 09:00:23  ERROR     MIS BUY LODHA skipped — insufficient capital after reduction
2026-07-15 09:00:24  DEBUG     Starting new HTTPS connection (1): piconnect.flattrade.in:443
2026-07-15 09:00:24  DEBUG     https://piconnect.flattrade.in:443 "POST /PiConnectAPI/Limits HTTP/1.1" 200 None
2026-07-15 09:00:24  WARNING   MIS BUY LODHA: avail=Rs125.54 < needed=Rs580.15 — qty 2→0
2026-07-15 09:00:24  ERROR     MIS BUY LODHA skipped — insufficient capital after reduction
2026-07-15 09:00:25  DEBUG     Starting new HTTPS connection (1): piconnect.flattrade.in:443
2026-07-15 09:00:25  DEBUG     https://piconnect.flattrade.in:443 "POST /PiConnectAPI/Limits HTTP/1.1" 200 None
2026-07-15 09:00:25  WARNING   MIS BUY LODHA: avail=Rs125.54 < needed=Rs580.15 — qty 2→0
2026-07-15 09:00:25  ERROR     MIS BUY LODHA skipped — insufficient capital after reduction
2026-07-15 09:00:26  DEBUG     Starting new HTTPS connection (1): piconnect.flattrade.in:443
2026-07-15 09:00:26  DEBUG     https://piconnect.flattrade.in:443 "POST /PiConnectAPI/Limits HTTP/1.1" 200 None
2026-07-15 09:00:26  WARNING   MIS BUY LODHA: avail=Rs125.54 < needed=Rs580.15 — qty 2→0
2026-07-15 09:00:26  ERROR     MIS BUY LODHA skipped — insufficient capital after reduction
2026-07-15 09:00:27  DEBUG     Starting new HTTPS connection (1): piconnect.flattrade.in:443
2026-07-15 09:00:27  DEBUG     https://piconnect.flattrade.in:443 "POST /PiConnectAPI/Limits HTTP/1.1" 200 None
2026-07-15 09:00:27  WARNING   MIS BUY LODHA: avail=Rs125.54 < needed=Rs580.15 — qty 2→0
2026-07-15 09:00:27  ERROR     MIS BUY LODHA skipped — insufficient capital after reduction
2026-07-15 09:00:28  DEBUG     Starting new HTTPS connection (1): piconnect.flattrade.in:443
2026-07-15 09:00:28  DEBUG     https://piconnect.flattrade.in:443 "POST /PiConnectAPI/Limits HTTP/1.1" 200 None
2026-07-15 09:00:28  WARNING   MIS BUY LODHA: avail=Rs125.54 < needed=Rs580.15 — qty 2→0
2026-07-15 09:00:28  ERROR     MIS BUY LODHA skipped — insufficient capital after reduction
2026-07-15 09:00:28  DEBUG     Starting new HTTPS connection (1): piconnect.flattrade.in:443
2026-07-15 09:00:28  DEBUG     https://piconnect.flattrade.in:443 "POST /PiConnectAPI/Limits HTTP/1.1" 200 None
2026-07-15 09:00:28  WARNING   MIS BUY LODHA: avail=Rs125.54 < needed=Rs580.15 — qty 2→0
2026-07-15 09:00:28  ERROR     MIS BUY LODHA skipped — insufficient capital after reduction
2026-07-15 09:00:29  DEBUG     Starting new HTTPS connection (1): piconnect.flattrade.in:443
2026-07-15 09:00:29  DEBUG     https://piconnect.flattrade.in:443 "POST /PiConnectAPI/Limits HTTP/1.1" 200 None
2026-07-15 09:00:29  WARNING   MIS BUY LODHA: avail=Rs125.54 < needed=Rs580.15 — qty 2→0
2026-07-15 09:00:29  ERROR     MIS BUY LODHA skipped — insufficient capital after reduction
2026-07-15 09:00:30  DEBUG     Sending ping
2026-07-15 09:00:31  DEBUG     Starting new HTTPS connection (1): piconnect.flattrade.in:443
2026-07-15 09:00:31  DEBUG     https://piconnect.flattrade.in:443 "POST /PiConnectAPI/Limits HTTP/1.1" 200 None
2026-07-15 09:00:31  WARNING   MIS BUY LODHA: avail=Rs125.54 < needed=Rs580.15 — qty 2→0
2026-07-15 09:00:31  ERROR     MIS BUY LODHA skipped — insufficient capital after reduction
2026-07-15 09:00:32  DEBUG     Starting new HTTPS connection (1): piconnect.flattrade.in:443
2026-07-15 09:00:32  DEBUG     https://piconnect.flattrade.in:443 "POST /PiConnectAPI/Limits HTTP/1.1" 200 None
2026-07-15 09:00:32  WARNING   MIS BUY LODHA: avail=Rs125.54 < needed=Rs580.15 — qty 2→0
2026-07-15 09:00:32  ERROR     MIS BUY LODHA skipped — insufficient capital after reduction
2026-07-15 09:00:36  DEBUG     Starting new HTTPS connection (1): piconnect.flattrade.in:443
2026-07-15 09:00:37  DEBUG     https://piconnect.flattrade.in:443 "POST /PiConnectAPI/Limits HTTP/1.1" 200 None
2026-07-15 09:00:37  WARNING   MIS BUY LODHA: avail=Rs125.54 < needed=Rs580.15 — qty 2→0
2026-07-15 09:00:37  ERROR     MIS BUY LODHA skipped — insufficient capital after reduction
2026-07-15 09:00:37  DEBUG     Starting new HTTPS connection (1): piconnect.flattrade.in:443
2026-07-15 09:00:37  DEBUG     https://piconnect.flattrade.in:443 "POST /PiConnectAPI/Limits HTTP/1.1" 200 None
2026-07-15 09:00:37  WARNING   MIS BUY LODHA: avail=Rs125.54 < needed=Rs580.15 — qty 2→0
2026-07-15 09:00:37  ERROR     MIS BUY LODHA skipped — insufficient capital after reduction
2026-07-15 09:00:37  DEBUG     Starting new HTTPS connection (1): piconnect.flattrade.in:443
2026-07-15 09:00:37  DEBUG     https://piconnect.flattrade.in:443 "POST /PiConnectAPI/Limits HTTP/1.1" 200 None
2026-07-15 09:00:37  WARNING   MIS BUY LODHA: avail=Rs125.54 < needed=Rs580.15 — qty 2→0
2026-07-15 09:00:37  ERROR     MIS BUY LODHA skipped — insufficient capital after reduction
2026-07-15 09:00:39  DEBUG     Starting new HTTPS connection (1): piconnect.flattrade.in:443
2026-07-15 09:00:39  DEBUG     https://piconnect.flattrade.in:443 "POST /PiConnectAPI/Limits HTTP/1.1" 200 None
2026-07-15 09:00:39  WARNING   MIS BUY LODHA: avail=Rs125.54 < needed=Rs580.15 — qty 2→0
2026-07-15 09:00:39  ERROR     MIS BUY LODHA skipped — insufficient capital after reduction
2026-07-15 09:00:40  DEBUG     Starting new HTTPS connection (1): piconnect.flattrade.in:443
2026-07-15 09:00:40  DEBUG     https://piconnect.flattrade.in:443 "POST /PiConnectAPI/Limits HTTP/1.1" 200 None
2026-07-15 09:00:40  WARNING   MIS BUY LODHA: avail=Rs125.54 < needed=Rs580.15 — qty 2→0
2026-07-15 09:00:40  ERROR     MIS BUY LODHA skipped — insufficient capital after reduction
2026-07-15 09:00:41  DEBUG     Starting new HTTPS connection (1): piconnect.flattrade.in:443
2026-07-15 09:00:41  DEBUG     https://piconnect.flattrade.in:443 "POST /PiConnectAPI/Limits HTTP/1.1" 200 None
2026-07-15 09:00:41  WARNING   MIS BUY LODHA: avail=Rs125.54 < needed=Rs580.15 — qty 2→0
2026-07-15 09:00:41  ERROR     MIS BUY LODHA skipped — insufficient capital after reduction
2026-07-15 09:00:42  DEBUG     Starting new HTTPS connection (1): piconnect.flattrade.in:443
2026-07-15 09:00:42  DEBUG     https://piconnect.flattrade.in:443 "POST /PiConnectAPI/Limits HTTP/1.1" 200 None
2026-07-15 09:00:42  WARNING   MIS BUY LODHA: avail=Rs125.54 < needed=Rs580.15 — qty 2→0
2026-07-15 09:00:42  ERROR     MIS BUY LODHA skipped — insufficient capital after reduction
2026-07-15 09:00:43  DEBUG     Starting new HTTPS connection (1): piconnect.flattrade.in:443
2026-07-15 09:00:43  DEBUG     https://piconnect.flattrade.in:443 "POST /PiConnectAPI/Limits HTTP/1.1" 200 None
2026-07-15 09:00:43  WARNING   MIS BUY LODHA: avail=Rs125.54 < needed=Rs580.15 — qty 2→0
2026-07-15 09:00:43  ERROR     MIS BUY LODHA skipped — insufficient capital after reduction
2026-07-15 09:00:45  DEBUG     Starting new HTTPS connection (1): piconnect.flattrade.in:443
2026-07-15 09:00:45  DEBUG     https://piconnect.flattrade.in:443 "POST /PiConnectAPI/Limits HTTP/1.1" 200 None
2026-07-15 09:00:45  WARNING   MIS BUY LODHA: avail=Rs125.54 < needed=Rs580.12 — qty 2→0
2026-07-15 09:00:45  ERROR     MIS BUY LODHA skipped — insufficient capital after reduction
2026-07-15 09:00:46  DEBUG     Starting new HTTPS connection (1): piconnect.flattrade.in:443
2026-07-15 09:00:46  DEBUG     https://piconnect.flattrade.in:443 "POST /PiConnectAPI/Limits HTTP/1.1" 200 None
2026-07-15 09:00:46  WARNING   MIS BUY LODHA: avail=Rs125.54 < needed=Rs580.08 — qty 2→0
2026-07-15 09:00:46  ERROR     MIS BUY LODHA skipped — insufficient capital after reduction
2026-07-15 09:00:47  DEBUG     Starting new HTTPS connection (1): piconnect.flattrade.in:443
2026-07-15 09:00:47  DEBUG     https://piconnect.flattrade.in:443 "POST /PiConnectAPI/Limits HTTP/1.1" 200 None
2026-07-15 09:00:47  WARNING   MIS BUY LODHA: avail=Rs125.54 < needed=Rs580.08 — qty 2→0
2026-07-15 09:00:47  ERROR     MIS BUY LODHA skipped — insufficient capital after reduction
2026-07-15 09:00:48  DEBUG     Starting new HTTPS connection (1): piconnect.flattrade.in:443
2026-07-15 09:00:48  DEBUG     https://piconnect.flattrade.in:443 "POST /PiConnectAPI/Limits HTTP/1.1" 200 None
2026-07-15 09:00:48  WARNING   MIS BUY LODHA: avail=Rs125.54 < needed=Rs580.08 — qty 2→0
2026-07-15 09:00:48  ERROR     MIS BUY LODHA skipped — insufficient capital after reduction
2026-07-15 09:00:49  DEBUG     Starting new HTTPS connection (1): piconnect.flattrade.in:443
2026-07-15 09:00:49  DEBUG     https://piconnect.flattrade.in:443 "POST /PiConnectAPI/Limits HTTP/1.1" 200 None
2026-07-15 09:00:49  WARNING   MIS BUY LODHA: avail=Rs125.54 < needed=Rs580.08 — qty 2→0
2026-07-15 09:00:49  ERROR     MIS BUY LODHA skipped — insufficient capital after reduction
2026-07-15 09:00:51  DEBUG     Starting new HTTPS connection (1): piconnect.flattrade.in:443
2026-07-15 09:00:51  DEBUG     https://piconnect.flattrade.in:443 "POST /PiConnectAPI/Limits HTTP/1.1" 200 None
2026-07-15 09:00:51  WARNING   MIS BUY LODHA: avail=Rs125.54 < needed=Rs580.05 — qty 2→0
2026-07-15 09:00:51  ERROR     MIS BUY LODHA skipped — insufficient capital after reduction
2026-07-15 09:00:52  DEBUG     Starting new HTTPS connection (1): piconnect.flattrade.in:443
2026-07-15 09:00:52  DEBUG     https://piconnect.flattrade.in:443 "POST /PiConnectAPI/Limits HTTP/1.1" 200 None
2026-07-15 09:00:52  WARNING   MIS BUY LODHA: avail=Rs125.54 < needed=Rs580.02 — qty 2→0
2026-07-15 09:00:52  ERROR     MIS BUY LODHA skipped — insufficient capital after reduction
2026-07-15 09:00:53  DEBUG     Starting new HTTPS connection (1): piconnect.flattrade.in:443
2026-07-15 09:00:53  DEBUG     https://piconnect.flattrade.in:443 "POST /PiConnectAPI/Limits HTTP/1.1" 200 None
2026-07-15 09:00:53  WARNING   MIS BUY LODHA: avail=Rs125.54 < needed=Rs580.02 — qty 2→0
2026-07-15 09:00:53  ERROR     MIS BUY LODHA skipped — insufficient capital after reduction
2026-07-15 09:00:53  DEBUG     Starting new HTTPS connection (1): piconnect.flattrade.in:443
2026-07-15 09:00:53  DEBUG     https://piconnect.flattrade.in:443 "POST /PiConnectAPI/Limits HTTP/1.1" 200 None
2026-07-15 09:00:53  WARNING   MIS BUY LODHA: avail=Rs125.54 < needed=Rs580.02 — qty 2→0
2026-07-15 09:00:53  ERROR     MIS BUY LODHA skipped — insufficient capital after reduction
2026-07-15 09:00:54  DEBUG     Starting new HTTPS connection (1): piconnect.flattrade.in:443
2026-07-15 09:00:54  DEBUG     https://piconnect.flattrade.in:443 "POST /PiConnectAPI/Limits HTTP/1.1" 200 None
2026-07-15 09:00:54  WARNING   MIS BUY LODHA: avail=Rs125.54 < needed=Rs580.02 — qty 2→0
2026-07-15 09:00:54  ERROR     MIS BUY LODHA skipped — insufficient capital after reduction
2026-07-15 09:00:56  DEBUG     Starting new HTTPS connection (1): piconnect.flattrade.in:443
2026-07-15 09:00:56  DEBUG     https://piconnect.flattrade.in:443 "POST /PiConnectAPI/Limits HTTP/1.1" 200 None
2026-07-15 09:00:56  WARNING   MIS BUY LODHA: avail=Rs125.54 < needed=Rs580.02 — qty 2→0
2026-07-15 09:00:56  ERROR     MIS BUY LODHA skipped — insufficient capital after reduction
2026-07-15 09:00:58  DEBUG     Starting new HTTPS connection (1): piconnect.flattrade.in:443
2026-07-15 09:00:58  DEBUG     https://piconnect.flattrade.in:443 "POST /PiConnectAPI/Limits HTTP/1.1" 200 None
2026-07-15 09:00:58  WARNING   MIS BUY LODHA: avail=Rs125.54 < needed=Rs579.85 — qty 2→0
2026-07-15 09:00:58  ERROR     MIS BUY LODHA skipped — insufficient capital after reduction
2026-07-15 09:00:59  DEBUG     Starting new HTTPS connection (1): piconnect.flattrade.in:443
2026-07-15 09:00:59  DEBUG     https://piconnect.flattrade.in:443 "POST /PiConnectAPI/Limits HTTP/1.1" 200 None
2026-07-15 09:00:59  WARNING   MIS BUY LODHA: avail=Rs125.54 < needed=Rs579.90 — qty 2→0
2026-07-15 09:00:59  ERROR     MIS BUY LODHA skipped — insufficient capital after reduction
2026-07-15 09:01:00  DEBUG     Starting new HTTPS connection (1): piconnect.flattrade.in:443
2026-07-15 09:01:00  DEBUG     https://piconnect.flattrade.in:443 "POST /PiConnectAPI/Limits HTTP/1.1" 200 None
2026-07-15 09:01:00  WARNING   MIS BUY LODHA: avail=Rs125.54 < needed=Rs579.90 — qty 2→0
2026-07-15 09:01:00  ERROR     MIS BUY LODHA skipped — insufficient capital after reduction
2026-07-15 09:01:00  DEBUG     Sending ping
2026-07-15 09:01:01  DEBUG     Starting new HTTPS connection (1): piconnect.flattrade.in:443
2026-07-15 09:01:01  DEBUG     https://piconnect.flattrade.in:443 "POST /PiConnectAPI/Limits HTTP/1.1" 200 None
2026-07-15 09:01:01  WARNING   MIS BUY LODHA: avail=Rs125.54 < needed=Rs579.90 — qty 2→0
2026-07-15 09:01:01  ERROR     MIS BUY LODHA skipped — insufficient capital after reduction
2026-07-15 09:01:02  DEBUG     Starting new HTTPS connection (1): piconnect.flattrade.in:443
2026-07-15 09:01:02  DEBUG     https://piconnect.flattrade.in:443 "POST /PiConnectAPI/Limits HTTP/1.1" 200 None
2026-07-15 09:01:02  WARNING   MIS BUY LODHA: avail=Rs125.54 < needed=Rs579.73 — qty 2→0
2026-07-15 09:01:02  ERROR     MIS BUY LODHA skipped — insufficient capital after reduction
2026-07-15 09:01:02  DEBUG     Starting new HTTPS connection (1): piconnect.flattrade.in:443
2026-07-15 09:01:02  DEBUG     https://piconnect.flattrade.in:443 "POST /PiConnectAPI/Limits HTTP/1.1" 200 None
2026-07-15 09:01:02  WARNING   MIS BUY LODHA: avail=Rs125.54 < needed=Rs579.73 — qty 2→0
2026-07-15 09:01:02  ERROR     MIS BUY LODHA skipped — insufficient capital after reduction
2026-07-15 09:01:03  DEBUG     Starting new HTTPS connection (1): piconnect.flattrade.in:443
2026-07-15 09:01:03  DEBUG     https://piconnect.flattrade.in:443 "POST /PiConnectAPI/Limits HTTP/1.1" 200 None
2026-07-15 09:01:03  WARNING   MIS BUY LODHA: avail=Rs125.54 < needed=Rs579.90 — qty 2→0
2026-07-15 09:01:03  ERROR     MIS BUY LODHA skipped — insufficient capital after reduction
2026-07-15 09:01:04  DEBUG     Starting new HTTPS connection (1): piconnect.flattrade.in:443
2026-07-15 09:01:04  DEBUG     https://piconnect.flattrade.in:443 "POST /PiConnectAPI/Limits HTTP/1.1" 200 None
2026-07-15 09:01:04  WARNING   MIS BUY LODHA: avail=Rs125.54 < needed=Rs579.90 — qty 2→0
2026-07-15 09:01:04  ERROR     MIS BUY LODHA skipped — insufficient capital after reduction
2026-07-15 09:01:05  DEBUG     Starting new HTTPS connection (1): piconnect.flattrade.in:443
2026-07-15 09:01:05  DEBUG     https://piconnect.flattrade.in:443 "POST /PiConnectAPI/Limits HTTP/1.1" 200 None
2026-07-15 09:01:05  WARNING   MIS BUY LODHA: avail=Rs125.54 < needed=Rs579.90 — qty 2→0
2026-07-15 09:01:05  ERROR     MIS BUY LODHA skipped — insufficient capital after reduction
2026-07-15 09:01:06  DEBUG     Starting new HTTPS connection (1): piconnect.flattrade.in:443
2026-07-15 09:01:06  DEBUG     https://piconnect.flattrade.in:443 "POST /PiConnectAPI/Limits HTTP/1.1" 200 None
2026-07-15 09:01:06  WARNING   MIS BUY LODHA: avail=Rs125.54 < needed=Rs579.90 — qty 2→0
2026-07-15 09:01:06  ERROR     MIS BUY LODHA skipped — insufficient capital after reduction
2026-07-15 09:01:07  DEBUG     Starting new HTTPS connection (1): piconnect.flattrade.in:443
2026-07-15 09:01:07  DEBUG     https://piconnect.flattrade.in:443 "POST /PiConnectAPI/Limits HTTP/1.1" 200 None
2026-07-15 09:01:07  WARNING   MIS BUY LODHA: avail=Rs125.54 < needed=Rs579.90 — qty 2→0
2026-07-15 09:01:07  ERROR     MIS BUY LODHA skipped — insufficient capital after reduction
2026-07-15 09:01:08  DEBUG     Starting new HTTPS connection (1): piconnect.flattrade.in:443
2026-07-15 09:01:08  DEBUG     https://piconnect.flattrade.in:443 "POST /PiConnectAPI/Limits HTTP/1.1" 200 None
2026-07-15 09:01:08  WARNING   MIS BUY LODHA: avail=Rs125.54 < needed=Rs579.90 — qty 2→0
2026-07-15 09:01:08  ERROR     MIS BUY LODHA skipped — insufficient capital after reduction
2026-07-15 09:01:09  DEBUG     Starting new HTTPS connection (1): piconnect.flattrade.in:443
2026-07-15 09:01:09  DEBUG     https://piconnect.flattrade.in:443 "POST /PiConnectAPI/Limits HTTP/1.1" 200 None
2026-07-15 09:01:09  WARNING   MIS BUY LODHA: avail=Rs125.54 < needed=Rs579.90 — qty 2→0
2026-07-15 09:01:09  ERROR     MIS BUY LODHA skipped — insufficient capital after reduction
2026-07-15 09:01:10  DEBUG     Starting new HTTPS connection (1): piconnect.flattrade.in:443
2026-07-15 09:01:10  DEBUG     https://piconnect.flattrade.in:443 "POST /PiConnectAPI/Limits HTTP/1.1" 200 None
2026-07-15 09:01:10  WARNING   MIS BUY LODHA: avail=Rs125.54 < needed=Rs579.90 — qty 2→0
2026-07-15 09:01:10  ERROR     MIS BUY LODHA skipped — insufficient capital after reduction
2026-07-15 09:01:11  DEBUG     Starting new HTTPS connection (1): piconnect.flattrade.in:443
2026-07-15 09:01:11  DEBUG     https://piconnect.flattrade.in:443 "POST /PiConnectAPI/Limits HTTP/1.1" 200 None
2026-07-15 09:01:11  WARNING   MIS BUY LODHA: avail=Rs125.54 < needed=Rs579.90 — qty 2→0
2026-07-15 09:01:11  ERROR     MIS BUY LODHA skipped — insufficient capital after reduction
2026-07-15 09:01:12  DEBUG     Starting new HTTPS connection (1): piconnect.flattrade.in:443
2026-07-15 09:01:12  DEBUG     https://piconnect.flattrade.in:443 "POST /PiConnectAPI/Limits HTTP/1.1" 200 None
2026-07-15 09:01:12  WARNING   MIS BUY LODHA: avail=Rs125.54 < needed=Rs579.90 — qty 2→0
2026-07-15 09:01:12  ERROR     MIS BUY LODHA skipped — insufficient capital after reduction
2026-07-15 09:01:13  DEBUG     Starting new HTTPS connection (1): piconnect.flattrade.in:443
2026-07-15 09:01:13  DEBUG     https://piconnect.flattrade.in:443 "POST /PiConnectAPI/Limits HTTP/1.1" 200 None
2026-07-15 09:01:13  WARNING   MIS BUY LODHA: avail=Rs125.54 < needed=Rs579.90 — qty 2→0
2026-07-15 09:01:13  ERROR     MIS BUY LODHA skipped — insufficient capital after reduction
2026-07-15 09:01:13  DEBUG     Starting new HTTPS connection (1): piconnect.flattrade.in:443
2026-07-15 09:01:13  DEBUG     https://piconnect.flattrade.in:443 "POST /PiConnectAPI/Limits HTTP/1.1" 200 None
2026-07-15 09:01:13  WARNING   MIS BUY LODHA: avail=Rs125.54 < needed=Rs579.90 — qty 2→0
2026-07-15 09:01:13  ERROR     MIS BUY LODHA skipped — insufficient capital after reduction
2026-07-15 09:01:14  DEBUG     Starting new HTTPS connection (1): piconnect.flattrade.in:443
2026-07-15 09:01:14  DEBUG     https://piconnect.flattrade.in:443 "POST /PiConnectAPI/Limits HTTP/1.1" 200 None
2026-07-15 09:01:14  WARNING   MIS BUY LODHA: avail=Rs125.54 < needed=Rs579.90 — qty 2→0
2026-07-15 09:01:14  ERROR     MIS BUY LODHA skipped — insufficient capital after reduction
2026-07-15 09:01:16  DEBUG     Starting new HTTPS connection (1): piconnect.flattrade.in:443
2026-07-15 09:01:16  DEBUG     https://piconnect.flattrade.in:443 "POST /PiConnectAPI/Limits HTTP/1.1" 200 None
2026-07-15 09:01:16  WARNING   MIS BUY LODHA: avail=Rs125.54 < needed=Rs580.05 — qty 2→0
2026-07-15 09:01:16  ERROR     MIS BUY LODHA skipped — insufficient capital after reduction
2026-07-15 09:01:16  DEBUG     Starting new HTTPS connection (1): piconnect.flattrade.in:443
2026-07-15 09:01:16  DEBUG     https://piconnect.flattrade.in:443 "POST /PiConnectAPI/Limits HTTP/1.1" 200 None
2026-07-15 09:01:16  WARNING   MIS BUY LODHA: avail=Rs125.54 < needed=Rs580.05 — qty 2→0
2026-07-15 09:01:16  ERROR     MIS BUY LODHA skipped — insufficient capital after reduction
2026-07-15 09:01:17  DEBUG     Starting new HTTPS connection (1): piconnect.flattrade.in:443
2026-07-15 09:01:18  DEBUG     https://piconnect.flattrade.in:443 "POST /PiConnectAPI/Limits HTTP/1.1" 200 None
2026-07-15 09:01:18  WARNING   MIS BUY LODHA: avail=Rs125.54 < needed=Rs580.05 — qty 2→0
2026-07-15 09:01:18  ERROR     MIS BUY LODHA skipped — insufficient capital after reduction
2026-07-15 09:01:18  DEBUG     Starting new HTTPS connection (1): piconnect.flattrade.in:443
2026-07-15 09:01:18  DEBUG     https://piconnect.flattrade.in:443 "POST /PiConnectAPI/Limits HTTP/1.1" 200 None
2026-07-15 09:01:18  WARNING   MIS BUY LODHA: avail=Rs125.54 < needed=Rs580.05 — qty 2→0
2026-07-15 09:01:18  ERROR     MIS BUY LODHA skipped — insufficient capital after reduction
2026-07-15 09:01:20  DEBUG     Starting new HTTPS connection (1): piconnect.flattrade.in:443
2026-07-15 09:01:20  DEBUG     https://piconnect.flattrade.in:443 "POST /PiConnectAPI/Limits HTTP/1.1" 200 None
2026-07-15 09:01:20  WARNING   MIS BUY LODHA: avail=Rs125.54 < needed=Rs580.62 — qty 2→0
2026-07-15 09:01:20  ERROR     MIS BUY LODHA skipped — insufficient capital after reduction
2026-07-15 09:01:21  DEBUG     Starting new HTTPS connection (1): piconnect.flattrade.in:443
2026-07-15 09:01:21  DEBUG     https://piconnect.flattrade.in:443 "POST /PiConnectAPI/Limits HTTP/1.1" 200 None
2026-07-15 09:01:21  WARNING   MIS BUY LODHA: avail=Rs125.54 < needed=Rs580.62 — qty 2→0
2026-07-15 09:01:21  ERROR     MIS BUY LODHA skipped — insufficient capital after reduction
2026-07-15 09:01:22  DEBUG     Starting new HTTPS connection (1): piconnect.flattrade.in:443
2026-07-15 09:01:22  DEBUG     https://piconnect.flattrade.in:443 "POST /PiConnectAPI/Limits HTTP/1.1" 200 None
2026-07-15 09:01:22  WARNING   MIS BUY LODHA: avail=Rs125.54 < needed=Rs580.62 — qty 2→0
2026-07-15 09:01:22  ERROR     MIS BUY LODHA skipped — insufficient capital after reduction
2026-07-15 09:01:25  DEBUG     Starting new HTTPS connection (1): piconnect.flattrade.in:443
2026-07-15 09:01:25  DEBUG     https://piconnect.flattrade.in:443 "POST /PiConnectAPI/Limits HTTP/1.1" 200 None
2026-07-15 09:01:25  WARNING   MIS BUY LODHA: avail=Rs125.54 < needed=Rs580.83 — qty 2→0
2026-07-15 09:01:25  ERROR     MIS BUY LODHA skipped — insufficient capital after reduction
2026-07-15 09:01:26  DEBUG     Starting new HTTPS connection (1): piconnect.flattrade.in:443
2026-07-15 09:01:26  DEBUG     https://piconnect.flattrade.in:443 "POST /PiConnectAPI/Limits HTTP/1.1" 200 None
2026-07-15 09:01:26  WARNING   MIS BUY LODHA: avail=Rs125.54 < needed=Rs580.83 — qty 2→0
2026-07-15 09:01:26  ERROR     MIS BUY LODHA skipped — insufficient capital after reduction
2026-07-15 09:01:30  DEBUG     Starting new HTTPS connection (1): piconnect.flattrade.in:443
2026-07-15 09:01:30  DEBUG     https://piconnect.flattrade.in:443 "POST /PiConnectAPI/Limits HTTP/1.1" 200 None
2026-07-15 09:01:30  WARNING   MIS BUY LODHA: avail=Rs125.54 < needed=Rs580.65 — qty 2→0
2026-07-15 09:01:30  ERROR     MIS BUY LODHA skipped — insufficient capital after reduction
2026-07-15 09:01:30  DEBUG     Starting new HTTPS connection (1): piconnect.flattrade.in:443
2026-07-15 09:01:30  DEBUG     https://piconnect.flattrade.in:443 "POST /PiConnectAPI/Limits HTTP/1.1" 200 None
2026-07-15 09:01:30  WARNING   MIS BUY LODHA: avail=Rs125.54 < needed=Rs580.65 — qty 2→0
2026-07-15 09:01:30  ERROR     MIS BUY LODHA skipped — insufficient capital after reduction
2026-07-15 09:01:30  DEBUG     Sending ping
2026-07-15 09:01:32  DEBUG     Starting new HTTPS connection (1): piconnect.flattrade.in:443
2026-07-15 09:01:32  DEBUG     https://piconnect.flattrade.in:443 "POST /PiConnectAPI/Limits HTTP/1.1" 200 None
2026-07-15 09:01:32  WARNING   MIS BUY LODHA: avail=Rs125.54 < needed=Rs580.65 — qty 2→0
2026-07-15 09:01:32  ERROR     MIS BUY LODHA skipped — insufficient capital after reduction
2026-07-15 09:01:34  DEBUG     Starting new HTTPS connection (1): piconnect.flattrade.in:443
2026-07-15 09:01:35  DEBUG     https://piconnect.flattrade.in:443 "POST /PiConnectAPI/Limits HTTP/1.1" 200 None
2026-07-15 09:01:35  WARNING   MIS BUY LODHA: avail=Rs125.54 < needed=Rs580.83 — qty 2→0
2026-07-15 09:01:35  ERROR     MIS BUY LODHA skipped — insufficient capital after reduction
2026-07-15 09:01:37  DEBUG     Starting new HTTPS connection (1): piconnect.flattrade.in:443
2026-07-15 09:01:37  DEBUG     https://piconnect.flattrade.in:443 "POST /PiConnectAPI/Limits HTTP/1.1" 200 None
2026-07-15 09:01:37  WARNING   MIS BUY LODHA: avail=Rs125.54 < needed=Rs580.83 — qty 2→0
2026-07-15 09:01:37  ERROR     MIS BUY LODHA skipped — insufficient capital after reduction
2026-07-15 09:01:37  DEBUG     Starting new HTTPS connection (1): piconnect.flattrade.in:443
2026-07-15 09:01:37  DEBUG     https://piconnect.flattrade.in:443 "POST /PiConnectAPI/Limits HTTP/1.1" 200 None
2026-07-15 09:01:37  WARNING   MIS BUY LODHA: avail=Rs125.54 < needed=Rs580.83 — qty 2→0
2026-07-15 09:01:37  ERROR     MIS BUY LODHA skipped — insufficient capital after reduction
2026-07-15 09:01:39  DEBUG     Starting new HTTPS connection (1): piconnect.flattrade.in:443
2026-07-15 09:01:39  DEBUG     https://piconnect.flattrade.in:443 "POST /PiConnectAPI/Limits HTTP/1.1" 200 None
2026-07-15 09:01:39  WARNING   MIS BUY LODHA: avail=Rs125.54 < needed=Rs580.83 — qty 2→0
2026-07-15 09:01:39  ERROR     MIS BUY LODHA skipped — insufficient capital after reduction
2026-07-15 09:01:42  DEBUG     Starting new HTTPS connection (1): piconnect.flattrade.in:443
2026-07-15 09:01:42  DEBUG     https://piconnect.flattrade.in:443 "POST /PiConnectAPI/Limits HTTP/1.1" 200 None
2026-07-15 09:01:42  WARNING   MIS BUY LODHA: avail=Rs125.54 < needed=Rs580.83 — qty 2→0
2026-07-15 09:01:42  ERROR     MIS BUY LODHA skipped — insufficient capital after reduction
2026-07-15 09:01:44  DEBUG     Starting new HTTPS connection (1): piconnect.flattrade.in:443
2026-07-15 09:01:44  DEBUG     https://piconnect.flattrade.in:443 "POST /PiConnectAPI/Limits HTTP/1.1" 200 None
2026-07-15 09:01:44  WARNING   MIS BUY LODHA: avail=Rs125.54 < needed=Rs580.67 — qty 2→0
2026-07-15 09:01:44  ERROR     MIS BUY LODHA skipped — insufficient capital after reduction
2026-07-15 09:01:44  DEBUG     Starting new HTTPS connection (1): piconnect.flattrade.in:443
2026-07-15 09:01:44  DEBUG     https://piconnect.flattrade.in:443 "POST /PiConnectAPI/Limits HTTP/1.1" 200 None
2026-07-15 09:01:44  WARNING   MIS BUY LODHA: avail=Rs125.54 < needed=Rs580.67 — qty 2→0
2026-07-15 09:01:44  ERROR     MIS BUY LODHA skipped — insufficient capital after reduction
2026-07-15 09:01:46  DEBUG     Starting new HTTPS connection (1): piconnect.flattrade.in:443
2026-07-15 09:01:46  DEBUG     https://piconnect.flattrade.in:443 "POST /PiConnectAPI/Limits HTTP/1.1" 200 None
2026-07-15 09:01:46  WARNING   MIS BUY LODHA: avail=Rs125.54 < needed=Rs580.67 — qty 2→0
2026-07-15 09:01:46  ERROR     MIS BUY LODHA skipped — insufficient capital after reduction
2026-07-15 09:01:48  DEBUG     Starting new HTTPS connection (1): piconnect.flattrade.in:443
2026-07-15 09:01:48  DEBUG     https://piconnect.flattrade.in:443 "POST /PiConnectAPI/Limits HTTP/1.1" 200 None
2026-07-15 09:01:48  WARNING   MIS BUY LODHA: avail=Rs125.54 < needed=Rs580.65 — qty 2→0
2026-07-15 09:01:48  ERROR     MIS BUY LODHA skipped — insufficient capital after reduction
2026-07-15 09:01:53  DEBUG     Starting new HTTPS connection (1): piconnect.flattrade.in:443
2026-07-15 09:01:53  DEBUG     https://piconnect.flattrade.in:443 "POST /PiConnectAPI/Limits HTTP/1.1" 200 None
2026-07-15 09:01:53  WARNING   MIS BUY LODHA: avail=Rs125.54 < needed=Rs580.67 — qty 2→0
2026-07-15 09:01:53  ERROR     MIS BUY LODHA skipped — insufficient capital after reduction
2026-07-15 09:01:57  DEBUG     Starting new HTTPS connection (1): piconnect.flattrade.in:443
2026-07-15 09:01:57  DEBUG     https://piconnect.flattrade.in:443 "POST /PiConnectAPI/Limits HTTP/1.1" 200 None
2026-07-15 09:01:57  WARNING   MIS BUY LODHA: avail=Rs125.54 < needed=Rs580.67 — qty 2→0
2026-07-15 09:01:57  ERROR     MIS BUY LODHA skipped — insufficient capital after reduction
2026-07-15 09:01:58  DEBUG     Starting new HTTPS connection (1): piconnect.flattrade.in:443
2026-07-15 09:01:58  DEBUG     https://piconnect.flattrade.in:443 "POST /PiConnectAPI/Limits HTTP/1.1" 200 None
2026-07-15 09:01:58  WARNING   MIS BUY LODHA: avail=Rs125.54 < needed=Rs580.83 — qty 2→0
2026-07-15 09:01:58  ERROR     MIS BUY LODHA skipped — insufficient capital after reduction
2026-07-15 09:01:58  DEBUG     Starting new HTTPS connection (1): piconnect.flattrade.in:443
2026-07-15 09:01:58  DEBUG     https://piconnect.flattrade.in:443 "POST /PiConnectAPI/Limits HTTP/1.1" 200 None
2026-07-15 09:01:58  WARNING   MIS BUY LODHA: avail=Rs125.54 < needed=Rs580.83 — qty 2→0
2026-07-15 09:01:58  ERROR     MIS BUY LODHA skipped — insufficient capital after reduction
2026-07-15 09:02:00  DEBUG     Sending ping
2026-07-15 09:02:03  DEBUG     Starting new HTTPS connection (1): piconnect.flattrade.in:443
2026-07-15 09:02:03  DEBUG     https://piconnect.flattrade.in:443 "POST /PiConnectAPI/Limits HTTP/1.1" 200 None
2026-07-15 09:02:03  WARNING   MIS BUY LODHA: avail=Rs125.54 < needed=Rs580.83 — qty 2→0
2026-07-15 09:02:03  ERROR     MIS BUY LODHA skipped — insufficient capital after reduction
2026-07-15 09:02:07  DEBUG     Starting new HTTPS connection (1): piconnect.flattrade.in:443
2026-07-15 09:02:08  DEBUG     https://piconnect.flattrade.in:443 "POST /PiConnectAPI/Limits HTTP/1.1" 200 None
2026-07-15 09:02:08  WARNING   MIS BUY LODHA: avail=Rs125.54 < needed=Rs580.83 — qty 2→0
2026-07-15 09:02:08  ERROR     MIS BUY LODHA skipped — insufficient capital after reduction
2026-07-15 09:02:12  DEBUG     Starting new HTTPS connection (1): piconnect.flattrade.in:443
2026-07-15 09:02:12  DEBUG     https://piconnect.flattrade.in:443 "POST /PiConnectAPI/Limits HTTP/1.1" 200 None
2026-07-15 09:02:12  WARNING   MIS BUY LODHA: avail=Rs125.54 < needed=Rs580.83 — qty 2→0
2026-07-15 09:02:12  ERROR     MIS BUY LODHA skipped — insufficient capital after reduction
2026-07-15 09:02:17  DEBUG     Starting new HTTPS connection (1): piconnect.flattrade.in:443
2026-07-15 09:02:17  DEBUG     https://piconnect.flattrade.in:443 "POST /PiConnectAPI/Limits HTTP/1.1" 200 None
2026-07-15 09:02:17  WARNING   MIS BUY LODHA: avail=Rs125.54 < needed=Rs580.83 — qty 2→0
2026-07-15 09:02:17  ERROR     MIS BUY LODHA skipped — insufficient capital after reduction
2026-07-15 09:02:19  DEBUG     Starting new HTTPS connection (1): piconnect.flattrade.in:443
2026-07-15 09:02:19  DEBUG     https://piconnect.flattrade.in:443 "POST /PiConnectAPI/Limits HTTP/1.1" 200 None
2026-07-15 09:02:19  WARNING   MIS BUY LODHA: avail=Rs125.54 < needed=Rs580.83 — qty 2→0
2026-07-15 09:02:19  ERROR     MIS BUY LODHA skipped — insufficient capital after reduction
2026-07-15 09:02:21  DEBUG     Starting new HTTPS connection (1): piconnect.flattrade.in:443
2026-07-15 09:02:21  DEBUG     https://piconnect.flattrade.in:443 "POST /PiConnectAPI/Limits HTTP/1.1" 200 None
2026-07-15 09:02:21  WARNING   MIS BUY LODHA: avail=Rs125.54 < needed=Rs580.83 — qty 2→0
2026-07-15 09:02:21  ERROR     MIS BUY LODHA skipped — insufficient capital after reduction
2026-07-15 09:02:22  DEBUG     Starting new HTTPS connection (1): piconnect.flattrade.in:443
2026-07-15 09:02:22  DEBUG     https://piconnect.flattrade.in:443 "POST /PiConnectAPI/Limits HTTP/1.1" 200 None
2026-07-15 09:02:22  WARNING   MIS BUY LODHA: avail=Rs125.54 < needed=Rs580.83 — qty 2→0
2026-07-15 09:02:22  ERROR     MIS BUY LODHA skipped — insufficient capital after reduction
2026-07-15 09:02:25  DEBUG     Starting new HTTPS connection (1): piconnect.flattrade.in:443
2026-07-15 09:02:25  DEBUG     https://piconnect.flattrade.in:443 "POST /PiConnectAPI/Limits HTTP/1.1" 200 None
2026-07-15 09:02:25  WARNING   MIS BUY LODHA: avail=Rs125.54 < needed=Rs580.83 — qty 2→0
2026-07-15 09:02:25  ERROR     MIS BUY LODHA skipped — insufficient capital after reduction
2026-07-15 09:02:27  DEBUG     Starting new HTTPS connection (1): piconnect.flattrade.in:443
2026-07-15 09:02:27  DEBUG     https://piconnect.flattrade.in:443 "POST /PiConnectAPI/Limits HTTP/1.1" 200 None
2026-07-15 09:02:27  WARNING   MIS BUY LODHA: avail=Rs125.54 < needed=Rs580.83 — qty 2→0
2026-07-15 09:02:27  ERROR     MIS BUY LODHA skipped — insufficient capital after reduction
2026-07-15 09:02:28  DEBUG     Starting new HTTPS connection (1): piconnect.flattrade.in:443
2026-07-15 09:02:28  DEBUG     https://piconnect.flattrade.in:443 "POST /PiConnectAPI/Limits HTTP/1.1" 200 None
2026-07-15 09:02:28  WARNING   MIS BUY LODHA: avail=Rs125.54 < needed=Rs580.83 — qty 2→0
2026-07-15 09:02:28  ERROR     MIS BUY LODHA skipped — insufficient capital after reduction
2026-07-15 09:02:28  DEBUG     Starting new HTTPS connection (1): piconnect.flattrade.in:443
2026-07-15 09:02:28  DEBUG     https://piconnect.flattrade.in:443 "POST /PiConnectAPI/Limits HTTP/1.1" 200 None
2026-07-15 09:02:28  WARNING   MIS BUY LODHA: avail=Rs125.54 < needed=Rs580.80 — qty 2→0
2026-07-15 09:02:28  ERROR     MIS BUY LODHA skipped — insufficient capital after reduction
2026-07-15 09:02:29  DEBUG     Starting new HTTPS connection (1): piconnect.flattrade.in:443
2026-07-15 09:02:29  DEBUG     https://piconnect.flattrade.in:443 "POST /PiConnectAPI/Limits HTTP/1.1" 200 None
2026-07-15 09:02:29  WARNING   MIS BUY LODHA: avail=Rs125.54 < needed=Rs580.80 — qty 2→0
2026-07-15 09:02:29  ERROR     MIS BUY LODHA skipped — insufficient capital after reduction
2026-07-15 09:02:30  DEBUG     Starting new HTTPS connection (1): piconnect.flattrade.in:443
2026-07-15 09:02:30  DEBUG     https://piconnect.flattrade.in:443 "POST /PiConnectAPI/Limits HTTP/1.1" 200 None
2026-07-15 09:02:30  WARNING   MIS BUY LODHA: avail=Rs125.54 < needed=Rs580.80 — qty 2→0
2026-07-15 09:02:30  ERROR     MIS BUY LODHA skipped — insufficient capital after reduction
2026-07-15 09:02:30  DEBUG     Sending ping
2026-07-15 09:02:31  DEBUG     Starting new HTTPS connection (1): piconnect.flattrade.in:443
2026-07-15 09:02:31  DEBUG     https://piconnect.flattrade.in:443 "POST /PiConnectAPI/Limits HTTP/1.1" 200 None
2026-07-15 09:02:31  WARNING   MIS BUY LODHA: avail=Rs125.54 < needed=Rs580.80 — qty 2→0
2026-07-15 09:02:31  ERROR     MIS BUY LODHA skipped — insufficient capital after reduction
2026-07-15 09:02:32  DEBUG     Starting new HTTPS connection (1): piconnect.flattrade.in:443
2026-07-15 09:02:32  DEBUG     https://piconnect.flattrade.in:443 "POST /PiConnectAPI/Limits HTTP/1.1" 200 None
2026-07-15 09:02:32  WARNING   MIS BUY LODHA: avail=Rs125.54 < needed=Rs580.80 — qty 2→0
2026-07-15 09:02:32  ERROR     MIS BUY LODHA skipped — insufficient capital after reduction
2026-07-15 09:02:33  DEBUG     Starting new HTTPS connection (1): piconnect.flattrade.in:443
2026-07-15 09:02:33  DEBUG     https://piconnect.flattrade.in:443 "POST /PiConnectAPI/Limits HTTP/1.1" 200 None
2026-07-15 09:02:33  WARNING   MIS BUY LODHA: avail=Rs125.54 < needed=Rs580.77 — qty 2→0
2026-07-15 09:02:33  ERROR     MIS BUY LODHA skipped — insufficient capital after reduction
2026-07-15 09:02:34  DEBUG     Starting new HTTPS connection (1): piconnect.flattrade.in:443
2026-07-15 09:02:34  DEBUG     https://piconnect.flattrade.in:443 "POST /PiConnectAPI/Limits HTTP/1.1" 200 None
2026-07-15 09:02:34  WARNING   MIS BUY LODHA: avail=Rs125.54 < needed=Rs580.77 — qty 2→0
2026-07-15 09:02:34  ERROR     MIS BUY LODHA skipped — insufficient capital after reduction
2026-07-15 09:02:34  DEBUG     Starting new HTTPS connection (1): piconnect.flattrade.in:443
2026-07-15 09:02:34  DEBUG     https://piconnect.flattrade.in:443 "POST /PiConnectAPI/Limits HTTP/1.1" 200 None
2026-07-15 09:02:34  WARNING   MIS BUY LODHA: avail=Rs125.54 < needed=Rs580.77 — qty 2→0
2026-07-15 09:02:34  ERROR     MIS BUY LODHA skipped — insufficient capital after reduction
2026-07-15 09:02:35  DEBUG     Starting new HTTPS connection (1): piconnect.flattrade.in:443
2026-07-15 09:02:35  DEBUG     https://piconnect.flattrade.in:443 "POST /PiConnectAPI/Limits HTTP/1.1" 200 None
2026-07-15 09:02:35  WARNING   MIS BUY LODHA: avail=Rs125.54 < needed=Rs580.77 — qty 2→0
2026-07-15 09:02:35  ERROR     MIS BUY LODHA skipped — insufficient capital after reduction
2026-07-15 09:02:36  DEBUG     Starting new HTTPS connection (1): piconnect.flattrade.in:443
2026-07-15 09:02:36  DEBUG     https://piconnect.flattrade.in:443 "POST /PiConnectAPI/Limits HTTP/1.1" 200 None
2026-07-15 09:02:36  WARNING   MIS BUY LODHA: avail=Rs125.54 < needed=Rs580.77 — qty 2→0
2026-07-15 09:02:36  ERROR     MIS BUY LODHA skipped — insufficient capital after reduction
2026-07-15 09:02:38  DEBUG     Starting new HTTPS connection (1): piconnect.flattrade.in:443
2026-07-15 09:02:38  DEBUG     https://piconnect.flattrade.in:443 "POST /PiConnectAPI/Limits HTTP/1.1" 200 None
2026-07-15 09:02:38  WARNING   MIS BUY LODHA: avail=Rs125.54 < needed=Rs580.77 — qty 2→0
2026-07-15 09:02:38  ERROR     MIS BUY LODHA skipped — insufficient capital after reduction
2026-07-15 09:02:39  DEBUG     Starting new HTTPS connection (1): piconnect.flattrade.in:443
2026-07-15 09:02:39  DEBUG     https://piconnect.flattrade.in:443 "POST /PiConnectAPI/Limits HTTP/1.1" 200 None
2026-07-15 09:02:39  WARNING   MIS BUY LODHA: avail=Rs125.54 < needed=Rs580.77 — qty 2→0
2026-07-15 09:02:39  ERROR     MIS BUY LODHA skipped — insufficient capital after reduction
2026-07-15 09:02:42  DEBUG     Starting new HTTPS connection (1): piconnect.flattrade.in:443
2026-07-15 09:02:42  DEBUG     https://piconnect.flattrade.in:443 "POST /PiConnectAPI/Limits HTTP/1.1" 200 None
2026-07-15 09:02:42  WARNING   MIS BUY LODHA: avail=Rs125.54 < needed=Rs580.77 — qty 2→0
2026-07-15 09:02:42  ERROR     MIS BUY LODHA skipped — insufficient capital after reduction
2026-07-15 09:02:43  DEBUG     Starting new HTTPS connection (1): piconnect.flattrade.in:443
2026-07-15 09:02:43  DEBUG     https://piconnect.flattrade.in:443 "POST /PiConnectAPI/Limits HTTP/1.1" 200 None
2026-07-15 09:02:43  WARNING   MIS BUY LODHA: avail=Rs125.54 < needed=Rs580.77 — qty 2→0
2026-07-15 09:02:43  ERROR     MIS BUY LODHA skipped — insufficient capital after reduction
2026-07-15 09:02:43  DEBUG     Starting new HTTPS connection (1): piconnect.flattrade.in:443
2026-07-15 09:02:43  DEBUG     https://piconnect.flattrade.in:443 "POST /PiConnectAPI/Limits HTTP/1.1" 200 None
2026-07-15 09:02:43  WARNING   MIS BUY LODHA: avail=Rs125.54 < needed=Rs580.73 — qty 2→0
2026-07-15 09:02:43  ERROR     MIS BUY LODHA skipped — insufficient capital after reduction
2026-07-15 09:02:44  DEBUG     Starting new HTTPS connection (1): piconnect.flattrade.in:443
2026-07-15 09:02:44  DEBUG     https://piconnect.flattrade.in:443 "POST /PiConnectAPI/Limits HTTP/1.1" 200 None
2026-07-15 09:02:44  WARNING   MIS BUY LODHA: avail=Rs125.54 < needed=Rs580.73 — qty 2→0
2026-07-15 09:02:44  ERROR     MIS BUY LODHA skipped — insufficient capital after reduction
2026-07-15 09:02:45  DEBUG     Starting new HTTPS connection (1): piconnect.flattrade.in:443
2026-07-15 09:02:45  DEBUG     https://piconnect.flattrade.in:443 "POST /PiConnectAPI/Limits HTTP/1.1" 200 None
2026-07-15 09:02:45  WARNING   MIS BUY LODHA: avail=Rs125.54 < needed=Rs580.73 — qty 2→0
2026-07-15 09:02:45  ERROR     MIS BUY LODHA skipped — insufficient capital after reduction
2026-07-15 09:02:46  DEBUG     Starting new HTTPS connection (1): piconnect.flattrade.in:443
2026-07-15 09:02:46  DEBUG     https://piconnect.flattrade.in:443 "POST /PiConnectAPI/Limits HTTP/1.1" 200 None
2026-07-15 09:02:46  WARNING   MIS BUY LODHA: avail=Rs125.54 < needed=Rs580.67 — qty 2→0
2026-07-15 09:02:46  ERROR     MIS BUY LODHA skipped — insufficient capital after reduction
2026-07-15 09:02:48  DEBUG     Starting new HTTPS connection (1): piconnect.flattrade.in:443
2026-07-15 09:02:48  DEBUG     https://piconnect.flattrade.in:443 "POST /PiConnectAPI/Limits HTTP/1.1" 200 None
2026-07-15 09:02:48  WARNING   MIS BUY LODHA: avail=Rs125.54 < needed=Rs580.67 — qty 2→0
2026-07-15 09:02:48  ERROR     MIS BUY LODHA skipped — insufficient capital after reduction
2026-07-15 09:02:49  DEBUG     Starting new HTTPS connection (1): piconnect.flattrade.in:443
2026-07-15 09:02:49  DEBUG     https://piconnect.flattrade.in:443 "POST /PiConnectAPI/Limits HTTP/1.1" 200 None
2026-07-15 09:02:49  WARNING   MIS BUY LODHA: avail=Rs125.54 < needed=Rs580.67 — qty 2→0
2026-07-15 09:02:49  ERROR     MIS BUY LODHA skipped — insufficient capital after reduction
2026-07-15 09:02:50  DEBUG     Starting new HTTPS connection (1): piconnect.flattrade.in:443
2026-07-15 09:02:50  DEBUG     https://piconnect.flattrade.in:443 "POST /PiConnectAPI/Limits HTTP/1.1" 200 None
2026-07-15 09:02:50  WARNING   MIS BUY LODHA: avail=Rs125.54 < needed=Rs580.67 — qty 2→0
2026-07-15 09:02:50  ERROR     MIS BUY LODHA skipped — insufficient capital after reduction
2026-07-15 09:02:53  DEBUG     Starting new HTTPS connection (1): piconnect.flattrade.in:443
2026-07-15 09:02:53  DEBUG     https://piconnect.flattrade.in:443 "POST /PiConnectAPI/Limits HTTP/1.1" 200 None
2026-07-15 09:02:53  WARNING   MIS BUY LODHA: avail=Rs125.54 < needed=Rs580.67 — qty 2→0
2026-07-15 09:02:53  ERROR     MIS BUY LODHA skipped — insufficient capital after reduction
2026-07-15 09:02:54  DEBUG     Starting new HTTPS connection (1): piconnect.flattrade.in:443
2026-07-15 09:02:54  DEBUG     https://piconnect.flattrade.in:443 "POST /PiConnectAPI/Limits HTTP/1.1" 200 None
2026-07-15 09:02:54  WARNING   MIS BUY LODHA: avail=Rs125.54 < needed=Rs580.67 — qty 2→0
2026-07-15 09:02:54  ERROR     MIS BUY LODHA skipped — insufficient capital after reduction
2026-07-15 09:02:56  DEBUG     Starting new HTTPS connection (1): piconnect.flattrade.in:443
2026-07-15 09:02:56  DEBUG     https://piconnect.flattrade.in:443 "POST /PiConnectAPI/Limits HTTP/1.1" 200 None
2026-07-15 09:02:56  WARNING   MIS BUY LODHA: avail=Rs125.54 < needed=Rs580.67 — qty 2→0
2026-07-15 09:02:56  ERROR     MIS BUY LODHA skipped — insufficient capital after reduction
2026-07-15 09:02:58  DEBUG     Starting new HTTPS connection (1): piconnect.flattrade.in:443
2026-07-15 09:02:58  DEBUG     https://piconnect.flattrade.in:443 "POST /PiConnectAPI/Limits HTTP/1.1" 200 None
2026-07-15 09:02:58  WARNING   MIS BUY LODHA: avail=Rs125.54 < needed=Rs580.67 — qty 2→0
2026-07-15 09:02:58  ERROR     MIS BUY LODHA skipped — insufficient capital after reduction
2026-07-15 09:02:59  DEBUG     Starting new HTTPS connection (1): piconnect.flattrade.in:443
2026-07-15 09:02:59  DEBUG     https://piconnect.flattrade.in:443 "POST /PiConnectAPI/Limits HTTP/1.1" 200 None
2026-07-15 09:02:59  WARNING   MIS BUY LODHA: avail=Rs125.54 < needed=Rs580.67 — qty 2→0
2026-07-15 09:02:59  ERROR     MIS BUY LODHA skipped — insufficient capital after reduction
2026-07-15 09:03:00  DEBUG     Starting new HTTPS connection (1): piconnect.flattrade.in:443
2026-07-15 09:03:00  DEBUG     https://piconnect.flattrade.in:443 "POST /PiConnectAPI/Limits HTTP/1.1" 200 None
2026-07-15 09:03:00  WARNING   MIS BUY LODHA: avail=Rs125.54 < needed=Rs580.67 — qty 2→0
2026-07-15 09:03:00  ERROR     MIS BUY LODHA skipped — insufficient capital after reduction
2026-07-15 09:03:00  DEBUG     Sending ping
2026-07-15 09:03:01  DEBUG     Starting new HTTPS connection (1): piconnect.flattrade.in:443
2026-07-15 09:03:01  DEBUG     https://piconnect.flattrade.in:443 "POST /PiConnectAPI/Limits HTTP/1.1" 200 None
2026-07-15 09:03:01  WARNING   MIS BUY LODHA: avail=Rs125.54 < needed=Rs580.67 — qty 2→0
2026-07-15 09:03:01  ERROR     MIS BUY LODHA skipped — insufficient capital after reduction
2026-07-15 09:03:05  DEBUG     Starting new HTTPS connection (1): piconnect.flattrade.in:443
2026-07-15 09:03:05  DEBUG     https://piconnect.flattrade.in:443 "POST /PiConnectAPI/Limits HTTP/1.1" 200 None
2026-07-15 09:03:05  WARNING   MIS BUY LODHA: avail=Rs125.54 < needed=Rs580.67 — qty 2→0
2026-07-15 09:03:05  ERROR     MIS BUY LODHA skipped — insufficient capital after reduction
2026-07-15 09:03:07  DEBUG     Starting new HTTPS connection (1): piconnect.flattrade.in:443
2026-07-15 09:03:07  DEBUG     https://piconnect.flattrade.in:443 "POST /PiConnectAPI/Limits HTTP/1.1" 200 None
2026-07-15 09:03:07  WARNING   MIS BUY LODHA: avail=Rs125.54 < needed=Rs580.67 — qty 2→0
2026-07-15 09:03:07  ERROR     MIS BUY LODHA skipped — insufficient capital after reduction
2026-07-15 09:03:07  DEBUG     Starting new HTTPS connection (1): piconnect.flattrade.in:443
2026-07-15 09:03:07  DEBUG     https://piconnect.flattrade.in:443 "POST /PiConnectAPI/Limits HTTP/1.1" 200 None
2026-07-15 09:03:07  WARNING   MIS BUY LODHA: avail=Rs125.54 < needed=Rs580.67 — qty 2→0
2026-07-15 09:03:07  ERROR     MIS BUY LODHA skipped — insufficient capital after reduction
2026-07-15 09:03:08  DEBUG     Starting new HTTPS connection (1): piconnect.flattrade.in:443
2026-07-15 09:03:08  DEBUG     https://piconnect.flattrade.in:443 "POST /PiConnectAPI/Limits HTTP/1.1" 200 None
2026-07-15 09:03:08  WARNING   MIS BUY LODHA: avail=Rs125.54 < needed=Rs580.88 — qty 2→0
2026-07-15 09:03:08  ERROR     MIS BUY LODHA skipped — insufficient capital after reduction
2026-07-15 09:03:08  DEBUG     Starting new HTTPS connection (1): piconnect.flattrade.in:443
2026-07-15 09:03:08  DEBUG     https://piconnect.flattrade.in:443 "POST /PiConnectAPI/Limits HTTP/1.1" 200 None
2026-07-15 09:03:08  WARNING   MIS BUY LODHA: avail=Rs125.54 < needed=Rs580.88 — qty 2→0
2026-07-15 09:03:08  ERROR     MIS BUY LODHA skipped — insufficient capital after reduction
2026-07-15 09:03:09  DEBUG     Starting new HTTPS connection (1): piconnect.flattrade.in:443
2026-07-15 09:03:09  DEBUG     https://piconnect.flattrade.in:443 "POST /PiConnectAPI/Limits HTTP/1.1" 200 None
2026-07-15 09:03:09  WARNING   MIS BUY LODHA: avail=Rs125.54 < needed=Rs580.83 — qty 2→0
2026-07-15 09:03:09  ERROR     MIS BUY LODHA skipped — insufficient capital after reduction
2026-07-15 09:03:10  DEBUG     Starting new HTTPS connection (1): piconnect.flattrade.in:443
2026-07-15 09:03:10  DEBUG     https://piconnect.flattrade.in:443 "POST /PiConnectAPI/Limits HTTP/1.1" 200 None
2026-07-15 09:03:10  WARNING   MIS BUY LODHA: avail=Rs125.54 < needed=Rs580.83 — qty 2→0
2026-07-15 09:03:10  ERROR     MIS BUY LODHA skipped — insufficient capital after reduction
2026-07-15 09:03:10  DEBUG     Starting new HTTPS connection (1): piconnect.flattrade.in:443
2026-07-15 09:03:10  DEBUG     https://piconnect.flattrade.in:443 "POST /PiConnectAPI/Limits HTTP/1.1" 200 None
2026-07-15 09:03:10  WARNING   MIS BUY LODHA: avail=Rs125.54 < needed=Rs580.83 — qty 2→0
2026-07-15 09:03:10  ERROR     MIS BUY LODHA skipped — insufficient capital after reduction
2026-07-15 09:03:11  DEBUG     Starting new HTTPS connection (1): piconnect.flattrade.in:443
2026-07-15 09:03:11  DEBUG     https://piconnect.flattrade.in:443 "POST /PiConnectAPI/Limits HTTP/1.1" 200 None
2026-07-15 09:03:11  WARNING   MIS BUY LODHA: avail=Rs125.54 < needed=Rs580.83 — qty 2→0
2026-07-15 09:03:11  ERROR     MIS BUY LODHA skipped — insufficient capital after reduction
2026-07-15 09:03:12  DEBUG     Starting new HTTPS connection (1): piconnect.flattrade.in:443
2026-07-15 09:03:12  DEBUG     https://piconnect.flattrade.in:443 "POST /PiConnectAPI/Limits HTTP/1.1" 200 None
2026-07-15 09:03:12  WARNING   MIS BUY LODHA: avail=Rs125.54 < needed=Rs580.83 — qty 2→0
2026-07-15 09:03:12  ERROR     MIS BUY LODHA skipped — insufficient capital after reduction
2026-07-15 09:03:13  DEBUG     Starting new HTTPS connection (1): piconnect.flattrade.in:443
2026-07-15 09:03:13  DEBUG     https://piconnect.flattrade.in:443 "POST /PiConnectAPI/Limits HTTP/1.1" 200 None
2026-07-15 09:03:13  WARNING   MIS BUY LODHA: avail=Rs125.54 < needed=Rs580.83 — qty 2→0
2026-07-15 09:03:13  ERROR     MIS BUY LODHA skipped — insufficient capital after reduction
2026-07-15 09:03:13  DEBUG     Starting new HTTPS connection (1): piconnect.flattrade.in:443
2026-07-15 09:03:13  DEBUG     https://piconnect.flattrade.in:443 "POST /PiConnectAPI/Limits HTTP/1.1" 200 None
2026-07-15 09:03:13  WARNING   MIS BUY LODHA: avail=Rs125.54 < needed=Rs580.83 — qty 2→0
2026-07-15 09:03:13  ERROR     MIS BUY LODHA skipped — insufficient capital after reduction
2026-07-15 09:03:14  DEBUG     Starting new HTTPS connection (1): piconnect.flattrade.in:443
2026-07-15 09:03:14  DEBUG     https://piconnect.flattrade.in:443 "POST /PiConnectAPI/Limits HTTP/1.1" 200 None
2026-07-15 09:03:14  WARNING   MIS BUY LODHA: avail=Rs125.54 < needed=Rs580.83 — qty 2→0
2026-07-15 09:03:14  ERROR     MIS BUY LODHA skipped — insufficient capital after reduction
2026-07-15 09:03:15  DEBUG     Starting new HTTPS connection (1): piconnect.flattrade.in:443
2026-07-15 09:03:15  DEBUG     https://piconnect.flattrade.in:443 "POST /PiConnectAPI/Limits HTTP/1.1" 200 None
2026-07-15 09:03:15  WARNING   MIS BUY LODHA: avail=Rs125.54 < needed=Rs580.83 — qty 2→0
2026-07-15 09:03:15  ERROR     MIS BUY LODHA skipped — insufficient capital after reduction
2026-07-15 09:03:16  DEBUG     Starting new HTTPS connection (1): piconnect.flattrade.in:443
2026-07-15 09:03:16  DEBUG     https://piconnect.flattrade.in:443 "POST /PiConnectAPI/Limits HTTP/1.1" 200 None
2026-07-15 09:03:16  WARNING   MIS BUY LODHA: avail=Rs125.54 < needed=Rs580.83 — qty 2→0
2026-07-15 09:03:16  ERROR     MIS BUY LODHA skipped — insufficient capital after reduction
2026-07-15 09:03:23  DEBUG     Starting new HTTPS connection (1): piconnect.flattrade.in:443
2026-07-15 09:03:23  DEBUG     https://piconnect.flattrade.in:443 "POST /PiConnectAPI/Limits HTTP/1.1" 200 None
2026-07-15 09:03:23  WARNING   MIS BUY LODHA: avail=Rs125.54 < needed=Rs580.83 — qty 2→0
2026-07-15 09:03:23  ERROR     MIS BUY LODHA skipped — insufficient capital after reduction
2026-07-15 09:03:28  DEBUG     Starting new HTTPS connection (1): piconnect.flattrade.in:443
2026-07-15 09:03:28  DEBUG     https://piconnect.flattrade.in:443 "POST /PiConnectAPI/Limits HTTP/1.1" 200 None
2026-07-15 09:03:28  WARNING   MIS BUY LODHA: avail=Rs125.54 < needed=Rs580.67 — qty 2→0
2026-07-15 09:03:28  ERROR     MIS BUY LODHA skipped — insufficient capital after reduction
2026-07-15 09:03:30  DEBUG     Starting new HTTPS connection (1): piconnect.flattrade.in:443
2026-07-15 09:03:30  DEBUG     https://piconnect.flattrade.in:443 "POST /PiConnectAPI/Limits HTTP/1.1" 200 None
2026-07-15 09:03:30  WARNING   MIS BUY LODHA: avail=Rs125.54 < needed=Rs580.67 — qty 2→0
2026-07-15 09:03:30  ERROR     MIS BUY LODHA skipped — insufficient capital after reduction
2026-07-15 09:03:30  DEBUG     Sending ping
2026-07-15 09:03:32  DEBUG     Starting new HTTPS connection (1): piconnect.flattrade.in:443
2026-07-15 09:03:32  DEBUG     https://piconnect.flattrade.in:443 "POST /PiConnectAPI/Limits HTTP/1.1" 200 None
2026-07-15 09:03:32  WARNING   MIS BUY LODHA: avail=Rs125.54 < needed=Rs580.67 — qty 2→0
2026-07-15 09:03:32  ERROR     MIS BUY LODHA skipped — insufficient capital after reduction
2026-07-15 09:03:33  DEBUG     Starting new HTTPS connection (1): piconnect.flattrade.in:443
2026-07-15 09:03:33  DEBUG     https://piconnect.flattrade.in:443 "POST /PiConnectAPI/Limits HTTP/1.1" 200 None
2026-07-15 09:03:33  WARNING   MIS BUY LODHA: avail=Rs125.54 < needed=Rs580.67 — qty 2→0
2026-07-15 09:03:33  ERROR     MIS BUY LODHA skipped — insufficient capital after reduction
2026-07-15 09:03:38  DEBUG     Starting new HTTPS connection (1): piconnect.flattrade.in:443
2026-07-15 09:03:38  DEBUG     https://piconnect.flattrade.in:443 "POST /PiConnectAPI/Limits HTTP/1.1" 200 None
2026-07-15 09:03:38  WARNING   MIS BUY LODHA: avail=Rs125.54 < needed=Rs580.67 — qty 2→0
2026-07-15 09:03:38  ERROR     MIS BUY LODHA skipped — insufficient capital after reduction
2026-07-15 09:03:38  DEBUG     Starting new HTTPS connection (1): piconnect.flattrade.in:443
2026-07-15 09:03:38  DEBUG     https://piconnect.flattrade.in:443 "POST /PiConnectAPI/Limits HTTP/1.1" 200 None
2026-07-15 09:03:38  WARNING   MIS BUY LODHA: avail=Rs125.54 < needed=Rs580.67 — qty 2→0
2026-07-15 09:03:38  ERROR     MIS BUY LODHA skipped — insufficient capital after reduction
2026-07-15 09:03:41  DEBUG     Starting new HTTPS connection (1): piconnect.flattrade.in:443
2026-07-15 09:03:41  DEBUG     https://piconnect.flattrade.in:443 "POST /PiConnectAPI/Limits HTTP/1.1" 200 None
2026-07-15 09:03:41  WARNING   MIS BUY LODHA: avail=Rs125.54 < needed=Rs580.67 — qty 2→0
2026-07-15 09:03:41  ERROR     MIS BUY LODHA skipped — insufficient capital after reduction
2026-07-15 09:03:42  DEBUG     Starting new HTTPS connection (1): piconnect.flattrade.in:443
2026-07-15 09:03:43  DEBUG     https://piconnect.flattrade.in:443 "POST /PiConnectAPI/Limits HTTP/1.1" 200 None
2026-07-15 09:03:43  WARNING   MIS BUY LODHA: avail=Rs125.54 < needed=Rs580.67 — qty 2→0
2026-07-15 09:03:43  ERROR     MIS BUY LODHA skipped — insufficient capital after reduction
2026-07-15 09:03:45  DEBUG     Starting new HTTPS connection (1): piconnect.flattrade.in:443
2026-07-15 09:03:45  DEBUG     https://piconnect.flattrade.in:443 "POST /PiConnectAPI/Limits HTTP/1.1" 200 None
2026-07-15 09:03:45  WARNING   MIS BUY LODHA: avail=Rs125.54 < needed=Rs580.67 — qty 2→0
2026-07-15 09:03:45  ERROR     MIS BUY LODHA skipped — insufficient capital after reduction
2026-07-15 09:03:47  DEBUG     Starting new HTTPS connection (1): piconnect.flattrade.in:443
2026-07-15 09:03:47  DEBUG     https://piconnect.flattrade.in:443 "POST /PiConnectAPI/Limits HTTP/1.1" 200 None
2026-07-15 09:03:47  WARNING   MIS BUY LODHA: avail=Rs125.54 < needed=Rs580.67 — qty 2→0
2026-07-15 09:03:47  ERROR     MIS BUY LODHA skipped — insufficient capital after reduction
2026-07-15 09:03:52  DEBUG     Starting new HTTPS connection (1): piconnect.flattrade.in:443
2026-07-15 09:03:52  DEBUG     https://piconnect.flattrade.in:443 "POST /PiConnectAPI/Limits HTTP/1.1" 200 None
2026-07-15 09:03:52  WARNING   MIS BUY LODHA: avail=Rs125.54 < needed=Rs580.67 — qty 2→0
2026-07-15 09:03:52  ERROR     MIS BUY LODHA skipped — insufficient capital after reduction
2026-07-15 09:03:54  DEBUG     Starting new HTTPS connection (1): piconnect.flattrade.in:443
2026-07-15 09:03:54  DEBUG     https://piconnect.flattrade.in:443 "POST /PiConnectAPI/Limits HTTP/1.1" 200 None
2026-07-15 09:03:54  WARNING   MIS BUY LODHA: avail=Rs125.54 < needed=Rs580.67 — qty 2→0
2026-07-15 09:03:54  ERROR     MIS BUY LODHA skipped — insufficient capital after reduction
2026-07-15 09:03:56  DEBUG     Starting new HTTPS connection (1): piconnect.flattrade.in:443
2026-07-15 09:03:57  DEBUG     https://piconnect.flattrade.in:443 "POST /PiConnectAPI/Limits HTTP/1.1" 200 None
2026-07-15 09:03:57  WARNING   MIS BUY LODHA: avail=Rs125.54 < needed=Rs580.67 — qty 2→0
2026-07-15 09:03:57  ERROR     MIS BUY LODHA skipped — insufficient capital after reduction
2026-07-15 09:04:00  DEBUG     Sending ping
2026-07-15 09:04:01  DEBUG     Starting new HTTPS connection (1): piconnect.flattrade.in:443
2026-07-15 09:04:01  DEBUG     https://piconnect.flattrade.in:443 "POST /PiConnectAPI/Limits HTTP/1.1" 200 None
2026-07-15 09:04:01  WARNING   MIS BUY LODHA: avail=Rs125.54 < needed=Rs580.67 — qty 2→0
2026-07-15 09:04:01  ERROR     MIS BUY LODHA skipped — insufficient capital after reduction
2026-07-15 09:04:06  DEBUG     Starting new HTTPS connection (1): piconnect.flattrade.in:443
2026-07-15 09:04:06  DEBUG     https://piconnect.flattrade.in:443 "POST /PiConnectAPI/Limits HTTP/1.1" 200 None
2026-07-15 09:04:06  WARNING   MIS BUY LODHA: avail=Rs125.54 < needed=Rs580.67 — qty 2→0
2026-07-15 09:04:06  ERROR     MIS BUY LODHA skipped — insufficient capital after reduction
2026-07-15 09:04:10  DEBUG     Starting new HTTPS connection (1): piconnect.flattrade.in:443
2026-07-15 09:04:11  DEBUG     https://piconnect.flattrade.in:443 "POST /PiConnectAPI/Limits HTTP/1.1" 200 None
2026-07-15 09:04:11  WARNING   MIS BUY LODHA: avail=Rs125.54 < needed=Rs580.67 — qty 2→0
2026-07-15 09:04:11  ERROR     MIS BUY LODHA skipped — insufficient capital after reduction
2026-07-15 09:04:11  DEBUG     Starting new HTTPS connection (1): piconnect.flattrade.in:443
2026-07-15 09:04:11  DEBUG     https://piconnect.flattrade.in:443 "POST /PiConnectAPI/Limits HTTP/1.1" 200 None
2026-07-15 09:04:11  WARNING   MIS BUY LODHA: avail=Rs125.54 < needed=Rs580.67 — qty 2→0
2026-07-15 09:04:11  ERROR     MIS BUY LODHA skipped — insufficient capital after reduction
2026-07-15 09:04:13  DEBUG     Starting new HTTPS connection (1): piconnect.flattrade.in:443
2026-07-15 09:04:13  DEBUG     https://piconnect.flattrade.in:443 "POST /PiConnectAPI/Limits HTTP/1.1" 200 None
2026-07-15 09:04:13  WARNING   MIS BUY LODHA: avail=Rs125.54 < needed=Rs580.67 — qty 2→0
2026-07-15 09:04:13  ERROR     MIS BUY LODHA skipped — insufficient capital after reduction
2026-07-15 09:04:15  DEBUG     Starting new HTTPS connection (1): piconnect.flattrade.in:443
2026-07-15 09:04:15  DEBUG     https://piconnect.flattrade.in:443 "POST /PiConnectAPI/Limits HTTP/1.1" 200 None
2026-07-15 09:04:15  WARNING   MIS BUY LODHA: avail=Rs125.54 < needed=Rs580.85 — qty 2→0
2026-07-15 09:04:15  ERROR     MIS BUY LODHA skipped — insufficient capital after reduction
2026-07-15 09:04:19  DEBUG     Starting new HTTPS connection (1): piconnect.flattrade.in:443
2026-07-15 09:04:20  DEBUG     https://piconnect.flattrade.in:443 "POST /PiConnectAPI/Limits HTTP/1.1" 200 None
2026-07-15 09:04:20  WARNING   MIS BUY LODHA: avail=Rs125.54 < needed=Rs580.85 — qty 2→0
2026-07-15 09:04:20  ERROR     MIS BUY LODHA skipped — insufficient capital after reduction
2026-07-15 09:04:24  DEBUG     Starting new HTTPS connection (1): piconnect.flattrade.in:443
2026-07-15 09:04:24  DEBUG     https://piconnect.flattrade.in:443 "POST /PiConnectAPI/Limits HTTP/1.1" 200 None
2026-07-15 09:04:24  WARNING   MIS BUY LODHA: avail=Rs125.54 < needed=Rs580.85 — qty 2→0
2026-07-15 09:04:24  ERROR     MIS BUY LODHA skipped — insufficient capital after reduction
2026-07-15 09:04:28  DEBUG     Starting new HTTPS connection (1): piconnect.flattrade.in:443
2026-07-15 09:04:28  DEBUG     https://piconnect.flattrade.in:443 "POST /PiConnectAPI/Limits HTTP/1.1" 200 None
2026-07-15 09:04:28  WARNING   MIS BUY LODHA: avail=Rs125.54 < needed=Rs580.85 — qty 2→0
2026-07-15 09:04:28  ERROR     MIS BUY LODHA skipped — insufficient capital after reduction
2026-07-15 09:04:29  DEBUG     Starting new HTTPS connection (1): piconnect.flattrade.in:443
2026-07-15 09:04:29  DEBUG     https://piconnect.flattrade.in:443 "POST /PiConnectAPI/Limits HTTP/1.1" 200 None
2026-07-15 09:04:29  WARNING   MIS BUY LODHA: avail=Rs125.54 < needed=Rs580.80 — qty 2→0
2026-07-15 09:04:29  ERROR     MIS BUY LODHA skipped — insufficient capital after reduction
2026-07-15 09:04:30  DEBUG     Sending ping
2026-07-15 09:04:32  DEBUG     Starting new HTTPS connection (1): piconnect.flattrade.in:443
2026-07-15 09:04:32  DEBUG     https://piconnect.flattrade.in:443 "POST /PiConnectAPI/Limits HTTP/1.1" 200 None
2026-07-15 09:04:32  WARNING   MIS BUY LODHA: avail=Rs125.54 < needed=Rs580.80 — qty 2→0
2026-07-15 09:04:32  ERROR     MIS BUY LODHA skipped — insufficient capital after reduction
2026-07-15 09:04:33  DEBUG     Starting new HTTPS connection (1): piconnect.flattrade.in:443
2026-07-15 09:04:33  DEBUG     https://piconnect.flattrade.in:443 "POST /PiConnectAPI/Limits HTTP/1.1" 200 None
2026-07-15 09:04:33  WARNING   MIS BUY LODHA: avail=Rs125.54 < needed=Rs580.80 — qty 2→0
2026-07-15 09:04:33  ERROR     MIS BUY LODHA skipped — insufficient capital after reduction
2026-07-15 09:04:34  DEBUG     Starting new HTTPS connection (1): piconnect.flattrade.in:443
2026-07-15 09:04:35  DEBUG     https://piconnect.flattrade.in:443 "POST /PiConnectAPI/Limits HTTP/1.1" 200 None
2026-07-15 09:04:35  WARNING   MIS BUY LODHA: avail=Rs125.54 < needed=Rs580.80 — qty 2→0
2026-07-15 09:04:35  ERROR     MIS BUY LODHA skipped — insufficient capital after reduction
2026-07-15 09:04:38  DEBUG     Starting new HTTPS connection (1): piconnect.flattrade.in:443
2026-07-15 09:04:38  DEBUG     https://piconnect.flattrade.in:443 "POST /PiConnectAPI/Limits HTTP/1.1" 200 None
2026-07-15 09:04:38  WARNING   MIS BUY LODHA: avail=Rs125.54 < needed=Rs580.80 — qty 2→0
2026-07-15 09:04:38  ERROR     MIS BUY LODHA skipped — insufficient capital after reduction
2026-07-15 09:04:40  DEBUG     Starting new HTTPS connection (1): piconnect.flattrade.in:443
2026-07-15 09:04:40  DEBUG     https://piconnect.flattrade.in:443 "POST /PiConnectAPI/Limits HTTP/1.1" 200 None
2026-07-15 09:04:40  WARNING   MIS BUY LODHA: avail=Rs125.54 < needed=Rs580.80 — qty 2→0
2026-07-15 09:04:40  ERROR     MIS BUY LODHA skipped — insufficient capital after reduction
2026-07-15 09:04:46  DEBUG     Starting new HTTPS connection (1): piconnect.flattrade.in:443
2026-07-15 09:04:46  DEBUG     https://piconnect.flattrade.in:443 "POST /PiConnectAPI/Limits HTTP/1.1" 200 None
2026-07-15 09:04:46  WARNING   MIS BUY LODHA: avail=Rs125.54 < needed=Rs580.80 — qty 2→0
2026-07-15 09:04:46  ERROR     MIS BUY LODHA skipped — insufficient capital after reduction
2026-07-15 09:04:51  DEBUG     Starting new HTTPS connection (1): piconnect.flattrade.in:443
2026-07-15 09:04:51  DEBUG     https://piconnect.flattrade.in:443 "POST /PiConnectAPI/Limits HTTP/1.1" 200 None
2026-07-15 09:04:51  WARNING   MIS BUY LODHA: avail=Rs125.54 < needed=Rs580.73 — qty 2→0
2026-07-15 09:04:51  ERROR     MIS BUY LODHA skipped — insufficient capital after reduction
2026-07-15 09:04:56  DEBUG     Starting new HTTPS connection (1): piconnect.flattrade.in:443
2026-07-15 09:04:56  DEBUG     https://piconnect.flattrade.in:443 "POST /PiConnectAPI/Limits HTTP/1.1" 200 None
2026-07-15 09:04:57  WARNING   MIS BUY LODHA: avail=Rs125.54 < needed=Rs580.70 — qty 2→0
2026-07-15 09:04:57  ERROR     MIS BUY LODHA skipped — insufficient capital after reduction
2026-07-15 09:04:57  DEBUG     Starting new HTTPS connection (1): piconnect.flattrade.in:443
2026-07-15 09:04:57  DEBUG     https://piconnect.flattrade.in:443 "POST /PiConnectAPI/Limits HTTP/1.1" 200 None
2026-07-15 09:04:57  WARNING   MIS BUY LODHA: avail=Rs125.54 < needed=Rs580.70 — qty 2→0
2026-07-15 09:04:57  ERROR     MIS BUY LODHA skipped — insufficient capital after reduction
2026-07-15 09:05:00  DEBUG     Sending ping
2026-07-15 09:05:01  DEBUG     Starting new HTTPS connection (1): piconnect.flattrade.in:443
2026-07-15 09:05:02  DEBUG     https://piconnect.flattrade.in:443 "POST /PiConnectAPI/Limits HTTP/1.1" 200 None
2026-07-15 09:05:02  WARNING   MIS BUY LODHA: avail=Rs125.54 < needed=Rs580.70 — qty 2→0
2026-07-15 09:05:02  ERROR     MIS BUY LODHA skipped — insufficient capital after reduction
2026-07-15 09:05:02  DEBUG     Starting new HTTPS connection (1): piconnect.flattrade.in:443
2026-07-15 09:05:02  DEBUG     https://piconnect.flattrade.in:443 "POST /PiConnectAPI/Limits HTTP/1.1" 200 None
2026-07-15 09:05:02  WARNING   MIS BUY LODHA: avail=Rs125.54 < needed=Rs580.70 — qty 2→0
2026-07-15 09:05:02  ERROR     MIS BUY LODHA skipped — insufficient capital after reduction
2026-07-15 09:05:04  DEBUG     Starting new HTTPS connection (1): piconnect.flattrade.in:443
2026-07-15 09:05:04  DEBUG     https://piconnect.flattrade.in:443 "POST /PiConnectAPI/Limits HTTP/1.1" 200 None
2026-07-15 09:05:04  WARNING   MIS BUY LODHA: avail=Rs125.54 < needed=Rs580.70 — qty 2→0
2026-07-15 09:05:04  ERROR     MIS BUY LODHA skipped — insufficient capital after reduction
2026-07-15 09:05:06  DEBUG     Starting new HTTPS connection (1): piconnect.flattrade.in:443
2026-07-15 09:05:06  DEBUG     https://piconnect.flattrade.in:443 "POST /PiConnectAPI/Limits HTTP/1.1" 200 None
2026-07-15 09:05:06  WARNING   MIS BUY LODHA: avail=Rs125.54 < needed=Rs580.70 — qty 2→0
2026-07-15 09:05:06  ERROR     MIS BUY LODHA skipped — insufficient capital after reduction
2026-07-15 09:05:06  DEBUG     Starting new HTTPS connection (1): piconnect.flattrade.in:443
2026-07-15 09:05:07  DEBUG     https://piconnect.flattrade.in:443 "POST /PiConnectAPI/Limits HTTP/1.1" 200 None
2026-07-15 09:05:07  WARNING   MIS BUY LODHA: avail=Rs125.54 < needed=Rs580.67 — qty 2→0
2026-07-15 09:05:07  ERROR     MIS BUY LODHA skipped — insufficient capital after reduction
2026-07-15 09:05:11  DEBUG     Starting new HTTPS connection (1): piconnect.flattrade.in:443
2026-07-15 09:05:11  DEBUG     https://piconnect.flattrade.in:443 "POST /PiConnectAPI/Limits HTTP/1.1" 200 None
2026-07-15 09:05:11  WARNING   MIS BUY LODHA: avail=Rs125.54 < needed=Rs580.67 — qty 2→0
2026-07-15 09:05:11  ERROR     MIS BUY LODHA skipped — insufficient capital after reduction
2026-07-15 09:05:16  DEBUG     Starting new HTTPS connection (1): piconnect.flattrade.in:443
2026-07-15 09:05:17  DEBUG     https://piconnect.flattrade.in:443 "POST /PiConnectAPI/Limits HTTP/1.1" 200 None
2026-07-15 09:05:17  WARNING   MIS BUY LODHA: avail=Rs125.54 < needed=Rs580.65 — qty 2→0
2026-07-15 09:05:17  ERROR     MIS BUY LODHA skipped — insufficient capital after reduction
2026-07-15 09:05:19  DEBUG     Starting new HTTPS connection (1): piconnect.flattrade.in:443
2026-07-15 09:05:19  DEBUG     https://piconnect.flattrade.in:443 "POST /PiConnectAPI/Limits HTTP/1.1" 200 None
2026-07-15 09:05:19  WARNING   MIS BUY LODHA: avail=Rs125.54 < needed=Rs580.65 — qty 2→0
2026-07-15 09:05:19  ERROR     MIS BUY LODHA skipped — insufficient capital after reduction
2026-07-15 09:05:21  DEBUG     Starting new HTTPS connection (1): piconnect.flattrade.in:443
2026-07-15 09:05:21  DEBUG     https://piconnect.flattrade.in:443 "POST /PiConnectAPI/Limits HTTP/1.1" 200 None
2026-07-15 09:05:21  WARNING   MIS BUY LODHA: avail=Rs125.54 < needed=Rs580.65 — qty 2→0
2026-07-15 09:05:21  ERROR     MIS BUY LODHA skipped — insufficient capital after reduction
2026-07-15 09:05:21  DEBUG     Starting new HTTPS connection (1): piconnect.flattrade.in:443
2026-07-15 09:05:22  DEBUG     https://piconnect.flattrade.in:443 "POST /PiConnectAPI/Limits HTTP/1.1" 200 None
2026-07-15 09:05:22  WARNING   MIS BUY LODHA: avail=Rs125.54 < needed=Rs580.67 — qty 2→0
2026-07-15 09:05:22  ERROR     MIS BUY LODHA skipped — insufficient capital after reduction
2026-07-15 09:05:27  DEBUG     Starting new HTTPS connection (1): piconnect.flattrade.in:443
2026-07-15 09:05:27  DEBUG     https://piconnect.flattrade.in:443 "POST /PiConnectAPI/Limits HTTP/1.1" 200 None
2026-07-15 09:05:27  WARNING   MIS BUY LODHA: avail=Rs125.54 < needed=Rs580.80 — qty 2→0
2026-07-15 09:05:27  ERROR     MIS BUY LODHA skipped — insufficient capital after reduction
2026-07-15 09:05:28  DEBUG     Starting new HTTPS connection (1): piconnect.flattrade.in:443
2026-07-15 09:05:28  DEBUG     https://piconnect.flattrade.in:443 "POST /PiConnectAPI/Limits HTTP/1.1" 200 None
2026-07-15 09:05:28  WARNING   MIS BUY LODHA: avail=Rs125.54 < needed=Rs580.80 — qty 2→0
2026-07-15 09:05:28  ERROR     MIS BUY LODHA skipped — insufficient capital after reduction
2026-07-15 09:05:29  DEBUG     Starting new HTTPS connection (1): piconnect.flattrade.in:443
2026-07-15 09:05:29  DEBUG     https://piconnect.flattrade.in:443 "POST /PiConnectAPI/Limits HTTP/1.1" 200 None
2026-07-15 09:05:29  WARNING   MIS BUY LODHA: avail=Rs125.54 < needed=Rs580.80 — qty 2→0
2026-07-15 09:05:29  ERROR     MIS BUY LODHA skipped — insufficient capital after reduction
2026-07-15 09:05:30  DEBUG     Sending ping
2026-07-15 09:05:32  DEBUG     Starting new HTTPS connection (1): piconnect.flattrade.in:443
2026-07-15 09:05:32  DEBUG     https://piconnect.flattrade.in:443 "POST /PiConnectAPI/Limits HTTP/1.1" 200 None
2026-07-15 09:05:32  WARNING   MIS BUY LODHA: avail=Rs125.54 < needed=Rs580.80 — qty 2→0
2026-07-15 09:05:32  ERROR     MIS BUY LODHA skipped — insufficient capital after reduction
2026-07-15 09:05:36  DEBUG     Starting new HTTPS connection (1): piconnect.flattrade.in:443
2026-07-15 09:05:37  DEBUG     https://piconnect.flattrade.in:443 "POST /PiConnectAPI/Limits HTTP/1.1" 200 None
2026-07-15 09:05:37  WARNING   MIS BUY LODHA: avail=Rs125.54 < needed=Rs580.77 — qty 2→0
2026-07-15 09:05:37  ERROR     MIS BUY LODHA skipped — insufficient capital after reduction
2026-07-15 09:05:38  DEBUG     Starting new HTTPS connection (1): piconnect.flattrade.in:443
2026-07-15 09:05:38  DEBUG     https://piconnect.flattrade.in:443 "POST /PiConnectAPI/Limits HTTP/1.1" 200 None
2026-07-15 09:05:38  WARNING   MIS BUY LODHA: avail=Rs125.54 < needed=Rs580.77 — qty 2→0
2026-07-15 09:05:38  ERROR     MIS BUY LODHA skipped — insufficient capital after reduction
2026-07-15 09:05:41  DEBUG     Starting new HTTPS connection (1): piconnect.flattrade.in:443
2026-07-15 09:05:41  DEBUG     https://piconnect.flattrade.in:443 "POST /PiConnectAPI/Limits HTTP/1.1" 200 None
2026-07-15 09:05:41  WARNING   MIS BUY LODHA: avail=Rs125.54 < needed=Rs580.77 — qty 2→0
2026-07-15 09:05:41  ERROR     MIS BUY LODHA skipped — insufficient capital after reduction
2026-07-15 09:05:46  DEBUG     Starting new HTTPS connection (1): piconnect.flattrade.in:443
2026-07-15 09:05:46  DEBUG     https://piconnect.flattrade.in:443 "POST /PiConnectAPI/Limits HTTP/1.1" 200 None
2026-07-15 09:05:46  WARNING   MIS BUY LODHA: avail=Rs125.54 < needed=Rs580.75 — qty 2→0
2026-07-15 09:05:46  ERROR     MIS BUY LODHA skipped — insufficient capital after reduction
2026-07-15 09:05:51  DEBUG     Starting new HTTPS connection (1): piconnect.flattrade.in:443
2026-07-15 09:05:51  DEBUG     https://piconnect.flattrade.in:443 "POST /PiConnectAPI/Limits HTTP/1.1" 200 None
2026-07-15 09:05:51  WARNING   MIS BUY LODHA: avail=Rs125.54 < needed=Rs580.75 — qty 2→0
2026-07-15 09:05:51  ERROR     MIS BUY LODHA skipped — insufficient capital after reduction
2026-07-15 09:05:53  DEBUG     Starting new HTTPS connection (1): piconnect.flattrade.in:443
2026-07-15 09:05:53  DEBUG     https://piconnect.flattrade.in:443 "POST /PiConnectAPI/Limits HTTP/1.1" 200 None
2026-07-15 09:05:53  WARNING   MIS BUY LODHA: avail=Rs125.54 < needed=Rs580.75 — qty 2→0
2026-07-15 09:05:53  ERROR     MIS BUY LODHA skipped — insufficient capital after reduction
2026-07-15 09:05:55  DEBUG     Starting new HTTPS connection (1): piconnect.flattrade.in:443
2026-07-15 09:05:56  DEBUG     https://piconnect.flattrade.in:443 "POST /PiConnectAPI/Limits HTTP/1.1" 200 None
2026-07-15 09:05:56  WARNING   MIS BUY LODHA: avail=Rs125.54 < needed=Rs580.75 — qty 2→0
2026-07-15 09:05:56  ERROR     MIS BUY LODHA skipped — insufficient capital after reduction
2026-07-15 09:06:00  DEBUG     Starting new HTTPS connection (1): piconnect.flattrade.in:443
2026-07-15 09:06:00  DEBUG     https://piconnect.flattrade.in:443 "POST /PiConnectAPI/Limits HTTP/1.1" 200 None
2026-07-15 09:06:00  WARNING   MIS BUY LODHA: avail=Rs125.54 < needed=Rs580.75 — qty 2→0
2026-07-15 09:06:00  ERROR     MIS BUY LODHA skipped — insufficient capital after reduction
2026-07-15 09:06:00  DEBUG     Starting new HTTPS connection (1): piconnect.flattrade.in:443
2026-07-15 09:06:00  DEBUG     Sending ping
2026-07-15 09:06:01  DEBUG     https://piconnect.flattrade.in:443 "POST /PiConnectAPI/Limits HTTP/1.1" 200 None
2026-07-15 09:06:01  WARNING   MIS BUY LODHA: avail=Rs125.54 < needed=Rs580.75 — qty 2→0
2026-07-15 09:06:01  ERROR     MIS BUY LODHA skipped — insufficient capital after reduction
2026-07-15 09:06:03  DEBUG     Starting new HTTPS connection (1): piconnect.flattrade.in:443
2026-07-15 09:06:03  DEBUG     https://piconnect.flattrade.in:443 "POST /PiConnectAPI/Limits HTTP/1.1" 200 None
2026-07-15 09:06:03  WARNING   MIS BUY LODHA: avail=Rs125.54 < needed=Rs580.75 — qty 2→0
2026-07-15 09:06:03  ERROR     MIS BUY LODHA skipped — insufficient capital after reduction
2026-07-15 09:06:05  DEBUG     Starting new HTTPS connection (1): piconnect.flattrade.in:443
2026-07-15 09:06:05  DEBUG     https://piconnect.flattrade.in:443 "POST /PiConnectAPI/Limits HTTP/1.1" 200 None
2026-07-15 09:06:05  WARNING   MIS BUY LODHA: avail=Rs125.54 < needed=Rs580.73 — qty 2→0
2026-07-15 09:06:05  ERROR     MIS BUY LODHA skipped — insufficient capital after reduction
2026-07-15 09:06:09  DEBUG     Starting new HTTPS connection (1): piconnect.flattrade.in:443
2026-07-15 09:06:09  DEBUG     https://piconnect.flattrade.in:443 "POST /PiConnectAPI/Limits HTTP/1.1" 200 None
2026-07-15 09:06:09  WARNING   MIS BUY LODHA: avail=Rs125.54 < needed=Rs580.73 — qty 2→0
2026-07-15 09:06:09  ERROR     MIS BUY LODHA skipped — insufficient capital after reduction
2026-07-15 09:06:10  DEBUG     Starting new HTTPS connection (1): piconnect.flattrade.in:443
2026-07-15 09:06:10  DEBUG     https://piconnect.flattrade.in:443 "POST /PiConnectAPI/Limits HTTP/1.1" 200 None
2026-07-15 09:06:10  WARNING   MIS BUY LODHA: avail=Rs125.54 < needed=Rs580.73 — qty 2→0
2026-07-15 09:06:10  ERROR     MIS BUY LODHA skipped — insufficient capital after reduction
2026-07-15 09:06:15  DEBUG     Starting new HTTPS connection (1): piconnect.flattrade.in:443
2026-07-15 09:06:15  DEBUG     https://piconnect.flattrade.in:443 "POST /PiConnectAPI/Limits HTTP/1.1" 200 None
2026-07-15 09:06:15  WARNING   MIS BUY LODHA: avail=Rs125.54 < needed=Rs580.73 — qty 2→0
2026-07-15 09:06:15  ERROR     MIS BUY LODHA skipped — insufficient capital after reduction
2026-07-15 09:06:20  DEBUG     Starting new HTTPS connection (1): piconnect.flattrade.in:443
2026-07-15 09:06:20  DEBUG     https://piconnect.flattrade.in:443 "POST /PiConnectAPI/Limits HTTP/1.1" 200 None
2026-07-15 09:06:20  WARNING   MIS BUY LODHA: avail=Rs125.54 < needed=Rs580.73 — qty 2→0
2026-07-15 09:06:20  ERROR     MIS BUY LODHA skipped — insufficient capital after reduction
2026-07-15 09:06:24  DEBUG     Starting new HTTPS connection (1): piconnect.flattrade.in:443
2026-07-15 09:06:24  DEBUG     https://piconnect.flattrade.in:443 "POST /PiConnectAPI/Limits HTTP/1.1" 200 None
2026-07-15 09:06:24  WARNING   MIS BUY LODHA: avail=Rs125.54 < needed=Rs580.73 — qty 2→0
2026-07-15 09:06:24  ERROR     MIS BUY LODHA skipped — insufficient capital after reduction
2026-07-15 09:06:26  DEBUG     Starting new HTTPS connection (1): piconnect.flattrade.in:443
2026-07-15 09:06:26  DEBUG     https://piconnect.flattrade.in:443 "POST /PiConnectAPI/Limits HTTP/1.1" 200 None
2026-07-15 09:06:26  WARNING   MIS BUY LODHA: avail=Rs125.54 < needed=Rs580.92 — qty 2→0
2026-07-15 09:06:26  ERROR     MIS BUY LODHA skipped — insufficient capital after reduction
2026-07-15 09:06:30  DEBUG     Starting new HTTPS connection (1): piconnect.flattrade.in:443
2026-07-15 09:06:30  DEBUG     https://piconnect.flattrade.in:443 "POST /PiConnectAPI/Limits HTTP/1.1" 200 None
2026-07-15 09:06:30  WARNING   MIS BUY LODHA: avail=Rs125.54 < needed=Rs580.92 — qty 2→0
2026-07-15 09:06:30  ERROR     MIS BUY LODHA skipped — insufficient capital after reduction
2026-07-15 09:06:30  DEBUG     Sending ping
2026-07-15 09:06:31  DEBUG     Starting new HTTPS connection (1): piconnect.flattrade.in:443
2026-07-15 09:06:31  DEBUG     https://piconnect.flattrade.in:443 "POST /PiConnectAPI/Limits HTTP/1.1" 200 None
2026-07-15 09:06:31  WARNING   MIS BUY LODHA: avail=Rs125.54 < needed=Rs580.88 — qty 2→0
2026-07-15 09:06:31  ERROR     MIS BUY LODHA skipped — insufficient capital after reduction
2026-07-15 09:06:36  DEBUG     Starting new HTTPS connection (1): piconnect.flattrade.in:443
2026-07-15 09:06:37  DEBUG     https://piconnect.flattrade.in:443 "POST /PiConnectAPI/Limits HTTP/1.1" 200 None
2026-07-15 09:06:37  WARNING   MIS BUY LODHA: avail=Rs125.54 < needed=Rs580.83 — qty 2→0
2026-07-15 09:06:37  ERROR     MIS BUY LODHA skipped — insufficient capital after reduction
2026-07-15 09:06:41  DEBUG     Starting new HTTPS connection (1): piconnect.flattrade.in:443
2026-07-15 09:06:41  DEBUG     https://piconnect.flattrade.in:443 "POST /PiConnectAPI/Limits HTTP/1.1" 200 None
2026-07-15 09:06:41  WARNING   MIS BUY LODHA: avail=Rs125.54 < needed=Rs580.75 — qty 2→0
2026-07-15 09:06:41  ERROR     MIS BUY LODHA skipped — insufficient capital after reduction
2026-07-15 09:06:42  DEBUG     Starting new HTTPS connection (1): piconnect.flattrade.in:443
2026-07-15 09:06:42  DEBUG     https://piconnect.flattrade.in:443 "POST /PiConnectAPI/Limits HTTP/1.1" 200 None
2026-07-15 09:06:42  WARNING   MIS BUY LODHA: avail=Rs125.54 < needed=Rs580.75 — qty 2→0
2026-07-15 09:06:42  ERROR     MIS BUY LODHA skipped — insufficient capital after reduction
2026-07-15 09:06:43  DEBUG     Starting new HTTPS connection (1): piconnect.flattrade.in:443
2026-07-15 09:06:43  DEBUG     https://piconnect.flattrade.in:443 "POST /PiConnectAPI/Limits HTTP/1.1" 200 None
2026-07-15 09:06:43  WARNING   MIS BUY LODHA: avail=Rs125.54 < needed=Rs580.75 — qty 2→0
2026-07-15 09:06:43  ERROR     MIS BUY LODHA skipped — insufficient capital after reduction
2026-07-15 09:06:46  DEBUG     Starting new HTTPS connection (1): piconnect.flattrade.in:443
2026-07-15 09:06:46  DEBUG     https://piconnect.flattrade.in:443 "POST /PiConnectAPI/Limits HTTP/1.1" 200 None
2026-07-15 09:06:46  WARNING   MIS BUY LODHA: avail=Rs125.54 < needed=Rs580.67 — qty 2→0
2026-07-15 09:06:46  ERROR     MIS BUY LODHA skipped — insufficient capital after reduction
2026-07-15 09:06:49  DEBUG     Starting new HTTPS connection (1): piconnect.flattrade.in:443
2026-07-15 09:06:49  DEBUG     https://piconnect.flattrade.in:443 "POST /PiConnectAPI/Limits HTTP/1.1" 200 None
2026-07-15 09:06:49  WARNING   MIS BUY LODHA: avail=Rs125.54 < needed=Rs580.67 — qty 2→0
2026-07-15 09:06:49  ERROR     MIS BUY LODHA skipped — insufficient capital after reduction
2026-07-15 09:06:50  DEBUG     Starting new HTTPS connection (1): piconnect.flattrade.in:443
2026-07-15 09:06:51  DEBUG     https://piconnect.flattrade.in:443 "POST /PiConnectAPI/Limits HTTP/1.1" 200 None
2026-07-15 09:06:51  WARNING   MIS BUY LODHA: avail=Rs125.54 < needed=Rs580.75 — qty 2→0
2026-07-15 09:06:51  ERROR     MIS BUY LODHA skipped — insufficient capital after reduction
2026-07-15 09:06:55  DEBUG     Starting new HTTPS connection (1): piconnect.flattrade.in:443
2026-07-15 09:06:55  DEBUG     https://piconnect.flattrade.in:443 "POST /PiConnectAPI/Limits HTTP/1.1" 200 None
2026-07-15 09:06:55  WARNING   MIS BUY LODHA: avail=Rs125.54 < needed=Rs580.75 — qty 2→0
2026-07-15 09:06:55  ERROR     MIS BUY LODHA skipped — insufficient capital after reduction
2026-07-15 09:06:56  DEBUG     Starting new HTTPS connection (1): piconnect.flattrade.in:443
2026-07-15 09:06:56  DEBUG     https://piconnect.flattrade.in:443 "POST /PiConnectAPI/Limits HTTP/1.1" 200 None
2026-07-15 09:06:56  WARNING   MIS BUY LODHA: avail=Rs125.54 < needed=Rs580.67 — qty 2→0
2026-07-15 09:06:56  ERROR     MIS BUY LODHA skipped — insufficient capital after reduction
2026-07-15 09:06:58  DEBUG     Starting new HTTPS connection (1): piconnect.flattrade.in:443
2026-07-15 09:06:58  DEBUG     https://piconnect.flattrade.in:443 "POST /PiConnectAPI/Limits HTTP/1.1" 200 None
2026-07-15 09:06:58  WARNING   MIS BUY LODHA: avail=Rs125.54 < needed=Rs580.67 — qty 2→0
2026-07-15 09:06:58  ERROR     MIS BUY LODHA skipped — insufficient capital after reduction
2026-07-15 09:07:00  DEBUG     Sending ping
2026-07-15 09:07:01  DEBUG     Starting new HTTPS connection (1): piconnect.flattrade.in:443
2026-07-15 09:07:01  DEBUG     https://piconnect.flattrade.in:443 "POST /PiConnectAPI/Limits HTTP/1.1" 200 None
2026-07-15 09:07:01  WARNING   MIS BUY LODHA: avail=Rs125.54 < needed=Rs580.67 — qty 2→0
2026-07-15 09:07:01  ERROR     MIS BUY LODHA skipped — insufficient capital after reduction
2026-07-15 09:07:04  DEBUG     Starting new HTTPS connection (1): piconnect.flattrade.in:443
2026-07-15 09:07:04  DEBUG     https://piconnect.flattrade.in:443 "POST /PiConnectAPI/Limits HTTP/1.1" 200 None
2026-07-15 09:07:04  WARNING   MIS BUY LODHA: avail=Rs125.54 < needed=Rs580.67 — qty 2→0
2026-07-15 09:07:04  ERROR     MIS BUY LODHA skipped — insufficient capital after reduction
2026-07-15 09:07:06  DEBUG     Starting new HTTPS connection (1): piconnect.flattrade.in:443
2026-07-15 09:07:06  DEBUG     https://piconnect.flattrade.in:443 "POST /PiConnectAPI/Limits HTTP/1.1" 200 None
2026-07-15 09:07:06  WARNING   MIS BUY LODHA: avail=Rs125.54 < needed=Rs580.75 — qty 2→0
2026-07-15 09:07:06  ERROR     MIS BUY LODHA skipped — insufficient capital after reduction
2026-07-15 09:07:11  DEBUG     Starting new HTTPS connection (1): piconnect.flattrade.in:443
2026-07-15 09:07:11  DEBUG     https://piconnect.flattrade.in:443 "POST /PiConnectAPI/Limits HTTP/1.1" 200 None
2026-07-15 09:07:11  WARNING   MIS BUY LODHA: avail=Rs125.54 < needed=Rs580.75 — qty 2→0
2026-07-15 09:07:11  ERROR     MIS BUY LODHA skipped — insufficient capital after reduction
2026-07-15 09:07:13  DEBUG     Starting new HTTPS connection (1): piconnect.flattrade.in:443
2026-07-15 09:07:13  DEBUG     https://piconnect.flattrade.in:443 "POST /PiConnectAPI/Limits HTTP/1.1" 200 None
2026-07-15 09:07:13  WARNING   MIS BUY LODHA: avail=Rs125.54 < needed=Rs580.75 — qty 2→0
2026-07-15 09:07:13  ERROR     MIS BUY LODHA skipped — insufficient capital after reduction
2026-07-15 09:07:16  DEBUG     Starting new HTTPS connection (1): piconnect.flattrade.in:443
2026-07-15 09:07:16  DEBUG     https://piconnect.flattrade.in:443 "POST /PiConnectAPI/Limits HTTP/1.1" 200 None
2026-07-15 09:07:16  WARNING   MIS BUY LODHA: avail=Rs125.54 < needed=Rs580.80 — qty 2→0
2026-07-15 09:07:16  ERROR     MIS BUY LODHA skipped — insufficient capital after reduction
2026-07-15 09:07:16  DEBUG     Starting new HTTPS connection (1): piconnect.flattrade.in:443
2026-07-15 09:07:16  DEBUG     https://piconnect.flattrade.in:443 "POST /PiConnectAPI/Limits HTTP/1.1" 200 None
2026-07-15 09:07:16  WARNING   MIS BUY LODHA: avail=Rs125.54 < needed=Rs580.80 — qty 2→0
2026-07-15 09:07:16  ERROR     MIS BUY LODHA skipped — insufficient capital after reduction
2026-07-15 09:07:21  DEBUG     Starting new HTTPS connection (1): piconnect.flattrade.in:443
2026-07-15 09:07:21  DEBUG     https://piconnect.flattrade.in:443 "POST /PiConnectAPI/Limits HTTP/1.1" 200 None
2026-07-15 09:07:21  WARNING   MIS BUY LODHA: avail=Rs125.54 < needed=Rs580.75 — qty 2→0
2026-07-15 09:07:21  ERROR     MIS BUY LODHA skipped — insufficient capital after reduction
2026-07-15 09:07:25  DEBUG     Starting new HTTPS connection (1): piconnect.flattrade.in:443
2026-07-15 09:07:25  DEBUG     https://piconnect.flattrade.in:443 "POST /PiConnectAPI/Limits HTTP/1.1" 200 None
2026-07-15 09:07:25  WARNING   MIS BUY LODHA: avail=Rs125.54 < needed=Rs580.75 — qty 2→0
2026-07-15 09:07:25  ERROR     MIS BUY LODHA skipped — insufficient capital after reduction
2026-07-15 09:07:26  DEBUG     Starting new HTTPS connection (1): piconnect.flattrade.in:443
2026-07-15 09:07:27  DEBUG     https://piconnect.flattrade.in:443 "POST /PiConnectAPI/Limits HTTP/1.1" 200 None
2026-07-15 09:07:27  WARNING   MIS BUY LODHA: avail=Rs125.54 < needed=Rs581.12 — qty 2→0
2026-07-15 09:07:27  ERROR     MIS BUY LODHA skipped — insufficient capital after reduction
2026-07-15 09:07:28  DEBUG     Starting new HTTPS connection (1): piconnect.flattrade.in:443
2026-07-15 09:07:28  DEBUG     https://piconnect.flattrade.in:443 "POST /PiConnectAPI/Limits HTTP/1.1" 200 None
2026-07-15 09:07:28  WARNING   MIS BUY LODHA: avail=Rs125.54 < needed=Rs581.12 — qty 2→0
2026-07-15 09:07:28  ERROR     MIS BUY LODHA skipped — insufficient capital after reduction
2026-07-15 09:07:30  DEBUG     Sending ping
2026-07-15 09:07:31  DEBUG     Starting new HTTPS connection (1): piconnect.flattrade.in:443
2026-07-15 09:07:31  DEBUG     https://piconnect.flattrade.in:443 "POST /PiConnectAPI/Limits HTTP/1.1" 200 None
2026-07-15 09:07:31  WARNING   MIS BUY LODHA: avail=Rs125.54 < needed=Rs581.00 — qty 2→0
2026-07-15 09:07:31  ERROR     MIS BUY LODHA skipped — insufficient capital after reduction
2026-07-15 09:07:36  DEBUG     Starting new HTTPS connection (1): piconnect.flattrade.in:443
2026-07-15 09:07:37  DEBUG     https://piconnect.flattrade.in:443 "POST /PiConnectAPI/Limits HTTP/1.1" 200 None
2026-07-15 09:07:37  WARNING   MIS BUY LODHA: avail=Rs125.54 < needed=Rs581.00 — qty 2→0
2026-07-15 09:07:37  ERROR     MIS BUY LODHA skipped — insufficient capital after reduction
2026-07-15 09:07:39  DEBUG     Starting new HTTPS connection (1): piconnect.flattrade.in:443
2026-07-15 09:07:39  DEBUG     https://piconnect.flattrade.in:443 "POST /PiConnectAPI/Limits HTTP/1.1" 200 None
2026-07-15 09:07:39  WARNING   MIS BUY LODHA: avail=Rs125.54 < needed=Rs581.00 — qty 2→0
2026-07-15 09:07:39  ERROR     MIS BUY LODHA skipped — insufficient capital after reduction
2026-07-15 09:07:41  DEBUG     Starting new HTTPS connection (1): piconnect.flattrade.in:443
2026-07-15 09:07:41  DEBUG     https://piconnect.flattrade.in:443 "POST /PiConnectAPI/Limits HTTP/1.1" 200 None
2026-07-15 09:07:41  WARNING   MIS BUY LODHA: avail=Rs125.54 < needed=Rs581.15 — qty 2→0
2026-07-15 09:07:41  ERROR     MIS BUY LODHA skipped — insufficient capital after reduction
2026-07-15 09:07:41  DEBUG     Starting new HTTPS connection (1): piconnect.flattrade.in:443
2026-07-15 09:07:41  DEBUG     https://piconnect.flattrade.in:443 "POST /PiConnectAPI/Limits HTTP/1.1" 200 None
2026-07-15 09:07:41  WARNING   MIS BUY LODHA: avail=Rs125.54 < needed=Rs581.15 — qty 2→0
2026-07-15 09:07:41  ERROR     MIS BUY LODHA skipped — insufficient capital after reduction
2026-07-15 09:07:46  DEBUG     Starting new HTTPS connection (1): piconnect.flattrade.in:443
2026-07-15 09:07:46  DEBUG     https://piconnect.flattrade.in:443 "POST /PiConnectAPI/Limits HTTP/1.1" 200 None
2026-07-15 09:07:46  WARNING   MIS BUY LODHA: avail=Rs125.54 < needed=Rs581.17 — qty 2→0
2026-07-15 09:07:46  ERROR     MIS BUY LODHA skipped — insufficient capital after reduction
2026-07-15 09:07:51  DEBUG     Starting new HTTPS connection (1): piconnect.flattrade.in:443
2026-07-15 09:07:51  DEBUG     https://piconnect.flattrade.in:443 "POST /PiConnectAPI/Limits HTTP/1.1" 200 None
2026-07-15 09:07:51  WARNING   MIS BUY LODHA: avail=Rs125.54 < needed=Rs581.10 — qty 2→0
2026-07-15 09:07:51  ERROR     MIS BUY LODHA skipped — insufficient capital after reduction
2026-07-15 09:07:56  DEBUG     Starting new HTTPS connection (1): piconnect.flattrade.in:443
2026-07-15 09:07:56  DEBUG     https://piconnect.flattrade.in:443 "POST /PiConnectAPI/Limits HTTP/1.1" 200 None
2026-07-15 09:07:56  WARNING   MIS BUY LODHA: avail=Rs125.54 < needed=Rs581.17 — qty 2→0
2026-07-15 09:07:56  ERROR     MIS BUY LODHA skipped — insufficient capital after reduction
2026-07-15 09:08:00  DEBUG     Sending ping
2026-07-15 09:08:01  DEBUG     Starting new HTTPS connection (1): piconnect.flattrade.in:443
2026-07-15 09:08:01  DEBUG     https://piconnect.flattrade.in:443 "POST /PiConnectAPI/Limits HTTP/1.1" 200 None
2026-07-15 09:08:01  WARNING   MIS BUY LODHA: avail=Rs125.54 < needed=Rs581.17 — qty 2→0
2026-07-15 09:08:01  ERROR     MIS BUY LODHA skipped — insufficient capital after reduction
2026-07-15 09:08:06  DEBUG     Starting new HTTPS connection (1): piconnect.flattrade.in:443
2026-07-15 09:08:07  DEBUG     https://piconnect.flattrade.in:443 "POST /PiConnectAPI/Limits HTTP/1.1" 200 None
2026-07-15 09:08:07  WARNING   MIS BUY LODHA: avail=Rs125.54 < needed=Rs581.17 — qty 2→0
2026-07-15 09:08:07  ERROR     MIS BUY LODHA skipped — insufficient capital after reduction
2026-07-15 09:08:11  DEBUG     Starting new HTTPS connection (1): piconnect.flattrade.in:443
2026-07-15 09:08:11  DEBUG     https://piconnect.flattrade.in:443 "POST /PiConnectAPI/Limits HTTP/1.1" 200 None
2026-07-15 09:08:11  WARNING   MIS BUY LODHA: avail=Rs125.54 < needed=Rs581.17 — qty 2→0
2026-07-15 09:08:11  ERROR     MIS BUY LODHA skipped — insufficient capital after reduction
2026-07-15 09:08:16  DEBUG     Starting new HTTPS connection (1): piconnect.flattrade.in:443
2026-07-15 09:08:16  DEBUG     https://piconnect.flattrade.in:443 "POST /PiConnectAPI/Limits HTTP/1.1" 200 None
2026-07-15 09:08:16  WARNING   MIS BUY LODHA: avail=Rs125.54 < needed=Rs581.17 — qty 2→0
2026-07-15 09:08:16  ERROR     MIS BUY LODHA skipped — insufficient capital after reduction
2026-07-15 09:08:22  DEBUG     Starting new HTTPS connection (1): piconnect.flattrade.in:443
2026-07-15 09:08:22  DEBUG     https://piconnect.flattrade.in:443 "POST /PiConnectAPI/Limits HTTP/1.1" 200 None
2026-07-15 09:08:22  WARNING   MIS BUY LODHA: avail=Rs125.54 < needed=Rs581.17 — qty 2→0
2026-07-15 09:08:22  ERROR     MIS BUY LODHA skipped — insufficient capital after reduction
2026-07-15 09:08:27  DEBUG     Starting new HTTPS connection (1): piconnect.flattrade.in:443
2026-07-15 09:08:27  DEBUG     https://piconnect.flattrade.in:443 "POST /PiConnectAPI/Limits HTTP/1.1" 200 None
2026-07-15 09:08:27  WARNING   MIS BUY LODHA: avail=Rs125.54 < needed=Rs581.15 — qty 2→0
2026-07-15 09:08:27  ERROR     MIS BUY LODHA skipped — insufficient capital after reduction
2026-07-15 09:08:30  DEBUG     Sending ping
2026-07-15 09:08:32  DEBUG     Starting new HTTPS connection (1): piconnect.flattrade.in:443
2026-07-15 09:08:32  DEBUG     https://piconnect.flattrade.in:443 "POST /PiConnectAPI/Limits HTTP/1.1" 200 None
2026-07-15 09:08:32  WARNING   MIS BUY LODHA: avail=Rs125.54 < needed=Rs581.05 — qty 2→0
2026-07-15 09:08:32  ERROR     MIS BUY LODHA skipped — insufficient capital after reduction
2026-07-15 09:08:33  DEBUG     Starting new HTTPS connection (1): piconnect.flattrade.in:443
2026-07-15 09:08:33  DEBUG     https://piconnect.flattrade.in:443 "POST /PiConnectAPI/Limits HTTP/1.1" 200 None
2026-07-15 09:08:33  WARNING   MIS BUY LODHA: avail=Rs125.54 < needed=Rs581.05 — qty 2→0
2026-07-15 09:08:33  ERROR     MIS BUY LODHA skipped — insufficient capital after reduction
2026-07-15 09:08:38  DEBUG     Starting new HTTPS connection (1): piconnect.flattrade.in:443
2026-07-15 09:08:38  DEBUG     https://piconnect.flattrade.in:443 "POST /PiConnectAPI/Limits HTTP/1.1" 200 None
2026-07-15 09:08:38  WARNING   MIS BUY LODHA: avail=Rs125.54 < needed=Rs581.05 — qty 2→0
2026-07-15 09:08:38  ERROR     MIS BUY LODHA skipped — insufficient capital after reduction
2026-07-15 09:08:39  DEBUG     Starting new HTTPS connection (1): piconnect.flattrade.in:443
2026-07-15 09:08:39  DEBUG     https://piconnect.flattrade.in:443 "POST /PiConnectAPI/Limits HTTP/1.1" 200 None
2026-07-15 09:08:39  WARNING   MIS BUY LODHA: avail=Rs125.54 < needed=Rs581.05 — qty 2→0
2026-07-15 09:08:39  ERROR     MIS BUY LODHA skipped — insufficient capital after reduction
2026-07-15 09:08:42  DEBUG     Starting new HTTPS connection (1): piconnect.flattrade.in:443
2026-07-15 09:08:42  DEBUG     https://piconnect.flattrade.in:443 "POST /PiConnectAPI/Limits HTTP/1.1" 200 None
2026-07-15 09:08:42  WARNING   MIS BUY LODHA: avail=Rs125.54 < needed=Rs581.05 — qty 2→0
2026-07-15 09:08:42  ERROR     MIS BUY LODHA skipped — insufficient capital after reduction
2026-07-15 09:08:43  DEBUG     Starting new HTTPS connection (1): piconnect.flattrade.in:443
2026-07-15 09:08:43  DEBUG     https://piconnect.flattrade.in:443 "POST /PiConnectAPI/Limits HTTP/1.1" 200 None
2026-07-15 09:08:43  WARNING   MIS BUY LODHA: avail=Rs125.54 < needed=Rs581.00 — qty 2→0
2026-07-15 09:08:43  ERROR     MIS BUY LODHA skipped — insufficient capital after reduction
2026-07-15 09:08:45  DEBUG     Starting new HTTPS connection (1): piconnect.flattrade.in:443
2026-07-15 09:08:45  DEBUG     https://piconnect.flattrade.in:443 "POST /PiConnectAPI/Limits HTTP/1.1" 200 None
2026-07-15 09:08:45  WARNING   MIS BUY LODHA: avail=Rs125.54 < needed=Rs581.00 — qty 2→0
2026-07-15 09:08:45  ERROR     MIS BUY LODHA skipped — insufficient capital after reduction
2026-07-15 09:08:49  DEBUG     Starting new HTTPS connection (1): piconnect.flattrade.in:443
2026-07-15 09:08:49  DEBUG     https://piconnect.flattrade.in:443 "POST /PiConnectAPI/Limits HTTP/1.1" 200 None
2026-07-15 09:08:49  WARNING   MIS BUY LODHA: avail=Rs125.54 < needed=Rs581.00 — qty 2→0
2026-07-15 09:08:49  ERROR     MIS BUY LODHA skipped — insufficient capital after reduction
2026-07-15 09:08:54  DEBUG     Starting new HTTPS connection (1): piconnect.flattrade.in:443
2026-07-15 09:08:54  DEBUG     https://piconnect.flattrade.in:443 "POST /PiConnectAPI/Limits HTTP/1.1" 200 None
2026-07-15 09:08:54  WARNING   MIS BUY LODHA: avail=Rs125.54 < needed=Rs581.00 — qty 2→0
2026-07-15 09:08:54  ERROR     MIS BUY LODHA skipped — insufficient capital after reduction
2026-07-15 09:08:59  DEBUG     Starting new HTTPS connection (1): piconnect.flattrade.in:443
2026-07-15 09:08:59  DEBUG     https://piconnect.flattrade.in:443 "POST /PiConnectAPI/Limits HTTP/1.1" 200 None
2026-07-15 09:08:59  WARNING   MIS BUY LODHA: avail=Rs125.54 < needed=Rs581.20 — qty 2→0
2026-07-15 09:08:59  ERROR     MIS BUY LODHA skipped — insufficient capital after reduction
2026-07-15 09:08:59  DEBUG     Starting new HTTPS connection (1): piconnect.flattrade.in:443
2026-07-15 09:08:59  DEBUG     https://piconnect.flattrade.in:443 "POST /PiConnectAPI/Limits HTTP/1.1" 200 None
2026-07-15 09:08:59  WARNING   MIS BUY LODHA: avail=Rs125.54 < needed=Rs581.20 — qty 2→0
2026-07-15 09:08:59  ERROR     MIS BUY LODHA skipped — insufficient capital after reduction
2026-07-15 09:09:00  DEBUG     Sending ping
2026-07-15 09:09:04  DEBUG     Starting new HTTPS connection (1): piconnect.flattrade.in:443
2026-07-15 09:09:04  DEBUG     https://piconnect.flattrade.in:443 "POST /PiConnectAPI/Limits HTTP/1.1" 200 None
2026-07-15 09:09:04  WARNING   MIS BUY LODHA: avail=Rs125.54 < needed=Rs581.20 — qty 2→0
2026-07-15 09:09:04  ERROR     MIS BUY LODHA skipped — insufficient capital after reduction
2026-07-15 09:09:08  DEBUG     Starting new HTTPS connection (1): piconnect.flattrade.in:443
2026-07-15 09:09:08  DEBUG     https://piconnect.flattrade.in:443 "POST /PiConnectAPI/Limits HTTP/1.1" 200 None
2026-07-15 09:09:08  WARNING   MIS BUY LODHA: avail=Rs125.54 < needed=Rs581.20 — qty 2→0
2026-07-15 09:09:08  ERROR     MIS BUY LODHA skipped — insufficient capital after reduction
2026-07-15 09:09:09  DEBUG     Starting new HTTPS connection (1): piconnect.flattrade.in:443
2026-07-15 09:09:10  DEBUG     https://piconnect.flattrade.in:443 "POST /PiConnectAPI/Limits HTTP/1.1" 200 None
2026-07-15 09:09:10  WARNING   MIS BUY LODHA: avail=Rs125.54 < needed=Rs581.20 — qty 2→0
2026-07-15 09:09:10  ERROR     MIS BUY LODHA skipped — insufficient capital after reduction
2026-07-15 09:09:11  DEBUG     Starting new HTTPS connection (1): piconnect.flattrade.in:443
2026-07-15 09:09:11  DEBUG     https://piconnect.flattrade.in:443 "POST /PiConnectAPI/Limits HTTP/1.1" 200 None
2026-07-15 09:09:11  WARNING   MIS BUY LODHA: avail=Rs125.54 < needed=Rs581.20 — qty 2→0
2026-07-15 09:09:11  ERROR     MIS BUY LODHA skipped — insufficient capital after reduction
2026-07-15 09:09:14  DEBUG     Starting new HTTPS connection (1): piconnect.flattrade.in:443
2026-07-15 09:09:14  DEBUG     https://piconnect.flattrade.in:443 "POST /PiConnectAPI/Limits HTTP/1.1" 200 None
2026-07-15 09:09:14  WARNING   MIS BUY LODHA: avail=Rs125.54 < needed=Rs581.20 — qty 2→0
2026-07-15 09:09:14  ERROR     MIS BUY LODHA skipped — insufficient capital after reduction
2026-07-15 09:09:14  DEBUG     Starting new HTTPS connection (1): piconnect.flattrade.in:443
2026-07-15 09:09:15  DEBUG     https://piconnect.flattrade.in:443 "POST /PiConnectAPI/Limits HTTP/1.1" 200 None
2026-07-15 09:09:15  WARNING   MIS BUY LODHA: avail=Rs125.54 < needed=Rs581.35 — qty 2→0
2026-07-15 09:09:15  ERROR     MIS BUY LODHA skipped — insufficient capital after reduction
2026-07-15 09:09:19  DEBUG     Starting new HTTPS connection (1): piconnect.flattrade.in:443
2026-07-15 09:09:19  DEBUG     https://piconnect.flattrade.in:443 "POST /PiConnectAPI/Limits HTTP/1.1" 200 None
2026-07-15 09:09:19  WARNING   MIS BUY LODHA: avail=Rs125.54 < needed=Rs581.35 — qty 2→0
2026-07-15 09:09:19  ERROR     MIS BUY LODHA skipped — insufficient capital after reduction
2026-07-15 09:09:20  DEBUG     Starting new HTTPS connection (1): piconnect.flattrade.in:443
2026-07-15 09:09:20  DEBUG     https://piconnect.flattrade.in:443 "POST /PiConnectAPI/Limits HTTP/1.1" 200 None
2026-07-15 09:09:20  WARNING   MIS BUY LODHA: avail=Rs125.54 < needed=Rs581.40 — qty 2→0
2026-07-15 09:09:20  ERROR     MIS BUY LODHA skipped — insufficient capital after reduction
2026-07-15 09:09:20  DEBUG     Starting new HTTPS connection (1): piconnect.flattrade.in:443
2026-07-15 09:09:20  DEBUG     https://piconnect.flattrade.in:443 "POST /PiConnectAPI/Limits HTTP/1.1" 200 None
2026-07-15 09:09:20  WARNING   MIS BUY LODHA: avail=Rs125.54 < needed=Rs581.40 — qty 2→0
2026-07-15 09:09:20  ERROR     MIS BUY LODHA skipped — insufficient capital after reduction
2026-07-15 09:09:21  DEBUG     Starting new HTTPS connection (1): piconnect.flattrade.in:443
2026-07-15 09:09:21  DEBUG     https://piconnect.flattrade.in:443 "POST /PiConnectAPI/Limits HTTP/1.1" 200 None
2026-07-15 09:09:21  WARNING   MIS BUY LODHA: avail=Rs125.54 < needed=Rs581.42 — qty 2→0
2026-07-15 09:09:21  ERROR     MIS BUY LODHA skipped — insufficient capital after reduction
2026-07-15 09:09:22  DEBUG     Starting new HTTPS connection (1): piconnect.flattrade.in:443
2026-07-15 09:09:22  DEBUG     https://piconnect.flattrade.in:443 "POST /PiConnectAPI/Limits HTTP/1.1" 200 None
2026-07-15 09:09:22  WARNING   MIS BUY LODHA: avail=Rs125.54 < needed=Rs581.42 — qty 2→0
2026-07-15 09:09:22  ERROR     MIS BUY LODHA skipped — insufficient capital after reduction
2026-07-15 09:09:24  DEBUG     Starting new HTTPS connection (1): piconnect.flattrade.in:443
2026-07-15 09:09:24  DEBUG     https://piconnect.flattrade.in:443 "POST /PiConnectAPI/Limits HTTP/1.1" 200 None
2026-07-15 09:09:24  WARNING   MIS BUY LODHA: avail=Rs125.54 < needed=Rs581.42 — qty 2→0
2026-07-15 09:09:24  ERROR     MIS BUY LODHA skipped — insufficient capital after reduction
2026-07-15 09:09:25  DEBUG     Starting new HTTPS connection (1): piconnect.flattrade.in:443
2026-07-15 09:09:25  DEBUG     https://piconnect.flattrade.in:443 "POST /PiConnectAPI/Limits HTTP/1.1" 200 None
2026-07-15 09:09:25  WARNING   MIS BUY LODHA: avail=Rs125.54 < needed=Rs581.42 — qty 2→0
2026-07-15 09:09:25  ERROR     MIS BUY LODHA skipped — insufficient capital after reduction
2026-07-15 09:09:25  DEBUG     Starting new HTTPS connection (1): piconnect.flattrade.in:443
2026-07-15 09:09:25  DEBUG     https://piconnect.flattrade.in:443 "POST /PiConnectAPI/Limits HTTP/1.1" 200 None
2026-07-15 09:09:25  WARNING   MIS BUY LODHA: avail=Rs125.54 < needed=Rs581.42 — qty 2→0
2026-07-15 09:09:25  ERROR     MIS BUY LODHA skipped — insufficient capital after reduction
2026-07-15 09:09:26  DEBUG     Starting new HTTPS connection (1): piconnect.flattrade.in:443
2026-07-15 09:09:26  DEBUG     https://piconnect.flattrade.in:443 "POST /PiConnectAPI/Limits HTTP/1.1" 200 None
2026-07-15 09:09:26  WARNING   MIS BUY LODHA: avail=Rs125.54 < needed=Rs581.45 — qty 2→0
2026-07-15 09:09:26  ERROR     MIS BUY LODHA skipped — insufficient capital after reduction
2026-07-15 09:09:27  DEBUG     Starting new HTTPS connection (1): piconnect.flattrade.in:443
2026-07-15 09:09:27  DEBUG     https://piconnect.flattrade.in:443 "POST /PiConnectAPI/Limits HTTP/1.1" 200 None
2026-07-15 09:09:27  WARNING   MIS BUY LODHA: avail=Rs125.54 < needed=Rs581.45 — qty 2→0
2026-07-15 09:09:27  ERROR     MIS BUY LODHA skipped — insufficient capital after reduction
2026-07-15 09:09:28  DEBUG     Starting new HTTPS connection (1): piconnect.flattrade.in:443
2026-07-15 09:09:28  DEBUG     https://piconnect.flattrade.in:443 "POST /PiConnectAPI/Limits HTTP/1.1" 200 None
2026-07-15 09:09:28  WARNING   MIS BUY LODHA: avail=Rs125.54 < needed=Rs581.38 — qty 2→0
2026-07-15 09:09:28  ERROR     MIS BUY LODHA skipped — insufficient capital after reduction
2026-07-15 09:09:29  DEBUG     Starting new HTTPS connection (1): piconnect.flattrade.in:443
2026-07-15 09:09:29  DEBUG     https://piconnect.flattrade.in:443 "POST /PiConnectAPI/Limits HTTP/1.1" 200 None
2026-07-15 09:09:29  WARNING   MIS BUY LODHA: avail=Rs125.54 < needed=Rs581.38 — qty 2→0
2026-07-15 09:09:29  ERROR     MIS BUY LODHA skipped — insufficient capital after reduction
2026-07-15 09:09:30  DEBUG     Starting new HTTPS connection (1): piconnect.flattrade.in:443
2026-07-15 09:09:30  DEBUG     https://piconnect.flattrade.in:443 "POST /PiConnectAPI/Limits HTTP/1.1" 200 None
2026-07-15 09:09:30  WARNING   MIS BUY LODHA: avail=Rs125.54 < needed=Rs581.38 — qty 2→0
2026-07-15 09:09:30  ERROR     MIS BUY LODHA skipped — insufficient capital after reduction
2026-07-15 09:09:30  DEBUG     Sending ping
2026-07-15 09:09:31  DEBUG     Starting new HTTPS connection (1): piconnect.flattrade.in:443
2026-07-15 09:09:31  DEBUG     https://piconnect.flattrade.in:443 "POST /PiConnectAPI/Limits HTTP/1.1" 200 None
2026-07-15 09:09:31  WARNING   MIS BUY LODHA: avail=Rs125.54 < needed=Rs581.50 — qty 2→0
2026-07-15 09:09:31  ERROR     MIS BUY LODHA skipped — insufficient capital after reduction
2026-07-15 09:09:31  DEBUG     Starting new HTTPS connection (1): piconnect.flattrade.in:443
2026-07-15 09:09:31  DEBUG     https://piconnect.flattrade.in:443 "POST /PiConnectAPI/Limits HTTP/1.1" 200 None
2026-07-15 09:09:31  WARNING   MIS BUY LODHA: avail=Rs125.54 < needed=Rs581.50 — qty 2→0
2026-07-15 09:09:31  ERROR     MIS BUY LODHA skipped — insufficient capital after reduction
2026-07-15 09:09:32  DEBUG     Starting new HTTPS connection (1): piconnect.flattrade.in:443
2026-07-15 09:09:32  DEBUG     https://piconnect.flattrade.in:443 "POST /PiConnectAPI/Limits HTTP/1.1" 200 None
2026-07-15 09:09:32  WARNING   MIS BUY LODHA: avail=Rs125.54 < needed=Rs581.38 — qty 2→0
2026-07-15 09:09:32  ERROR     MIS BUY LODHA skipped — insufficient capital after reduction
2026-07-15 09:09:34  DEBUG     Starting new HTTPS connection (1): piconnect.flattrade.in:443
2026-07-15 09:09:34  DEBUG     https://piconnect.flattrade.in:443 "POST /PiConnectAPI/Limits HTTP/1.1" 200 None
2026-07-15 09:09:34  WARNING   MIS BUY LODHA: avail=Rs125.54 < needed=Rs581.52 — qty 2→0
2026-07-15 09:09:34  ERROR     MIS BUY LODHA skipped — insufficient capital after reduction
2026-07-15 09:09:34  DEBUG     Starting new HTTPS connection (1): piconnect.flattrade.in:443
2026-07-15 09:09:34  DEBUG     https://piconnect.flattrade.in:443 "POST /PiConnectAPI/Limits HTTP/1.1" 200 None
2026-07-15 09:09:34  WARNING   MIS BUY LODHA: avail=Rs125.54 < needed=Rs581.52 — qty 2→0
2026-07-15 09:09:34  ERROR     MIS BUY LODHA skipped — insufficient capital after reduction
2026-07-15 09:09:35  DEBUG     Starting new HTTPS connection (1): piconnect.flattrade.in:443
2026-07-15 09:09:35  DEBUG     https://piconnect.flattrade.in:443 "POST /PiConnectAPI/Limits HTTP/1.1" 200 None
2026-07-15 09:09:35  WARNING   MIS BUY LODHA: avail=Rs125.54 < needed=Rs581.52 — qty 2→0
2026-07-15 09:09:35  ERROR     MIS BUY LODHA skipped — insufficient capital after reduction
2026-07-15 09:09:36  DEBUG     Starting new HTTPS connection (1): piconnect.flattrade.in:443
2026-07-15 09:09:36  DEBUG     https://piconnect.flattrade.in:443 "POST /PiConnectAPI/Limits HTTP/1.1" 200 None
2026-07-15 09:09:36  WARNING   MIS BUY LODHA: avail=Rs125.54 < needed=Rs581.65 — qty 2→0
2026-07-15 09:09:36  ERROR     MIS BUY LODHA skipped — insufficient capital after reduction
2026-07-15 09:09:36  DEBUG     Starting new HTTPS connection (1): piconnect.flattrade.in:443
2026-07-15 09:09:36  DEBUG     https://piconnect.flattrade.in:443 "POST /PiConnectAPI/Limits HTTP/1.1" 200 None
2026-07-15 09:09:36  WARNING   MIS BUY LODHA: avail=Rs125.54 < needed=Rs581.65 — qty 2→0
2026-07-15 09:09:36  ERROR     MIS BUY LODHA skipped — insufficient capital after reduction
2026-07-15 09:09:37  DEBUG     Starting new HTTPS connection (1): piconnect.flattrade.in:443
2026-07-15 09:09:37  DEBUG     https://piconnect.flattrade.in:443 "POST /PiConnectAPI/Limits HTTP/1.1" 200 None
2026-07-15 09:09:37  WARNING   MIS BUY LODHA: avail=Rs125.54 < needed=Rs581.52 — qty 2→0
2026-07-15 09:09:37  ERROR     MIS BUY LODHA skipped — insufficient capital after reduction
2026-07-15 09:09:38  DEBUG     Starting new HTTPS connection (1): piconnect.flattrade.in:443
2026-07-15 09:09:38  DEBUG     https://piconnect.flattrade.in:443 "POST /PiConnectAPI/Limits HTTP/1.1" 200 None
2026-07-15 09:09:38  WARNING   MIS BUY LODHA: avail=Rs125.54 < needed=Rs581.52 — qty 2→0
2026-07-15 09:09:38  ERROR     MIS BUY LODHA skipped — insufficient capital after reduction
2026-07-15 09:09:40  DEBUG     Starting new HTTPS connection (1): piconnect.flattrade.in:443
2026-07-15 09:09:40  DEBUG     https://piconnect.flattrade.in:443 "POST /PiConnectAPI/Limits HTTP/1.1" 200 None
2026-07-15 09:09:40  WARNING   MIS BUY LODHA: avail=Rs125.54 < needed=Rs581.52 — qty 2→0
2026-07-15 09:09:40  ERROR     MIS BUY LODHA skipped — insufficient capital after reduction
2026-07-15 09:09:40  DEBUG     Starting new HTTPS connection (1): piconnect.flattrade.in:443
2026-07-15 09:09:40  DEBUG     https://piconnect.flattrade.in:443 "POST /PiConnectAPI/Limits HTTP/1.1" 200 None
2026-07-15 09:09:40  WARNING   MIS BUY LODHA: avail=Rs125.54 < needed=Rs581.52 — qty 2→0
2026-07-15 09:09:40  ERROR     MIS BUY LODHA skipped — insufficient capital after reduction
2026-07-15 09:09:41  DEBUG     Starting new HTTPS connection (1): piconnect.flattrade.in:443
2026-07-15 09:09:41  DEBUG     https://piconnect.flattrade.in:443 "POST /PiConnectAPI/Limits HTTP/1.1" 200 None
2026-07-15 09:09:41  WARNING   MIS BUY LODHA: avail=Rs125.54 < needed=Rs581.52 — qty 2→0
2026-07-15 09:09:41  ERROR     MIS BUY LODHA skipped — insufficient capital after reduction
2026-07-15 09:09:43  DEBUG     Starting new HTTPS connection (1): piconnect.flattrade.in:443
2026-07-15 09:09:43  DEBUG     https://piconnect.flattrade.in:443 "POST /PiConnectAPI/Limits HTTP/1.1" 200 None
2026-07-15 09:09:43  WARNING   MIS BUY LODHA: avail=Rs125.54 < needed=Rs581.52 — qty 2→0
2026-07-15 09:09:43  ERROR     MIS BUY LODHA skipped — insufficient capital after reduction
2026-07-15 09:09:43  DEBUG     Starting new HTTPS connection (1): piconnect.flattrade.in:443
2026-07-15 09:09:43  DEBUG     https://piconnect.flattrade.in:443 "POST /PiConnectAPI/Limits HTTP/1.1" 200 None
2026-07-15 09:09:43  WARNING   MIS BUY LODHA: avail=Rs125.54 < needed=Rs581.52 — qty 2→0
2026-07-15 09:09:43  ERROR     MIS BUY LODHA skipped — insufficient capital after reduction
2026-07-15 09:09:44  DEBUG     Starting new HTTPS connection (1): piconnect.flattrade.in:443
2026-07-15 09:09:44  DEBUG     https://piconnect.flattrade.in:443 "POST /PiConnectAPI/Limits HTTP/1.1" 200 None
2026-07-15 09:09:44  WARNING   MIS BUY LODHA: avail=Rs125.54 < needed=Rs581.52 — qty 2→0
2026-07-15 09:09:44  ERROR     MIS BUY LODHA skipped — insufficient capital after reduction
2026-07-15 09:09:45  DEBUG     Starting new HTTPS connection (1): piconnect.flattrade.in:443
2026-07-15 09:09:45  DEBUG     https://piconnect.flattrade.in:443 "POST /PiConnectAPI/Limits HTTP/1.1" 200 None
2026-07-15 09:09:45  WARNING   MIS BUY LODHA: avail=Rs125.54 < needed=Rs581.52 — qty 2→0
2026-07-15 09:09:45  ERROR     MIS BUY LODHA skipped — insufficient capital after reduction
2026-07-15 09:09:51  DEBUG     Starting new HTTPS connection (1): piconnect.flattrade.in:443
2026-07-15 09:09:51  DEBUG     https://piconnect.flattrade.in:443 "POST /PiConnectAPI/Limits HTTP/1.1" 200 None
2026-07-15 09:09:51  WARNING   MIS BUY LODHA: avail=Rs125.54 < needed=Rs581.52 — qty 2→0
2026-07-15 09:09:51  ERROR     MIS BUY LODHA skipped — insufficient capital after reduction
2026-07-15 09:09:52  DEBUG     Starting new HTTPS connection (1): piconnect.flattrade.in:443
2026-07-15 09:09:52  DEBUG     https://piconnect.flattrade.in:443 "POST /PiConnectAPI/Limits HTTP/1.1" 200 None
2026-07-15 09:09:52  WARNING   MIS BUY LODHA: avail=Rs125.54 < needed=Rs581.52 — qty 2→0
2026-07-15 09:09:52  ERROR     MIS BUY LODHA skipped — insufficient capital after reduction
2026-07-15 09:09:53  DEBUG     Starting new HTTPS connection (1): piconnect.flattrade.in:443
2026-07-15 09:09:53  DEBUG     https://piconnect.flattrade.in:443 "POST /PiConnectAPI/Limits HTTP/1.1" 200 None
2026-07-15 09:09:53  WARNING   MIS BUY LODHA: avail=Rs125.54 < needed=Rs581.70 — qty 2→0
2026-07-15 09:09:53  ERROR     MIS BUY LODHA skipped — insufficient capital after reduction
2026-07-15 09:09:54  DEBUG     Starting new HTTPS connection (1): piconnect.flattrade.in:443
2026-07-15 09:09:54  DEBUG     https://piconnect.flattrade.in:443 "POST /PiConnectAPI/Limits HTTP/1.1" 200 None
2026-07-15 09:09:54  WARNING   MIS BUY LODHA: avail=Rs125.54 < needed=Rs581.70 — qty 2→0
2026-07-15 09:09:54  ERROR     MIS BUY LODHA skipped — insufficient capital after reduction
2026-07-15 09:09:55  DEBUG     Starting new HTTPS connection (1): piconnect.flattrade.in:443
2026-07-15 09:09:55  DEBUG     https://piconnect.flattrade.in:443 "POST /PiConnectAPI/Limits HTTP/1.1" 200 None
2026-07-15 09:09:55  WARNING   MIS BUY LODHA: avail=Rs125.54 < needed=Rs581.70 — qty 2→0
2026-07-15 09:09:55  ERROR     MIS BUY LODHA skipped — insufficient capital after reduction
2026-07-15 09:09:56  DEBUG     Starting new HTTPS connection (1): piconnect.flattrade.in:443
2026-07-15 09:09:56  DEBUG     https://piconnect.flattrade.in:443 "POST /PiConnectAPI/Limits HTTP/1.1" 200 None
2026-07-15 09:09:56  WARNING   MIS BUY LODHA: avail=Rs125.54 < needed=Rs581.70 — qty 2→0
2026-07-15 09:09:56  ERROR     MIS BUY LODHA skipped — insufficient capital after reduction
2026-07-15 09:09:57  DEBUG     Starting new HTTPS connection (1): piconnect.flattrade.in:443
2026-07-15 09:09:57  DEBUG     https://piconnect.flattrade.in:443 "POST /PiConnectAPI/Limits HTTP/1.1" 200 None
2026-07-15 09:09:57  WARNING   MIS BUY LODHA: avail=Rs125.54 < needed=Rs581.70 — qty 2→0
2026-07-15 09:09:57  ERROR     MIS BUY LODHA skipped — insufficient capital after reduction
2026-07-15 09:09:58  DEBUG     Starting new HTTPS connection (1): piconnect.flattrade.in:443
2026-07-15 09:09:58  DEBUG     https://piconnect.flattrade.in:443 "POST /PiConnectAPI/Limits HTTP/1.1" 200 None
2026-07-15 09:09:58  WARNING   MIS BUY LODHA: avail=Rs125.54 < needed=Rs581.73 — qty 2→0
2026-07-15 09:09:58  ERROR     MIS BUY LODHA skipped — insufficient capital after reduction
2026-07-15 09:09:59  DEBUG     Starting new HTTPS connection (1): piconnect.flattrade.in:443
2026-07-15 09:09:59  DEBUG     https://piconnect.flattrade.in:443 "POST /PiConnectAPI/Limits HTTP/1.1" 200 None
2026-07-15 09:09:59  WARNING   MIS BUY LODHA: avail=Rs125.54 < needed=Rs581.75 — qty 2→0
2026-07-15 09:09:59  ERROR     MIS BUY LODHA skipped — insufficient capital after reduction
2026-07-15 09:09:59  DEBUG     Starting new HTTPS connection (1): piconnect.flattrade.in:443
2026-07-15 09:09:59  DEBUG     https://piconnect.flattrade.in:443 "POST /PiConnectAPI/Limits HTTP/1.1" 200 None
2026-07-15 09:09:59  WARNING   MIS BUY LODHA: avail=Rs125.54 < needed=Rs581.75 — qty 2→0
2026-07-15 09:09:59  ERROR     MIS BUY LODHA skipped — insufficient capital after reduction
2026-07-15 09:10:00  DEBUG     Starting new HTTPS connection (1): piconnect.flattrade.in:443
2026-07-15 09:10:00  DEBUG     https://piconnect.flattrade.in:443 "POST /PiConnectAPI/Limits HTTP/1.1" 200 None
2026-07-15 09:10:00  WARNING   MIS BUY LODHA: avail=Rs125.54 < needed=Rs581.70 — qty 2→0
2026-07-15 09:10:00  ERROR     MIS BUY LODHA skipped — insufficient capital after reduction
2026-07-15 09:10:00  DEBUG     Sending ping
2026-07-15 09:10:01  DEBUG     Starting new HTTPS connection (1): piconnect.flattrade.in:443
2026-07-15 09:10:01  DEBUG     https://piconnect.flattrade.in:443 "POST /PiConnectAPI/Limits HTTP/1.1" 200 None
2026-07-15 09:10:01  WARNING   MIS BUY LODHA: avail=Rs125.54 < needed=Rs581.70 — qty 2→0
2026-07-15 09:10:01  ERROR     MIS BUY LODHA skipped — insufficient capital after reduction
2026-07-15 09:10:01  DEBUG     Starting new HTTPS connection (1): piconnect.flattrade.in:443
2026-07-15 09:10:01  DEBUG     https://piconnect.flattrade.in:443 "POST /PiConnectAPI/Limits HTTP/1.1" 200 None
2026-07-15 09:10:01  WARNING   MIS BUY LODHA: avail=Rs125.54 < needed=Rs581.70 — qty 2→0
2026-07-15 09:10:01  ERROR     MIS BUY LODHA skipped — insufficient capital after reduction
2026-07-15 09:10:02  DEBUG     Starting new HTTPS connection (1): piconnect.flattrade.in:443
2026-07-15 09:10:02  DEBUG     https://piconnect.flattrade.in:443 "POST /PiConnectAPI/Limits HTTP/1.1" 200 None
2026-07-15 09:10:02  WARNING   MIS BUY LODHA: avail=Rs125.54 < needed=Rs581.70 — qty 2→0
2026-07-15 09:10:02  ERROR     MIS BUY LODHA skipped — insufficient capital after reduction
2026-07-15 09:10:03  DEBUG     Starting new HTTPS connection (1): piconnect.flattrade.in:443
2026-07-15 09:10:03  DEBUG     https://piconnect.flattrade.in:443 "POST /PiConnectAPI/Limits HTTP/1.1" 200 None
2026-07-15 09:10:03  WARNING   MIS BUY LODHA: avail=Rs125.54 < needed=Rs581.70 — qty 2→0
2026-07-15 09:10:03  ERROR     MIS BUY LODHA skipped — insufficient capital after reduction
2026-07-15 09:10:04  DEBUG     Starting new HTTPS connection (1): piconnect.flattrade.in:443
2026-07-15 09:10:04  DEBUG     https://piconnect.flattrade.in:443 "POST /PiConnectAPI/Limits HTTP/1.1" 200 None
2026-07-15 09:10:04  WARNING   MIS BUY LODHA: avail=Rs125.54 < needed=Rs581.70 — qty 2→0
2026-07-15 09:10:04  ERROR     MIS BUY LODHA skipped — insufficient capital after reduction
2026-07-15 09:10:05  DEBUG     Starting new HTTPS connection (1): piconnect.flattrade.in:443
2026-07-15 09:10:05  DEBUG     https://piconnect.flattrade.in:443 "POST /PiConnectAPI/Limits HTTP/1.1" 200 None
2026-07-15 09:10:05  WARNING   MIS BUY LODHA: avail=Rs125.54 < needed=Rs581.70 — qty 2→0
2026-07-15 09:10:05  ERROR     MIS BUY LODHA skipped — insufficient capital after reduction
2026-07-15 09:10:06  DEBUG     Starting new HTTPS connection (1): piconnect.flattrade.in:443
2026-07-15 09:10:06  DEBUG     https://piconnect.flattrade.in:443 "POST /PiConnectAPI/Limits HTTP/1.1" 200 None
2026-07-15 09:10:06  WARNING   MIS BUY LODHA: avail=Rs125.54 < needed=Rs581.70 — qty 2→0
2026-07-15 09:10:06  ERROR     MIS BUY LODHA skipped — insufficient capital after reduction
2026-07-15 09:10:07  DEBUG     Starting new HTTPS connection (1): piconnect.flattrade.in:443
2026-07-15 09:10:07  DEBUG     https://piconnect.flattrade.in:443 "POST /PiConnectAPI/Limits HTTP/1.1" 200 None
2026-07-15 09:10:07  WARNING   MIS BUY LODHA: avail=Rs125.54 < needed=Rs581.70 — qty 2→0
2026-07-15 09:10:07  ERROR     MIS BUY LODHA skipped — insufficient capital after reduction
2026-07-15 09:10:09  DEBUG     Starting new HTTPS connection (1): piconnect.flattrade.in:443
2026-07-15 09:10:09  DEBUG     https://piconnect.flattrade.in:443 "POST /PiConnectAPI/Limits HTTP/1.1" 200 None
2026-07-15 09:10:09  WARNING   MIS BUY LODHA: avail=Rs125.54 < needed=Rs581.70 — qty 2→0
2026-07-15 09:10:09  ERROR     MIS BUY LODHA skipped — insufficient capital after reduction
2026-07-15 09:10:10  DEBUG     Starting new HTTPS connection (1): piconnect.flattrade.in:443
2026-07-15 09:10:10  DEBUG     https://piconnect.flattrade.in:443 "POST /PiConnectAPI/Limits HTTP/1.1" 200 None
2026-07-15 09:10:10  WARNING   MIS BUY LODHA: avail=Rs125.54 < needed=Rs581.60 — qty 2→0
2026-07-15 09:10:10  ERROR     MIS BUY LODHA skipped — insufficient capital after reduction
2026-07-15 09:10:11  DEBUG     Starting new HTTPS connection (1): piconnect.flattrade.in:443
2026-07-15 09:10:11  DEBUG     https://piconnect.flattrade.in:443 "POST /PiConnectAPI/Limits HTTP/1.1" 200 None
2026-07-15 09:10:11  WARNING   MIS BUY LODHA: avail=Rs125.54 < needed=Rs581.60 — qty 2→0
2026-07-15 09:10:11  ERROR     MIS BUY LODHA skipped — insufficient capital after reduction
2026-07-15 09:10:12  DEBUG     Starting new HTTPS connection (1): piconnect.flattrade.in:443
2026-07-15 09:10:12  DEBUG     https://piconnect.flattrade.in:443 "POST /PiConnectAPI/Limits HTTP/1.1" 200 None
2026-07-15 09:10:12  WARNING   MIS BUY LODHA: avail=Rs125.54 < needed=Rs581.58 — qty 2→0
2026-07-15 09:10:12  ERROR     MIS BUY LODHA skipped — insufficient capital after reduction
2026-07-15 09:10:12  DEBUG     Starting new HTTPS connection (1): piconnect.flattrade.in:443
2026-07-15 09:10:12  DEBUG     https://piconnect.flattrade.in:443 "POST /PiConnectAPI/Limits HTTP/1.1" 200 None
2026-07-15 09:10:12  WARNING   MIS BUY LODHA: avail=Rs125.54 < needed=Rs581.58 — qty 2→0
2026-07-15 09:10:12  ERROR     MIS BUY LODHA skipped — insufficient capital after reduction
2026-07-15 09:10:13  DEBUG     Starting new HTTPS connection (1): piconnect.flattrade.in:443
2026-07-15 09:10:13  DEBUG     https://piconnect.flattrade.in:443 "POST /PiConnectAPI/Limits HTTP/1.1" 200 None
2026-07-15 09:10:13  WARNING   MIS BUY LODHA: avail=Rs125.54 < needed=Rs581.50 — qty 2→0
2026-07-15 09:10:13  ERROR     MIS BUY LODHA skipped — insufficient capital after reduction
2026-07-15 09:10:14  DEBUG     Starting new HTTPS connection (1): piconnect.flattrade.in:443
2026-07-15 09:10:14  DEBUG     https://piconnect.flattrade.in:443 "POST /PiConnectAPI/Limits HTTP/1.1" 200 None
2026-07-15 09:10:14  WARNING   MIS BUY LODHA: avail=Rs125.54 < needed=Rs581.50 — qty 2→0
2026-07-15 09:10:14  ERROR     MIS BUY LODHA skipped — insufficient capital after reduction
2026-07-15 09:10:15  DEBUG     Starting new HTTPS connection (1): piconnect.flattrade.in:443
2026-07-15 09:10:15  DEBUG     https://piconnect.flattrade.in:443 "POST /PiConnectAPI/Limits HTTP/1.1" 200 None
2026-07-15 09:10:15  WARNING   MIS BUY LODHA: avail=Rs125.54 < needed=Rs581.48 — qty 2→0
2026-07-15 09:10:15  ERROR     MIS BUY LODHA skipped — insufficient capital after reduction
2026-07-15 09:10:15  DEBUG     Starting new HTTPS connection (1): piconnect.flattrade.in:443
2026-07-15 09:10:15  DEBUG     https://piconnect.flattrade.in:443 "POST /PiConnectAPI/Limits HTTP/1.1" 200 None
2026-07-15 09:10:15  WARNING   MIS BUY LODHA: avail=Rs125.54 < needed=Rs581.48 — qty 2→0
2026-07-15 09:10:15  ERROR     MIS BUY LODHA skipped — insufficient capital after reduction
2026-07-15 09:10:16  DEBUG     Starting new HTTPS connection (1): piconnect.flattrade.in:443
2026-07-15 09:10:16  DEBUG     https://piconnect.flattrade.in:443 "POST /PiConnectAPI/Limits HTTP/1.1" 200 None
2026-07-15 09:10:16  WARNING   MIS BUY LODHA: avail=Rs125.54 < needed=Rs581.15 — qty 2→0
2026-07-15 09:10:16  ERROR     MIS BUY LODHA skipped — insufficient capital after reduction
2026-07-15 09:10:16  DEBUG     Starting new HTTPS connection (1): piconnect.flattrade.in:443
2026-07-15 09:10:16  DEBUG     https://piconnect.flattrade.in:443 "POST /PiConnectAPI/Limits HTTP/1.1" 200 None
2026-07-15 09:10:16  WARNING   MIS BUY LODHA: avail=Rs125.54 < needed=Rs581.15 — qty 2→0
2026-07-15 09:10:16  ERROR     MIS BUY LODHA skipped — insufficient capital after reduction
2026-07-15 09:10:17  DEBUG     Starting new HTTPS connection (1): piconnect.flattrade.in:443
2026-07-15 09:10:17  DEBUG     https://piconnect.flattrade.in:443 "POST /PiConnectAPI/Limits HTTP/1.1" 200 None
2026-07-15 09:10:17  WARNING   MIS BUY LODHA: avail=Rs125.54 < needed=Rs580.75 — qty 2→0
2026-07-15 09:10:17  ERROR     MIS BUY LODHA skipped — insufficient capital after reduction
2026-07-15 09:10:18  DEBUG     Starting new HTTPS connection (1): piconnect.flattrade.in:443
2026-07-15 09:10:18  DEBUG     https://piconnect.flattrade.in:443 "POST /PiConnectAPI/Limits HTTP/1.1" 200 None
2026-07-15 09:10:18  WARNING   MIS BUY LODHA: avail=Rs125.54 < needed=Rs580.73 — qty 2→0
2026-07-15 09:10:18  ERROR     MIS BUY LODHA skipped — insufficient capital after reduction
2026-07-15 09:10:19  DEBUG     Starting new HTTPS connection (1): piconnect.flattrade.in:443
2026-07-15 09:10:19  DEBUG     https://piconnect.flattrade.in:443 "POST /PiConnectAPI/Limits HTTP/1.1" 200 None
2026-07-15 09:10:19  WARNING   MIS BUY LODHA: avail=Rs125.54 < needed=Rs580.67 — qty 2→0
2026-07-15 09:10:19  ERROR     MIS BUY LODHA skipped — insufficient capital after reduction
2026-07-15 09:10:20  DEBUG     Starting new HTTPS connection (1): piconnect.flattrade.in:443
2026-07-15 09:10:20  DEBUG     https://piconnect.flattrade.in:443 "POST /PiConnectAPI/Limits HTTP/1.1" 200 None
2026-07-15 09:10:20  WARNING   MIS BUY LODHA: avail=Rs125.54 < needed=Rs580.67 — qty 2→0
2026-07-15 09:10:20  ERROR     MIS BUY LODHA skipped — insufficient capital after reduction
2026-07-15 09:10:21  DEBUG     Starting new HTTPS connection (1): piconnect.flattrade.in:443
2026-07-15 09:10:21  DEBUG     https://piconnect.flattrade.in:443 "POST /PiConnectAPI/Limits HTTP/1.1" 200 None
2026-07-15 09:10:21  WARNING   MIS BUY LODHA: avail=Rs125.54 < needed=Rs580.65 — qty 2→0
2026-07-15 09:10:21  ERROR     MIS BUY LODHA skipped — insufficient capital after reduction
2026-07-15 09:10:22  DEBUG     Starting new HTTPS connection (1): piconnect.flattrade.in:443
2026-07-15 09:10:22  DEBUG     https://piconnect.flattrade.in:443 "POST /PiConnectAPI/Limits HTTP/1.1" 200 None
2026-07-15 09:10:22  WARNING   MIS BUY LODHA: avail=Rs125.54 < needed=Rs580.65 — qty 2→0
2026-07-15 09:10:22  ERROR     MIS BUY LODHA skipped — insufficient capital after reduction
2026-07-15 09:10:23  DEBUG     Starting new HTTPS connection (1): piconnect.flattrade.in:443
2026-07-15 09:10:23  DEBUG     https://piconnect.flattrade.in:443 "POST /PiConnectAPI/Limits HTTP/1.1" 200 None
2026-07-15 09:10:23  WARNING   MIS BUY LODHA: avail=Rs125.54 < needed=Rs580.58 — qty 2→0
2026-07-15 09:10:23  ERROR     MIS BUY LODHA skipped — insufficient capital after reduction
2026-07-15 09:10:24  DEBUG     Starting new HTTPS connection (1): piconnect.flattrade.in:443
2026-07-15 09:10:24  DEBUG     https://piconnect.flattrade.in:443 "POST /PiConnectAPI/Limits HTTP/1.1" 200 None
2026-07-15 09:10:24  WARNING   MIS BUY LODHA: avail=Rs125.54 < needed=Rs580.58 — qty 2→0
2026-07-15 09:10:24  ERROR     MIS BUY LODHA skipped — insufficient capital after reduction
2026-07-15 09:10:24  DEBUG     Starting new HTTPS connection (1): piconnect.flattrade.in:443
2026-07-15 09:10:24  DEBUG     https://piconnect.flattrade.in:443 "POST /PiConnectAPI/Limits HTTP/1.1" 200 None
2026-07-15 09:10:24  WARNING   MIS BUY LODHA: avail=Rs125.54 < needed=Rs580.58 — qty 2→0
2026-07-15 09:10:24  ERROR     MIS BUY LODHA skipped — insufficient capital after reduction
2026-07-15 09:10:25  DEBUG     Starting new HTTPS connection (1): piconnect.flattrade.in:443
2026-07-15 09:10:25  DEBUG     https://piconnect.flattrade.in:443 "POST /PiConnectAPI/Limits HTTP/1.1" 200 None
2026-07-15 09:10:25  WARNING   MIS BUY LODHA: avail=Rs125.54 < needed=Rs580.58 — qty 2→0
2026-07-15 09:10:25  ERROR     MIS BUY LODHA skipped — insufficient capital after reduction
2026-07-15 09:10:25  DEBUG     Starting new HTTPS connection (1): piconnect.flattrade.in:443
2026-07-15 09:10:25  DEBUG     https://piconnect.flattrade.in:443 "POST /PiConnectAPI/Limits HTTP/1.1" 200 None
2026-07-15 09:10:25  WARNING   MIS BUY LODHA: avail=Rs125.54 < needed=Rs580.58 — qty 2→0
2026-07-15 09:10:25  ERROR     MIS BUY LODHA skipped — insufficient capital after reduction
2026-07-15 09:10:26  DEBUG     Starting new HTTPS connection (1): piconnect.flattrade.in:443
2026-07-15 09:10:26  DEBUG     https://piconnect.flattrade.in:443 "POST /PiConnectAPI/Limits HTTP/1.1" 200 None
2026-07-15 09:10:26  WARNING   MIS BUY LODHA: avail=Rs125.54 < needed=Rs580.42 — qty 2→0
2026-07-15 09:10:26  ERROR     MIS BUY LODHA skipped — insufficient capital after reduction
2026-07-15 09:10:27  DEBUG     Starting new HTTPS connection (1): piconnect.flattrade.in:443
2026-07-15 09:10:27  DEBUG     https://piconnect.flattrade.in:443 "POST /PiConnectAPI/Limits HTTP/1.1" 200 None
2026-07-15 09:10:27  WARNING   MIS BUY LODHA: avail=Rs125.54 < needed=Rs580.42 — qty 2→0
2026-07-15 09:10:27  ERROR     MIS BUY LODHA skipped — insufficient capital after reduction
2026-07-15 09:10:28  DEBUG     Starting new HTTPS connection (1): piconnect.flattrade.in:443
2026-07-15 09:10:28  DEBUG     https://piconnect.flattrade.in:443 "POST /PiConnectAPI/Limits HTTP/1.1" 200 None
2026-07-15 09:10:28  WARNING   MIS BUY LODHA: avail=Rs125.54 < needed=Rs580.38 — qty 2→0
2026-07-15 09:10:28  ERROR     MIS BUY LODHA skipped — insufficient capital after reduction
2026-07-15 09:10:29  DEBUG     Starting new HTTPS connection (1): piconnect.flattrade.in:443
2026-07-15 09:10:29  DEBUG     https://piconnect.flattrade.in:443 "POST /PiConnectAPI/Limits HTTP/1.1" 200 None
2026-07-15 09:10:29  WARNING   MIS BUY LODHA: avail=Rs125.54 < needed=Rs580.40 — qty 2→0
2026-07-15 09:10:29  ERROR     MIS BUY LODHA skipped — insufficient capital after reduction
2026-07-15 09:10:30  DEBUG     Starting new HTTPS connection (1): piconnect.flattrade.in:443
2026-07-15 09:10:30  DEBUG     https://piconnect.flattrade.in:443 "POST /PiConnectAPI/Limits HTTP/1.1" 200 None
2026-07-15 09:10:30  WARNING   MIS BUY LODHA: avail=Rs125.54 < needed=Rs580.40 — qty 2→0
2026-07-15 09:10:30  ERROR     MIS BUY LODHA skipped — insufficient capital after reduction
2026-07-15 09:10:30  DEBUG     Sending ping
2026-07-15 09:10:32  DEBUG     Starting new HTTPS connection (1): piconnect.flattrade.in:443
2026-07-15 09:10:32  DEBUG     https://piconnect.flattrade.in:443 "POST /PiConnectAPI/Limits HTTP/1.1" 200 None
2026-07-15 09:10:32  WARNING   MIS BUY LODHA: avail=Rs125.54 < needed=Rs580.38 — qty 2→0
2026-07-15 09:10:32  ERROR     MIS BUY LODHA skipped — insufficient capital after reduction
2026-07-15 09:10:33  DEBUG     Starting new HTTPS connection (1): piconnect.flattrade.in:443
2026-07-15 09:10:33  DEBUG     https://piconnect.flattrade.in:443 "POST /PiConnectAPI/Limits HTTP/1.1" 200 None
2026-07-15 09:10:33  WARNING   MIS BUY LODHA: avail=Rs125.54 < needed=Rs580.38 — qty 2→0
2026-07-15 09:10:33  ERROR     MIS BUY LODHA skipped — insufficient capital after reduction
2026-07-15 09:10:34  DEBUG     Starting new HTTPS connection (1): piconnect.flattrade.in:443
2026-07-15 09:10:34  DEBUG     https://piconnect.flattrade.in:443 "POST /PiConnectAPI/Limits HTTP/1.1" 200 None
2026-07-15 09:10:34  WARNING   MIS BUY LODHA: avail=Rs125.54 < needed=Rs580.38 — qty 2→0
2026-07-15 09:10:34  ERROR     MIS BUY LODHA skipped — insufficient capital after reduction
2026-07-15 09:10:35  DEBUG     Starting new HTTPS connection (1): piconnect.flattrade.in:443
2026-07-15 09:10:35  DEBUG     https://piconnect.flattrade.in:443 "POST /PiConnectAPI/Limits HTTP/1.1" 200 None
2026-07-15 09:10:35  WARNING   MIS BUY LODHA: avail=Rs125.54 < needed=Rs580.38 — qty 2→0
2026-07-15 09:10:35  ERROR     MIS BUY LODHA skipped — insufficient capital after reduction
2026-07-15 09:10:36  DEBUG     Starting new HTTPS connection (1): piconnect.flattrade.in:443
2026-07-15 09:10:36  DEBUG     https://piconnect.flattrade.in:443 "POST /PiConnectAPI/Limits HTTP/1.1" 200 None
2026-07-15 09:10:36  WARNING   MIS BUY LODHA: avail=Rs125.54 < needed=Rs580.33 — qty 2→0
2026-07-15 09:10:36  ERROR     MIS BUY LODHA skipped — insufficient capital after reduction
2026-07-15 09:10:37  DEBUG     Starting new HTTPS connection (1): piconnect.flattrade.in:443
2026-07-15 09:10:37  DEBUG     https://piconnect.flattrade.in:443 "POST /PiConnectAPI/Limits HTTP/1.1" 200 None
2026-07-15 09:10:37  WARNING   MIS BUY LODHA: avail=Rs125.54 < needed=Rs580.33 — qty 2→0
2026-07-15 09:10:37  ERROR     MIS BUY LODHA skipped — insufficient capital after reduction
2026-07-15 09:10:38  DEBUG     Starting new HTTPS connection (1): piconnect.flattrade.in:443
2026-07-15 09:10:38  DEBUG     https://piconnect.flattrade.in:443 "POST /PiConnectAPI/Limits HTTP/1.1" 200 None
2026-07-15 09:10:38  WARNING   MIS BUY LODHA: avail=Rs125.54 < needed=Rs580.33 — qty 2→0
2026-07-15 09:10:38  ERROR     MIS BUY LODHA skipped — insufficient capital after reduction
2026-07-15 09:10:39  DEBUG     Starting new HTTPS connection (1): piconnect.flattrade.in:443
2026-07-15 09:10:39  DEBUG     https://piconnect.flattrade.in:443 "POST /PiConnectAPI/Limits HTTP/1.1" 200 None
2026-07-15 09:10:39  WARNING   MIS BUY LODHA: avail=Rs125.54 < needed=Rs580.33 — qty 2→0
2026-07-15 09:10:39  ERROR     MIS BUY LODHA skipped — insufficient capital after reduction
2026-07-15 09:10:40  DEBUG     Starting new HTTPS connection (1): piconnect.flattrade.in:443
2026-07-15 09:10:40  DEBUG     https://piconnect.flattrade.in:443 "POST /PiConnectAPI/Limits HTTP/1.1" 200 None
2026-07-15 09:10:40  WARNING   MIS BUY LODHA: avail=Rs125.54 < needed=Rs580.33 — qty 2→0
2026-07-15 09:10:40  ERROR     MIS BUY LODHA skipped — insufficient capital after reduction
2026-07-15 09:10:40  DEBUG     Starting new HTTPS connection (1): piconnect.flattrade.in:443
2026-07-15 09:10:40  DEBUG     https://piconnect.flattrade.in:443 "POST /PiConnectAPI/Limits HTTP/1.1" 200 None
2026-07-15 09:10:40  WARNING   MIS BUY LODHA: avail=Rs125.54 < needed=Rs580.33 — qty 2→0
2026-07-15 09:10:40  ERROR     MIS BUY LODHA skipped — insufficient capital after reduction
2026-07-15 09:10:41  DEBUG     Starting new HTTPS connection (1): piconnect.flattrade.in:443
2026-07-15 09:10:41  DEBUG     https://piconnect.flattrade.in:443 "POST /PiConnectAPI/Limits HTTP/1.1" 200 None
2026-07-15 09:10:41  WARNING   MIS BUY LODHA: avail=Rs125.54 < needed=Rs580.33 — qty 2→0
2026-07-15 09:10:41  ERROR     MIS BUY LODHA skipped — insufficient capital after reduction
2026-07-15 09:10:42  DEBUG     Starting new HTTPS connection (1): piconnect.flattrade.in:443
2026-07-15 09:10:42  DEBUG     https://piconnect.flattrade.in:443 "POST /PiConnectAPI/Limits HTTP/1.1" 200 None
2026-07-15 09:10:42  WARNING   MIS BUY LODHA: avail=Rs125.54 < needed=Rs580.38 — qty 2→0
2026-07-15 09:10:42  ERROR     MIS BUY LODHA skipped — insufficient capital after reduction
2026-07-15 09:10:43  DEBUG     Starting new HTTPS connection (1): piconnect.flattrade.in:443
2026-07-15 09:10:43  DEBUG     https://piconnect.flattrade.in:443 "POST /PiConnectAPI/Limits HTTP/1.1" 200 None
2026-07-15 09:10:43  WARNING   MIS BUY LODHA: avail=Rs125.54 < needed=Rs580.38 — qty 2→0
2026-07-15 09:10:43  ERROR     MIS BUY LODHA skipped — insufficient capital after reduction
2026-07-15 09:10:44  DEBUG     Starting new HTTPS connection (1): piconnect.flattrade.in:443
2026-07-15 09:10:44  DEBUG     https://piconnect.flattrade.in:443 "POST /PiConnectAPI/Limits HTTP/1.1" 200 None
2026-07-15 09:10:44  WARNING   MIS BUY LODHA: avail=Rs125.54 < needed=Rs580.38 — qty 2→0
2026-07-15 09:10:44  ERROR     MIS BUY LODHA skipped — insufficient capital after reduction
2026-07-15 09:10:45  DEBUG     Starting new HTTPS connection (1): piconnect.flattrade.in:443
2026-07-15 09:10:45  DEBUG     https://piconnect.flattrade.in:443 "POST /PiConnectAPI/Limits HTTP/1.1" 200 None
2026-07-15 09:10:45  WARNING   MIS BUY LODHA: avail=Rs125.54 < needed=Rs580.65 — qty 2→0
2026-07-15 09:10:45  ERROR     MIS BUY LODHA skipped — insufficient capital after reduction
2026-07-15 09:10:46  DEBUG     Starting new HTTPS connection (1): piconnect.flattrade.in:443
2026-07-15 09:10:46  DEBUG     https://piconnect.flattrade.in:443 "POST /PiConnectAPI/Limits HTTP/1.1" 200 None
2026-07-15 09:10:46  WARNING   MIS BUY LODHA: avail=Rs125.54 < needed=Rs580.65 — qty 2→0
2026-07-15 09:10:46  ERROR     MIS BUY LODHA skipped — insufficient capital after reduction
2026-07-15 09:10:48  DEBUG     Starting new HTTPS connection (1): piconnect.flattrade.in:443
2026-07-15 09:10:48  DEBUG     https://piconnect.flattrade.in:443 "POST /PiConnectAPI/Limits HTTP/1.1" 200 None
2026-07-15 09:10:48  WARNING   MIS BUY LODHA: avail=Rs125.54 < needed=Rs580.65 — qty 2→0
2026-07-15 09:10:48  ERROR     MIS BUY LODHA skipped — insufficient capital after reduction
2026-07-15 09:10:49  DEBUG     Starting new HTTPS connection (1): piconnect.flattrade.in:443
2026-07-15 09:10:49  DEBUG     https://piconnect.flattrade.in:443 "POST /PiConnectAPI/Limits HTTP/1.1" 200 None
2026-07-15 09:10:49  WARNING   MIS BUY LODHA: avail=Rs125.54 < needed=Rs580.65 — qty 2→0
2026-07-15 09:10:49  ERROR     MIS BUY LODHA skipped — insufficient capital after reduction
2026-07-15 09:10:57  DEBUG     Starting new HTTPS connection (1): piconnect.flattrade.in:443
2026-07-15 09:10:57  DEBUG     https://piconnect.flattrade.in:443 "POST /PiConnectAPI/Limits HTTP/1.1" 200 None
2026-07-15 09:10:57  WARNING   MIS BUY LODHA: avail=Rs125.54 < needed=Rs580.65 — qty 2→0
2026-07-15 09:10:57  ERROR     MIS BUY LODHA skipped — insufficient capital after reduction
2026-07-15 09:10:58  DEBUG     Starting new HTTPS connection (1): piconnect.flattrade.in:443
2026-07-15 09:10:58  DEBUG     https://piconnect.flattrade.in:443 "POST /PiConnectAPI/Limits HTTP/1.1" 200 None
2026-07-15 09:10:58  WARNING   MIS BUY LODHA: avail=Rs125.54 < needed=Rs580.65 — qty 2→0
2026-07-15 09:10:58  ERROR     MIS BUY LODHA skipped — insufficient capital after reduction
2026-07-15 09:10:59  DEBUG     Starting new HTTPS connection (1): piconnect.flattrade.in:443
2026-07-15 09:10:59  DEBUG     https://piconnect.flattrade.in:443 "POST /PiConnectAPI/Limits HTTP/1.1" 200 None
2026-07-15 09:10:59  WARNING   MIS BUY LODHA: avail=Rs125.54 < needed=Rs580.65 — qty 2→0
2026-07-15 09:10:59  ERROR     MIS BUY LODHA skipped — insufficient capital after reduction
2026-07-15 09:11:00  DEBUG     Starting new HTTPS connection (1): piconnect.flattrade.in:443
2026-07-15 09:11:00  DEBUG     https://piconnect.flattrade.in:443 "POST /PiConnectAPI/Limits HTTP/1.1" 200 None
2026-07-15 09:11:00  WARNING   MIS BUY LODHA: avail=Rs125.54 < needed=Rs580.65 — qty 2→0
2026-07-15 09:11:00  ERROR     MIS BUY LODHA skipped — insufficient capital after reduction
2026-07-15 09:11:00  DEBUG     Sending ping
2026-07-15 09:11:01  DEBUG     Starting new HTTPS connection (1): piconnect.flattrade.in:443
2026-07-15 09:11:01  DEBUG     https://piconnect.flattrade.in:443 "POST /PiConnectAPI/Limits HTTP/1.1" 200 None
2026-07-15 09:11:01  WARNING   MIS BUY LODHA: avail=Rs125.54 < needed=Rs580.65 — qty 2→0
2026-07-15 09:11:01  ERROR     MIS BUY LODHA skipped — insufficient capital after reduction
2026-07-15 09:11:03  DEBUG     Starting new HTTPS connection (1): piconnect.flattrade.in:443
2026-07-15 09:11:03  DEBUG     https://piconnect.flattrade.in:443 "POST /PiConnectAPI/Limits HTTP/1.1" 200 None
2026-07-15 09:11:03  WARNING   MIS BUY LODHA: avail=Rs125.54 < needed=Rs580.65 — qty 2→0
2026-07-15 09:11:03  ERROR     MIS BUY LODHA skipped — insufficient capital after reduction
2026-07-15 09:11:04  DEBUG     Starting new HTTPS connection (1): piconnect.flattrade.in:443
2026-07-15 09:11:04  DEBUG     https://piconnect.flattrade.in:443 "POST /PiConnectAPI/Limits HTTP/1.1" 200 None
2026-07-15 09:11:04  WARNING   MIS BUY LODHA: avail=Rs125.54 < needed=Rs580.58 — qty 2→0
2026-07-15 09:11:04  ERROR     MIS BUY LODHA skipped — insufficient capital after reduction
2026-07-15 09:11:05  DEBUG     Starting new HTTPS connection (1): piconnect.flattrade.in:443
2026-07-15 09:11:05  DEBUG     https://piconnect.flattrade.in:443 "POST /PiConnectAPI/Limits HTTP/1.1" 200 None
2026-07-15 09:11:05  WARNING   MIS BUY LODHA: avail=Rs125.54 < needed=Rs580.55 — qty 2→0
2026-07-15 09:11:05  ERROR     MIS BUY LODHA skipped — insufficient capital after reduction
2026-07-15 09:11:06  DEBUG     Starting new HTTPS connection (1): piconnect.flattrade.in:443
2026-07-15 09:11:06  DEBUG     https://piconnect.flattrade.in:443 "POST /PiConnectAPI/Limits HTTP/1.1" 200 None
2026-07-15 09:11:06  WARNING   MIS BUY LODHA: avail=Rs125.54 < needed=Rs580.50 — qty 2→0
2026-07-15 09:11:06  ERROR     MIS BUY LODHA skipped — insufficient capital after reduction
2026-07-15 09:11:07  DEBUG     Starting new HTTPS connection (1): piconnect.flattrade.in:443
2026-07-15 09:11:07  DEBUG     https://piconnect.flattrade.in:443 "POST /PiConnectAPI/Limits HTTP/1.1" 200 None
2026-07-15 09:11:07  WARNING   MIS BUY LODHA: avail=Rs125.54 < needed=Rs580.55 — qty 2→0
2026-07-15 09:11:07  ERROR     MIS BUY LODHA skipped — insufficient capital after reduction
2026-07-15 09:11:09  DEBUG     Starting new HTTPS connection (1): piconnect.flattrade.in:443
2026-07-15 09:11:09  DEBUG     https://piconnect.flattrade.in:443 "POST /PiConnectAPI/Limits HTTP/1.1" 200 None
2026-07-15 09:11:09  WARNING   MIS BUY LODHA: avail=Rs125.54 < needed=Rs580.55 — qty 2→0
2026-07-15 09:11:09  ERROR     MIS BUY LODHA skipped — insufficient capital after reduction
2026-07-15 09:11:13  DEBUG     Starting new HTTPS connection (1): piconnect.flattrade.in:443
2026-07-15 09:11:13  DEBUG     https://piconnect.flattrade.in:443 "POST /PiConnectAPI/Limits HTTP/1.1" 200 None
2026-07-15 09:11:13  WARNING   MIS BUY LODHA: avail=Rs125.54 < needed=Rs580.55 — qty 2→0
2026-07-15 09:11:13  ERROR     MIS BUY LODHA skipped — insufficient capital after reduction
2026-07-15 09:11:14  DEBUG     Starting new HTTPS connection (1): piconnect.flattrade.in:443
2026-07-15 09:11:14  DEBUG     https://piconnect.flattrade.in:443 "POST /PiConnectAPI/Limits HTTP/1.1" 200 None
2026-07-15 09:11:14  WARNING   MIS BUY LODHA: avail=Rs125.54 < needed=Rs580.55 — qty 2→0
2026-07-15 09:11:14  ERROR     MIS BUY LODHA skipped — insufficient capital after reduction
2026-07-15 09:11:15  DEBUG     Starting new HTTPS connection (1): piconnect.flattrade.in:443
2026-07-15 09:11:15  DEBUG     https://piconnect.flattrade.in:443 "POST /PiConnectAPI/Limits HTTP/1.1" 200 None
2026-07-15 09:11:15  WARNING   MIS BUY LODHA: avail=Rs125.54 < needed=Rs580.75 — qty 2→0
2026-07-15 09:11:15  ERROR     MIS BUY LODHA skipped — insufficient capital after reduction
2026-07-15 09:11:16  DEBUG     Starting new HTTPS connection (1): piconnect.flattrade.in:443
2026-07-15 09:11:16  DEBUG     https://piconnect.flattrade.in:443 "POST /PiConnectAPI/Limits HTTP/1.1" 200 None
2026-07-15 09:11:16  WARNING   MIS BUY LODHA: avail=Rs125.54 < needed=Rs580.73 — qty 2→0
2026-07-15 09:11:16  ERROR     MIS BUY LODHA skipped — insufficient capital after reduction
2026-07-15 09:11:18  DEBUG     Starting new HTTPS connection (1): piconnect.flattrade.in:443
2026-07-15 09:11:18  DEBUG     https://piconnect.flattrade.in:443 "POST /PiConnectAPI/Limits HTTP/1.1" 200 None
2026-07-15 09:11:18  WARNING   MIS BUY LODHA: avail=Rs125.54 < needed=Rs580.67 — qty 2→0
2026-07-15 09:11:18  ERROR     MIS BUY LODHA skipped — insufficient capital after reduction
2026-07-15 09:11:24  DEBUG     Starting new HTTPS connection (1): piconnect.flattrade.in:443
2026-07-15 09:11:25  DEBUG     https://piconnect.flattrade.in:443 "POST /PiConnectAPI/Limits HTTP/1.1" 200 None
2026-07-15 09:11:25  WARNING   MIS BUY LODHA: avail=Rs125.54 < needed=Rs580.65 — qty 2→0
2026-07-15 09:11:25  ERROR     MIS BUY LODHA skipped — insufficient capital after reduction
2026-07-15 09:11:25  DEBUG     Starting new HTTPS connection (1): piconnect.flattrade.in:443
2026-07-15 09:11:26  DEBUG     https://piconnect.flattrade.in:443 "POST /PiConnectAPI/Limits HTTP/1.1" 200 None
2026-07-15 09:11:26  WARNING   MIS BUY LODHA: avail=Rs125.54 < needed=Rs580.65 — qty 2→0
2026-07-15 09:11:26  ERROR     MIS BUY LODHA skipped — insufficient capital after reduction
2026-07-15 09:11:26  DEBUG     Starting new HTTPS connection (1): piconnect.flattrade.in:443
2026-07-15 09:11:27  DEBUG     https://piconnect.flattrade.in:443 "POST /PiConnectAPI/Limits HTTP/1.1" 200 None
2026-07-15 09:11:27  WARNING   MIS BUY LODHA: avail=Rs125.54 < needed=Rs580.62 — qty 2→0
2026-07-15 09:11:27  ERROR     MIS BUY LODHA skipped — insufficient capital after reduction
2026-07-15 09:11:27  DEBUG     Starting new HTTPS connection (1): piconnect.flattrade.in:443
2026-07-15 09:11:28  DEBUG     https://piconnect.flattrade.in:443 "POST /PiConnectAPI/Limits HTTP/1.1" 200 None
2026-07-15 09:11:28  WARNING   MIS BUY LODHA: avail=Rs125.54 < needed=Rs580.65 — qty 2→0
2026-07-15 09:11:28  ERROR     MIS BUY LODHA skipped — insufficient capital after reduction
2026-07-15 09:11:28  DEBUG     Starting new HTTPS connection (1): piconnect.flattrade.in:443
2026-07-15 09:11:28  DEBUG     https://piconnect.flattrade.in:443 "POST /PiConnectAPI/Limits HTTP/1.1" 200 None
2026-07-15 09:11:28  WARNING   MIS BUY LODHA: avail=Rs125.54 < needed=Rs580.65 — qty 2→0
2026-07-15 09:11:28  ERROR     MIS BUY LODHA skipped — insufficient capital after reduction
2026-07-15 09:11:28  DEBUG     Starting new HTTPS connection (1): piconnect.flattrade.in:443
2026-07-15 09:11:29  DEBUG     https://piconnect.flattrade.in:443 "POST /PiConnectAPI/Limits HTTP/1.1" 200 None
2026-07-15 09:11:29  WARNING   MIS BUY LODHA: avail=Rs125.54 < needed=Rs580.62 — qty 2→0
2026-07-15 09:11:29  ERROR     MIS BUY LODHA skipped — insufficient capital after reduction
2026-07-15 09:11:29  DEBUG     Starting new HTTPS connection (1): piconnect.flattrade.in:443
2026-07-15 09:11:29  DEBUG     https://piconnect.flattrade.in:443 "POST /PiConnectAPI/Limits HTTP/1.1" 200 None
2026-07-15 09:11:29  WARNING   MIS BUY LODHA: avail=Rs125.54 < needed=Rs580.62 — qty 2→0
2026-07-15 09:11:29  ERROR     MIS BUY LODHA skipped — insufficient capital after reduction
2026-07-15 09:11:30  DEBUG     Starting new HTTPS connection (1): piconnect.flattrade.in:443
2026-07-15 09:11:30  DEBUG     Sending ping
2026-07-15 09:11:30  DEBUG     https://piconnect.flattrade.in:443 "POST /PiConnectAPI/Limits HTTP/1.1" 200 None
2026-07-15 09:11:30  WARNING   MIS BUY LODHA: avail=Rs125.54 < needed=Rs580.62 — qty 2→0
2026-07-15 09:11:30  ERROR     MIS BUY LODHA skipped — insufficient capital after reduction
2026-07-15 09:11:31  DEBUG     Starting new HTTPS connection (1): piconnect.flattrade.in:443
2026-07-15 09:11:31  DEBUG     https://piconnect.flattrade.in:443 "POST /PiConnectAPI/Limits HTTP/1.1" 200 None
2026-07-15 09:11:31  WARNING   MIS BUY LODHA: avail=Rs125.54 < needed=Rs580.62 — qty 2→0
2026-07-15 09:11:31  ERROR     MIS BUY LODHA skipped — insufficient capital after reduction
2026-07-15 09:11:32  DEBUG     Starting new HTTPS connection (1): piconnect.flattrade.in:443
2026-07-15 09:11:32  DEBUG     https://piconnect.flattrade.in:443 "POST /PiConnectAPI/Limits HTTP/1.1" 200 None
2026-07-15 09:11:32  WARNING   MIS BUY LODHA: avail=Rs125.54 < needed=Rs580.62 — qty 2→0
2026-07-15 09:11:32  ERROR     MIS BUY LODHA skipped — insufficient capital after reduction
2026-07-15 09:11:33  DEBUG     Starting new HTTPS connection (1): piconnect.flattrade.in:443
2026-07-15 09:11:33  DEBUG     https://piconnect.flattrade.in:443 "POST /PiConnectAPI/Limits HTTP/1.1" 200 None
2026-07-15 09:11:33  WARNING   MIS BUY LODHA: avail=Rs125.54 < needed=Rs580.62 — qty 2→0
2026-07-15 09:11:33  ERROR     MIS BUY LODHA skipped — insufficient capital after reduction
2026-07-15 09:11:34  DEBUG     Starting new HTTPS connection (1): piconnect.flattrade.in:443
2026-07-15 09:11:34  DEBUG     https://piconnect.flattrade.in:443 "POST /PiConnectAPI/Limits HTTP/1.1" 200 None
2026-07-15 09:11:34  WARNING   MIS BUY LODHA: avail=Rs125.54 < needed=Rs580.60 — qty 2→0
2026-07-15 09:11:34  ERROR     MIS BUY LODHA skipped — insufficient capital after reduction
2026-07-15 09:11:35  DEBUG     Starting new HTTPS connection (1): piconnect.flattrade.in:443
2026-07-15 09:11:35  DEBUG     https://piconnect.flattrade.in:443 "POST /PiConnectAPI/Limits HTTP/1.1" 200 None
2026-07-15 09:11:35  WARNING   MIS BUY LODHA: avail=Rs125.54 < needed=Rs580.62 — qty 2→0
2026-07-15 09:11:35  ERROR     MIS BUY LODHA skipped — insufficient capital after reduction
2026-07-15 09:11:36  DEBUG     Starting new HTTPS connection (1): piconnect.flattrade.in:443
2026-07-15 09:11:36  DEBUG     https://piconnect.flattrade.in:443 "POST /PiConnectAPI/Limits HTTP/1.1" 200 None
2026-07-15 09:11:36  WARNING   MIS BUY LODHA: avail=Rs125.54 < needed=Rs580.60 — qty 2→0
2026-07-15 09:11:36  ERROR     MIS BUY LODHA skipped — insufficient capital after reduction
2026-07-15 09:11:36  DEBUG     Starting new HTTPS connection (1): piconnect.flattrade.in:443
2026-07-15 09:11:37  DEBUG     https://piconnect.flattrade.in:443 "POST /PiConnectAPI/Limits HTTP/1.1" 200 None
2026-07-15 09:11:37  WARNING   MIS BUY LODHA: avail=Rs125.54 < needed=Rs580.60 — qty 2→0
2026-07-15 09:11:37  ERROR     MIS BUY LODHA skipped — insufficient capital after reduction
2026-07-15 09:11:37  DEBUG     Starting new HTTPS connection (1): piconnect.flattrade.in:443
2026-07-15 09:11:37  DEBUG     https://piconnect.flattrade.in:443 "POST /PiConnectAPI/Limits HTTP/1.1" 200 None
2026-07-15 09:11:37  WARNING   MIS BUY LODHA: avail=Rs125.54 < needed=Rs580.60 — qty 2→0
2026-07-15 09:11:37  ERROR     MIS BUY LODHA skipped — insufficient capital after reduction
2026-07-15 09:11:37  DEBUG     Starting new HTTPS connection (1): piconnect.flattrade.in:443
2026-07-15 09:11:38  DEBUG     https://piconnect.flattrade.in:443 "POST /PiConnectAPI/Limits HTTP/1.1" 200 None
2026-07-15 09:11:38  WARNING   MIS BUY LODHA: avail=Rs125.54 < needed=Rs580.60 — qty 2→0
2026-07-15 09:11:38  ERROR     MIS BUY LODHA skipped — insufficient capital after reduction
2026-07-15 09:11:39  DEBUG     Starting new HTTPS connection (1): piconnect.flattrade.in:443
2026-07-15 09:11:39  DEBUG     https://piconnect.flattrade.in:443 "POST /PiConnectAPI/Limits HTTP/1.1" 200 None
2026-07-15 09:11:39  WARNING   MIS BUY LODHA: avail=Rs125.54 < needed=Rs580.60 — qty 2→0
2026-07-15 09:11:39  ERROR     MIS BUY LODHA skipped — insufficient capital after reduction
2026-07-15 09:11:40  DEBUG     Starting new HTTPS connection (1): piconnect.flattrade.in:443
2026-07-15 09:11:41  DEBUG     https://piconnect.flattrade.in:443 "POST /PiConnectAPI/Limits HTTP/1.1" 200 None
2026-07-15 09:11:41  WARNING   MIS BUY LODHA: avail=Rs125.54 < needed=Rs580.60 — qty 2→0
2026-07-15 09:11:41  ERROR     MIS BUY LODHA skipped — insufficient capital after reduction
2026-07-15 09:11:41  DEBUG     Starting new HTTPS connection (1): piconnect.flattrade.in:443
2026-07-15 09:11:41  DEBUG     https://piconnect.flattrade.in:443 "POST /PiConnectAPI/Limits HTTP/1.1" 200 None
2026-07-15 09:11:41  WARNING   MIS BUY LODHA: avail=Rs125.54 < needed=Rs580.60 — qty 2→0
2026-07-15 09:11:41  ERROR     MIS BUY LODHA skipped — insufficient capital after reduction
2026-07-15 09:11:41  DEBUG     Starting new HTTPS connection (1): piconnect.flattrade.in:443
2026-07-15 09:11:41  DEBUG     https://piconnect.flattrade.in:443 "POST /PiConnectAPI/Limits HTTP/1.1" 200 None
2026-07-15 09:11:41  WARNING   MIS BUY LODHA: avail=Rs125.54 < needed=Rs580.65 — qty 2→0
2026-07-15 09:11:41  ERROR     MIS BUY LODHA skipped — insufficient capital after reduction
2026-07-15 09:11:41  DEBUG     Starting new HTTPS connection (1): piconnect.flattrade.in:443
2026-07-15 09:11:42  DEBUG     https://piconnect.flattrade.in:443 "POST /PiConnectAPI/Limits HTTP/1.1" 200 None
2026-07-15 09:11:42  WARNING   MIS BUY LODHA: avail=Rs125.54 < needed=Rs580.65 — qty 2→0
2026-07-15 09:11:42  ERROR     MIS BUY LODHA skipped — insufficient capital after reduction
2026-07-15 09:11:43  DEBUG     Starting new HTTPS connection (1): piconnect.flattrade.in:443
2026-07-15 09:11:43  DEBUG     https://piconnect.flattrade.in:443 "POST /PiConnectAPI/Limits HTTP/1.1" 200 None
2026-07-15 09:11:43  WARNING   MIS BUY LODHA: avail=Rs125.54 < needed=Rs580.65 — qty 2→0
2026-07-15 09:11:43  ERROR     MIS BUY LODHA skipped — insufficient capital after reduction
2026-07-15 09:11:43  DEBUG     Starting new HTTPS connection (1): piconnect.flattrade.in:443
2026-07-15 09:11:43  DEBUG     https://piconnect.flattrade.in:443 "POST /PiConnectAPI/Limits HTTP/1.1" 200 None
2026-07-15 09:11:43  WARNING   MIS BUY LODHA: avail=Rs125.54 < needed=Rs580.65 — qty 2→0
2026-07-15 09:11:43  ERROR     MIS BUY LODHA skipped — insufficient capital after reduction
2026-07-15 09:11:44  DEBUG     Starting new HTTPS connection (1): piconnect.flattrade.in:443
2026-07-15 09:11:44  DEBUG     https://piconnect.flattrade.in:443 "POST /PiConnectAPI/Limits HTTP/1.1" 200 None
2026-07-15 09:11:44  WARNING   MIS BUY LODHA: avail=Rs125.54 < needed=Rs580.65 — qty 2→0
2026-07-15 09:11:44  ERROR     MIS BUY LODHA skipped — insufficient capital after reduction
2026-07-15 09:11:45  DEBUG     Starting new HTTPS connection (1): piconnect.flattrade.in:443
2026-07-15 09:11:45  DEBUG     https://piconnect.flattrade.in:443 "POST /PiConnectAPI/Limits HTTP/1.1" 200 None
2026-07-15 09:11:45  WARNING   MIS BUY LODHA: avail=Rs125.54 < needed=Rs580.65 — qty 2→0
2026-07-15 09:11:45  ERROR     MIS BUY LODHA skipped — insufficient capital after reduction
2026-07-15 09:11:46  DEBUG     Starting new HTTPS connection (1): piconnect.flattrade.in:443
2026-07-15 09:11:46  DEBUG     https://piconnect.flattrade.in:443 "POST /PiConnectAPI/Limits HTTP/1.1" 200 None
2026-07-15 09:11:46  WARNING   MIS BUY LODHA: avail=Rs125.54 < needed=Rs580.65 — qty 2→0
2026-07-15 09:11:46  ERROR     MIS BUY LODHA skipped — insufficient capital after reduction
2026-07-15 09:11:47  DEBUG     Starting new HTTPS connection (1): piconnect.flattrade.in:443
2026-07-15 09:11:47  DEBUG     https://piconnect.flattrade.in:443 "POST /PiConnectAPI/Limits HTTP/1.1" 200 None
2026-07-15 09:11:47  WARNING   MIS BUY LODHA: avail=Rs125.54 < needed=Rs580.65 — qty 2→0
2026-07-15 09:11:47  ERROR     MIS BUY LODHA skipped — insufficient capital after reduction
2026-07-15 09:11:48  DEBUG     Starting new HTTPS connection (1): piconnect.flattrade.in:443
2026-07-15 09:11:48  DEBUG     https://piconnect.flattrade.in:443 "POST /PiConnectAPI/Limits HTTP/1.1" 200 None
2026-07-15 09:11:48  WARNING   MIS BUY LODHA: avail=Rs125.54 < needed=Rs580.65 — qty 2→0
2026-07-15 09:11:48  ERROR     MIS BUY LODHA skipped — insufficient capital after reduction
2026-07-15 09:11:49  DEBUG     Starting new HTTPS connection (1): piconnect.flattrade.in:443
2026-07-15 09:11:49  DEBUG     https://piconnect.flattrade.in:443 "POST /PiConnectAPI/Limits HTTP/1.1" 200 None
2026-07-15 09:11:49  WARNING   MIS BUY LODHA: avail=Rs125.54 < needed=Rs580.65 — qty 2→0
2026-07-15 09:11:49  ERROR     MIS BUY LODHA skipped — insufficient capital after reduction
2026-07-15 09:11:51  DEBUG     Starting new HTTPS connection (1): piconnect.flattrade.in:443
2026-07-15 09:11:51  DEBUG     https://piconnect.flattrade.in:443 "POST /PiConnectAPI/Limits HTTP/1.1" 200 None
2026-07-15 09:11:51  WARNING   MIS BUY LODHA: avail=Rs125.54 < needed=Rs580.65 — qty 2→0
2026-07-15 09:11:51  ERROR     MIS BUY LODHA skipped — insufficient capital after reduction
2026-07-15 09:11:52  DEBUG     Starting new HTTPS connection (1): piconnect.flattrade.in:443
2026-07-15 09:11:52  DEBUG     https://piconnect.flattrade.in:443 "POST /PiConnectAPI/Limits HTTP/1.1" 200 None
2026-07-15 09:11:52  WARNING   MIS BUY LODHA: avail=Rs125.54 < needed=Rs580.62 — qty 2→0
2026-07-15 09:11:52  ERROR     MIS BUY LODHA skipped — insufficient capital after reduction
2026-07-15 09:11:53  DEBUG     Starting new HTTPS connection (1): piconnect.flattrade.in:443
2026-07-15 09:11:53  DEBUG     https://piconnect.flattrade.in:443 "POST /PiConnectAPI/Limits HTTP/1.1" 200 None
2026-07-15 09:11:53  WARNING   MIS BUY LODHA: avail=Rs125.54 < needed=Rs580.75 — qty 2→0
2026-07-15 09:11:53  ERROR     MIS BUY LODHA skipped — insufficient capital after reduction
2026-07-15 09:11:54  DEBUG     Starting new HTTPS connection (1): piconnect.flattrade.in:443
2026-07-15 09:11:54  DEBUG     https://piconnect.flattrade.in:443 "POST /PiConnectAPI/Limits HTTP/1.1" 200 None
2026-07-15 09:11:54  WARNING   MIS BUY LODHA: avail=Rs125.54 < needed=Rs580.75 — qty 2→0
2026-07-15 09:11:54  ERROR     MIS BUY LODHA skipped — insufficient capital after reduction
2026-07-15 09:11:55  DEBUG     Starting new HTTPS connection (1): piconnect.flattrade.in:443
2026-07-15 09:11:55  DEBUG     https://piconnect.flattrade.in:443 "POST /PiConnectAPI/Limits HTTP/1.1" 200 None
2026-07-15 09:11:55  WARNING   MIS BUY LODHA: avail=Rs125.54 < needed=Rs580.75 — qty 2→0
2026-07-15 09:11:55  ERROR     MIS BUY LODHA skipped — insufficient capital after reduction
2026-07-15 09:11:58  DEBUG     Starting new HTTPS connection (1): piconnect.flattrade.in:443
2026-07-15 09:11:58  DEBUG     https://piconnect.flattrade.in:443 "POST /PiConnectAPI/Limits HTTP/1.1" 200 None
2026-07-15 09:11:58  WARNING   MIS BUY LODHA: avail=Rs125.54 < needed=Rs580.73 — qty 2→0
2026-07-15 09:11:58  ERROR     MIS BUY LODHA skipped — insufficient capital after reduction
2026-07-15 09:11:59  DEBUG     Starting new HTTPS connection (1): piconnect.flattrade.in:443
2026-07-15 09:11:59  DEBUG     https://piconnect.flattrade.in:443 "POST /PiConnectAPI/Limits HTTP/1.1" 200 None
2026-07-15 09:11:59  WARNING   MIS BUY LODHA: avail=Rs125.54 < needed=Rs580.73 — qty 2→0
2026-07-15 09:11:59  ERROR     MIS BUY LODHA skipped — insufficient capital after reduction
2026-07-15 09:12:00  DEBUG     Starting new HTTPS connection (1): piconnect.flattrade.in:443
2026-07-15 09:12:00  DEBUG     https://piconnect.flattrade.in:443 "POST /PiConnectAPI/Limits HTTP/1.1" 200 None
2026-07-15 09:12:00  WARNING   MIS BUY LODHA: avail=Rs125.54 < needed=Rs580.73 — qty 2→0
2026-07-15 09:12:00  ERROR     MIS BUY LODHA skipped — insufficient capital after reduction
2026-07-15 09:12:00  DEBUG     Sending ping
2026-07-15 09:12:03  DEBUG     Starting new HTTPS connection (1): piconnect.flattrade.in:443
2026-07-15 09:12:03  DEBUG     https://piconnect.flattrade.in:443 "POST /PiConnectAPI/Limits HTTP/1.1" 200 None
2026-07-15 09:12:03  WARNING   MIS BUY LODHA: avail=Rs125.54 < needed=Rs580.73 — qty 2→0
2026-07-15 09:12:03  ERROR     MIS BUY LODHA skipped — insufficient capital after reduction
2026-07-15 09:12:04  DEBUG     Starting new HTTPS connection (1): piconnect.flattrade.in:443
2026-07-15 09:12:04  DEBUG     https://piconnect.flattrade.in:443 "POST /PiConnectAPI/Limits HTTP/1.1" 200 None
2026-07-15 09:12:04  WARNING   MIS BUY LODHA: avail=Rs125.54 < needed=Rs580.73 — qty 2→0
2026-07-15 09:12:04  ERROR     MIS BUY LODHA skipped — insufficient capital after reduction
2026-07-15 09:12:05  DEBUG     Starting new HTTPS connection (1): piconnect.flattrade.in:443
2026-07-15 09:12:05  DEBUG     https://piconnect.flattrade.in:443 "POST /PiConnectAPI/Limits HTTP/1.1" 200 None
2026-07-15 09:12:05  WARNING   MIS BUY LODHA: avail=Rs125.54 < needed=Rs580.73 — qty 2→0
2026-07-15 09:12:05  ERROR     MIS BUY LODHA skipped — insufficient capital after reduction
2026-07-15 09:12:06  DEBUG     Starting new HTTPS connection (1): piconnect.flattrade.in:443
2026-07-15 09:12:06  DEBUG     https://piconnect.flattrade.in:443 "POST /PiConnectAPI/Limits HTTP/1.1" 200 None
2026-07-15 09:12:06  WARNING   MIS BUY LODHA: avail=Rs125.54 < needed=Rs580.73 — qty 2→0
2026-07-15 09:12:06  ERROR     MIS BUY LODHA skipped — insufficient capital after reduction
2026-07-15 09:12:07  DEBUG     Starting new HTTPS connection (1): piconnect.flattrade.in:443
2026-07-15 09:12:07  DEBUG     https://piconnect.flattrade.in:443 "POST /PiConnectAPI/Limits HTTP/1.1" 200 None
2026-07-15 09:12:07  WARNING   MIS BUY LODHA: avail=Rs125.54 < needed=Rs580.73 — qty 2→0
2026-07-15 09:12:07  ERROR     MIS BUY LODHA skipped — insufficient capital after reduction
2026-07-15 09:12:08  DEBUG     Starting new HTTPS connection (1): piconnect.flattrade.in:443
2026-07-15 09:12:08  DEBUG     https://piconnect.flattrade.in:443 "POST /PiConnectAPI/Limits HTTP/1.1" 200 None
2026-07-15 09:12:08  WARNING   MIS BUY LODHA: avail=Rs125.54 < needed=Rs580.70 — qty 2→0
2026-07-15 09:12:08  ERROR     MIS BUY LODHA skipped — insufficient capital after reduction
2026-07-15 09:12:13  DEBUG     Starting new HTTPS connection (1): piconnect.flattrade.in:443
2026-07-15 09:12:13  DEBUG     https://piconnect.flattrade.in:443 "POST /PiConnectAPI/Limits HTTP/1.1" 200 None
2026-07-15 09:12:13  WARNING   MIS BUY LODHA: avail=Rs125.54 < needed=Rs580.70 — qty 2→0
2026-07-15 09:12:13  ERROR     MIS BUY LODHA skipped — insufficient capital after reduction
2026-07-15 09:12:14  DEBUG     Starting new HTTPS connection (1): piconnect.flattrade.in:443
2026-07-15 09:12:14  DEBUG     https://piconnect.flattrade.in:443 "POST /PiConnectAPI/Limits HTTP/1.1" 200 None
2026-07-15 09:12:14  WARNING   MIS BUY LODHA: avail=Rs125.54 < needed=Rs580.70 — qty 2→0
2026-07-15 09:12:14  ERROR     MIS BUY LODHA skipped — insufficient capital after reduction
2026-07-15 09:12:15  DEBUG     Starting new HTTPS connection (1): piconnect.flattrade.in:443
2026-07-15 09:12:15  DEBUG     https://piconnect.flattrade.in:443 "POST /PiConnectAPI/Limits HTTP/1.1" 200 None
2026-07-15 09:12:15  WARNING   MIS BUY LODHA: avail=Rs125.54 < needed=Rs580.70 — qty 2→0
2026-07-15 09:12:15  ERROR     MIS BUY LODHA skipped — insufficient capital after reduction
2026-07-15 09:12:16  DEBUG     Starting new HTTPS connection (1): piconnect.flattrade.in:443
2026-07-15 09:12:16  DEBUG     https://piconnect.flattrade.in:443 "POST /PiConnectAPI/Limits HTTP/1.1" 200 None
2026-07-15 09:12:16  WARNING   MIS BUY LODHA: avail=Rs125.54 < needed=Rs580.70 — qty 2→0
2026-07-15 09:12:16  ERROR     MIS BUY LODHA skipped — insufficient capital after reduction
2026-07-15 09:12:17  DEBUG     Starting new HTTPS connection (1): piconnect.flattrade.in:443
2026-07-15 09:12:17  DEBUG     https://piconnect.flattrade.in:443 "POST /PiConnectAPI/Limits HTTP/1.1" 200 None
2026-07-15 09:12:17  WARNING   MIS BUY LODHA: avail=Rs125.54 < needed=Rs580.70 — qty 2→0
2026-07-15 09:12:17  ERROR     MIS BUY LODHA skipped — insufficient capital after reduction
2026-07-15 09:12:22  DEBUG     Starting new HTTPS connection (1): piconnect.flattrade.in:443
2026-07-15 09:12:22  DEBUG     https://piconnect.flattrade.in:443 "POST /PiConnectAPI/Limits HTTP/1.1" 200 None
2026-07-15 09:12:22  WARNING   MIS BUY LODHA: avail=Rs125.54 < needed=Rs580.70 — qty 2→0
2026-07-15 09:12:22  ERROR     MIS BUY LODHA skipped — insufficient capital after reduction
2026-07-15 09:12:27  DEBUG     Starting new HTTPS connection (1): piconnect.flattrade.in:443
2026-07-15 09:12:27  DEBUG     https://piconnect.flattrade.in:443 "POST /PiConnectAPI/Limits HTTP/1.1" 200 None
2026-07-15 09:12:27  WARNING   MIS BUY LODHA: avail=Rs125.54 < needed=Rs580.70 — qty 2→0
2026-07-15 09:12:27  ERROR     MIS BUY LODHA skipped — insufficient capital after reduction
2026-07-15 09:12:29  DEBUG     Starting new HTTPS connection (1): piconnect.flattrade.in:443
2026-07-15 09:12:29  DEBUG     https://piconnect.flattrade.in:443 "POST /PiConnectAPI/Limits HTTP/1.1" 200 None
2026-07-15 09:12:29  WARNING   MIS BUY LODHA: avail=Rs125.54 < needed=Rs580.70 — qty 2→0
2026-07-15 09:12:29  ERROR     MIS BUY LODHA skipped — insufficient capital after reduction
2026-07-15 09:12:30  DEBUG     Sending ping
2026-07-15 09:12:32  DEBUG     Starting new HTTPS connection (1): piconnect.flattrade.in:443
2026-07-15 09:12:32  DEBUG     https://piconnect.flattrade.in:443 "POST /PiConnectAPI/Limits HTTP/1.1" 200 None
2026-07-15 09:12:32  WARNING   MIS BUY LODHA: avail=Rs125.54 < needed=Rs580.70 — qty 2→0
2026-07-15 09:12:32  ERROR     MIS BUY LODHA skipped — insufficient capital after reduction
2026-07-15 09:12:37  DEBUG     Starting new HTTPS connection (1): piconnect.flattrade.in:443
2026-07-15 09:12:37  DEBUG     https://piconnect.flattrade.in:443 "POST /PiConnectAPI/Limits HTTP/1.1" 200 None
2026-07-15 09:12:37  WARNING   MIS BUY LODHA: avail=Rs125.54 < needed=Rs580.70 — qty 2→0
2026-07-15 09:12:37  ERROR     MIS BUY LODHA skipped — insufficient capital after reduction
2026-07-15 09:12:40  DEBUG     Starting new HTTPS connection (1): piconnect.flattrade.in:443
2026-07-15 09:12:40  DEBUG     https://piconnect.flattrade.in:443 "POST /PiConnectAPI/Limits HTTP/1.1" 200 None
2026-07-15 09:12:40  WARNING   MIS BUY LODHA: avail=Rs125.54 < needed=Rs580.70 — qty 2→0
2026-07-15 09:12:40  ERROR     MIS BUY LODHA skipped — insufficient capital after reduction
2026-07-15 09:12:42  DEBUG     Starting new HTTPS connection (1): piconnect.flattrade.in:443
2026-07-15 09:12:42  DEBUG     https://piconnect.flattrade.in:443 "POST /PiConnectAPI/Limits HTTP/1.1" 200 None
2026-07-15 09:12:42  WARNING   MIS BUY LODHA: avail=Rs125.54 < needed=Rs580.67 — qty 2→0
2026-07-15 09:12:42  ERROR     MIS BUY LODHA skipped — insufficient capital after reduction
2026-07-15 09:12:44  DEBUG     Starting new HTTPS connection (1): piconnect.flattrade.in:443
2026-07-15 09:12:44  DEBUG     https://piconnect.flattrade.in:443 "POST /PiConnectAPI/Limits HTTP/1.1" 200 None
2026-07-15 09:12:44  WARNING   MIS BUY LODHA: avail=Rs125.54 < needed=Rs580.67 — qty 2→0
2026-07-15 09:12:44  ERROR     MIS BUY LODHA skipped — insufficient capital after reduction
2026-07-15 09:12:46  DEBUG     Starting new HTTPS connection (1): piconnect.flattrade.in:443
2026-07-15 09:12:47  DEBUG     https://piconnect.flattrade.in:443 "POST /PiConnectAPI/Limits HTTP/1.1" 200 None
2026-07-15 09:12:47  WARNING   MIS BUY LODHA: avail=Rs125.54 < needed=Rs580.67 — qty 2→0
2026-07-15 09:12:47  ERROR     MIS BUY LODHA skipped — insufficient capital after reduction
2026-07-15 09:12:52  DEBUG     Starting new HTTPS connection (1): piconnect.flattrade.in:443
2026-07-15 09:12:52  DEBUG     https://piconnect.flattrade.in:443 "POST /PiConnectAPI/Limits HTTP/1.1" 200 None
2026-07-15 09:12:52  WARNING   MIS BUY LODHA: avail=Rs125.54 < needed=Rs580.67 — qty 2→0
2026-07-15 09:12:52  ERROR     MIS BUY LODHA skipped — insufficient capital after reduction
2026-07-15 09:12:57  DEBUG     Starting new HTTPS connection (1): piconnect.flattrade.in:443
2026-07-15 09:12:57  DEBUG     https://piconnect.flattrade.in:443 "POST /PiConnectAPI/Limits HTTP/1.1" 200 None
2026-07-15 09:12:57  WARNING   MIS BUY LODHA: avail=Rs125.54 < needed=Rs580.67 — qty 2→0
2026-07-15 09:12:57  ERROR     MIS BUY LODHA skipped — insufficient capital after reduction
2026-07-15 09:13:00  DEBUG     Sending ping
2026-07-15 09:13:02  DEBUG     Starting new HTTPS connection (1): piconnect.flattrade.in:443
2026-07-15 09:13:03  DEBUG     https://piconnect.flattrade.in:443 "POST /PiConnectAPI/Limits HTTP/1.1" 200 None
2026-07-15 09:13:03  WARNING   MIS BUY LODHA: avail=Rs125.54 < needed=Rs580.65 — qty 2→0
2026-07-15 09:13:03  ERROR     MIS BUY LODHA skipped — insufficient capital after reduction
2026-07-15 09:13:08  DEBUG     Starting new HTTPS connection (1): piconnect.flattrade.in:443
2026-07-15 09:13:08  DEBUG     https://piconnect.flattrade.in:443 "POST /PiConnectAPI/Limits HTTP/1.1" 200 None
2026-07-15 09:13:08  WARNING   MIS BUY LODHA: avail=Rs125.54 < needed=Rs580.65 — qty 2→0
2026-07-15 09:13:08  ERROR     MIS BUY LODHA skipped — insufficient capital after reduction
2026-07-15 09:13:13  DEBUG     Starting new HTTPS connection (1): piconnect.flattrade.in:443
2026-07-15 09:13:13  DEBUG     https://piconnect.flattrade.in:443 "POST /PiConnectAPI/Limits HTTP/1.1" 200 None
2026-07-15 09:13:13  WARNING   MIS BUY LODHA: avail=Rs125.54 < needed=Rs580.52 — qty 2→0
2026-07-15 09:13:13  ERROR     MIS BUY LODHA skipped — insufficient capital after reduction
2026-07-15 09:13:18  DEBUG     Starting new HTTPS connection (1): piconnect.flattrade.in:443
2026-07-15 09:13:18  DEBUG     https://piconnect.flattrade.in:443 "POST /PiConnectAPI/Limits HTTP/1.1" 200 None
2026-07-15 09:13:18  WARNING   MIS BUY LODHA: avail=Rs125.54 < needed=Rs580.52 — qty 2→0
2026-07-15 09:13:18  ERROR     MIS BUY LODHA skipped — insufficient capital after reduction
2026-07-15 09:13:18  DEBUG     Starting new HTTPS connection (1): piconnect.flattrade.in:443
2026-07-15 09:13:19  DEBUG     https://piconnect.flattrade.in:443 "POST /PiConnectAPI/Limits HTTP/1.1" 200 None
2026-07-15 09:13:19  WARNING   MIS BUY LODHA: avail=Rs125.54 < needed=Rs580.50 — qty 2→0
2026-07-15 09:13:19  ERROR     MIS BUY LODHA skipped — insufficient capital after reduction
2026-07-15 09:13:21  DEBUG     Starting new HTTPS connection (1): piconnect.flattrade.in:443
2026-07-15 09:13:22  DEBUG     https://piconnect.flattrade.in:443 "POST /PiConnectAPI/Limits HTTP/1.1" 200 None
2026-07-15 09:13:22  WARNING   MIS BUY LODHA: avail=Rs125.54 < needed=Rs580.50 — qty 2→0
2026-07-15 09:13:22  ERROR     MIS BUY LODHA skipped — insufficient capital after reduction
2026-07-15 09:13:24  DEBUG     Starting new HTTPS connection (1): piconnect.flattrade.in:443
2026-07-15 09:13:24  DEBUG     https://piconnect.flattrade.in:443 "POST /PiConnectAPI/Limits HTTP/1.1" 200 None
2026-07-15 09:13:24  WARNING   MIS BUY LODHA: avail=Rs125.54 < needed=Rs580.50 — qty 2→0
2026-07-15 09:13:24  ERROR     MIS BUY LODHA skipped — insufficient capital after reduction
2026-07-15 09:13:28  DEBUG     Starting new HTTPS connection (1): piconnect.flattrade.in:443
2026-07-15 09:13:29  DEBUG     https://piconnect.flattrade.in:443 "POST /PiConnectAPI/Limits HTTP/1.1" 200 None
2026-07-15 09:13:29  WARNING   MIS BUY LODHA: avail=Rs125.54 < needed=Rs580.50 — qty 2→0
2026-07-15 09:13:29  ERROR     MIS BUY LODHA skipped — insufficient capital after reduction
2026-07-15 09:13:30  DEBUG     Sending ping
2026-07-15 09:13:33  DEBUG     Starting new HTTPS connection (1): piconnect.flattrade.in:443
2026-07-15 09:13:33  DEBUG     https://piconnect.flattrade.in:443 "POST /PiConnectAPI/Limits HTTP/1.1" 200 None
2026-07-15 09:13:33  WARNING   MIS BUY LODHA: avail=Rs125.54 < needed=Rs580.50 — qty 2→0
2026-07-15 09:13:33  ERROR     MIS BUY LODHA skipped — insufficient capital after reduction
2026-07-15 09:13:34  DEBUG     Starting new HTTPS connection (1): piconnect.flattrade.in:443
2026-07-15 09:13:34  DEBUG     https://piconnect.flattrade.in:443 "POST /PiConnectAPI/Limits HTTP/1.1" 200 None
2026-07-15 09:13:34  WARNING   MIS BUY LODHA: avail=Rs125.54 < needed=Rs580.62 — qty 2→0
2026-07-15 09:13:34  ERROR     MIS BUY LODHA skipped — insufficient capital after reduction
2026-07-15 09:13:39  DEBUG     Starting new HTTPS connection (1): piconnect.flattrade.in:443
2026-07-15 09:13:39  DEBUG     https://piconnect.flattrade.in:443 "POST /PiConnectAPI/Limits HTTP/1.1" 200 None
2026-07-15 09:13:39  WARNING   MIS BUY LODHA: avail=Rs125.54 < needed=Rs580.62 — qty 2→0
2026-07-15 09:13:39  ERROR     MIS BUY LODHA skipped — insufficient capital after reduction
2026-07-15 09:13:40  DEBUG     Starting new HTTPS connection (1): piconnect.flattrade.in:443
2026-07-15 09:13:40  DEBUG     https://piconnect.flattrade.in:443 "POST /PiConnectAPI/Limits HTTP/1.1" 200 None
2026-07-15 09:13:40  WARNING   MIS BUY LODHA: avail=Rs125.54 < needed=Rs580.62 — qty 2→0
2026-07-15 09:13:40  ERROR     MIS BUY LODHA skipped — insufficient capital after reduction
2026-07-15 09:13:44  DEBUG     Starting new HTTPS connection (1): piconnect.flattrade.in:443
2026-07-15 09:13:44  DEBUG     https://piconnect.flattrade.in:443 "POST /PiConnectAPI/Limits HTTP/1.1" 200 None
2026-07-15 09:13:44  WARNING   MIS BUY LODHA: avail=Rs125.54 < needed=Rs580.58 — qty 2→0
2026-07-15 09:13:44  ERROR     MIS BUY LODHA skipped — insufficient capital after reduction
2026-07-15 09:13:45  DEBUG     Starting new HTTPS connection (1): piconnect.flattrade.in:443
2026-07-15 09:13:46  DEBUG     https://piconnect.flattrade.in:443 "POST /PiConnectAPI/Limits HTTP/1.1" 200 None
2026-07-15 09:13:46  WARNING   MIS BUY LODHA: avail=Rs125.54 < needed=Rs580.58 — qty 2→0
2026-07-15 09:13:46  ERROR     MIS BUY LODHA skipped — insufficient capital after reduction
2026-07-15 09:13:49  DEBUG     Starting new HTTPS connection (1): piconnect.flattrade.in:443
2026-07-15 09:13:49  DEBUG     https://piconnect.flattrade.in:443 "POST /PiConnectAPI/Limits HTTP/1.1" 200 None
2026-07-15 09:13:49  WARNING   MIS BUY LODHA: avail=Rs125.54 < needed=Rs580.58 — qty 2→0
2026-07-15 09:13:49  ERROR     MIS BUY LODHA skipped — insufficient capital after reduction
2026-07-15 09:13:54  DEBUG     Starting new HTTPS connection (1): piconnect.flattrade.in:443
2026-07-15 09:13:54  DEBUG     https://piconnect.flattrade.in:443 "POST /PiConnectAPI/Limits HTTP/1.1" 200 None
2026-07-15 09:13:54  WARNING   MIS BUY LODHA: avail=Rs125.54 < needed=Rs580.58 — qty 2→0
2026-07-15 09:13:54  ERROR     MIS BUY LODHA skipped — insufficient capital after reduction
2026-07-15 09:13:59  DEBUG     Starting new HTTPS connection (1): piconnect.flattrade.in:443
2026-07-15 09:13:59  DEBUG     https://piconnect.flattrade.in:443 "POST /PiConnectAPI/Limits HTTP/1.1" 200 None
2026-07-15 09:13:59  WARNING   MIS BUY LODHA: avail=Rs125.54 < needed=Rs580.58 — qty 2→0
2026-07-15 09:13:59  ERROR     MIS BUY LODHA skipped — insufficient capital after reduction
2026-07-15 09:14:00  DEBUG     Sending ping
2026-07-15 09:14:01  DEBUG     Starting new HTTPS connection (1): piconnect.flattrade.in:443
2026-07-15 09:14:02  DEBUG     https://piconnect.flattrade.in:443 "POST /PiConnectAPI/Limits HTTP/1.1" 200 None
2026-07-15 09:14:02  WARNING   MIS BUY LODHA: avail=Rs125.54 < needed=Rs580.58 — qty 2→0
2026-07-15 09:14:02  ERROR     MIS BUY LODHA skipped — insufficient capital after reduction
2026-07-15 09:14:05  DEBUG     Starting new HTTPS connection (1): piconnect.flattrade.in:443
2026-07-15 09:14:05  DEBUG     https://piconnect.flattrade.in:443 "POST /PiConnectAPI/Limits HTTP/1.1" 200 None
2026-07-15 09:14:05  WARNING   MIS BUY LODHA: avail=Rs125.54 < needed=Rs580.75 — qty 2→0
2026-07-15 09:14:05  ERROR     MIS BUY LODHA skipped — insufficient capital after reduction
2026-07-15 09:14:05  DEBUG     Starting new HTTPS connection (1): piconnect.flattrade.in:443
2026-07-15 09:14:06  DEBUG     https://piconnect.flattrade.in:443 "POST /PiConnectAPI/Limits HTTP/1.1" 200 None
2026-07-15 09:14:06  WARNING   MIS BUY LODHA: avail=Rs125.54 < needed=Rs580.75 — qty 2→0
2026-07-15 09:14:06  ERROR     MIS BUY LODHA skipped — insufficient capital after reduction
2026-07-15 09:14:09  DEBUG     Starting new HTTPS connection (1): piconnect.flattrade.in:443
2026-07-15 09:14:10  DEBUG     https://piconnect.flattrade.in:443 "POST /PiConnectAPI/Limits HTTP/1.1" 200 None
2026-07-15 09:14:10  WARNING   MIS BUY LODHA: avail=Rs125.54 < needed=Rs580.75 — qty 2→0
2026-07-15 09:14:10  ERROR     MIS BUY LODHA skipped — insufficient capital after reduction
2026-07-15 09:14:10  DEBUG     Starting new HTTPS connection (1): piconnect.flattrade.in:443
2026-07-15 09:14:10  DEBUG     https://piconnect.flattrade.in:443 "POST /PiConnectAPI/Limits HTTP/1.1" 200 None
2026-07-15 09:14:10  WARNING   MIS BUY LODHA: avail=Rs125.54 < needed=Rs580.73 — qty 2→0
2026-07-15 09:14:10  ERROR     MIS BUY LODHA skipped — insufficient capital after reduction
2026-07-15 09:14:12  DEBUG     Starting new HTTPS connection (1): piconnect.flattrade.in:443
2026-07-15 09:14:12  DEBUG     https://piconnect.flattrade.in:443 "POST /PiConnectAPI/Limits HTTP/1.1" 200 None
2026-07-15 09:14:12  WARNING   MIS BUY LODHA: avail=Rs125.54 < needed=Rs580.73 — qty 2→0
2026-07-15 09:14:12  ERROR     MIS BUY LODHA skipped — insufficient capital after reduction
2026-07-15 09:14:15  DEBUG     Starting new HTTPS connection (1): piconnect.flattrade.in:443
2026-07-15 09:14:15  DEBUG     https://piconnect.flattrade.in:443 "POST /PiConnectAPI/Limits HTTP/1.1" 200 None
2026-07-15 09:14:15  WARNING   MIS BUY LODHA: avail=Rs125.54 < needed=Rs580.75 — qty 2→0
2026-07-15 09:14:15  ERROR     MIS BUY LODHA skipped — insufficient capital after reduction
2026-07-15 09:14:18  DEBUG     Starting new HTTPS connection (1): piconnect.flattrade.in:443
2026-07-15 09:14:19  DEBUG     https://piconnect.flattrade.in:443 "POST /PiConnectAPI/Limits HTTP/1.1" 200 None
2026-07-15 09:14:19  WARNING   MIS BUY LODHA: avail=Rs125.54 < needed=Rs580.75 — qty 2→0
2026-07-15 09:14:19  ERROR     MIS BUY LODHA skipped — insufficient capital after reduction
2026-07-15 09:14:21  DEBUG     Starting new HTTPS connection (1): piconnect.flattrade.in:443
2026-07-15 09:14:21  DEBUG     https://piconnect.flattrade.in:443 "POST /PiConnectAPI/Limits HTTP/1.1" 200 None
2026-07-15 09:14:21  WARNING   MIS BUY LODHA: avail=Rs125.54 < needed=Rs580.75 — qty 2→0
2026-07-15 09:14:21  ERROR     MIS BUY LODHA skipped — insufficient capital after reduction
2026-07-15 09:14:26  DEBUG     Starting new HTTPS connection (1): piconnect.flattrade.in:443
2026-07-15 09:14:26  DEBUG     https://piconnect.flattrade.in:443 "POST /PiConnectAPI/Limits HTTP/1.1" 200 None
2026-07-15 09:14:26  WARNING   MIS BUY LODHA: avail=Rs125.54 < needed=Rs580.75 — qty 2→0
2026-07-15 09:14:26  ERROR     MIS BUY LODHA skipped — insufficient capital after reduction
2026-07-15 09:14:30  DEBUG     Starting new HTTPS connection (1): piconnect.flattrade.in:443
2026-07-15 09:14:30  DEBUG     Sending ping
2026-07-15 09:14:31  DEBUG     https://piconnect.flattrade.in:443 "POST /PiConnectAPI/Limits HTTP/1.1" 200 None
2026-07-15 09:14:31  WARNING   MIS BUY LODHA: avail=Rs125.54 < needed=Rs580.75 — qty 2→0
2026-07-15 09:14:31  ERROR     MIS BUY LODHA skipped — insufficient capital after reduction
2026-07-15 09:14:31  DEBUG     Starting new HTTPS connection (1): piconnect.flattrade.in:443
2026-07-15 09:14:31  DEBUG     https://piconnect.flattrade.in:443 "POST /PiConnectAPI/Limits HTTP/1.1" 200 None
2026-07-15 09:14:31  WARNING   MIS BUY LODHA: avail=Rs125.54 < needed=Rs580.75 — qty 2→0
2026-07-15 09:14:31  ERROR     MIS BUY LODHA skipped — insufficient capital after reduction
2026-07-15 09:14:36  DEBUG     Starting new HTTPS connection (1): piconnect.flattrade.in:443
2026-07-15 09:14:36  DEBUG     https://piconnect.flattrade.in:443 "POST /PiConnectAPI/Limits HTTP/1.1" 200 None
2026-07-15 09:14:36  WARNING   MIS BUY LODHA: avail=Rs125.54 < needed=Rs580.75 — qty 2→0
2026-07-15 09:14:36  ERROR     MIS BUY LODHA skipped — insufficient capital after reduction
2026-07-15 09:14:41  DEBUG     Starting new HTTPS connection (1): piconnect.flattrade.in:443
2026-07-15 09:14:41  DEBUG     https://piconnect.flattrade.in:443 "POST /PiConnectAPI/Limits HTTP/1.1" 200 None
2026-07-15 09:14:41  WARNING   MIS BUY LODHA: avail=Rs125.54 < needed=Rs580.75 — qty 2→0
2026-07-15 09:14:41  ERROR     MIS BUY LODHA skipped — insufficient capital after reduction
2026-07-15 09:14:41  DEBUG     Starting new HTTPS connection (1): piconnect.flattrade.in:443
2026-07-15 09:14:41  DEBUG     https://piconnect.flattrade.in:443 "POST /PiConnectAPI/Limits HTTP/1.1" 200 None
2026-07-15 09:14:41  WARNING   MIS BUY LODHA: avail=Rs125.54 < needed=Rs580.75 — qty 2→0
2026-07-15 09:14:41  ERROR     MIS BUY LODHA skipped — insufficient capital after reduction
2026-07-15 09:14:42  DEBUG     Starting new HTTPS connection (1): piconnect.flattrade.in:443
2026-07-15 09:14:43  DEBUG     https://piconnect.flattrade.in:443 "POST /PiConnectAPI/Limits HTTP/1.1" 200 None
2026-07-15 09:14:43  WARNING   MIS BUY LODHA: avail=Rs125.54 < needed=Rs580.75 — qty 2→0
2026-07-15 09:14:43  ERROR     MIS BUY LODHA skipped — insufficient capital after reduction
2026-07-15 09:14:46  DEBUG     Starting new HTTPS connection (1): piconnect.flattrade.in:443
2026-07-15 09:14:46  DEBUG     https://piconnect.flattrade.in:443 "POST /PiConnectAPI/Limits HTTP/1.1" 200 None
2026-07-15 09:14:46  WARNING   MIS BUY LODHA: avail=Rs125.54 < needed=Rs580.75 — qty 2→0
2026-07-15 09:14:46  ERROR     MIS BUY LODHA skipped — insufficient capital after reduction
2026-07-15 09:14:51  DEBUG     Starting new HTTPS connection (1): piconnect.flattrade.in:443
2026-07-15 09:14:51  DEBUG     https://piconnect.flattrade.in:443 "POST /PiConnectAPI/Limits HTTP/1.1" 200 None
2026-07-15 09:14:51  WARNING   MIS BUY LODHA: avail=Rs125.54 < needed=Rs580.75 — qty 2→0
2026-07-15 09:14:51  ERROR     MIS BUY LODHA skipped — insufficient capital after reduction
2026-07-15 09:14:51  DEBUG     Starting new HTTPS connection (1): piconnect.flattrade.in:443
2026-07-15 09:14:52  DEBUG     https://piconnect.flattrade.in:443 "POST /PiConnectAPI/Limits HTTP/1.1" 200 None
2026-07-15 09:14:52  WARNING   MIS BUY LODHA: avail=Rs125.54 < needed=Rs580.75 — qty 2→0
2026-07-15 09:14:52  ERROR     MIS BUY LODHA skipped — insufficient capital after reduction
2026-07-15 09:14:57  DEBUG     Starting new HTTPS connection (1): piconnect.flattrade.in:443
2026-07-15 09:14:57  DEBUG     https://piconnect.flattrade.in:443 "POST /PiConnectAPI/Limits HTTP/1.1" 200 None
2026-07-15 09:14:57  WARNING   MIS BUY LODHA: avail=Rs125.54 < needed=Rs580.75 — qty 2→0
2026-07-15 09:14:57  ERROR     MIS BUY LODHA skipped — insufficient capital after reduction
2026-07-15 09:15:00  DEBUG     CANDLE  HCLTECH       O=1168.40  H=1169.70  L=1165.20  C=1169.10
2026-07-15 09:15:00  DEBUG     Starting new HTTPS connection (1): piconnect.flattrade.in:443
2026-07-15 09:15:00  DEBUG     Sending ping
2026-07-15 09:15:01  DEBUG     https://piconnect.flattrade.in:443 "POST /PiConnectAPI/Limits HTTP/1.1" 200 None
2026-07-15 09:15:01  WARNING   MIS BUY LODHA: avail=Rs125.54 < needed=Rs580.75 — qty 2→0
2026-07-15 09:15:01  ERROR     MIS BUY LODHA skipped — insufficient capital after reduction
2026-07-15 09:15:01  DEBUG     CANDLE  LODHA         O=1160.25  H=1163.45  L=1159.40  C=1161.50
2026-07-15 09:15:01  DEBUG     CANDLE  UNIONBANK     O=172.80  H=173.60  L=172.55  C=172.94
2026-07-15 09:15:01  DEBUG     CANDLE  ADANIENSOL    O=1680.50  H=1683.80  L=1676.90  C=1677.70
2026-07-15 09:15:02  DEBUG     Starting new HTTPS connection (1): piconnect.flattrade.in:443
2026-07-15 09:15:02  DEBUG     https://piconnect.flattrade.in:443 "POST /PiConnectAPI/Limits HTTP/1.1" 200 None
2026-07-15 09:15:02  WARNING   MIS BUY LODHA: avail=Rs125.54 < needed=Rs580.75 — qty 2→0
2026-07-15 09:15:02  ERROR     MIS BUY LODHA skipped — insufficient capital after reduction
2026-07-15 09:15:02  DEBUG     CANDLE  JIOFIN        O=236.68  H=237.36  L=236.52  C=237.29
2026-07-15 09:15:07  DEBUG     Starting new HTTPS connection (1): piconnect.flattrade.in:443
2026-07-15 09:15:07  DEBUG     https://piconnect.flattrade.in:443 "POST /PiConnectAPI/Limits HTTP/1.1" 200 None
2026-07-15 09:15:07  WARNING   MIS BUY LODHA: avail=Rs125.54 < needed=Rs580.75 — qty 2→0
2026-07-15 09:15:07  ERROR     MIS BUY LODHA skipped — insufficient capital after reduction
2026-07-15 09:15:13  DEBUG     Starting new HTTPS connection (1): piconnect.flattrade.in:443
2026-07-15 09:15:13  DEBUG     https://piconnect.flattrade.in:443 "POST /PiConnectAPI/Limits HTTP/1.1" 200 None
2026-07-15 09:15:13  WARNING   MIS BUY LODHA: avail=Rs125.54 < needed=Rs580.73 — qty 2→0
2026-07-15 09:15:13  ERROR     MIS BUY LODHA skipped — insufficient capital after reduction
2026-07-15 09:15:18  DEBUG     Starting new HTTPS connection (1): piconnect.flattrade.in:443
2026-07-15 09:15:19  DEBUG     https://piconnect.flattrade.in:443 "POST /PiConnectAPI/Limits HTTP/1.1" 200 None
2026-07-15 09:15:19  WARNING   MIS BUY LODHA: avail=Rs125.54 < needed=Rs580.73 — qty 2→0
2026-07-15 09:15:19  ERROR     MIS BUY LODHA skipped — insufficient capital after reduction
2026-07-15 09:15:24  DEBUG     Starting new HTTPS connection (1): piconnect.flattrade.in:443
2026-07-15 09:15:24  DEBUG     https://piconnect.flattrade.in:443 "POST /PiConnectAPI/Limits HTTP/1.1" 200 None
2026-07-15 09:15:24  WARNING   MIS BUY LODHA: avail=Rs125.54 < needed=Rs580.73 — qty 2→0
2026-07-15 09:15:24  ERROR     MIS BUY LODHA skipped — insufficient capital after reduction
2026-07-15 09:15:29  DEBUG     Starting new HTTPS connection (1): piconnect.flattrade.in:443
2026-07-15 09:15:29  DEBUG     https://piconnect.flattrade.in:443 "POST /PiConnectAPI/Limits HTTP/1.1" 200 None
2026-07-15 09:15:29  WARNING   MIS BUY LODHA: avail=Rs125.54 < needed=Rs580.73 — qty 2→0
2026-07-15 09:15:29  ERROR     MIS BUY LODHA skipped — insufficient capital after reduction
2026-07-15 09:15:30  DEBUG     Sending ping
2026-07-15 09:15:33  DEBUG     Starting new HTTPS connection (1): piconnect.flattrade.in:443
2026-07-15 09:15:33  DEBUG     https://piconnect.flattrade.in:443 "POST /PiConnectAPI/Limits HTTP/1.1" 200 None
2026-07-15 09:15:33  WARNING   MIS BUY LODHA: avail=Rs125.54 < needed=Rs580.73 — qty 2→0
2026-07-15 09:15:33  ERROR     MIS BUY LODHA skipped — insufficient capital after reduction
2026-07-15 09:15:34  DEBUG     Starting new HTTPS connection (1): piconnect.flattrade.in:443
2026-07-15 09:15:35  DEBUG     https://piconnect.flattrade.in:443 "POST /PiConnectAPI/Limits HTTP/1.1" 200 None
2026-07-15 09:15:35  WARNING   MIS BUY LODHA: avail=Rs125.54 < needed=Rs580.73 — qty 2→0
2026-07-15 09:15:35  ERROR     MIS BUY LODHA skipped — insufficient capital after reduction
2026-07-15 09:15:40  DEBUG     Starting new HTTPS connection (1): piconnect.flattrade.in:443
2026-07-15 09:15:40  DEBUG     https://piconnect.flattrade.in:443 "POST /PiConnectAPI/Limits HTTP/1.1" 200 None
2026-07-15 09:15:40  WARNING   MIS BUY LODHA: avail=Rs125.54 < needed=Rs580.73 — qty 2→0
2026-07-15 09:15:40  ERROR     MIS BUY LODHA skipped — insufficient capital after reduction
2026-07-15 09:15:41  DEBUG     Starting new HTTPS connection (1): piconnect.flattrade.in:443
2026-07-15 09:15:41  DEBUG     https://piconnect.flattrade.in:443 "POST /PiConnectAPI/Limits HTTP/1.1" 200 None
2026-07-15 09:15:41  WARNING   MIS BUY LODHA: avail=Rs125.54 < needed=Rs580.73 — qty 2→0
2026-07-15 09:15:41  ERROR     MIS BUY LODHA skipped — insufficient capital after reduction
2026-07-15 09:15:42  DEBUG     Starting new HTTPS connection (1): piconnect.flattrade.in:443
2026-07-15 09:15:43  DEBUG     https://piconnect.flattrade.in:443 "POST /PiConnectAPI/Limits HTTP/1.1" 200 None
2026-07-15 09:15:43  WARNING   MIS BUY LODHA: avail=Rs125.54 < needed=Rs580.73 — qty 2→0
2026-07-15 09:15:43  ERROR     MIS BUY LODHA skipped — insufficient capital after reduction
2026-07-15 09:15:45  DEBUG     Starting new HTTPS connection (1): piconnect.flattrade.in:443
2026-07-15 09:15:45  DEBUG     https://piconnect.flattrade.in:443 "POST /PiConnectAPI/Limits HTTP/1.1" 200 None
2026-07-15 09:15:45  WARNING   MIS BUY LODHA: avail=Rs125.54 < needed=Rs580.73 — qty 2→0
2026-07-15 09:15:45  ERROR     MIS BUY LODHA skipped — insufficient capital after reduction
2026-07-15 09:15:50  DEBUG     Starting new HTTPS connection (1): piconnect.flattrade.in:443
2026-07-15 09:15:50  DEBUG     https://piconnect.flattrade.in:443 "POST /PiConnectAPI/Limits HTTP/1.1" 200 None
2026-07-15 09:15:50  WARNING   MIS BUY LODHA: avail=Rs125.54 < needed=Rs580.73 — qty 2→0
2026-07-15 09:15:50  ERROR     MIS BUY LODHA skipped — insufficient capital after reduction
2026-07-15 09:15:55  DEBUG     Starting new HTTPS connection (1): piconnect.flattrade.in:443
2026-07-15 09:15:56  DEBUG     https://piconnect.flattrade.in:443 "POST /PiConnectAPI/Limits HTTP/1.1" 200 None
2026-07-15 09:15:56  WARNING   MIS BUY LODHA: avail=Rs125.54 < needed=Rs580.70 — qty 2→0
2026-07-15 09:15:56  ERROR     MIS BUY LODHA skipped — insufficient capital after reduction
2026-07-15 09:15:57  DEBUG     Starting new HTTPS connection (1): piconnect.flattrade.in:443
2026-07-15 09:15:58  DEBUG     https://piconnect.flattrade.in:443 "POST /PiConnectAPI/Limits HTTP/1.1" 200 None
2026-07-15 09:15:58  WARNING   MIS BUY LODHA: avail=Rs125.54 < needed=Rs580.70 — qty 2→0
2026-07-15 09:15:58  ERROR     MIS BUY LODHA skipped — insufficient capital after reduction
2026-07-15 09:16:00  DEBUG     Sending ping
2026-07-15 09:16:01  DEBUG     Starting new HTTPS connection (1): piconnect.flattrade.in:443
2026-07-15 09:16:02  DEBUG     https://piconnect.flattrade.in:443 "POST /PiConnectAPI/Limits HTTP/1.1" 200 None
2026-07-15 09:16:02  WARNING   MIS BUY LODHA: avail=Rs125.54 < needed=Rs580.70 — qty 2→0
2026-07-15 09:16:02  ERROR     MIS BUY LODHA skipped — insufficient capital after reduction
2026-07-15 09:16:02  DEBUG     Starting new HTTPS connection (1): piconnect.flattrade.in:443
2026-07-15 09:16:02  DEBUG     https://piconnect.flattrade.in:443 "POST /PiConnectAPI/Limits HTTP/1.1" 200 None
2026-07-15 09:16:02  WARNING   MIS BUY LODHA: avail=Rs125.54 < needed=Rs580.67 — qty 2→0
2026-07-15 09:16:02  ERROR     MIS BUY LODHA skipped — insufficient capital after reduction
2026-07-15 09:16:05  DEBUG     Starting new HTTPS connection (1): piconnect.flattrade.in:443
2026-07-15 09:16:06  DEBUG     https://piconnect.flattrade.in:443 "POST /PiConnectAPI/Limits HTTP/1.1" 200 None
2026-07-15 09:16:06  WARNING   MIS BUY LODHA: avail=Rs125.54 < needed=Rs580.67 — qty 2→0
2026-07-15 09:16:06  ERROR     MIS BUY LODHA skipped — insufficient capital after reduction
2026-07-15 09:16:07  DEBUG     Starting new HTTPS connection (1): piconnect.flattrade.in:443
2026-07-15 09:16:07  DEBUG     https://piconnect.flattrade.in:443 "POST /PiConnectAPI/Limits HTTP/1.1" 200 None
2026-07-15 09:16:07  WARNING   MIS BUY LODHA: avail=Rs125.54 < needed=Rs581.20 — qty 2→0
2026-07-15 09:16:07  ERROR     MIS BUY LODHA skipped — insufficient capital after reduction
2026-07-15 09:16:09  DEBUG     Starting new HTTPS connection (1): piconnect.flattrade.in:443
2026-07-15 09:16:10  DEBUG     https://piconnect.flattrade.in:443 "POST /PiConnectAPI/Limits HTTP/1.1" 200 None
2026-07-15 09:16:10  WARNING   MIS BUY LODHA: avail=Rs125.54 < needed=Rs581.20 — qty 2→0
2026-07-15 09:16:10  ERROR     MIS BUY LODHA skipped — insufficient capital after reduction
2026-07-15 09:16:12  DEBUG     Starting new HTTPS connection (1): piconnect.flattrade.in:443
2026-07-15 09:16:13  DEBUG     https://piconnect.flattrade.in:443 "POST /PiConnectAPI/Limits HTTP/1.1" 200 None
2026-07-15 09:16:13  WARNING   MIS BUY LODHA: avail=Rs125.54 < needed=Rs581.20 — qty 2→0
2026-07-15 09:16:13  ERROR     MIS BUY LODHA skipped — insufficient capital after reduction
2026-07-15 09:16:13  DEBUG     Starting new HTTPS connection (1): piconnect.flattrade.in:443
2026-07-15 09:16:13  DEBUG     https://piconnect.flattrade.in:443 "POST /PiConnectAPI/Limits HTTP/1.1" 200 None
2026-07-15 09:16:13  WARNING   MIS BUY LODHA: avail=Rs125.54 < needed=Rs581.98 — qty 2→0
2026-07-15 09:16:13  ERROR     MIS BUY LODHA skipped — insufficient capital after reduction
2026-07-15 09:16:15  DEBUG     Starting new HTTPS connection (1): piconnect.flattrade.in:443
2026-07-15 09:16:16  DEBUG     https://piconnect.flattrade.in:443 "POST /PiConnectAPI/Limits HTTP/1.1" 200 None
2026-07-15 09:16:16  WARNING   MIS BUY LODHA: avail=Rs125.54 < needed=Rs581.98 — qty 2→0
2026-07-15 09:16:16  ERROR     MIS BUY LODHA skipped — insufficient capital after reduction
2026-07-15 09:16:18  DEBUG     Starting new HTTPS connection (1): piconnect.flattrade.in:443
2026-07-15 09:16:18  DEBUG     https://piconnect.flattrade.in:443 "POST /PiConnectAPI/Limits HTTP/1.1" 200 None
2026-07-15 09:16:18  WARNING   MIS BUY LODHA: avail=Rs125.54 < needed=Rs582.30 — qty 2→0
2026-07-15 09:16:18  ERROR     MIS BUY LODHA skipped — insufficient capital after reduction
2026-07-15 09:16:19  DEBUG     Starting new HTTPS connection (1): piconnect.flattrade.in:443
2026-07-15 09:16:20  DEBUG     https://piconnect.flattrade.in:443 "POST /PiConnectAPI/Limits HTTP/1.1" 200 None
2026-07-15 09:16:20  WARNING   MIS BUY LODHA: avail=Rs125.54 < needed=Rs582.30 — qty 2→0
2026-07-15 09:16:20  ERROR     MIS BUY LODHA skipped — insufficient capital after reduction
2026-07-15 09:16:20  DEBUG     Starting new HTTPS connection (1): piconnect.flattrade.in:443
2026-07-15 09:16:20  DEBUG     https://piconnect.flattrade.in:443 "POST /PiConnectAPI/Limits HTTP/1.1" 200 None
2026-07-15 09:16:20  WARNING   MIS BUY LODHA: avail=Rs125.54 < needed=Rs582.17 — qty 2→0
2026-07-15 09:16:20  ERROR     MIS BUY LODHA skipped — insufficient capital after reduction
2026-07-15 09:16:20  DEBUG     Starting new HTTPS connection (1): piconnect.flattrade.in:443
2026-07-15 09:16:20  DEBUG     https://piconnect.flattrade.in:443 "POST /PiConnectAPI/Limits HTTP/1.1" 200 None
2026-07-15 09:16:20  WARNING   MIS BUY LODHA: avail=Rs125.54 < needed=Rs582.17 — qty 2→0
2026-07-15 09:16:20  ERROR     MIS BUY LODHA skipped — insufficient capital after reduction
2026-07-15 09:16:20  DEBUG     Starting new HTTPS connection (1): piconnect.flattrade.in:443
2026-07-15 09:16:21  DEBUG     https://piconnect.flattrade.in:443 "POST /PiConnectAPI/Limits HTTP/1.1" 200 None
2026-07-15 09:16:21  WARNING   MIS BUY LODHA: avail=Rs125.54 < needed=Rs581.55 — qty 2→0
2026-07-15 09:16:21  ERROR     MIS BUY LODHA skipped — insufficient capital after reduction
2026-07-15 09:16:22  DEBUG     Starting new HTTPS connection (1): piconnect.flattrade.in:443
2026-07-15 09:16:22  DEBUG     https://piconnect.flattrade.in:443 "POST /PiConnectAPI/Limits HTTP/1.1" 200 None
2026-07-15 09:16:22  WARNING   MIS BUY LODHA: avail=Rs125.54 < needed=Rs581.62 — qty 2→0
2026-07-15 09:16:22  ERROR     MIS BUY LODHA skipped — insufficient capital after reduction
2026-07-15 09:16:22  DEBUG     Starting new HTTPS connection (1): piconnect.flattrade.in:443
2026-07-15 09:16:22  DEBUG     https://piconnect.flattrade.in:443 "POST /PiConnectAPI/Limits HTTP/1.1" 200 None
2026-07-15 09:16:22  WARNING   MIS BUY LODHA: avail=Rs125.54 < needed=Rs581.62 — qty 2→0
2026-07-15 09:16:22  ERROR     MIS BUY LODHA skipped — insufficient capital after reduction
2026-07-15 09:16:23  DEBUG     Starting new HTTPS connection (1): piconnect.flattrade.in:443
2026-07-15 09:16:23  DEBUG     https://piconnect.flattrade.in:443 "POST /PiConnectAPI/Limits HTTP/1.1" 200 None
2026-07-15 09:16:23  WARNING   MIS BUY LODHA: avail=Rs125.54 < needed=Rs581.60 — qty 2→0
2026-07-15 09:16:23  ERROR     MIS BUY LODHA skipped — insufficient capital after reduction
2026-07-15 09:16:24  DEBUG     Starting new HTTPS connection (1): piconnect.flattrade.in:443
2026-07-15 09:16:24  DEBUG     https://piconnect.flattrade.in:443 "POST /PiConnectAPI/Limits HTTP/1.1" 200 None
2026-07-15 09:16:24  WARNING   MIS BUY LODHA: avail=Rs125.54 < needed=Rs581.55 — qty 2→0
2026-07-15 09:16:24  ERROR     MIS BUY LODHA skipped — insufficient capital after reduction
2026-07-15 09:16:26  DEBUG     Starting new HTTPS connection (1): piconnect.flattrade.in:443
2026-07-15 09:16:26  DEBUG     https://piconnect.flattrade.in:443 "POST /PiConnectAPI/Limits HTTP/1.1" 200 None
2026-07-15 09:16:26  WARNING   MIS BUY LODHA: avail=Rs125.54 < needed=Rs581.55 — qty 2→0
2026-07-15 09:16:26  ERROR     MIS BUY LODHA skipped — insufficient capital after reduction
2026-07-15 09:16:27  DEBUG     Starting new HTTPS connection (1): piconnect.flattrade.in:443
2026-07-15 09:16:27  DEBUG     https://piconnect.flattrade.in:443 "POST /PiConnectAPI/Limits HTTP/1.1" 200 None
2026-07-15 09:16:27  WARNING   MIS BUY LODHA: avail=Rs125.54 < needed=Rs581.55 — qty 2→0
2026-07-15 09:16:27  ERROR     MIS BUY LODHA skipped — insufficient capital after reduction
2026-07-15 09:16:28  DEBUG     Starting new HTTPS connection (1): piconnect.flattrade.in:443
2026-07-15 09:16:28  DEBUG     https://piconnect.flattrade.in:443 "POST /PiConnectAPI/Limits HTTP/1.1" 200 None
2026-07-15 09:16:28  WARNING   MIS BUY LODHA: avail=Rs125.54 < needed=Rs581.42 — qty 2→0
2026-07-15 09:16:28  ERROR     MIS BUY LODHA skipped — insufficient capital after reduction
2026-07-15 09:16:29  DEBUG     Starting new HTTPS connection (1): piconnect.flattrade.in:443
2026-07-15 09:16:29  DEBUG     https://piconnect.flattrade.in:443 "POST /PiConnectAPI/Limits HTTP/1.1" 200 None
2026-07-15 09:16:29  WARNING   MIS BUY LODHA: avail=Rs125.54 < needed=Rs581.40 — qty 2→0
2026-07-15 09:16:29  ERROR     MIS BUY LODHA skipped — insufficient capital after reduction
2026-07-15 09:16:30  DEBUG     Starting new HTTPS connection (1): piconnect.flattrade.in:443
2026-07-15 09:16:30  DEBUG     https://piconnect.flattrade.in:443 "POST /PiConnectAPI/Limits HTTP/1.1" 200 None
2026-07-15 09:16:30  WARNING   MIS BUY LODHA: avail=Rs125.54 < needed=Rs581.40 — qty 2→0
2026-07-15 09:16:30  ERROR     MIS BUY LODHA skipped — insufficient capital after reduction
2026-07-15 09:16:30  DEBUG     Sending ping
2026-07-15 09:16:31  DEBUG     Starting new HTTPS connection (1): piconnect.flattrade.in:443
2026-07-15 09:16:31  DEBUG     https://piconnect.flattrade.in:443 "POST /PiConnectAPI/Limits HTTP/1.1" 200 None
2026-07-15 09:16:31  WARNING   MIS BUY LODHA: avail=Rs125.54 < needed=Rs581.48 — qty 2→0
2026-07-15 09:16:31  ERROR     MIS BUY LODHA skipped — insufficient capital after reduction
2026-07-15 09:16:32  DEBUG     Starting new HTTPS connection (1): piconnect.flattrade.in:443
2026-07-15 09:16:32  DEBUG     https://piconnect.flattrade.in:443 "POST /PiConnectAPI/Limits HTTP/1.1" 200 None
2026-07-15 09:16:32  WARNING   MIS BUY LODHA: avail=Rs125.54 < needed=Rs581.40 — qty 2→0
2026-07-15 09:16:32  ERROR     MIS BUY LODHA skipped — insufficient capital after reduction
2026-07-15 09:16:33  DEBUG     Starting new HTTPS connection (1): piconnect.flattrade.in:443
2026-07-15 09:16:33  DEBUG     https://piconnect.flattrade.in:443 "POST /PiConnectAPI/Limits HTTP/1.1" 200 None
2026-07-15 09:16:33  WARNING   MIS BUY LODHA: avail=Rs125.54 < needed=Rs581.35 — qty 2→0
2026-07-15 09:16:33  ERROR     MIS BUY LODHA skipped — insufficient capital after reduction
2026-07-15 09:16:34  DEBUG     Starting new HTTPS connection (1): piconnect.flattrade.in:443
2026-07-15 09:16:34  DEBUG     https://piconnect.flattrade.in:443 "POST /PiConnectAPI/Limits HTTP/1.1" 200 None
2026-07-15 09:16:34  WARNING   MIS BUY LODHA: avail=Rs125.54 < needed=Rs581.40 — qty 2→0
2026-07-15 09:16:34  ERROR     MIS BUY LODHA skipped — insufficient capital after reduction
2026-07-15 09:16:35  DEBUG     Starting new HTTPS connection (1): piconnect.flattrade.in:443
2026-07-15 09:16:35  DEBUG     https://piconnect.flattrade.in:443 "POST /PiConnectAPI/Limits HTTP/1.1" 200 None
2026-07-15 09:16:35  WARNING   MIS BUY LODHA: avail=Rs125.54 < needed=Rs581.40 — qty 2→0
2026-07-15 09:16:35  ERROR     MIS BUY LODHA skipped — insufficient capital after reduction
2026-07-15 09:16:36  DEBUG     Starting new HTTPS connection (1): piconnect.flattrade.in:443
2026-07-15 09:16:36  DEBUG     https://piconnect.flattrade.in:443 "POST /PiConnectAPI/Limits HTTP/1.1" 200 None
2026-07-15 09:16:36  WARNING   MIS BUY LODHA: avail=Rs125.54 < needed=Rs581.40 — qty 2→0
2026-07-15 09:16:36  ERROR     MIS BUY LODHA skipped — insufficient capital after reduction
2026-07-15 09:16:38  DEBUG     Starting new HTTPS connection (1): piconnect.flattrade.in:443
2026-07-15 09:16:38  DEBUG     https://piconnect.flattrade.in:443 "POST /PiConnectAPI/Limits HTTP/1.1" 200 None
2026-07-15 09:16:38  WARNING   MIS BUY LODHA: avail=Rs125.54 < needed=Rs581.40 — qty 2→0
2026-07-15 09:16:38  ERROR     MIS BUY LODHA skipped — insufficient capital after reduction
2026-07-15 09:16:41  DEBUG     Starting new HTTPS connection (1): piconnect.flattrade.in:443
2026-07-15 09:16:41  DEBUG     https://piconnect.flattrade.in:443 "POST /PiConnectAPI/Limits HTTP/1.1" 200 None
2026-07-15 09:16:41  WARNING   MIS BUY LODHA: avail=Rs125.54 < needed=Rs581.40 — qty 2→0
2026-07-15 09:16:41  ERROR     MIS BUY LODHA skipped — insufficient capital after reduction
2026-07-15 09:16:41  DEBUG     Starting new HTTPS connection (1): piconnect.flattrade.in:443
2026-07-15 09:16:42  DEBUG     https://piconnect.flattrade.in:443 "POST /PiConnectAPI/Limits HTTP/1.1" 200 None
2026-07-15 09:16:42  WARNING   MIS BUY LODHA: avail=Rs125.54 < needed=Rs581.40 — qty 2→0
2026-07-15 09:16:42  ERROR     MIS BUY LODHA skipped — insufficient capital after reduction
2026-07-15 09:16:42  DEBUG     Starting new HTTPS connection (1): piconnect.flattrade.in:443
2026-07-15 09:16:43  DEBUG     https://piconnect.flattrade.in:443 "POST /PiConnectAPI/Limits HTTP/1.1" 200 None
2026-07-15 09:16:43  WARNING   MIS BUY LODHA: avail=Rs125.54 < needed=Rs581.40 — qty 2→0
2026-07-15 09:16:43  ERROR     MIS BUY LODHA skipped — insufficient capital after reduction
2026-07-15 09:16:43  DEBUG     Starting new HTTPS connection (1): piconnect.flattrade.in:443
2026-07-15 09:16:44  DEBUG     https://piconnect.flattrade.in:443 "POST /PiConnectAPI/Limits HTTP/1.1" 200 None
2026-07-15 09:16:44  WARNING   MIS BUY LODHA: avail=Rs125.54 < needed=Rs581.40 — qty 2→0
2026-07-15 09:16:44  ERROR     MIS BUY LODHA skipped — insufficient capital after reduction
2026-07-15 09:16:44  DEBUG     Starting new HTTPS connection (1): piconnect.flattrade.in:443
2026-07-15 09:16:44  DEBUG     https://piconnect.flattrade.in:443 "POST /PiConnectAPI/Limits HTTP/1.1" 200 None
2026-07-15 09:16:44  WARNING   MIS BUY LODHA: avail=Rs125.54 < needed=Rs581.40 — qty 2→0
2026-07-15 09:16:44  ERROR     MIS BUY LODHA skipped — insufficient capital after reduction
2026-07-15 09:16:46  DEBUG     Starting new HTTPS connection (1): piconnect.flattrade.in:443
2026-07-15 09:16:47  DEBUG     https://piconnect.flattrade.in:443 "POST /PiConnectAPI/Limits HTTP/1.1" 200 None
2026-07-15 09:16:47  WARNING   MIS BUY LODHA: avail=Rs125.54 < needed=Rs581.40 — qty 2→0
2026-07-15 09:16:47  ERROR     MIS BUY LODHA skipped — insufficient capital after reduction
2026-07-15 09:16:47  DEBUG     Starting new HTTPS connection (1): piconnect.flattrade.in:443
2026-07-15 09:16:48  DEBUG     https://piconnect.flattrade.in:443 "POST /PiConnectAPI/Limits HTTP/1.1" 200 None
2026-07-15 09:16:48  WARNING   MIS BUY LODHA: avail=Rs125.54 < needed=Rs581.40 — qty 2→0
2026-07-15 09:16:48  ERROR     MIS BUY LODHA skipped — insufficient capital after reduction
2026-07-15 09:16:48  DEBUG     Starting new HTTPS connection (1): piconnect.flattrade.in:443
2026-07-15 09:16:49  DEBUG     https://piconnect.flattrade.in:443 "POST /PiConnectAPI/Limits HTTP/1.1" 200 None
2026-07-15 09:16:49  WARNING   MIS BUY LODHA: avail=Rs125.54 < needed=Rs581.40 — qty 2→0
2026-07-15 09:16:49  ERROR     MIS BUY LODHA skipped — insufficient capital after reduction
2026-07-15 09:16:50  DEBUG     Starting new HTTPS connection (1): piconnect.flattrade.in:443
2026-07-15 09:16:51  DEBUG     https://piconnect.flattrade.in:443 "POST /PiConnectAPI/Limits HTTP/1.1" 200 None
2026-07-15 09:16:51  WARNING   MIS BUY LODHA: avail=Rs125.54 < needed=Rs581.40 — qty 2→0
2026-07-15 09:16:51  ERROR     MIS BUY LODHA skipped — insufficient capital after reduction
2026-07-15 09:16:51  DEBUG     Starting new HTTPS connection (1): piconnect.flattrade.in:443
2026-07-15 09:16:51  DEBUG     https://piconnect.flattrade.in:443 "POST /PiConnectAPI/Limits HTTP/1.1" 200 None
2026-07-15 09:16:51  WARNING   MIS BUY LODHA: avail=Rs125.54 < needed=Rs581.40 — qty 2→0
2026-07-15 09:16:51  ERROR     MIS BUY LODHA skipped — insufficient capital after reduction
2026-07-15 09:16:52  DEBUG     Starting new HTTPS connection (1): piconnect.flattrade.in:443
2026-07-15 09:16:52  DEBUG     https://piconnect.flattrade.in:443 "POST /PiConnectAPI/Limits HTTP/1.1" 200 None
2026-07-15 09:16:52  WARNING   MIS BUY LODHA: avail=Rs125.54 < needed=Rs581.40 — qty 2→0
2026-07-15 09:16:52  ERROR     MIS BUY LODHA skipped — insufficient capital after reduction
2026-07-15 09:16:53  DEBUG     Starting new HTTPS connection (1): piconnect.flattrade.in:443
2026-07-15 09:16:53  DEBUG     https://piconnect.flattrade.in:443 "POST /PiConnectAPI/Limits HTTP/1.1" 200 None
2026-07-15 09:16:53  WARNING   MIS BUY LODHA: avail=Rs125.54 < needed=Rs581.40 — qty 2→0
2026-07-15 09:16:53  ERROR     MIS BUY LODHA skipped — insufficient capital after reduction
2026-07-15 09:16:55  DEBUG     Starting new HTTPS connection (1): piconnect.flattrade.in:443
2026-07-15 09:16:55  DEBUG     https://piconnect.flattrade.in:443 "POST /PiConnectAPI/Limits HTTP/1.1" 200 None
2026-07-15 09:16:55  WARNING   MIS BUY LODHA: avail=Rs125.54 < needed=Rs581.30 — qty 2→0
2026-07-15 09:16:55  ERROR     MIS BUY LODHA skipped — insufficient capital after reduction
2026-07-15 09:16:55  DEBUG     Starting new HTTPS connection (1): piconnect.flattrade.in:443
2026-07-15 09:16:55  DEBUG     https://piconnect.flattrade.in:443 "POST /PiConnectAPI/Limits HTTP/1.1" 200 None
2026-07-15 09:16:55  WARNING   MIS BUY LODHA: avail=Rs125.54 < needed=Rs581.30 — qty 2→0
2026-07-15 09:16:55  ERROR     MIS BUY LODHA skipped — insufficient capital after reduction
2026-07-15 09:16:56  DEBUG     Starting new HTTPS connection (1): piconnect.flattrade.in:443
2026-07-15 09:16:56  DEBUG     https://piconnect.flattrade.in:443 "POST /PiConnectAPI/Limits HTTP/1.1" 200 None
2026-07-15 09:16:56  WARNING   MIS BUY LODHA: avail=Rs125.54 < needed=Rs581.27 — qty 2→0
2026-07-15 09:16:56  ERROR     MIS BUY LODHA skipped — insufficient capital after reduction
2026-07-15 09:16:57  DEBUG     Starting new HTTPS connection (1): piconnect.flattrade.in:443
2026-07-15 09:16:57  DEBUG     https://piconnect.flattrade.in:443 "POST /PiConnectAPI/Limits HTTP/1.1" 200 None
2026-07-15 09:16:57  WARNING   MIS BUY LODHA: avail=Rs125.54 < needed=Rs581.27 — qty 2→0
2026-07-15 09:16:57  ERROR     MIS BUY LODHA skipped — insufficient capital after reduction
2026-07-15 09:16:58  DEBUG     Starting new HTTPS connection (1): piconnect.flattrade.in:443
2026-07-15 09:16:58  DEBUG     https://piconnect.flattrade.in:443 "POST /PiConnectAPI/Limits HTTP/1.1" 200 None
2026-07-15 09:16:58  WARNING   MIS BUY LODHA: avail=Rs125.54 < needed=Rs581.25 — qty 2→0
2026-07-15 09:16:58  ERROR     MIS BUY LODHA skipped — insufficient capital after reduction
2026-07-15 09:16:59  DEBUG     Starting new HTTPS connection (1): piconnect.flattrade.in:443
2026-07-15 09:16:59  DEBUG     https://piconnect.flattrade.in:443 "POST /PiConnectAPI/Limits HTTP/1.1" 200 None
2026-07-15 09:16:59  WARNING   MIS BUY LODHA: avail=Rs125.54 < needed=Rs581.25 — qty 2→0
2026-07-15 09:16:59  ERROR     MIS BUY LODHA skipped — insufficient capital after reduction
2026-07-15 09:17:00  DEBUG     Starting new HTTPS connection (1): piconnect.flattrade.in:443
2026-07-15 09:17:00  DEBUG     https://piconnect.flattrade.in:443 "POST /PiConnectAPI/Limits HTTP/1.1" 200 None
2026-07-15 09:17:00  WARNING   MIS BUY LODHA: avail=Rs125.54 < needed=Rs581.25 — qty 2→0
2026-07-15 09:17:00  ERROR     MIS BUY LODHA skipped — insufficient capital after reduction
2026-07-15 09:17:00  DEBUG     Sending ping
2026-07-15 09:17:01  DEBUG     Starting new HTTPS connection (1): piconnect.flattrade.in:443
2026-07-15 09:17:01  DEBUG     https://piconnect.flattrade.in:443 "POST /PiConnectAPI/Limits HTTP/1.1" 200 None
2026-07-15 09:17:01  WARNING   MIS BUY LODHA: avail=Rs125.54 < needed=Rs581.25 — qty 2→0
2026-07-15 09:17:01  ERROR     MIS BUY LODHA skipped — insufficient capital after reduction
2026-07-15 09:17:02  DEBUG     Starting new HTTPS connection (1): piconnect.flattrade.in:443
2026-07-15 09:17:03  DEBUG     https://piconnect.flattrade.in:443 "POST /PiConnectAPI/Limits HTTP/1.1" 200 None
2026-07-15 09:17:03  WARNING   MIS BUY LODHA: avail=Rs125.54 < needed=Rs581.25 — qty 2→0
2026-07-15 09:17:03  ERROR     MIS BUY LODHA skipped — insufficient capital after reduction
2026-07-15 09:17:05  DEBUG     Starting new HTTPS connection (1): piconnect.flattrade.in:443
2026-07-15 09:17:05  DEBUG     https://piconnect.flattrade.in:443 "POST /PiConnectAPI/Limits HTTP/1.1" 200 None
2026-07-15 09:17:05  WARNING   MIS BUY LODHA: avail=Rs125.54 < needed=Rs581.23 — qty 2→0
2026-07-15 09:17:05  ERROR     MIS BUY LODHA skipped — insufficient capital after reduction
2026-07-15 09:17:06  DEBUG     Starting new HTTPS connection (1): piconnect.flattrade.in:443
2026-07-15 09:17:06  DEBUG     https://piconnect.flattrade.in:443 "POST /PiConnectAPI/Limits HTTP/1.1" 200 None
2026-07-15 09:17:06  WARNING   MIS BUY LODHA: avail=Rs125.54 < needed=Rs581.15 — qty 2→0
2026-07-15 09:17:06  ERROR     MIS BUY LODHA skipped — insufficient capital after reduction
2026-07-15 09:17:07  DEBUG     Starting new HTTPS connection (1): piconnect.flattrade.in:443
2026-07-15 09:17:07  DEBUG     https://piconnect.flattrade.in:443 "POST /PiConnectAPI/Limits HTTP/1.1" 200 None
2026-07-15 09:17:07  WARNING   MIS BUY LODHA: avail=Rs125.54 < needed=Rs581.15 — qty 2→0
2026-07-15 09:17:07  ERROR     MIS BUY LODHA skipped — insufficient capital after reduction
2026-07-15 09:17:08  DEBUG     Starting new HTTPS connection (1): piconnect.flattrade.in:443
2026-07-15 09:17:08  DEBUG     https://piconnect.flattrade.in:443 "POST /PiConnectAPI/Limits HTTP/1.1" 200 None
2026-07-15 09:17:08  WARNING   MIS BUY LODHA: avail=Rs125.54 < needed=Rs581.15 — qty 2→0
2026-07-15 09:17:08  ERROR     MIS BUY LODHA skipped — insufficient capital after reduction
2026-07-15 09:17:09  DEBUG     Starting new HTTPS connection (1): piconnect.flattrade.in:443
2026-07-15 09:17:09  DEBUG     https://piconnect.flattrade.in:443 "POST /PiConnectAPI/Limits HTTP/1.1" 200 None
2026-07-15 09:17:09  WARNING   MIS BUY LODHA: avail=Rs125.54 < needed=Rs581.15 — qty 2→0
2026-07-15 09:17:09  ERROR     MIS BUY LODHA skipped — insufficient capital after reduction
2026-07-15 09:17:11  DEBUG     Starting new HTTPS connection (1): piconnect.flattrade.in:443
2026-07-15 09:17:11  DEBUG     https://piconnect.flattrade.in:443 "POST /PiConnectAPI/Limits HTTP/1.1" 200 None
2026-07-15 09:17:11  WARNING   MIS BUY LODHA: avail=Rs125.54 < needed=Rs581.15 — qty 2→0
2026-07-15 09:17:11  ERROR     MIS BUY LODHA skipped — insufficient capital after reduction
2026-07-15 09:17:13  DEBUG     Starting new HTTPS connection (1): piconnect.flattrade.in:443
2026-07-15 09:17:13  DEBUG     https://piconnect.flattrade.in:443 "POST /PiConnectAPI/Limits HTTP/1.1" 200 None
2026-07-15 09:17:13  WARNING   MIS BUY LODHA: avail=Rs125.54 < needed=Rs581.15 — qty 2→0
2026-07-15 09:17:13  ERROR     MIS BUY LODHA skipped — insufficient capital after reduction
2026-07-15 09:17:19  DEBUG     Starting new HTTPS connection (1): piconnect.flattrade.in:443
2026-07-15 09:17:19  DEBUG     https://piconnect.flattrade.in:443 "POST /PiConnectAPI/Limits HTTP/1.1" 200 None
2026-07-15 09:17:19  WARNING   MIS BUY LODHA: avail=Rs125.54 < needed=Rs581.15 — qty 2→0
2026-07-15 09:17:19  ERROR     MIS BUY LODHA skipped — insufficient capital after reduction
2026-07-15 09:17:20  DEBUG     Starting new HTTPS connection (1): piconnect.flattrade.in:443
2026-07-15 09:17:20  DEBUG     https://piconnect.flattrade.in:443 "POST /PiConnectAPI/Limits HTTP/1.1" 200 None
2026-07-15 09:17:20  WARNING   MIS BUY LODHA: avail=Rs125.54 < needed=Rs581.15 — qty 2→0
2026-07-15 09:17:20  ERROR     MIS BUY LODHA skipped — insufficient capital after reduction
2026-07-15 09:17:24  DEBUG     Starting new HTTPS connection (1): piconnect.flattrade.in:443
2026-07-15 09:17:25  DEBUG     https://piconnect.flattrade.in:443 "POST /PiConnectAPI/Limits HTTP/1.1" 200 None
2026-07-15 09:17:25  WARNING   MIS BUY LODHA: avail=Rs125.54 < needed=Rs581.15 — qty 2→0
2026-07-15 09:17:25  ERROR     MIS BUY LODHA skipped — insufficient capital after reduction
2026-07-15 09:17:25  DEBUG     Starting new HTTPS connection (1): piconnect.flattrade.in:443
2026-07-15 09:17:25  DEBUG     https://piconnect.flattrade.in:443 "POST /PiConnectAPI/Limits HTTP/1.1" 200 None
2026-07-15 09:17:25  WARNING   MIS BUY LODHA: avail=Rs125.54 < needed=Rs581.15 — qty 2→0
2026-07-15 09:17:25  ERROR     MIS BUY LODHA skipped — insufficient capital after reduction
2026-07-15 09:17:25  DEBUG     Starting new HTTPS connection (1): piconnect.flattrade.in:443
2026-07-15 09:17:26  DEBUG     https://piconnect.flattrade.in:443 "POST /PiConnectAPI/Limits HTTP/1.1" 200 None
2026-07-15 09:17:26  WARNING   MIS BUY LODHA: avail=Rs125.54 < needed=Rs581.15 — qty 2→0
2026-07-15 09:17:26  ERROR     MIS BUY LODHA skipped — insufficient capital after reduction
2026-07-15 09:17:26  DEBUG     Starting new HTTPS connection (1): piconnect.flattrade.in:443
2026-07-15 09:17:26  DEBUG     https://piconnect.flattrade.in:443 "POST /PiConnectAPI/Limits HTTP/1.1" 200 None
2026-07-15 09:17:26  WARNING   MIS BUY LODHA: avail=Rs125.54 < needed=Rs581.15 — qty 2→0
2026-07-15 09:17:26  ERROR     MIS BUY LODHA skipped — insufficient capital after reduction
2026-07-15 09:17:27  DEBUG     Starting new HTTPS connection (1): piconnect.flattrade.in:443
2026-07-15 09:17:27  DEBUG     https://piconnect.flattrade.in:443 "POST /PiConnectAPI/Limits HTTP/1.1" 200 None
2026-07-15 09:17:27  WARNING   MIS BUY LODHA: avail=Rs125.54 < needed=Rs581.15 — qty 2→0
2026-07-15 09:17:27  ERROR     MIS BUY LODHA skipped — insufficient capital after reduction
2026-07-15 09:17:28  DEBUG     Starting new HTTPS connection (1): piconnect.flattrade.in:443
2026-07-15 09:17:28  DEBUG     https://piconnect.flattrade.in:443 "POST /PiConnectAPI/Limits HTTP/1.1" 200 None
2026-07-15 09:17:28  WARNING   MIS BUY LODHA: avail=Rs125.54 < needed=Rs581.12 — qty 2→0
2026-07-15 09:17:28  ERROR     MIS BUY LODHA skipped — insufficient capital after reduction
2026-07-15 09:17:29  DEBUG     Starting new HTTPS connection (1): piconnect.flattrade.in:443
2026-07-15 09:17:30  DEBUG     https://piconnect.flattrade.in:443 "POST /PiConnectAPI/Limits HTTP/1.1" 200 None
2026-07-15 09:17:30  WARNING   MIS BUY LODHA: avail=Rs125.54 < needed=Rs581.05 — qty 2→0
2026-07-15 09:17:30  ERROR     MIS BUY LODHA skipped — insufficient capital after reduction
2026-07-15 09:17:30  DEBUG     Starting new HTTPS connection (1): piconnect.flattrade.in:443
2026-07-15 09:17:30  DEBUG     Sending ping
2026-07-15 09:17:31  DEBUG     https://piconnect.flattrade.in:443 "POST /PiConnectAPI/Limits HTTP/1.1" 200 None
2026-07-15 09:17:31  WARNING   MIS BUY LODHA: avail=Rs125.54 < needed=Rs581.05 — qty 2→0
2026-07-15 09:17:31  ERROR     MIS BUY LODHA skipped — insufficient capital after reduction
2026-07-15 09:17:31  DEBUG     Starting new HTTPS connection (1): piconnect.flattrade.in:443
2026-07-15 09:17:31  DEBUG     https://piconnect.flattrade.in:443 "POST /PiConnectAPI/Limits HTTP/1.1" 200 None
2026-07-15 09:17:31  WARNING   MIS BUY LODHA: avail=Rs125.54 < needed=Rs581.10 — qty 2→0
2026-07-15 09:17:31  ERROR     MIS BUY LODHA skipped — insufficient capital after reduction
2026-07-15 09:17:32  DEBUG     Starting new HTTPS connection (1): piconnect.flattrade.in:443
2026-07-15 09:17:32  DEBUG     https://piconnect.flattrade.in:443 "POST /PiConnectAPI/Limits HTTP/1.1" 200 None
2026-07-15 09:17:32  WARNING   MIS BUY LODHA: avail=Rs125.54 < needed=Rs581.10 — qty 2→0
2026-07-15 09:17:32  ERROR     MIS BUY LODHA skipped — insufficient capital after reduction
2026-07-15 09:17:35  DEBUG     Starting new HTTPS connection (1): piconnect.flattrade.in:443
2026-07-15 09:17:35  DEBUG     https://piconnect.flattrade.in:443 "POST /PiConnectAPI/Limits HTTP/1.1" 200 None
2026-07-15 09:17:35  WARNING   MIS BUY LODHA: avail=Rs125.54 < needed=Rs581.10 — qty 2→0
2026-07-15 09:17:35  ERROR     MIS BUY LODHA skipped — insufficient capital after reduction
2026-07-15 09:17:36  DEBUG     Starting new HTTPS connection (1): piconnect.flattrade.in:443
2026-07-15 09:17:36  DEBUG     https://piconnect.flattrade.in:443 "POST /PiConnectAPI/Limits HTTP/1.1" 200 None
2026-07-15 09:17:36  WARNING   MIS BUY LODHA: avail=Rs125.54 < needed=Rs581.10 — qty 2→0
2026-07-15 09:17:36  ERROR     MIS BUY LODHA skipped — insufficient capital after reduction
2026-07-15 09:17:37  DEBUG     Starting new HTTPS connection (1): piconnect.flattrade.in:443
2026-07-15 09:17:37  DEBUG     https://piconnect.flattrade.in:443 "POST /PiConnectAPI/Limits HTTP/1.1" 200 None
2026-07-15 09:17:37  WARNING   MIS BUY LODHA: avail=Rs125.54 < needed=Rs581.10 — qty 2→0
2026-07-15 09:17:37  ERROR     MIS BUY LODHA skipped — insufficient capital after reduction
2026-07-15 09:17:40  DEBUG     Starting new HTTPS connection (1): piconnect.flattrade.in:443
2026-07-15 09:17:40  DEBUG     https://piconnect.flattrade.in:443 "POST /PiConnectAPI/Limits HTTP/1.1" 200 None
2026-07-15 09:17:40  WARNING   MIS BUY LODHA: avail=Rs125.54 < needed=Rs581.10 — qty 2→0
2026-07-15 09:17:40  ERROR     MIS BUY LODHA skipped — insufficient capital after reduction
2026-07-15 09:17:41  DEBUG     Starting new HTTPS connection (1): piconnect.flattrade.in:443
2026-07-15 09:17:41  DEBUG     https://piconnect.flattrade.in:443 "POST /PiConnectAPI/Limits HTTP/1.1" 200 None
2026-07-15 09:17:41  WARNING   MIS BUY LODHA: avail=Rs125.54 < needed=Rs581.10 — qty 2→0
2026-07-15 09:17:41  ERROR     MIS BUY LODHA skipped — insufficient capital after reduction
2026-07-15 09:17:42  DEBUG     Starting new HTTPS connection (1): piconnect.flattrade.in:443
2026-07-15 09:17:42  DEBUG     https://piconnect.flattrade.in:443 "POST /PiConnectAPI/Limits HTTP/1.1" 200 None
2026-07-15 09:17:42  WARNING   MIS BUY LODHA: avail=Rs125.54 < needed=Rs581.10 — qty 2→0
2026-07-15 09:17:42  ERROR     MIS BUY LODHA skipped — insufficient capital after reduction
2026-07-15 09:17:43  DEBUG     Starting new HTTPS connection (1): piconnect.flattrade.in:443
2026-07-15 09:17:43  DEBUG     https://piconnect.flattrade.in:443 "POST /PiConnectAPI/Limits HTTP/1.1" 200 None
2026-07-15 09:17:43  WARNING   MIS BUY LODHA: avail=Rs125.54 < needed=Rs581.10 — qty 2→0
2026-07-15 09:17:43  ERROR     MIS BUY LODHA skipped — insufficient capital after reduction
2026-07-15 09:17:45  DEBUG     Starting new HTTPS connection (1): piconnect.flattrade.in:443
2026-07-15 09:17:45  DEBUG     https://piconnect.flattrade.in:443 "POST /PiConnectAPI/Limits HTTP/1.1" 200 None
2026-07-15 09:17:45  WARNING   MIS BUY LODHA: avail=Rs125.54 < needed=Rs581.10 — qty 2→0
2026-07-15 09:17:45  ERROR     MIS BUY LODHA skipped — insufficient capital after reduction
2026-07-15 09:17:46  DEBUG     Starting new HTTPS connection (1): piconnect.flattrade.in:443
2026-07-15 09:17:47  DEBUG     https://piconnect.flattrade.in:443 "POST /PiConnectAPI/Limits HTTP/1.1" 200 None
2026-07-15 09:17:47  WARNING   MIS BUY LODHA: avail=Rs125.54 < needed=Rs581.10 — qty 2→0
2026-07-15 09:17:47  ERROR     MIS BUY LODHA skipped — insufficient capital after reduction
2026-07-15 09:17:47  DEBUG     Starting new HTTPS connection (1): piconnect.flattrade.in:443
2026-07-15 09:17:47  DEBUG     https://piconnect.flattrade.in:443 "POST /PiConnectAPI/Limits HTTP/1.1" 200 None
2026-07-15 09:17:47  WARNING   MIS BUY LODHA: avail=Rs125.54 < needed=Rs581.00 — qty 2→0
2026-07-15 09:17:47  ERROR     MIS BUY LODHA skipped — insufficient capital after reduction
2026-07-15 09:17:47  DEBUG     Starting new HTTPS connection (1): piconnect.flattrade.in:443
2026-07-15 09:17:48  DEBUG     https://piconnect.flattrade.in:443 "POST /PiConnectAPI/Limits HTTP/1.1" 200 None
2026-07-15 09:17:48  WARNING   MIS BUY LODHA: avail=Rs125.54 < needed=Rs581.00 — qty 2→0
2026-07-15 09:17:48  ERROR     MIS BUY LODHA skipped — insufficient capital after reduction
2026-07-15 09:17:48  DEBUG     Starting new HTTPS connection (1): piconnect.flattrade.in:443
2026-07-15 09:17:49  DEBUG     https://piconnect.flattrade.in:443 "POST /PiConnectAPI/Limits HTTP/1.1" 200 None
2026-07-15 09:17:49  WARNING   MIS BUY LODHA: avail=Rs125.54 < needed=Rs581.00 — qty 2→0
2026-07-15 09:17:49  ERROR     MIS BUY LODHA skipped — insufficient capital after reduction
2026-07-15 09:17:49  DEBUG     Starting new HTTPS connection (1): piconnect.flattrade.in:443
2026-07-15 09:17:50  DEBUG     https://piconnect.flattrade.in:443 "POST /PiConnectAPI/Limits HTTP/1.1" 200 None
2026-07-15 09:17:50  WARNING   MIS BUY LODHA: avail=Rs125.54 < needed=Rs581.00 — qty 2→0
2026-07-15 09:17:50  ERROR     MIS BUY LODHA skipped — insufficient capital after reduction
2026-07-15 09:17:50  DEBUG     Starting new HTTPS connection (1): piconnect.flattrade.in:443
2026-07-15 09:17:51  DEBUG     https://piconnect.flattrade.in:443 "POST /PiConnectAPI/Limits HTTP/1.1" 200 None
2026-07-15 09:17:51  WARNING   MIS BUY LODHA: avail=Rs125.54 < needed=Rs581.00 — qty 2→0
2026-07-15 09:17:51  ERROR     MIS BUY LODHA skipped — insufficient capital after reduction
2026-07-15 09:17:51  DEBUG     Starting new HTTPS connection (1): piconnect.flattrade.in:443
2026-07-15 09:17:52  DEBUG     https://piconnect.flattrade.in:443 "POST /PiConnectAPI/Limits HTTP/1.1" 200 None
2026-07-15 09:17:52  WARNING   MIS BUY LODHA: avail=Rs125.54 < needed=Rs581.00 — qty 2→0
2026-07-15 09:17:52  ERROR     MIS BUY LODHA skipped — insufficient capital after reduction
2026-07-15 09:17:52  DEBUG     Starting new HTTPS connection (1): piconnect.flattrade.in:443
2026-07-15 09:17:52  DEBUG     https://piconnect.flattrade.in:443 "POST /PiConnectAPI/Limits HTTP/1.1" 200 None
2026-07-15 09:17:52  WARNING   MIS BUY LODHA: avail=Rs125.54 < needed=Rs580.98 — qty 2→0
2026-07-15 09:17:52  ERROR     MIS BUY LODHA skipped — insufficient capital after reduction
2026-07-15 09:17:53  DEBUG     Starting new HTTPS connection (1): piconnect.flattrade.in:443
2026-07-15 09:17:54  DEBUG     https://piconnect.flattrade.in:443 "POST /PiConnectAPI/Limits HTTP/1.1" 200 None
2026-07-15 09:17:54  WARNING   MIS BUY LODHA: avail=Rs125.54 < needed=Rs580.98 — qty 2→0
2026-07-15 09:17:54  ERROR     MIS BUY LODHA skipped — insufficient capital after reduction
2026-07-15 09:17:54  DEBUG     Starting new HTTPS connection (1): piconnect.flattrade.in:443
2026-07-15 09:17:55  DEBUG     https://piconnect.flattrade.in:443 "POST /PiConnectAPI/Limits HTTP/1.1" 200 None
2026-07-15 09:17:55  WARNING   MIS BUY LODHA: avail=Rs125.54 < needed=Rs580.98 — qty 2→0
2026-07-15 09:17:55  ERROR     MIS BUY LODHA skipped — insufficient capital after reduction
2026-07-15 09:17:56  DEBUG     Starting new HTTPS connection (1): piconnect.flattrade.in:443
2026-07-15 09:17:56  DEBUG     https://piconnect.flattrade.in:443 "POST /PiConnectAPI/Limits HTTP/1.1" 200 None
2026-07-15 09:17:56  WARNING   MIS BUY LODHA: avail=Rs125.54 < needed=Rs580.92 — qty 2→0
2026-07-15 09:17:56  ERROR     MIS BUY LODHA skipped — insufficient capital after reduction
2026-07-15 09:17:56  DEBUG     Starting new HTTPS connection (1): piconnect.flattrade.in:443
2026-07-15 09:17:57  DEBUG     https://piconnect.flattrade.in:443 "POST /PiConnectAPI/Limits HTTP/1.1" 200 None
2026-07-15 09:17:57  WARNING   MIS BUY LODHA: avail=Rs125.54 < needed=Rs580.92 — qty 2→0
2026-07-15 09:17:57  ERROR     MIS BUY LODHA skipped — insufficient capital after reduction
2026-07-15 09:17:57  DEBUG     Starting new HTTPS connection (1): piconnect.flattrade.in:443
2026-07-15 09:17:57  DEBUG     https://piconnect.flattrade.in:443 "POST /PiConnectAPI/Limits HTTP/1.1" 200 None
2026-07-15 09:17:57  WARNING   MIS BUY LODHA: avail=Rs125.54 < needed=Rs580.77 — qty 2→0
2026-07-15 09:17:57  ERROR     MIS BUY LODHA skipped — insufficient capital after reduction
2026-07-15 09:17:58  DEBUG     Starting new HTTPS connection (1): piconnect.flattrade.in:443
2026-07-15 09:17:58  DEBUG     https://piconnect.flattrade.in:443 "POST /PiConnectAPI/Limits HTTP/1.1" 200 None
2026-07-15 09:17:58  WARNING   MIS BUY LODHA: avail=Rs125.54 < needed=Rs580.73 — qty 2→0
2026-07-15 09:17:58  ERROR     MIS BUY LODHA skipped — insufficient capital after reduction
2026-07-15 09:17:59  DEBUG     Starting new HTTPS connection (1): piconnect.flattrade.in:443
2026-07-15 09:17:59  DEBUG     https://piconnect.flattrade.in:443 "POST /PiConnectAPI/Limits HTTP/1.1" 200 None
2026-07-15 09:17:59  WARNING   MIS BUY LODHA: avail=Rs125.54 < needed=Rs580.67 — qty 2→0
2026-07-15 09:17:59  ERROR     MIS BUY LODHA skipped — insufficient capital after reduction
2026-07-15 09:18:00  DEBUG     Starting new HTTPS connection (1): piconnect.flattrade.in:443
2026-07-15 09:18:00  DEBUG     https://piconnect.flattrade.in:443 "POST /PiConnectAPI/Limits HTTP/1.1" 200 None
2026-07-15 09:18:00  WARNING   MIS BUY LODHA: avail=Rs125.54 < needed=Rs580.65 — qty 2→0
2026-07-15 09:18:00  ERROR     MIS BUY LODHA skipped — insufficient capital after reduction
2026-07-15 09:18:00  DEBUG     Sending ping
2026-07-15 09:18:01  DEBUG     Starting new HTTPS connection (1): piconnect.flattrade.in:443
2026-07-15 09:18:01  DEBUG     https://piconnect.flattrade.in:443 "POST /PiConnectAPI/Limits HTTP/1.1" 200 None
2026-07-15 09:18:01  WARNING   MIS BUY LODHA: avail=Rs125.54 < needed=Rs580.67 — qty 2→0
2026-07-15 09:18:01  ERROR     MIS BUY LODHA skipped — insufficient capital after reduction
2026-07-15 09:18:02  DEBUG     Starting new HTTPS connection (1): piconnect.flattrade.in:443
2026-07-15 09:18:02  DEBUG     https://piconnect.flattrade.in:443 "POST /PiConnectAPI/Limits HTTP/1.1" 200 None
2026-07-15 09:18:02  WARNING   MIS BUY LODHA: avail=Rs125.54 < needed=Rs580.67 — qty 2→0
2026-07-15 09:18:02  ERROR     MIS BUY LODHA skipped — insufficient capital after reduction
2026-07-15 09:18:03  DEBUG     Starting new HTTPS connection (1): piconnect.flattrade.in:443
2026-07-15 09:18:03  DEBUG     https://piconnect.flattrade.in:443 "POST /PiConnectAPI/Limits HTTP/1.1" 200 None
2026-07-15 09:18:03  WARNING   MIS BUY LODHA: avail=Rs125.54 < needed=Rs580.67 — qty 2→0
2026-07-15 09:18:03  ERROR     MIS BUY LODHA skipped — insufficient capital after reduction
2026-07-15 09:18:04  DEBUG     Starting new HTTPS connection (1): piconnect.flattrade.in:443
2026-07-15 09:18:04  DEBUG     https://piconnect.flattrade.in:443 "POST /PiConnectAPI/Limits HTTP/1.1" 200 None
2026-07-15 09:18:04  WARNING   MIS BUY LODHA: avail=Rs125.54 < needed=Rs580.67 — qty 2→0
2026-07-15 09:18:04  ERROR     MIS BUY LODHA skipped — insufficient capital after reduction
2026-07-15 09:18:04  DEBUG     Starting new HTTPS connection (1): piconnect.flattrade.in:443
2026-07-15 09:18:05  DEBUG     https://piconnect.flattrade.in:443 "POST /PiConnectAPI/Limits HTTP/1.1" 200 None
2026-07-15 09:18:05  WARNING   MIS BUY LODHA: avail=Rs125.54 < needed=Rs580.67 — qty 2→0
2026-07-15 09:18:05  ERROR     MIS BUY LODHA skipped — insufficient capital after reduction
2026-07-15 09:18:05  DEBUG     Starting new HTTPS connection (1): piconnect.flattrade.in:443
2026-07-15 09:18:05  DEBUG     https://piconnect.flattrade.in:443 "POST /PiConnectAPI/Limits HTTP/1.1" 200 None
2026-07-15 09:18:05  WARNING   MIS BUY LODHA: avail=Rs125.54 < needed=Rs580.52 — qty 2→0
2026-07-15 09:18:05  ERROR     MIS BUY LODHA skipped — insufficient capital after reduction
2026-07-15 09:18:06  DEBUG     Starting new HTTPS connection (1): piconnect.flattrade.in:443
2026-07-15 09:18:07  DEBUG     https://piconnect.flattrade.in:443 "POST /PiConnectAPI/Limits HTTP/1.1" 200 None
2026-07-15 09:18:07  WARNING   MIS BUY LODHA: avail=Rs125.54 < needed=Rs580.52 — qty 2→0
2026-07-15 09:18:07  ERROR     MIS BUY LODHA skipped — insufficient capital after reduction
2026-07-15 09:18:07  DEBUG     Starting new HTTPS connection (1): piconnect.flattrade.in:443
2026-07-15 09:18:08  DEBUG     https://piconnect.flattrade.in:443 "POST /PiConnectAPI/Limits HTTP/1.1" 200 None
2026-07-15 09:18:08  WARNING   MIS BUY LODHA: avail=Rs125.54 < needed=Rs580.52 — qty 2→0
2026-07-15 09:18:08  ERROR     MIS BUY LODHA skipped — insufficient capital after reduction
2026-07-15 09:18:08  DEBUG     Starting new HTTPS connection (1): piconnect.flattrade.in:443
2026-07-15 09:18:08  DEBUG     https://piconnect.flattrade.in:443 "POST /PiConnectAPI/Limits HTTP/1.1" 200 None
2026-07-15 09:18:08  WARNING   MIS BUY LODHA: avail=Rs125.54 < needed=Rs580.52 — qty 2→0
2026-07-15 09:18:08  ERROR     MIS BUY LODHA skipped — insufficient capital after reduction
2026-07-15 09:18:08  DEBUG     Starting new HTTPS connection (1): piconnect.flattrade.in:443
2026-07-15 09:18:09  DEBUG     https://piconnect.flattrade.in:443 "POST /PiConnectAPI/Limits HTTP/1.1" 200 None
2026-07-15 09:18:09  WARNING   MIS BUY LODHA: avail=Rs125.54 < needed=Rs580.52 — qty 2→0
2026-07-15 09:18:09  ERROR     MIS BUY LODHA skipped — insufficient capital after reduction
2026-07-15 09:18:10  DEBUG     Starting new HTTPS connection (1): piconnect.flattrade.in:443
2026-07-15 09:18:10  DEBUG     https://piconnect.flattrade.in:443 "POST /PiConnectAPI/Limits HTTP/1.1" 200 None
2026-07-15 09:18:10  WARNING   MIS BUY LODHA: avail=Rs125.54 < needed=Rs580.52 — qty 2→0
2026-07-15 09:18:10  ERROR     MIS BUY LODHA skipped — insufficient capital after reduction
2026-07-15 09:18:11  DEBUG     Starting new HTTPS connection (1): piconnect.flattrade.in:443
2026-07-15 09:18:11  DEBUG     https://piconnect.flattrade.in:443 "POST /PiConnectAPI/Limits HTTP/1.1" 200 None
2026-07-15 09:18:11  WARNING   MIS BUY LODHA: avail=Rs125.54 < needed=Rs580.62 — qty 2→0
2026-07-15 09:18:11  ERROR     MIS BUY LODHA skipped — insufficient capital after reduction
2026-07-15 09:18:12  DEBUG     Starting new HTTPS connection (1): piconnect.flattrade.in:443
2026-07-15 09:18:12  DEBUG     https://piconnect.flattrade.in:443 "POST /PiConnectAPI/Limits HTTP/1.1" 200 None
2026-07-15 09:18:12  WARNING   MIS BUY LODHA: avail=Rs125.54 < needed=Rs580.52 — qty 2→0
2026-07-15 09:18:12  ERROR     MIS BUY LODHA skipped — insufficient capital after reduction
2026-07-15 09:18:13  DEBUG     Starting new HTTPS connection (1): piconnect.flattrade.in:443
2026-07-15 09:18:13  DEBUG     https://piconnect.flattrade.in:443 "POST /PiConnectAPI/Limits HTTP/1.1" 200 None
2026-07-15 09:18:13  WARNING   MIS BUY LODHA: avail=Rs125.54 < needed=Rs580.52 — qty 2→0
2026-07-15 09:18:13  ERROR     MIS BUY LODHA skipped — insufficient capital after reduction
2026-07-15 09:18:15  DEBUG     Starting new HTTPS connection (1): piconnect.flattrade.in:443
2026-07-15 09:18:15  DEBUG     https://piconnect.flattrade.in:443 "POST /PiConnectAPI/Limits HTTP/1.1" 200 None
2026-07-15 09:18:15  WARNING   MIS BUY LODHA: avail=Rs125.54 < needed=Rs580.52 — qty 2→0
2026-07-15 09:18:15  ERROR     MIS BUY LODHA skipped — insufficient capital after reduction
2026-07-15 09:18:16  DEBUG     Starting new HTTPS connection (1): piconnect.flattrade.in:443
2026-07-15 09:18:16  DEBUG     https://piconnect.flattrade.in:443 "POST /PiConnectAPI/Limits HTTP/1.1" 200 None
2026-07-15 09:18:16  WARNING   MIS BUY LODHA: avail=Rs125.54 < needed=Rs580.52 — qty 2→0
2026-07-15 09:18:16  ERROR     MIS BUY LODHA skipped — insufficient capital after reduction
2026-07-15 09:18:17  DEBUG     Starting new HTTPS connection (1): piconnect.flattrade.in:443
2026-07-15 09:18:17  DEBUG     https://piconnect.flattrade.in:443 "POST /PiConnectAPI/Limits HTTP/1.1" 200 None
2026-07-15 09:18:17  WARNING   MIS BUY LODHA: avail=Rs125.54 < needed=Rs580.52 — qty 2→0
2026-07-15 09:18:17  ERROR     MIS BUY LODHA skipped — insufficient capital after reduction
2026-07-15 09:18:17  DEBUG     Starting new HTTPS connection (1): piconnect.flattrade.in:443
2026-07-15 09:18:18  DEBUG     https://piconnect.flattrade.in:443 "POST /PiConnectAPI/Limits HTTP/1.1" 200 None
2026-07-15 09:18:18  WARNING   MIS BUY LODHA: avail=Rs125.54 < needed=Rs580.52 — qty 2→0
2026-07-15 09:18:18  ERROR     MIS BUY LODHA skipped — insufficient capital after reduction
2026-07-15 09:18:18  DEBUG     Starting new HTTPS connection (1): piconnect.flattrade.in:443
2026-07-15 09:18:18  DEBUG     https://piconnect.flattrade.in:443 "POST /PiConnectAPI/Limits HTTP/1.1" 200 None
2026-07-15 09:18:18  WARNING   MIS BUY LODHA: avail=Rs125.54 < needed=Rs580.62 — qty 2→0
2026-07-15 09:18:18  ERROR     MIS BUY LODHA skipped — insufficient capital after reduction
2026-07-15 09:18:19  DEBUG     Starting new HTTPS connection (1): piconnect.flattrade.in:443
2026-07-15 09:18:19  DEBUG     https://piconnect.flattrade.in:443 "POST /PiConnectAPI/Limits HTTP/1.1" 200 None
2026-07-15 09:18:19  WARNING   MIS BUY LODHA: avail=Rs125.54 < needed=Rs580.52 — qty 2→0
2026-07-15 09:18:19  ERROR     MIS BUY LODHA skipped — insufficient capital after reduction
2026-07-15 09:18:21  DEBUG     Starting new HTTPS connection (1): piconnect.flattrade.in:443
2026-07-15 09:18:21  DEBUG     https://piconnect.flattrade.in:443 "POST /PiConnectAPI/Limits HTTP/1.1" 200 None
2026-07-15 09:18:21  WARNING   MIS BUY LODHA: avail=Rs125.54 < needed=Rs580.52 — qty 2→0
2026-07-15 09:18:21  ERROR     MIS BUY LODHA skipped — insufficient capital after reduction
2026-07-15 09:18:22  DEBUG     Starting new HTTPS connection (1): piconnect.flattrade.in:443
2026-07-15 09:18:22  DEBUG     https://piconnect.flattrade.in:443 "POST /PiConnectAPI/Limits HTTP/1.1" 200 None
2026-07-15 09:18:22  WARNING   MIS BUY LODHA: avail=Rs125.54 < needed=Rs580.52 — qty 2→0
2026-07-15 09:18:22  ERROR     MIS BUY LODHA skipped — insufficient capital after reduction
2026-07-15 09:18:23  DEBUG     Starting new HTTPS connection (1): piconnect.flattrade.in:443
2026-07-15 09:18:23  DEBUG     https://piconnect.flattrade.in:443 "POST /PiConnectAPI/Limits HTTP/1.1" 200 None
2026-07-15 09:18:23  WARNING   MIS BUY LODHA: avail=Rs125.54 < needed=Rs580.52 — qty 2→0
2026-07-15 09:18:23  ERROR     MIS BUY LODHA skipped — insufficient capital after reduction
2026-07-15 09:18:25  DEBUG     Starting new HTTPS connection (1): piconnect.flattrade.in:443
2026-07-15 09:18:25  DEBUG     https://piconnect.flattrade.in:443 "POST /PiConnectAPI/Limits HTTP/1.1" 200 None
2026-07-15 09:18:25  WARNING   MIS BUY LODHA: avail=Rs125.54 < needed=Rs580.52 — qty 2→0
2026-07-15 09:18:25  ERROR     MIS BUY LODHA skipped — insufficient capital after reduction
2026-07-15 09:18:26  DEBUG     Starting new HTTPS connection (1): piconnect.flattrade.in:443
2026-07-15 09:18:27  DEBUG     https://piconnect.flattrade.in:443 "POST /PiConnectAPI/Limits HTTP/1.1" 200 None
2026-07-15 09:18:27  WARNING   MIS BUY LODHA: avail=Rs125.54 < needed=Rs580.62 — qty 2→0
2026-07-15 09:18:27  ERROR     MIS BUY LODHA skipped — insufficient capital after reduction
2026-07-15 09:18:27  DEBUG     Starting new HTTPS connection (1): piconnect.flattrade.in:443
2026-07-15 09:18:28  DEBUG     https://piconnect.flattrade.in:443 "POST /PiConnectAPI/Limits HTTP/1.1" 200 None
2026-07-15 09:18:28  WARNING   MIS BUY LODHA: avail=Rs125.54 < needed=Rs580.70 — qty 2→0
2026-07-15 09:18:28  ERROR     MIS BUY LODHA skipped — insufficient capital after reduction
2026-07-15 09:18:28  DEBUG     Starting new HTTPS connection (1): piconnect.flattrade.in:443
2026-07-15 09:18:29  DEBUG     https://piconnect.flattrade.in:443 "POST /PiConnectAPI/Limits HTTP/1.1" 200 None
2026-07-15 09:18:29  WARNING   MIS BUY LODHA: avail=Rs125.54 < needed=Rs580.70 — qty 2→0
2026-07-15 09:18:29  ERROR     MIS BUY LODHA skipped — insufficient capital after reduction
2026-07-15 09:18:29  DEBUG     Starting new HTTPS connection (1): piconnect.flattrade.in:443
2026-07-15 09:18:29  DEBUG     https://piconnect.flattrade.in:443 "POST /PiConnectAPI/Limits HTTP/1.1" 200 None
2026-07-15 09:18:29  WARNING   MIS BUY LODHA: avail=Rs125.54 < needed=Rs580.70 — qty 2→0
2026-07-15 09:18:29  ERROR     MIS BUY LODHA skipped — insufficient capital after reduction
2026-07-15 09:18:30  DEBUG     Starting new HTTPS connection (1): piconnect.flattrade.in:443
2026-07-15 09:18:30  DEBUG     https://piconnect.flattrade.in:443 "POST /PiConnectAPI/Limits HTTP/1.1" 200 None
2026-07-15 09:18:30  WARNING   MIS BUY LODHA: avail=Rs125.54 < needed=Rs580.70 — qty 2→0
2026-07-15 09:18:30  ERROR     MIS BUY LODHA skipped — insufficient capital after reduction
2026-07-15 09:18:30  DEBUG     Sending ping
2026-07-15 09:18:31  DEBUG     Starting new HTTPS connection (1): piconnect.flattrade.in:443
2026-07-15 09:18:31  DEBUG     https://piconnect.flattrade.in:443 "POST /PiConnectAPI/Limits HTTP/1.1" 200 None
2026-07-15 09:18:31  WARNING   MIS BUY LODHA: avail=Rs125.54 < needed=Rs580.70 — qty 2→0
2026-07-15 09:18:31  ERROR     MIS BUY LODHA skipped — insufficient capital after reduction
2026-07-15 09:18:33  DEBUG     Starting new HTTPS connection (1): piconnect.flattrade.in:443
2026-07-15 09:18:33  DEBUG     https://piconnect.flattrade.in:443 "POST /PiConnectAPI/Limits HTTP/1.1" 200 None
2026-07-15 09:18:33  WARNING   MIS BUY LODHA: avail=Rs125.54 < needed=Rs580.70 — qty 2→0
2026-07-15 09:18:33  ERROR     MIS BUY LODHA skipped — insufficient capital after reduction
2026-07-15 09:18:34  DEBUG     Starting new HTTPS connection (1): piconnect.flattrade.in:443
2026-07-15 09:18:34  DEBUG     https://piconnect.flattrade.in:443 "POST /PiConnectAPI/Limits HTTP/1.1" 200 None
2026-07-15 09:18:34  WARNING   MIS BUY LODHA: avail=Rs125.54 < needed=Rs580.70 — qty 2→0
2026-07-15 09:18:34  ERROR     MIS BUY LODHA skipped — insufficient capital after reduction
2026-07-15 09:18:36  DEBUG     Starting new HTTPS connection (1): piconnect.flattrade.in:443
2026-07-15 09:18:36  DEBUG     https://piconnect.flattrade.in:443 "POST /PiConnectAPI/Limits HTTP/1.1" 200 None
2026-07-15 09:18:36  WARNING   MIS BUY LODHA: avail=Rs125.54 < needed=Rs580.70 — qty 2→0
2026-07-15 09:18:36  ERROR     MIS BUY LODHA skipped — insufficient capital after reduction
2026-07-15 09:18:39  DEBUG     Starting new HTTPS connection (1): piconnect.flattrade.in:443
2026-07-15 09:18:39  DEBUG     https://piconnect.flattrade.in:443 "POST /PiConnectAPI/Limits HTTP/1.1" 200 None
2026-07-15 09:18:39  WARNING   MIS BUY LODHA: avail=Rs125.54 < needed=Rs580.70 — qty 2→0
2026-07-15 09:18:39  ERROR     MIS BUY LODHA skipped — insufficient capital after reduction
2026-07-15 09:18:40  DEBUG     Starting new HTTPS connection (1): piconnect.flattrade.in:443
2026-07-15 09:18:40  DEBUG     https://piconnect.flattrade.in:443 "POST /PiConnectAPI/Limits HTTP/1.1" 200 None
2026-07-15 09:18:40  WARNING   MIS BUY LODHA: avail=Rs125.54 < needed=Rs580.67 — qty 2→0
2026-07-15 09:18:40  ERROR     MIS BUY LODHA skipped — insufficient capital after reduction
2026-07-15 09:18:42  DEBUG     Starting new HTTPS connection (1): piconnect.flattrade.in:443
2026-07-15 09:18:42  DEBUG     https://piconnect.flattrade.in:443 "POST /PiConnectAPI/Limits HTTP/1.1" 200 None
2026-07-15 09:18:42  WARNING   MIS BUY LODHA: avail=Rs125.54 < needed=Rs580.67 — qty 2→0
2026-07-15 09:18:42  ERROR     MIS BUY LODHA skipped — insufficient capital after reduction
2026-07-15 09:18:42  DEBUG     Starting new HTTPS connection (1): piconnect.flattrade.in:443
2026-07-15 09:18:42  DEBUG     https://piconnect.flattrade.in:443 "POST /PiConnectAPI/Limits HTTP/1.1" 200 None
2026-07-15 09:18:42  WARNING   MIS BUY LODHA: avail=Rs125.54 < needed=Rs580.67 — qty 2→0
2026-07-15 09:18:42  ERROR     MIS BUY LODHA skipped — insufficient capital after reduction
2026-07-15 09:18:43  DEBUG     Starting new HTTPS connection (1): piconnect.flattrade.in:443
2026-07-15 09:18:43  DEBUG     https://piconnect.flattrade.in:443 "POST /PiConnectAPI/Limits HTTP/1.1" 200 None
2026-07-15 09:18:43  WARNING   MIS BUY LODHA: avail=Rs125.54 < needed=Rs580.67 — qty 2→0
2026-07-15 09:18:43  ERROR     MIS BUY LODHA skipped — insufficient capital after reduction
2026-07-15 09:18:44  DEBUG     Starting new HTTPS connection (1): piconnect.flattrade.in:443
2026-07-15 09:18:44  DEBUG     https://piconnect.flattrade.in:443 "POST /PiConnectAPI/Limits HTTP/1.1" 200 None
2026-07-15 09:18:44  WARNING   MIS BUY LODHA: avail=Rs125.54 < needed=Rs580.65 — qty 2→0
2026-07-15 09:18:44  ERROR     MIS BUY LODHA skipped — insufficient capital after reduction
2026-07-15 09:18:47  DEBUG     Starting new HTTPS connection (1): piconnect.flattrade.in:443
2026-07-15 09:18:47  DEBUG     https://piconnect.flattrade.in:443 "POST /PiConnectAPI/Limits HTTP/1.1" 200 None
2026-07-15 09:18:47  WARNING   MIS BUY LODHA: avail=Rs125.54 < needed=Rs580.65 — qty 2→0
2026-07-15 09:18:47  ERROR     MIS BUY LODHA skipped — insufficient capital after reduction
2026-07-15 09:18:48  DEBUG     Starting new HTTPS connection (1): piconnect.flattrade.in:443
2026-07-15 09:18:48  DEBUG     https://piconnect.flattrade.in:443 "POST /PiConnectAPI/Limits HTTP/1.1" 200 None
2026-07-15 09:18:48  WARNING   MIS BUY LODHA: avail=Rs125.54 < needed=Rs580.60 — qty 2→0
2026-07-15 09:18:48  ERROR     MIS BUY LODHA skipped — insufficient capital after reduction
2026-07-15 09:18:49  DEBUG     Starting new HTTPS connection (1): piconnect.flattrade.in:443
2026-07-15 09:18:49  DEBUG     https://piconnect.flattrade.in:443 "POST /PiConnectAPI/Limits HTTP/1.1" 200 None
2026-07-15 09:18:49  WARNING   MIS BUY LODHA: avail=Rs125.54 < needed=Rs580.65 — qty 2→0
2026-07-15 09:18:49  ERROR     MIS BUY LODHA skipped — insufficient capital after reduction
2026-07-15 09:18:50  DEBUG     Starting new HTTPS connection (1): piconnect.flattrade.in:443
2026-07-15 09:18:50  DEBUG     https://piconnect.flattrade.in:443 "POST /PiConnectAPI/Limits HTTP/1.1" 200 None
2026-07-15 09:18:50  WARNING   MIS BUY LODHA: avail=Rs125.54 < needed=Rs580.65 — qty 2→0
2026-07-15 09:18:50  ERROR     MIS BUY LODHA skipped — insufficient capital after reduction
2026-07-15 09:18:52  DEBUG     Starting new HTTPS connection (1): piconnect.flattrade.in:443
2026-07-15 09:18:52  DEBUG     https://piconnect.flattrade.in:443 "POST /PiConnectAPI/Limits HTTP/1.1" 200 None
2026-07-15 09:18:52  WARNING   MIS BUY LODHA: avail=Rs125.54 < needed=Rs580.65 — qty 2→0
2026-07-15 09:18:52  ERROR     MIS BUY LODHA skipped — insufficient capital after reduction
2026-07-15 09:18:54  DEBUG     Starting new HTTPS connection (1): piconnect.flattrade.in:443
2026-07-15 09:18:54  DEBUG     https://piconnect.flattrade.in:443 "POST /PiConnectAPI/Limits HTTP/1.1" 200 None
2026-07-15 09:18:54  WARNING   MIS BUY LODHA: avail=Rs125.54 < needed=Rs580.65 — qty 2→0
2026-07-15 09:18:54  ERROR     MIS BUY LODHA skipped — insufficient capital after reduction
2026-07-15 09:18:55  DEBUG     Starting new HTTPS connection (1): piconnect.flattrade.in:443
2026-07-15 09:18:55  DEBUG     https://piconnect.flattrade.in:443 "POST /PiConnectAPI/Limits HTTP/1.1" 200 None
2026-07-15 09:18:55  WARNING   MIS BUY LODHA: avail=Rs125.54 < needed=Rs580.65 — qty 2→0
2026-07-15 09:18:55  ERROR     MIS BUY LODHA skipped — insufficient capital after reduction
2026-07-15 09:18:56  DEBUG     Starting new HTTPS connection (1): piconnect.flattrade.in:443
2026-07-15 09:18:56  DEBUG     https://piconnect.flattrade.in:443 "POST /PiConnectAPI/Limits HTTP/1.1" 200 None
2026-07-15 09:18:56  WARNING   MIS BUY LODHA: avail=Rs125.54 < needed=Rs580.65 — qty 2→0
2026-07-15 09:18:56  ERROR     MIS BUY LODHA skipped — insufficient capital after reduction
2026-07-15 09:18:58  DEBUG     Starting new HTTPS connection (1): piconnect.flattrade.in:443
2026-07-15 09:18:58  DEBUG     https://piconnect.flattrade.in:443 "POST /PiConnectAPI/Limits HTTP/1.1" 200 None
2026-07-15 09:18:58  WARNING   MIS BUY LODHA: avail=Rs125.54 < needed=Rs580.65 — qty 2→0
2026-07-15 09:18:58  ERROR     MIS BUY LODHA skipped — insufficient capital after reduction
2026-07-15 09:18:59  DEBUG     Starting new HTTPS connection (1): piconnect.flattrade.in:443
2026-07-15 09:18:59  DEBUG     https://piconnect.flattrade.in:443 "POST /PiConnectAPI/Limits HTTP/1.1" 200 None
2026-07-15 09:18:59  WARNING   MIS BUY LODHA: avail=Rs125.54 < needed=Rs580.65 — qty 2→0
2026-07-15 09:18:59  ERROR     MIS BUY LODHA skipped — insufficient capital after reduction
2026-07-15 09:19:00  DEBUG     Sending ping
2026-07-15 09:19:01  DEBUG     Starting new HTTPS connection (1): piconnect.flattrade.in:443
2026-07-15 09:19:02  DEBUG     https://piconnect.flattrade.in:443 "POST /PiConnectAPI/Limits HTTP/1.1" 200 None
2026-07-15 09:19:02  WARNING   MIS BUY LODHA: avail=Rs125.54 < needed=Rs580.65 — qty 2→0
2026-07-15 09:19:02  ERROR     MIS BUY LODHA skipped — insufficient capital after reduction
2026-07-15 09:19:02  DEBUG     Starting new HTTPS connection (1): piconnect.flattrade.in:443
2026-07-15 09:19:02  DEBUG     https://piconnect.flattrade.in:443 "POST /PiConnectAPI/Limits HTTP/1.1" 200 None
2026-07-15 09:19:02  WARNING   MIS BUY LODHA: avail=Rs125.54 < needed=Rs580.65 — qty 2→0
2026-07-15 09:19:02  ERROR     MIS BUY LODHA skipped — insufficient capital after reduction
2026-07-15 09:19:02  DEBUG     Starting new HTTPS connection (1): piconnect.flattrade.in:443
2026-07-15 09:19:03  DEBUG     https://piconnect.flattrade.in:443 "POST /PiConnectAPI/Limits HTTP/1.1" 200 None
2026-07-15 09:19:03  WARNING   MIS BUY LODHA: avail=Rs125.54 < needed=Rs580.65 — qty 2→0
2026-07-15 09:19:03  ERROR     MIS BUY LODHA skipped — insufficient capital after reduction
2026-07-15 09:19:05  DEBUG     Starting new HTTPS connection (1): piconnect.flattrade.in:443
2026-07-15 09:19:05  DEBUG     https://piconnect.flattrade.in:443 "POST /PiConnectAPI/Limits HTTP/1.1" 200 None
2026-07-15 09:19:05  WARNING   MIS BUY LODHA: avail=Rs125.54 < needed=Rs580.65 — qty 2→0
2026-07-15 09:19:05  ERROR     MIS BUY LODHA skipped — insufficient capital after reduction
2026-07-15 09:19:06  DEBUG     Starting new HTTPS connection (1): piconnect.flattrade.in:443
2026-07-15 09:19:07  DEBUG     https://piconnect.flattrade.in:443 "POST /PiConnectAPI/Limits HTTP/1.1" 200 None
2026-07-15 09:19:07  WARNING   MIS BUY LODHA: avail=Rs125.54 < needed=Rs580.65 — qty 2→0
2026-07-15 09:19:07  ERROR     MIS BUY LODHA skipped — insufficient capital after reduction
2026-07-15 09:19:07  DEBUG     Starting new HTTPS connection (1): piconnect.flattrade.in:443
2026-07-15 09:19:07  DEBUG     https://piconnect.flattrade.in:443 "POST /PiConnectAPI/Limits HTTP/1.1" 200 None
2026-07-15 09:19:07  WARNING   MIS BUY LODHA: avail=Rs125.54 < needed=Rs580.65 — qty 2→0
2026-07-15 09:19:07  ERROR     MIS BUY LODHA skipped — insufficient capital after reduction
2026-07-15 09:19:09  DEBUG     Starting new HTTPS connection (1): piconnect.flattrade.in:443
2026-07-15 09:19:09  DEBUG     https://piconnect.flattrade.in:443 "POST /PiConnectAPI/Limits HTTP/1.1" 200 None
2026-07-15 09:19:09  WARNING   MIS BUY LODHA: avail=Rs125.54 < needed=Rs580.65 — qty 2→0
2026-07-15 09:19:09  ERROR     MIS BUY LODHA skipped — insufficient capital after reduction
2026-07-15 09:19:10  DEBUG     Starting new HTTPS connection (1): piconnect.flattrade.in:443
2026-07-15 09:19:10  DEBUG     https://piconnect.flattrade.in:443 "POST /PiConnectAPI/Limits HTTP/1.1" 200 None
2026-07-15 09:19:10  WARNING   MIS BUY LODHA: avail=Rs125.54 < needed=Rs580.65 — qty 2→0
2026-07-15 09:19:10  ERROR     MIS BUY LODHA skipped — insufficient capital after reduction
2026-07-15 09:19:11  DEBUG     Starting new HTTPS connection (1): piconnect.flattrade.in:443
2026-07-15 09:19:11  DEBUG     https://piconnect.flattrade.in:443 "POST /PiConnectAPI/Limits HTTP/1.1" 200 None
2026-07-15 09:19:11  WARNING   MIS BUY LODHA: avail=Rs125.54 < needed=Rs580.65 — qty 2→0
2026-07-15 09:19:11  ERROR     MIS BUY LODHA skipped — insufficient capital after reduction
2026-07-15 09:19:13  DEBUG     Starting new HTTPS connection (1): piconnect.flattrade.in:443
2026-07-15 09:19:13  DEBUG     https://piconnect.flattrade.in:443 "POST /PiConnectAPI/Limits HTTP/1.1" 200 None
2026-07-15 09:19:13  WARNING   MIS BUY LODHA: avail=Rs125.54 < needed=Rs580.65 — qty 2→0
2026-07-15 09:19:13  ERROR     MIS BUY LODHA skipped — insufficient capital after reduction
2026-07-15 09:19:14  DEBUG     Starting new HTTPS connection (1): piconnect.flattrade.in:443
2026-07-15 09:19:14  DEBUG     https://piconnect.flattrade.in:443 "POST /PiConnectAPI/Limits HTTP/1.1" 200 None
2026-07-15 09:19:14  WARNING   MIS BUY LODHA: avail=Rs125.54 < needed=Rs580.65 — qty 2→0
2026-07-15 09:19:14  ERROR     MIS BUY LODHA skipped — insufficient capital after reduction
2026-07-15 09:19:15  DEBUG     Starting new HTTPS connection (1): piconnect.flattrade.in:443
2026-07-15 09:19:15  DEBUG     https://piconnect.flattrade.in:443 "POST /PiConnectAPI/Limits HTTP/1.1" 200 None
2026-07-15 09:19:15  WARNING   MIS BUY LODHA: avail=Rs125.54 < needed=Rs580.65 — qty 2→0
2026-07-15 09:19:15  ERROR     MIS BUY LODHA skipped — insufficient capital after reduction
2026-07-15 09:19:16  DEBUG     Starting new HTTPS connection (1): piconnect.flattrade.in:443
2026-07-15 09:19:16  DEBUG     https://piconnect.flattrade.in:443 "POST /PiConnectAPI/Limits HTTP/1.1" 200 None
2026-07-15 09:19:16  WARNING   MIS BUY LODHA: avail=Rs125.54 < needed=Rs580.65 — qty 2→0
2026-07-15 09:19:16  ERROR     MIS BUY LODHA skipped — insufficient capital after reduction
2026-07-15 09:19:18  DEBUG     Starting new HTTPS connection (1): piconnect.flattrade.in:443
2026-07-15 09:19:18  DEBUG     https://piconnect.flattrade.in:443 "POST /PiConnectAPI/Limits HTTP/1.1" 200 None
2026-07-15 09:19:18  WARNING   MIS BUY LODHA: avail=Rs125.54 < needed=Rs580.65 — qty 2→0
2026-07-15 09:19:18  ERROR     MIS BUY LODHA skipped — insufficient capital after reduction
2026-07-15 09:19:20  DEBUG     Starting new HTTPS connection (1): piconnect.flattrade.in:443
2026-07-15 09:19:21  DEBUG     https://piconnect.flattrade.in:443 "POST /PiConnectAPI/Limits HTTP/1.1" 200 None
2026-07-15 09:19:21  WARNING   MIS BUY LODHA: avail=Rs125.54 < needed=Rs580.65 — qty 2→0
2026-07-15 09:19:21  ERROR     MIS BUY LODHA skipped — insufficient capital after reduction
2026-07-15 09:19:21  DEBUG     Starting new HTTPS connection (1): piconnect.flattrade.in:443
2026-07-15 09:19:22  DEBUG     https://piconnect.flattrade.in:443 "POST /PiConnectAPI/Limits HTTP/1.1" 200 None
2026-07-15 09:19:22  WARNING   MIS BUY LODHA: avail=Rs125.54 < needed=Rs580.65 — qty 2→0
2026-07-15 09:19:22  ERROR     MIS BUY LODHA skipped — insufficient capital after reduction
2026-07-15 09:19:22  DEBUG     Starting new HTTPS connection (1): piconnect.flattrade.in:443
2026-07-15 09:19:22  DEBUG     https://piconnect.flattrade.in:443 "POST /PiConnectAPI/Limits HTTP/1.1" 200 None
2026-07-15 09:19:22  WARNING   MIS BUY LODHA: avail=Rs125.54 < needed=Rs580.75 — qty 2→0
2026-07-15 09:19:22  ERROR     MIS BUY LODHA skipped — insufficient capital after reduction
2026-07-15 09:19:24  DEBUG     Starting new HTTPS connection (1): piconnect.flattrade.in:443
2026-07-15 09:19:25  DEBUG     https://piconnect.flattrade.in:443 "POST /PiConnectAPI/Limits HTTP/1.1" 200 None
2026-07-15 09:19:25  WARNING   MIS BUY LODHA: avail=Rs125.54 < needed=Rs580.73 — qty 2→0
2026-07-15 09:19:25  ERROR     MIS BUY LODHA skipped — insufficient capital after reduction
2026-07-15 09:19:25  DEBUG     Starting new HTTPS connection (1): piconnect.flattrade.in:443
2026-07-15 09:19:26  DEBUG     https://piconnect.flattrade.in:443 "POST /PiConnectAPI/Limits HTTP/1.1" 200 None
2026-07-15 09:19:26  WARNING   MIS BUY LODHA: avail=Rs125.54 < needed=Rs580.73 — qty 2→0
2026-07-15 09:19:26  ERROR     MIS BUY LODHA skipped — insufficient capital after reduction
2026-07-15 09:19:26  DEBUG     Starting new HTTPS connection (1): piconnect.flattrade.in:443
2026-07-15 09:19:27  DEBUG     https://piconnect.flattrade.in:443 "POST /PiConnectAPI/Limits HTTP/1.1" 200 None
2026-07-15 09:19:27  WARNING   MIS BUY LODHA: avail=Rs125.54 < needed=Rs580.73 — qty 2→0
2026-07-15 09:19:27  ERROR     MIS BUY LODHA skipped — insufficient capital after reduction
2026-07-15 09:19:27  DEBUG     Starting new HTTPS connection (1): piconnect.flattrade.in:443
2026-07-15 09:19:27  DEBUG     https://piconnect.flattrade.in:443 "POST /PiConnectAPI/Limits HTTP/1.1" 200 None
2026-07-15 09:19:27  WARNING   MIS BUY LODHA: avail=Rs125.54 < needed=Rs580.73 — qty 2→0
2026-07-15 09:19:27  ERROR     MIS BUY LODHA skipped — insufficient capital after reduction
2026-07-15 09:19:27  DEBUG     Starting new HTTPS connection (1): piconnect.flattrade.in:443
2026-07-15 09:19:28  DEBUG     https://piconnect.flattrade.in:443 "POST /PiConnectAPI/Limits HTTP/1.1" 200 None
2026-07-15 09:19:28  WARNING   MIS BUY LODHA: avail=Rs125.54 < needed=Rs580.73 — qty 2→0
2026-07-15 09:19:28  ERROR     MIS BUY LODHA skipped — insufficient capital after reduction
2026-07-15 09:19:28  DEBUG     Starting new HTTPS connection (1): piconnect.flattrade.in:443
2026-07-15 09:19:29  DEBUG     https://piconnect.flattrade.in:443 "POST /PiConnectAPI/Limits HTTP/1.1" 200 None
2026-07-15 09:19:29  WARNING   MIS BUY LODHA: avail=Rs125.54 < needed=Rs580.73 — qty 2→0
2026-07-15 09:19:29  ERROR     MIS BUY LODHA skipped — insufficient capital after reduction
2026-07-15 09:19:29  DEBUG     Starting new HTTPS connection (1): piconnect.flattrade.in:443
2026-07-15 09:19:29  DEBUG     https://piconnect.flattrade.in:443 "POST /PiConnectAPI/Limits HTTP/1.1" 200 None
2026-07-15 09:19:29  WARNING   MIS BUY LODHA: avail=Rs125.54 < needed=Rs580.73 — qty 2→0
2026-07-15 09:19:29  ERROR     MIS BUY LODHA skipped — insufficient capital after reduction
2026-07-15 09:19:30  DEBUG     Sending ping
2026-07-15 09:19:31  DEBUG     Starting new HTTPS connection (1): piconnect.flattrade.in:443
2026-07-15 09:19:32  DEBUG     https://piconnect.flattrade.in:443 "POST /PiConnectAPI/Limits HTTP/1.1" 200 None
2026-07-15 09:19:32  WARNING   MIS BUY LODHA: avail=Rs125.54 < needed=Rs580.73 — qty 2→0
2026-07-15 09:19:32  ERROR     MIS BUY LODHA skipped — insufficient capital after reduction
2026-07-15 09:19:32  DEBUG     Starting new HTTPS connection (1): piconnect.flattrade.in:443
2026-07-15 09:19:32  DEBUG     https://piconnect.flattrade.in:443 "POST /PiConnectAPI/Limits HTTP/1.1" 200 None
2026-07-15 09:19:32  WARNING   MIS BUY LODHA: avail=Rs125.54 < needed=Rs580.73 — qty 2→0
2026-07-15 09:19:32  ERROR     MIS BUY LODHA skipped — insufficient capital after reduction
2026-07-15 09:19:33  DEBUG     Starting new HTTPS connection (1): piconnect.flattrade.in:443
2026-07-15 09:19:34  DEBUG     https://piconnect.flattrade.in:443 "POST /PiConnectAPI/Limits HTTP/1.1" 200 None
2026-07-15 09:19:34  WARNING   MIS BUY LODHA: avail=Rs125.54 < needed=Rs580.73 — qty 2→0
2026-07-15 09:19:34  ERROR     MIS BUY LODHA skipped — insufficient capital after reduction
2026-07-15 09:19:34  DEBUG     Starting new HTTPS connection (1): piconnect.flattrade.in:443
2026-07-15 09:19:35  DEBUG     https://piconnect.flattrade.in:443 "POST /PiConnectAPI/Limits HTTP/1.1" 200 None
2026-07-15 09:19:35  WARNING   MIS BUY LODHA: avail=Rs125.54 < needed=Rs580.73 — qty 2→0
2026-07-15 09:19:35  ERROR     MIS BUY LODHA skipped — insufficient capital after reduction
2026-07-15 09:19:38  DEBUG     Starting new HTTPS connection (1): piconnect.flattrade.in:443
2026-07-15 09:19:38  DEBUG     https://piconnect.flattrade.in:443 "POST /PiConnectAPI/Limits HTTP/1.1" 200 None
2026-07-15 09:19:38  WARNING   MIS BUY LODHA: avail=Rs125.54 < needed=Rs580.73 — qty 2→0
2026-07-15 09:19:38  ERROR     MIS BUY LODHA skipped — insufficient capital after reduction
2026-07-15 09:19:38  DEBUG     Starting new HTTPS connection (1): piconnect.flattrade.in:443
2026-07-15 09:19:38  DEBUG     https://piconnect.flattrade.in:443 "POST /PiConnectAPI/Limits HTTP/1.1" 200 None
2026-07-15 09:19:38  WARNING   MIS BUY LODHA: avail=Rs125.54 < needed=Rs580.58 — qty 2→0
2026-07-15 09:19:38  ERROR     MIS BUY LODHA skipped — insufficient capital after reduction
2026-07-15 09:19:39  DEBUG     Starting new HTTPS connection (1): piconnect.flattrade.in:443
2026-07-15 09:19:39  DEBUG     https://piconnect.flattrade.in:443 "POST /PiConnectAPI/Limits HTTP/1.1" 200 None
2026-07-15 09:19:39  WARNING   MIS BUY LODHA: avail=Rs125.54 < needed=Rs580.65 — qty 2→0
2026-07-15 09:19:39  ERROR     MIS BUY LODHA skipped — insufficient capital after reduction
2026-07-15 09:19:39  DEBUG     Starting new HTTPS connection (1): piconnect.flattrade.in:443
2026-07-15 09:19:40  DEBUG     https://piconnect.flattrade.in:443 "POST /PiConnectAPI/Limits HTTP/1.1" 200 None
2026-07-15 09:19:40  WARNING   MIS BUY LODHA: avail=Rs125.54 < needed=Rs580.65 — qty 2→0
2026-07-15 09:19:40  ERROR     MIS BUY LODHA skipped — insufficient capital after reduction
2026-07-15 09:19:40  DEBUG     Starting new HTTPS connection (1): piconnect.flattrade.in:443
2026-07-15 09:19:40  DEBUG     https://piconnect.flattrade.in:443 "POST /PiConnectAPI/Limits HTTP/1.1" 200 None
2026-07-15 09:19:40  WARNING   MIS BUY LODHA: avail=Rs125.54 < needed=Rs580.65 — qty 2→0
2026-07-15 09:19:40  ERROR     MIS BUY LODHA skipped — insufficient capital after reduction
2026-07-15 09:19:40  DEBUG     Starting new HTTPS connection (1): piconnect.flattrade.in:443
2026-07-15 09:19:41  DEBUG     https://piconnect.flattrade.in:443 "POST /PiConnectAPI/Limits HTTP/1.1" 200 None
2026-07-15 09:19:41  WARNING   MIS BUY LODHA: avail=Rs125.54 < needed=Rs580.65 — qty 2→0
2026-07-15 09:19:41  ERROR     MIS BUY LODHA skipped — insufficient capital after reduction
2026-07-15 09:19:41  DEBUG     Starting new HTTPS connection (1): piconnect.flattrade.in:443
2026-07-15 09:19:41  DEBUG     https://piconnect.flattrade.in:443 "POST /PiConnectAPI/Limits HTTP/1.1" 200 None
2026-07-15 09:19:41  WARNING   MIS BUY LODHA: avail=Rs125.54 < needed=Rs580.62 — qty 2→0
2026-07-15 09:19:41  ERROR     MIS BUY LODHA skipped — insufficient capital after reduction
2026-07-15 09:19:42  DEBUG     Starting new HTTPS connection (1): piconnect.flattrade.in:443
2026-07-15 09:19:42  DEBUG     https://piconnect.flattrade.in:443 "POST /PiConnectAPI/Limits HTTP/1.1" 200 None
2026-07-15 09:19:42  WARNING   MIS BUY LODHA: avail=Rs125.54 < needed=Rs580.62 — qty 2→0
2026-07-15 09:19:42  ERROR     MIS BUY LODHA skipped — insufficient capital after reduction
2026-07-15 09:19:43  DEBUG     Starting new HTTPS connection (1): piconnect.flattrade.in:443
2026-07-15 09:19:43  DEBUG     https://piconnect.flattrade.in:443 "POST /PiConnectAPI/Limits HTTP/1.1" 200 None
2026-07-15 09:19:43  WARNING   MIS BUY LODHA: avail=Rs125.54 < needed=Rs580.62 — qty 2→0
2026-07-15 09:19:43  ERROR     MIS BUY LODHA skipped — insufficient capital after reduction
2026-07-15 09:19:43  DEBUG     Starting new HTTPS connection (1): piconnect.flattrade.in:443
2026-07-15 09:19:44  DEBUG     https://piconnect.flattrade.in:443 "POST /PiConnectAPI/Limits HTTP/1.1" 200 None
2026-07-15 09:19:44  WARNING   MIS BUY LODHA: avail=Rs125.54 < needed=Rs580.62 — qty 2→0
2026-07-15 09:19:44  ERROR     MIS BUY LODHA skipped — insufficient capital after reduction
2026-07-15 09:19:44  DEBUG     Starting new HTTPS connection (1): piconnect.flattrade.in:443
2026-07-15 09:19:44  DEBUG     https://piconnect.flattrade.in:443 "POST /PiConnectAPI/Limits HTTP/1.1" 200 None
2026-07-15 09:19:44  WARNING   MIS BUY LODHA: avail=Rs125.54 < needed=Rs580.62 — qty 2→0
2026-07-15 09:19:44  ERROR     MIS BUY LODHA skipped — insufficient capital after reduction
2026-07-15 09:19:44  DEBUG     Starting new HTTPS connection (1): piconnect.flattrade.in:443
2026-07-15 09:19:45  DEBUG     https://piconnect.flattrade.in:443 "POST /PiConnectAPI/Limits HTTP/1.1" 200 None
2026-07-15 09:19:45  WARNING   MIS BUY LODHA: avail=Rs125.54 < needed=Rs580.60 — qty 2→0
2026-07-15 09:19:45  ERROR     MIS BUY LODHA skipped — insufficient capital after reduction
2026-07-15 09:19:46  DEBUG     Starting new HTTPS connection (1): piconnect.flattrade.in:443
2026-07-15 09:19:46  DEBUG     https://piconnect.flattrade.in:443 "POST /PiConnectAPI/Limits HTTP/1.1" 200 None
2026-07-15 09:19:46  WARNING   MIS BUY LODHA: avail=Rs125.54 < needed=Rs580.60 — qty 2→0
2026-07-15 09:19:46  ERROR     MIS BUY LODHA skipped — insufficient capital after reduction
2026-07-15 09:19:47  DEBUG     Starting new HTTPS connection (1): piconnect.flattrade.in:443
2026-07-15 09:19:47  DEBUG     https://piconnect.flattrade.in:443 "POST /PiConnectAPI/Limits HTTP/1.1" 200 None
2026-07-15 09:19:47  WARNING   MIS BUY LODHA: avail=Rs125.54 < needed=Rs580.58 — qty 2→0
2026-07-15 09:19:47  ERROR     MIS BUY LODHA skipped — insufficient capital after reduction
2026-07-15 09:19:48  DEBUG     Starting new HTTPS connection (1): piconnect.flattrade.in:443
2026-07-15 09:19:48  DEBUG     https://piconnect.flattrade.in:443 "POST /PiConnectAPI/Limits HTTP/1.1" 200 None
2026-07-15 09:19:48  WARNING   MIS BUY LODHA: avail=Rs125.54 < needed=Rs580.58 — qty 2→0
2026-07-15 09:19:48  ERROR     MIS BUY LODHA skipped — insufficient capital after reduction
2026-07-15 09:19:49  DEBUG     Starting new HTTPS connection (1): piconnect.flattrade.in:443
2026-07-15 09:19:49  DEBUG     https://piconnect.flattrade.in:443 "POST /PiConnectAPI/Limits HTTP/1.1" 200 None
2026-07-15 09:19:49  WARNING   MIS BUY LODHA: avail=Rs125.54 < needed=Rs580.58 — qty 2→0
2026-07-15 09:19:49  ERROR     MIS BUY LODHA skipped — insufficient capital after reduction
2026-07-15 09:19:50  DEBUG     Starting new HTTPS connection (1): piconnect.flattrade.in:443
2026-07-15 09:19:50  DEBUG     https://piconnect.flattrade.in:443 "POST /PiConnectAPI/Limits HTTP/1.1" 200 None
2026-07-15 09:19:50  WARNING   MIS BUY LODHA: avail=Rs125.54 < needed=Rs580.58 — qty 2→0
2026-07-15 09:19:50  ERROR     MIS BUY LODHA skipped — insufficient capital after reduction
2026-07-15 09:19:51  DEBUG     Starting new HTTPS connection (1): piconnect.flattrade.in:443
2026-07-15 09:19:51  DEBUG     https://piconnect.flattrade.in:443 "POST /PiConnectAPI/Limits HTTP/1.1" 200 None
2026-07-15 09:19:51  WARNING   MIS BUY LODHA: avail=Rs125.54 < needed=Rs580.55 — qty 2→0
2026-07-15 09:19:51  ERROR     MIS BUY LODHA skipped — insufficient capital after reduction
2026-07-15 09:19:52  DEBUG     Starting new HTTPS connection (1): piconnect.flattrade.in:443
2026-07-15 09:19:52  DEBUG     https://piconnect.flattrade.in:443 "POST /PiConnectAPI/Limits HTTP/1.1" 200 None
2026-07-15 09:19:52  WARNING   MIS BUY LODHA: avail=Rs125.54 < needed=Rs580.55 — qty 2→0
2026-07-15 09:19:52  ERROR     MIS BUY LODHA skipped — insufficient capital after reduction
2026-07-15 09:19:53  DEBUG     Starting new HTTPS connection (1): piconnect.flattrade.in:443
2026-07-15 09:19:53  DEBUG     https://piconnect.flattrade.in:443 "POST /PiConnectAPI/Limits HTTP/1.1" 200 None
2026-07-15 09:19:53  WARNING   MIS BUY LODHA: avail=Rs125.54 < needed=Rs580.33 — qty 2→0
2026-07-15 09:19:53  ERROR     MIS BUY LODHA skipped — insufficient capital after reduction
2026-07-15 09:19:54  DEBUG     Starting new HTTPS connection (1): piconnect.flattrade.in:443
2026-07-15 09:19:54  DEBUG     https://piconnect.flattrade.in:443 "POST /PiConnectAPI/Limits HTTP/1.1" 200 None
2026-07-15 09:19:54  WARNING   MIS BUY LODHA: avail=Rs125.54 < needed=Rs580.33 — qty 2→0
2026-07-15 09:19:54  ERROR     MIS BUY LODHA skipped — insufficient capital after reduction
2026-07-15 09:19:55  DEBUG     Starting new HTTPS connection (1): piconnect.flattrade.in:443
2026-07-15 09:19:55  DEBUG     https://piconnect.flattrade.in:443 "POST /PiConnectAPI/Limits HTTP/1.1" 200 None
2026-07-15 09:19:55  WARNING   MIS BUY LODHA: avail=Rs125.54 < needed=Rs580.30 — qty 2→0
2026-07-15 09:19:55  ERROR     MIS BUY LODHA skipped — insufficient capital after reduction
2026-07-15 09:19:56  DEBUG     Starting new HTTPS connection (1): piconnect.flattrade.in:443
2026-07-15 09:19:56  DEBUG     https://piconnect.flattrade.in:443 "POST /PiConnectAPI/Limits HTTP/1.1" 200 None
2026-07-15 09:19:56  WARNING   MIS BUY LODHA: avail=Rs125.54 < needed=Rs580.33 — qty 2→0
2026-07-15 09:19:56  ERROR     MIS BUY LODHA skipped — insufficient capital after reduction
2026-07-15 09:19:57  DEBUG     Starting new HTTPS connection (1): piconnect.flattrade.in:443
2026-07-15 09:19:57  DEBUG     https://piconnect.flattrade.in:443 "POST /PiConnectAPI/Limits HTTP/1.1" 200 None
2026-07-15 09:19:57  WARNING   MIS BUY LODHA: avail=Rs125.54 < needed=Rs580.23 — qty 2→0
2026-07-15 09:19:57  ERROR     MIS BUY LODHA skipped — insufficient capital after reduction
2026-07-15 09:19:58  DEBUG     Starting new HTTPS connection (1): piconnect.flattrade.in:443
2026-07-15 09:19:58  DEBUG     https://piconnect.flattrade.in:443 "POST /PiConnectAPI/Limits HTTP/1.1" 200 None
2026-07-15 09:19:58  WARNING   MIS BUY LODHA: avail=Rs125.54 < needed=Rs580.12 — qty 2→0
2026-07-15 09:19:58  ERROR     MIS BUY LODHA skipped — insufficient capital after reduction
2026-07-15 09:20:00  DEBUG     Starting new HTTPS connection (1): piconnect.flattrade.in:443
2026-07-15 09:20:00  DEBUG     https://piconnect.flattrade.in:443 "POST /PiConnectAPI/Limits HTTP/1.1" 200 None
2026-07-15 09:20:00  WARNING   MIS BUY LODHA: avail=Rs125.54 < needed=Rs580.12 — qty 2→0
2026-07-15 09:20:00  ERROR     MIS BUY LODHA skipped — insufficient capital after reduction
2026-07-15 09:20:00  DEBUG     Sending ping
2026-07-15 09:20:01  DEBUG     Starting new HTTPS connection (1): piconnect.flattrade.in:443
2026-07-15 09:20:01  DEBUG     https://piconnect.flattrade.in:443 "POST /PiConnectAPI/Limits HTTP/1.1" 200 None
2026-07-15 09:20:01  WARNING   MIS BUY LODHA: avail=Rs125.54 < needed=Rs580.12 — qty 2→0
2026-07-15 09:20:01  ERROR     MIS BUY LODHA skipped — insufficient capital after reduction
2026-07-15 09:20:02  DEBUG     Starting new HTTPS connection (1): piconnect.flattrade.in:443
2026-07-15 09:20:02  DEBUG     https://piconnect.flattrade.in:443 "POST /PiConnectAPI/Limits HTTP/1.1" 200 None
2026-07-15 09:20:02  WARNING   MIS BUY LODHA: avail=Rs125.54 < needed=Rs580.12 — qty 2→0
2026-07-15 09:20:02  ERROR     MIS BUY LODHA skipped — insufficient capital after reduction
2026-07-15 09:20:03  DEBUG     Starting new HTTPS connection (1): piconnect.flattrade.in:443
2026-07-15 09:20:03  DEBUG     https://piconnect.flattrade.in:443 "POST /PiConnectAPI/Limits HTTP/1.1" 200 None
2026-07-15 09:20:03  WARNING   MIS BUY LODHA: avail=Rs125.54 < needed=Rs580.23 — qty 2→0
2026-07-15 09:20:03  ERROR     MIS BUY LODHA skipped — insufficient capital after reduction
2026-07-15 09:20:04  DEBUG     Starting new HTTPS connection (1): piconnect.flattrade.in:443
2026-07-15 09:20:04  DEBUG     https://piconnect.flattrade.in:443 "POST /PiConnectAPI/Limits HTTP/1.1" 200 None
2026-07-15 09:20:04  WARNING   MIS BUY LODHA: avail=Rs125.54 < needed=Rs580.23 — qty 2→0
2026-07-15 09:20:04  ERROR     MIS BUY LODHA skipped — insufficient capital after reduction
2026-07-15 09:20:05  DEBUG     Starting new HTTPS connection (1): piconnect.flattrade.in:443
2026-07-15 09:20:05  DEBUG     https://piconnect.flattrade.in:443 "POST /PiConnectAPI/Limits HTTP/1.1" 200 None
2026-07-15 09:20:05  WARNING   MIS BUY LODHA: avail=Rs125.54 < needed=Rs580.23 — qty 2→0
2026-07-15 09:20:05  ERROR     MIS BUY LODHA skipped — insufficient capital after reduction
2026-07-15 09:20:06  DEBUG     Starting new HTTPS connection (1): piconnect.flattrade.in:443
2026-07-15 09:20:06  DEBUG     https://piconnect.flattrade.in:443 "POST /PiConnectAPI/Limits HTTP/1.1" 200 None
2026-07-15 09:20:06  WARNING   MIS BUY LODHA: avail=Rs125.54 < needed=Rs580.23 — qty 2→0
2026-07-15 09:20:06  ERROR     MIS BUY LODHA skipped — insufficient capital after reduction
2026-07-15 09:20:07  DEBUG     Starting new HTTPS connection (1): piconnect.flattrade.in:443
2026-07-15 09:20:07  DEBUG     https://piconnect.flattrade.in:443 "POST /PiConnectAPI/Limits HTTP/1.1" 200 None
2026-07-15 09:20:07  WARNING   MIS BUY LODHA: avail=Rs125.54 < needed=Rs580.27 — qty 2→0
2026-07-15 09:20:07  ERROR     MIS BUY LODHA skipped — insufficient capital after reduction
2026-07-15 09:20:07  DEBUG     Starting new HTTPS connection (1): piconnect.flattrade.in:443
2026-07-15 09:20:08  DEBUG     https://piconnect.flattrade.in:443 "POST /PiConnectAPI/Limits HTTP/1.1" 200 None
2026-07-15 09:20:08  WARNING   MIS BUY LODHA: avail=Rs125.54 < needed=Rs580.27 — qty 2→0
2026-07-15 09:20:08  ERROR     MIS BUY LODHA skipped — insufficient capital after reduction
2026-07-15 09:20:08  DEBUG     Starting new HTTPS connection (1): piconnect.flattrade.in:443
2026-07-15 09:20:08  DEBUG     https://piconnect.flattrade.in:443 "POST /PiConnectAPI/Limits HTTP/1.1" 200 None
2026-07-15 09:20:08  WARNING   MIS BUY LODHA: avail=Rs125.54 < needed=Rs580.25 — qty 2→0
2026-07-15 09:20:08  ERROR     MIS BUY LODHA skipped — insufficient capital after reduction
2026-07-15 09:20:09  DEBUG     Starting new HTTPS connection (1): piconnect.flattrade.in:443
2026-07-15 09:20:09  DEBUG     https://piconnect.flattrade.in:443 "POST /PiConnectAPI/Limits HTTP/1.1" 200 None
2026-07-15 09:20:09  WARNING   MIS BUY LODHA: avail=Rs125.54 < needed=Rs580.25 — qty 2→0
2026-07-15 09:20:09  ERROR     MIS BUY LODHA skipped — insufficient capital after reduction
2026-07-15 09:20:10  DEBUG     Starting new HTTPS connection (1): piconnect.flattrade.in:443
2026-07-15 09:20:10  DEBUG     https://piconnect.flattrade.in:443 "POST /PiConnectAPI/Limits HTTP/1.1" 200 None
2026-07-15 09:20:10  WARNING   MIS BUY LODHA: avail=Rs125.54 < needed=Rs580.27 — qty 2→0
2026-07-15 09:20:10  ERROR     MIS BUY LODHA skipped — insufficient capital after reduction
2026-07-15 09:20:12  DEBUG     Starting new HTTPS connection (1): piconnect.flattrade.in:443
2026-07-15 09:20:12  DEBUG     https://piconnect.flattrade.in:443 "POST /PiConnectAPI/Limits HTTP/1.1" 200 None
2026-07-15 09:20:12  WARNING   MIS BUY LODHA: avail=Rs125.54 < needed=Rs580.27 — qty 2→0
2026-07-15 09:20:12  ERROR     MIS BUY LODHA skipped — insufficient capital after reduction
2026-07-15 09:20:13  DEBUG     Starting new HTTPS connection (1): piconnect.flattrade.in:443
2026-07-15 09:20:13  DEBUG     https://piconnect.flattrade.in:443 "POST /PiConnectAPI/Limits HTTP/1.1" 200 None
2026-07-15 09:20:13  WARNING   MIS BUY LODHA: avail=Rs125.54 < needed=Rs580.27 — qty 2→0
2026-07-15 09:20:13  ERROR     MIS BUY LODHA skipped — insufficient capital after reduction
2026-07-15 09:20:14  DEBUG     Starting new HTTPS connection (1): piconnect.flattrade.in:443
2026-07-15 09:20:14  DEBUG     https://piconnect.flattrade.in:443 "POST /PiConnectAPI/Limits HTTP/1.1" 200 None
2026-07-15 09:20:14  WARNING   MIS BUY LODHA: avail=Rs125.54 < needed=Rs580.27 — qty 2→0
2026-07-15 09:20:14  ERROR     MIS BUY LODHA skipped — insufficient capital after reduction
2026-07-15 09:20:15  DEBUG     Starting new HTTPS connection (1): piconnect.flattrade.in:443
2026-07-15 09:20:15  DEBUG     https://piconnect.flattrade.in:443 "POST /PiConnectAPI/Limits HTTP/1.1" 200 None
2026-07-15 09:20:15  WARNING   MIS BUY LODHA: avail=Rs125.54 < needed=Rs580.27 — qty 2→0
2026-07-15 09:20:15  ERROR     MIS BUY LODHA skipped — insufficient capital after reduction
2026-07-15 09:20:16  DEBUG     Starting new HTTPS connection (1): piconnect.flattrade.in:443
2026-07-15 09:20:16  DEBUG     https://piconnect.flattrade.in:443 "POST /PiConnectAPI/Limits HTTP/1.1" 200 None
2026-07-15 09:20:16  WARNING   MIS BUY LODHA: avail=Rs125.54 < needed=Rs580.27 — qty 2→0
2026-07-15 09:20:16  ERROR     MIS BUY LODHA skipped — insufficient capital after reduction
2026-07-15 09:20:17  DEBUG     Starting new HTTPS connection (1): piconnect.flattrade.in:443
2026-07-15 09:20:17  DEBUG     https://piconnect.flattrade.in:443 "POST /PiConnectAPI/Limits HTTP/1.1" 200 None
2026-07-15 09:20:17  WARNING   MIS BUY LODHA: avail=Rs125.54 < needed=Rs580.27 — qty 2→0
2026-07-15 09:20:17  ERROR     MIS BUY LODHA skipped — insufficient capital after reduction
2026-07-15 09:20:17  DEBUG     Starting new HTTPS connection (1): piconnect.flattrade.in:443
2026-07-15 09:20:18  DEBUG     https://piconnect.flattrade.in:443 "POST /PiConnectAPI/Limits HTTP/1.1" 200 None
2026-07-15 09:20:18  WARNING   MIS BUY LODHA: avail=Rs125.54 < needed=Rs580.27 — qty 2→0
2026-07-15 09:20:18  ERROR     MIS BUY LODHA skipped — insufficient capital after reduction
2026-07-15 09:20:18  DEBUG     Starting new HTTPS connection (1): piconnect.flattrade.in:443
2026-07-15 09:20:18  DEBUG     https://piconnect.flattrade.in:443 "POST /PiConnectAPI/Limits HTTP/1.1" 200 None
2026-07-15 09:20:18  WARNING   MIS BUY LODHA: avail=Rs125.54 < needed=Rs580.27 — qty 2→0
2026-07-15 09:20:18  ERROR     MIS BUY LODHA skipped — insufficient capital after reduction
2026-07-15 09:20:22  DEBUG     Starting new HTTPS connection (1): piconnect.flattrade.in:443
2026-07-15 09:20:22  DEBUG     https://piconnect.flattrade.in:443 "POST /PiConnectAPI/Limits HTTP/1.1" 200 None
2026-07-15 09:20:22  WARNING   MIS BUY LODHA: avail=Rs125.54 < needed=Rs580.27 — qty 2→0
2026-07-15 09:20:22  ERROR     MIS BUY LODHA skipped — insufficient capital after reduction
2026-07-15 09:20:23  DEBUG     Starting new HTTPS connection (1): piconnect.flattrade.in:443
2026-07-15 09:20:23  DEBUG     https://piconnect.flattrade.in:443 "POST /PiConnectAPI/Limits HTTP/1.1" 200 None
2026-07-15 09:20:23  WARNING   MIS BUY LODHA: avail=Rs125.54 < needed=Rs580.27 — qty 2→0
2026-07-15 09:20:23  ERROR     MIS BUY LODHA skipped — insufficient capital after reduction
2026-07-15 09:20:26  DEBUG     Starting new HTTPS connection (1): piconnect.flattrade.in:443
2026-07-15 09:20:26  DEBUG     https://piconnect.flattrade.in:443 "POST /PiConnectAPI/Limits HTTP/1.1" 200 None
2026-07-15 09:20:26  WARNING   MIS BUY LODHA: avail=Rs125.54 < needed=Rs580.27 — qty 2→0
2026-07-15 09:20:26  ERROR     MIS BUY LODHA skipped — insufficient capital after reduction
2026-07-15 09:20:28  DEBUG     Starting new HTTPS connection (1): piconnect.flattrade.in:443
2026-07-15 09:20:30  DEBUG     https://piconnect.flattrade.in:443 "POST /PiConnectAPI/Limits HTTP/1.1" 200 None
2026-07-15 09:20:30  WARNING   MIS BUY LODHA: avail=Rs125.54 < needed=Rs580.27 — qty 2→0
2026-07-15 09:20:30  ERROR     MIS BUY LODHA skipped — insufficient capital after reduction
2026-07-15 09:20:30  DEBUG     Starting new HTTPS connection (1): piconnect.flattrade.in:443
2026-07-15 09:20:30  DEBUG     https://piconnect.flattrade.in:443 "POST /PiConnectAPI/Limits HTTP/1.1" 200 None
2026-07-15 09:20:30  WARNING   MIS BUY LODHA: avail=Rs125.54 < needed=Rs580.27 — qty 2→0
2026-07-15 09:20:30  ERROR     MIS BUY LODHA skipped — insufficient capital after reduction
2026-07-15 09:20:30  DEBUG     Starting new HTTPS connection (1): piconnect.flattrade.in:443
2026-07-15 09:20:30  DEBUG     Sending ping
2026-07-15 09:20:30  DEBUG     https://piconnect.flattrade.in:443 "POST /PiConnectAPI/Limits HTTP/1.1" 200 None
2026-07-15 09:20:30  WARNING   MIS BUY LODHA: avail=Rs125.54 < needed=Rs580.27 — qty 2→0
2026-07-15 09:20:30  ERROR     MIS BUY LODHA skipped — insufficient capital after reduction
2026-07-15 09:20:31  DEBUG     Starting new HTTPS connection (1): piconnect.flattrade.in:443
2026-07-15 09:20:32  DEBUG     https://piconnect.flattrade.in:443 "POST /PiConnectAPI/Limits HTTP/1.1" 200 None
2026-07-15 09:20:32  WARNING   MIS BUY LODHA: avail=Rs125.54 < needed=Rs580.35 — qty 2→0
2026-07-15 09:20:32  ERROR     MIS BUY LODHA skipped — insufficient capital after reduction
2026-07-15 09:20:32  DEBUG     Starting new HTTPS connection (1): piconnect.flattrade.in:443
2026-07-15 09:20:33  DEBUG     https://piconnect.flattrade.in:443 "POST /PiConnectAPI/Limits HTTP/1.1" 200 None
2026-07-15 09:20:33  WARNING   MIS BUY LODHA: avail=Rs125.54 < needed=Rs580.35 — qty 2→0
2026-07-15 09:20:33  ERROR     MIS BUY LODHA skipped — insufficient capital after reduction
2026-07-15 09:20:33  DEBUG     Starting new HTTPS connection (1): piconnect.flattrade.in:443
2026-07-15 09:20:33  DEBUG     https://piconnect.flattrade.in:443 "POST /PiConnectAPI/Limits HTTP/1.1" 200 None
2026-07-15 09:20:33  WARNING   MIS BUY LODHA: avail=Rs125.54 < needed=Rs580.35 — qty 2→0
2026-07-15 09:20:33  ERROR     MIS BUY LODHA skipped — insufficient capital after reduction
2026-07-15 09:20:33  DEBUG     Starting new HTTPS connection (1): piconnect.flattrade.in:443
2026-07-15 09:20:34  DEBUG     https://piconnect.flattrade.in:443 "POST /PiConnectAPI/Limits HTTP/1.1" 200 None
2026-07-15 09:20:34  WARNING   MIS BUY LODHA: avail=Rs125.54 < needed=Rs580.35 — qty 2→0
2026-07-15 09:20:34  ERROR     MIS BUY LODHA skipped — insufficient capital after reduction
2026-07-15 09:20:34  DEBUG     Starting new HTTPS connection (1): piconnect.flattrade.in:443
2026-07-15 09:20:35  DEBUG     https://piconnect.flattrade.in:443 "POST /PiConnectAPI/Limits HTTP/1.1" 200 None
2026-07-15 09:20:35  WARNING   MIS BUY LODHA: avail=Rs125.54 < needed=Rs580.35 — qty 2→0
2026-07-15 09:20:35  ERROR     MIS BUY LODHA skipped — insufficient capital after reduction
2026-07-15 09:20:35  DEBUG     Starting new HTTPS connection (1): piconnect.flattrade.in:443
2026-07-15 09:20:36  DEBUG     https://piconnect.flattrade.in:443 "POST /PiConnectAPI/Limits HTTP/1.1" 200 None
2026-07-15 09:20:36  WARNING   MIS BUY LODHA: avail=Rs125.54 < needed=Rs580.35 — qty 2→0
2026-07-15 09:20:36  ERROR     MIS BUY LODHA skipped — insufficient capital after reduction
2026-07-15 09:20:36  DEBUG     Starting new HTTPS connection (1): piconnect.flattrade.in:443
2026-07-15 09:20:36  DEBUG     https://piconnect.flattrade.in:443 "POST /PiConnectAPI/Limits HTTP/1.1" 200 None
2026-07-15 09:20:36  WARNING   MIS BUY LODHA: avail=Rs125.54 < needed=Rs580.33 — qty 2→0
2026-07-15 09:20:36  ERROR     MIS BUY LODHA skipped — insufficient capital after reduction
2026-07-15 09:20:38  DEBUG     Starting new HTTPS connection (1): piconnect.flattrade.in:443
2026-07-15 09:20:38  DEBUG     https://piconnect.flattrade.in:443 "POST /PiConnectAPI/Limits HTTP/1.1" 200 None
2026-07-15 09:20:38  WARNING   MIS BUY LODHA: avail=Rs125.54 < needed=Rs580.33 — qty 2→0
2026-07-15 09:20:38  ERROR     MIS BUY LODHA skipped — insufficient capital after reduction
2026-07-15 09:20:38  DEBUG     Starting new HTTPS connection (1): piconnect.flattrade.in:443
2026-07-15 09:20:39  DEBUG     https://piconnect.flattrade.in:443 "POST /PiConnectAPI/Limits HTTP/1.1" 200 None
2026-07-15 09:20:39  WARNING   MIS BUY LODHA: avail=Rs125.54 < needed=Rs580.33 — qty 2→0
2026-07-15 09:20:39  ERROR     MIS BUY LODHA skipped — insufficient capital after reduction
2026-07-15 09:20:39  DEBUG     Starting new HTTPS connection (1): piconnect.flattrade.in:443
2026-07-15 09:20:39  DEBUG     https://piconnect.flattrade.in:443 "POST /PiConnectAPI/Limits HTTP/1.1" 200 None
2026-07-15 09:20:39  WARNING   MIS BUY LODHA: avail=Rs125.54 < needed=Rs580.33 — qty 2→0
2026-07-15 09:20:39  ERROR     MIS BUY LODHA skipped — insufficient capital after reduction
2026-07-15 09:20:40  DEBUG     Starting new HTTPS connection (1): piconnect.flattrade.in:443
2026-07-15 09:20:40  DEBUG     https://piconnect.flattrade.in:443 "POST /PiConnectAPI/Limits HTTP/1.1" 200 None
2026-07-15 09:20:40  WARNING   MIS BUY LODHA: avail=Rs125.54 < needed=Rs580.33 — qty 2→0
2026-07-15 09:20:40  ERROR     MIS BUY LODHA skipped — insufficient capital after reduction
2026-07-15 09:20:43  DEBUG     Starting new HTTPS connection (1): piconnect.flattrade.in:443
2026-07-15 09:20:43  DEBUG     https://piconnect.flattrade.in:443 "POST /PiConnectAPI/Limits HTTP/1.1" 200 None
2026-07-15 09:20:43  WARNING   MIS BUY LODHA: avail=Rs125.54 < needed=Rs580.33 — qty 2→0
2026-07-15 09:20:43  ERROR     MIS BUY LODHA skipped — insufficient capital after reduction
2026-07-15 09:20:43  DEBUG     Starting new HTTPS connection (1): piconnect.flattrade.in:443
2026-07-15 09:20:43  DEBUG     https://piconnect.flattrade.in:443 "POST /PiConnectAPI/Limits HTTP/1.1" 200 None
2026-07-15 09:20:43  WARNING   MIS BUY LODHA: avail=Rs125.54 < needed=Rs580.33 — qty 2→0
2026-07-15 09:20:43  ERROR     MIS BUY LODHA skipped — insufficient capital after reduction
2026-07-15 09:20:44  DEBUG     Starting new HTTPS connection (1): piconnect.flattrade.in:443
2026-07-15 09:20:44  DEBUG     https://piconnect.flattrade.in:443 "POST /PiConnectAPI/Limits HTTP/1.1" 200 None
2026-07-15 09:20:44  WARNING   MIS BUY LODHA: avail=Rs125.54 < needed=Rs580.33 — qty 2→0
2026-07-15 09:20:44  ERROR     MIS BUY LODHA skipped — insufficient capital after reduction
2026-07-15 09:20:46  DEBUG     Starting new HTTPS connection (1): piconnect.flattrade.in:443
2026-07-15 09:20:46  DEBUG     https://piconnect.flattrade.in:443 "POST /PiConnectAPI/Limits HTTP/1.1" 200 None
2026-07-15 09:20:46  WARNING   MIS BUY LODHA: avail=Rs125.54 < needed=Rs580.33 — qty 2→0
2026-07-15 09:20:46  ERROR     MIS BUY LODHA skipped — insufficient capital after reduction
2026-07-15 09:20:47  DEBUG     Starting new HTTPS connection (1): piconnect.flattrade.in:443
2026-07-15 09:20:47  DEBUG     https://piconnect.flattrade.in:443 "POST /PiConnectAPI/Limits HTTP/1.1" 200 None
2026-07-15 09:20:47  WARNING   MIS BUY LODHA: avail=Rs125.54 < needed=Rs580.33 — qty 2→0
2026-07-15 09:20:47  ERROR     MIS BUY LODHA skipped — insufficient capital after reduction
2026-07-15 09:20:48  DEBUG     Starting new HTTPS connection (1): piconnect.flattrade.in:443
2026-07-15 09:20:48  DEBUG     https://piconnect.flattrade.in:443 "POST /PiConnectAPI/Limits HTTP/1.1" 200 None
2026-07-15 09:20:48  WARNING   MIS BUY LODHA: avail=Rs125.54 < needed=Rs580.33 — qty 2→0
2026-07-15 09:20:48  ERROR     MIS BUY LODHA skipped — insufficient capital after reduction
2026-07-15 09:20:50  DEBUG     Starting new HTTPS connection (1): piconnect.flattrade.in:443
2026-07-15 09:20:51  DEBUG     https://piconnect.flattrade.in:443 "POST /PiConnectAPI/Limits HTTP/1.1" 200 None
2026-07-15 09:20:51  WARNING   MIS BUY LODHA: avail=Rs125.54 < needed=Rs580.33 — qty 2→0
2026-07-15 09:20:51  ERROR     MIS BUY LODHA skipped — insufficient capital after reduction
2026-07-15 09:20:51  DEBUG     Starting new HTTPS connection (1): piconnect.flattrade.in:443
2026-07-15 09:20:51  DEBUG     https://piconnect.flattrade.in:443 "POST /PiConnectAPI/Limits HTTP/1.1" 200 None
2026-07-15 09:20:51  WARNING   MIS BUY LODHA: avail=Rs125.54 < needed=Rs580.33 — qty 2→0
2026-07-15 09:20:51  ERROR     MIS BUY LODHA skipped — insufficient capital after reduction
2026-07-15 09:20:52  DEBUG     Starting new HTTPS connection (1): piconnect.flattrade.in:443
2026-07-15 09:20:52  DEBUG     https://piconnect.flattrade.in:443 "POST /PiConnectAPI/Limits HTTP/1.1" 200 None
2026-07-15 09:20:52  WARNING   MIS BUY LODHA: avail=Rs125.54 < needed=Rs580.33 — qty 2→0
2026-07-15 09:20:52  ERROR     MIS BUY LODHA skipped — insufficient capital after reduction
2026-07-15 09:20:55  DEBUG     Starting new HTTPS connection (1): piconnect.flattrade.in:443
2026-07-15 09:20:55  DEBUG     https://piconnect.flattrade.in:443 "POST /PiConnectAPI/Limits HTTP/1.1" 200 None
2026-07-15 09:20:55  WARNING   MIS BUY LODHA: avail=Rs125.54 < needed=Rs580.33 — qty 2→0
2026-07-15 09:20:55  ERROR     MIS BUY LODHA skipped — insufficient capital after reduction
2026-07-15 09:20:55  DEBUG     Starting new HTTPS connection (1): piconnect.flattrade.in:443
2026-07-15 09:20:56  DEBUG     https://piconnect.flattrade.in:443 "POST /PiConnectAPI/Limits HTTP/1.1" 200 None
2026-07-15 09:20:56  WARNING   MIS BUY LODHA: avail=Rs125.54 < needed=Rs580.33 — qty 2→0
2026-07-15 09:20:56  ERROR     MIS BUY LODHA skipped — insufficient capital after reduction
2026-07-15 09:20:56  DEBUG     Starting new HTTPS connection (1): piconnect.flattrade.in:443
2026-07-15 09:20:56  DEBUG     https://piconnect.flattrade.in:443 "POST /PiConnectAPI/Limits HTTP/1.1" 200 None
2026-07-15 09:20:56  WARNING   MIS BUY LODHA: avail=Rs125.54 < needed=Rs580.35 — qty 2→0
2026-07-15 09:20:56  ERROR     MIS BUY LODHA skipped — insufficient capital after reduction
2026-07-15 09:20:56  DEBUG     Starting new HTTPS connection (1): piconnect.flattrade.in:443
2026-07-15 09:20:57  DEBUG     https://piconnect.flattrade.in:443 "POST /PiConnectAPI/Limits HTTP/1.1" 200 None
2026-07-15 09:20:57  WARNING   MIS BUY LODHA: avail=Rs125.54 < needed=Rs580.35 — qty 2→0
2026-07-15 09:20:57  ERROR     MIS BUY LODHA skipped — insufficient capital after reduction
2026-07-15 09:20:58  DEBUG     Starting new HTTPS connection (1): piconnect.flattrade.in:443
2026-07-15 09:20:58  DEBUG     https://piconnect.flattrade.in:443 "POST /PiConnectAPI/Limits HTTP/1.1" 200 None
2026-07-15 09:20:58  WARNING   MIS BUY LODHA: avail=Rs125.54 < needed=Rs580.35 — qty 2→0
2026-07-15 09:20:58  ERROR     MIS BUY LODHA skipped — insufficient capital after reduction
2026-07-15 09:20:58  DEBUG     Starting new HTTPS connection (1): piconnect.flattrade.in:443
2026-07-15 09:20:59  DEBUG     https://piconnect.flattrade.in:443 "POST /PiConnectAPI/Limits HTTP/1.1" 200 None
2026-07-15 09:20:59  WARNING   MIS BUY LODHA: avail=Rs125.54 < needed=Rs580.35 — qty 2→0
2026-07-15 09:20:59  ERROR     MIS BUY LODHA skipped — insufficient capital after reduction
2026-07-15 09:20:59  DEBUG     Starting new HTTPS connection (1): piconnect.flattrade.in:443
2026-07-15 09:20:59  DEBUG     https://piconnect.flattrade.in:443 "POST /PiConnectAPI/Limits HTTP/1.1" 200 None
2026-07-15 09:20:59  WARNING   MIS BUY LODHA: avail=Rs125.54 < needed=Rs580.35 — qty 2→0
2026-07-15 09:20:59  ERROR     MIS BUY LODHA skipped — insufficient capital after reduction
2026-07-15 09:20:59  DEBUG     Starting new HTTPS connection (1): piconnect.flattrade.in:443
2026-07-15 09:21:00  DEBUG     https://piconnect.flattrade.in:443 "POST /PiConnectAPI/Limits HTTP/1.1" 200 None
2026-07-15 09:21:00  WARNING   MIS BUY LODHA: avail=Rs125.54 < needed=Rs580.35 — qty 2→0
2026-07-15 09:21:00  ERROR     MIS BUY LODHA skipped — insufficient capital after reduction
2026-07-15 09:21:00  DEBUG     Starting new HTTPS connection (1): piconnect.flattrade.in:443
2026-07-15 09:21:00  DEBUG     https://piconnect.flattrade.in:443 "POST /PiConnectAPI/Limits HTTP/1.1" 200 None
2026-07-15 09:21:00  WARNING   MIS BUY LODHA: avail=Rs125.54 < needed=Rs580.35 — qty 2→0
2026-07-15 09:21:00  ERROR     MIS BUY LODHA skipped — insufficient capital after reduction
2026-07-15 09:21:00  DEBUG     Sending ping
2026-07-15 09:21:01  DEBUG     Starting new HTTPS connection (1): piconnect.flattrade.in:443
2026-07-15 09:21:01  DEBUG     https://piconnect.flattrade.in:443 "POST /PiConnectAPI/Limits HTTP/1.1" 200 None
2026-07-15 09:21:01  WARNING   MIS BUY LODHA: avail=Rs125.54 < needed=Rs580.35 — qty 2→0
2026-07-15 09:21:01  ERROR     MIS BUY LODHA skipped — insufficient capital after reduction
2026-07-15 09:21:03  DEBUG     Starting new HTTPS connection (1): piconnect.flattrade.in:443
2026-07-15 09:21:03  DEBUG     https://piconnect.flattrade.in:443 "POST /PiConnectAPI/Limits HTTP/1.1" 200 None
2026-07-15 09:21:03  WARNING   MIS BUY LODHA: avail=Rs125.54 < needed=Rs580.33 — qty 2→0
2026-07-15 09:21:03  ERROR     MIS BUY LODHA skipped — insufficient capital after reduction
2026-07-15 09:21:04  DEBUG     Starting new HTTPS connection (1): piconnect.flattrade.in:443
2026-07-15 09:21:04  DEBUG     https://piconnect.flattrade.in:443 "POST /PiConnectAPI/Limits HTTP/1.1" 200 None
2026-07-15 09:21:04  WARNING   MIS BUY LODHA: avail=Rs125.54 < needed=Rs580.35 — qty 2→0
2026-07-15 09:21:04  ERROR     MIS BUY LODHA skipped — insufficient capital after reduction
2026-07-15 09:21:05  DEBUG     Starting new HTTPS connection (1): piconnect.flattrade.in:443
2026-07-15 09:21:05  DEBUG     https://piconnect.flattrade.in:443 "POST /PiConnectAPI/Limits HTTP/1.1" 200 None
2026-07-15 09:21:05  WARNING   MIS BUY LODHA: avail=Rs125.54 < needed=Rs580.35 — qty 2→0
2026-07-15 09:21:05  ERROR     MIS BUY LODHA skipped — insufficient capital after reduction
2026-07-15 09:21:06  DEBUG     Starting new HTTPS connection (1): piconnect.flattrade.in:443
2026-07-15 09:21:06  DEBUG     https://piconnect.flattrade.in:443 "POST /PiConnectAPI/Limits HTTP/1.1" 200 None
2026-07-15 09:21:06  WARNING   MIS BUY LODHA: avail=Rs125.54 < needed=Rs580.33 — qty 2→0
2026-07-15 09:21:06  ERROR     MIS BUY LODHA skipped — insufficient capital after reduction
2026-07-15 09:21:08  DEBUG     Starting new HTTPS connection (1): piconnect.flattrade.in:443
2026-07-15 09:21:08  DEBUG     https://piconnect.flattrade.in:443 "POST /PiConnectAPI/Limits HTTP/1.1" 200 None
2026-07-15 09:21:08  WARNING   MIS BUY LODHA: avail=Rs125.54 < needed=Rs580.33 — qty 2→0
2026-07-15 09:21:08  ERROR     MIS BUY LODHA skipped — insufficient capital after reduction
2026-07-15 09:21:09  DEBUG     Starting new HTTPS connection (1): piconnect.flattrade.in:443
2026-07-15 09:21:09  DEBUG     https://piconnect.flattrade.in:443 "POST /PiConnectAPI/Limits HTTP/1.1" 200 None
2026-07-15 09:21:09  WARNING   MIS BUY LODHA: avail=Rs125.54 < needed=Rs580.33 — qty 2→0
2026-07-15 09:21:09  ERROR     MIS BUY LODHA skipped — insufficient capital after reduction
2026-07-15 09:21:11  DEBUG     Starting new HTTPS connection (1): piconnect.flattrade.in:443
2026-07-15 09:21:11  DEBUG     https://piconnect.flattrade.in:443 "POST /PiConnectAPI/Limits HTTP/1.1" 200 None
2026-07-15 09:21:11  WARNING   MIS BUY LODHA: avail=Rs125.54 < needed=Rs580.33 — qty 2→0
2026-07-15 09:21:11  ERROR     MIS BUY LODHA skipped — insufficient capital after reduction
2026-07-15 09:21:12  DEBUG     Starting new HTTPS connection (1): piconnect.flattrade.in:443
2026-07-15 09:21:12  DEBUG     https://piconnect.flattrade.in:443 "POST /PiConnectAPI/Limits HTTP/1.1" 200 None
2026-07-15 09:21:12  WARNING   MIS BUY LODHA: avail=Rs125.54 < needed=Rs580.33 — qty 2→0
2026-07-15 09:21:12  ERROR     MIS BUY LODHA skipped — insufficient capital after reduction
2026-07-15 09:21:13  DEBUG     Starting new HTTPS connection (1): piconnect.flattrade.in:443
2026-07-15 09:21:13  DEBUG     https://piconnect.flattrade.in:443 "POST /PiConnectAPI/Limits HTTP/1.1" 200 None
2026-07-15 09:21:13  WARNING   MIS BUY LODHA: avail=Rs125.54 < needed=Rs580.30 — qty 2→0
2026-07-15 09:21:13  ERROR     MIS BUY LODHA skipped — insufficient capital after reduction
2026-07-15 09:21:14  DEBUG     Starting new HTTPS connection (1): piconnect.flattrade.in:443
2026-07-15 09:21:14  DEBUG     https://piconnect.flattrade.in:443 "POST /PiConnectAPI/Limits HTTP/1.1" 200 None
2026-07-15 09:21:14  WARNING   MIS BUY LODHA: avail=Rs125.54 < needed=Rs580.33 — qty 2→0
2026-07-15 09:21:14  ERROR     MIS BUY LODHA skipped — insufficient capital after reduction
2026-07-15 09:21:15  DEBUG     Starting new HTTPS connection (1): piconnect.flattrade.in:443
2026-07-15 09:21:15  DEBUG     https://piconnect.flattrade.in:443 "POST /PiConnectAPI/Limits HTTP/1.1" 200 None
2026-07-15 09:21:15  WARNING   MIS BUY LODHA: avail=Rs125.54 < needed=Rs580.33 — qty 2→0
2026-07-15 09:21:15  ERROR     MIS BUY LODHA skipped — insufficient capital after reduction
2026-07-15 09:21:20  DEBUG     Starting new HTTPS connection (1): piconnect.flattrade.in:443
2026-07-15 09:21:20  DEBUG     https://piconnect.flattrade.in:443 "POST /PiConnectAPI/Limits HTTP/1.1" 200 None
2026-07-15 09:21:20  WARNING   MIS BUY LODHA: avail=Rs125.54 < needed=Rs580.33 — qty 2→0
2026-07-15 09:21:20  ERROR     MIS BUY LODHA skipped — insufficient capital after reduction
2026-07-15 09:21:25  DEBUG     Starting new HTTPS connection (1): piconnect.flattrade.in:443
2026-07-15 09:21:25  DEBUG     https://piconnect.flattrade.in:443 "POST /PiConnectAPI/Limits HTTP/1.1" 200 None
2026-07-15 09:21:25  WARNING   MIS BUY LODHA: avail=Rs125.54 < needed=Rs580.33 — qty 2→0
2026-07-15 09:21:25  ERROR     MIS BUY LODHA skipped — insufficient capital after reduction
2026-07-15 09:21:28  DEBUG     Starting new HTTPS connection (1): piconnect.flattrade.in:443
2026-07-15 09:21:29  DEBUG     https://piconnect.flattrade.in:443 "POST /PiConnectAPI/Limits HTTP/1.1" 200 None
2026-07-15 09:21:29  WARNING   MIS BUY LODHA: avail=Rs125.54 < needed=Rs580.33 — qty 2→0
2026-07-15 09:21:29  ERROR     MIS BUY LODHA skipped — insufficient capital after reduction
2026-07-15 09:21:30  DEBUG     Sending ping
2026-07-15 09:21:31  DEBUG     Starting new HTTPS connection (1): piconnect.flattrade.in:443
2026-07-15 09:21:31  DEBUG     https://piconnect.flattrade.in:443 "POST /PiConnectAPI/Limits HTTP/1.1" 200 None
2026-07-15 09:21:31  WARNING   MIS BUY LODHA: avail=Rs125.54 < needed=Rs580.30 — qty 2→0
2026-07-15 09:21:31  ERROR     MIS BUY LODHA skipped — insufficient capital after reduction
2026-07-15 09:21:34  DEBUG     Starting new HTTPS connection (1): piconnect.flattrade.in:443
2026-07-15 09:21:35  DEBUG     https://piconnect.flattrade.in:443 "POST /PiConnectAPI/Limits HTTP/1.1" 200 None
2026-07-15 09:21:35  WARNING   MIS BUY LODHA: avail=Rs125.54 < needed=Rs580.30 — qty 2→0
2026-07-15 09:21:35  ERROR     MIS BUY LODHA skipped — insufficient capital after reduction
2026-07-15 09:21:36  DEBUG     Starting new HTTPS connection (1): piconnect.flattrade.in:443
2026-07-15 09:21:36  DEBUG     https://piconnect.flattrade.in:443 "POST /PiConnectAPI/Limits HTTP/1.1" 200 None
2026-07-15 09:21:36  WARNING   MIS BUY LODHA: avail=Rs125.54 < needed=Rs580.08 — qty 2→0
2026-07-15 09:21:36  ERROR     MIS BUY LODHA skipped — insufficient capital after reduction
2026-07-15 09:21:40  DEBUG     Starting new HTTPS connection (1): piconnect.flattrade.in:443
2026-07-15 09:21:47  DEBUG     https://piconnect.flattrade.in:443 "POST /PiConnectAPI/Limits HTTP/1.1" 200 None
2026-07-15 09:21:47  WARNING   MIS BUY LODHA: avail=Rs125.54 < needed=Rs580.08 — qty 2→0
2026-07-15 09:21:47  ERROR     MIS BUY LODHA skipped — insufficient capital after reduction
2026-07-15 09:21:47  DEBUG     Starting new HTTPS connection (1): piconnect.flattrade.in:443
2026-07-15 09:21:47  DEBUG     https://piconnect.flattrade.in:443 "POST /PiConnectAPI/Limits HTTP/1.1" 200 None
2026-07-15 09:21:47  WARNING   MIS BUY LODHA: avail=Rs125.54 < needed=Rs580.17 — qty 2→0
2026-07-15 09:21:47  ERROR     MIS BUY LODHA skipped — insufficient capital after reduction
2026-07-15 09:21:47  DEBUG     Starting new HTTPS connection (1): piconnect.flattrade.in:443
2026-07-15 09:21:47  DEBUG     https://piconnect.flattrade.in:443 "POST /PiConnectAPI/Limits HTTP/1.1" 200 None
2026-07-15 09:21:47  WARNING   MIS BUY LODHA: avail=Rs125.54 < needed=Rs580.17 — qty 2→0
2026-07-15 09:21:47  ERROR     MIS BUY LODHA skipped — insufficient capital after reduction
2026-07-15 09:21:47  DEBUG     Starting new HTTPS connection (1): piconnect.flattrade.in:443
2026-07-15 09:21:47  DEBUG     https://piconnect.flattrade.in:443 "POST /PiConnectAPI/Limits HTTP/1.1" 200 None
2026-07-15 09:21:47  WARNING   MIS BUY LODHA: avail=Rs125.54 < needed=Rs580.17 — qty 2→0
2026-07-15 09:21:47  ERROR     MIS BUY LODHA skipped — insufficient capital after reduction
2026-07-15 09:21:47  DEBUG     Starting new HTTPS connection (1): piconnect.flattrade.in:443
2026-07-15 09:21:47  DEBUG     https://piconnect.flattrade.in:443 "POST /PiConnectAPI/Limits HTTP/1.1" 200 None
2026-07-15 09:21:47  WARNING   MIS BUY LODHA: avail=Rs125.54 < needed=Rs580.17 — qty 2→0
2026-07-15 09:21:47  ERROR     MIS BUY LODHA skipped — insufficient capital after reduction
2026-07-15 09:21:50  DEBUG     Starting new HTTPS connection (1): piconnect.flattrade.in:443
2026-07-15 09:21:50  DEBUG     https://piconnect.flattrade.in:443 "POST /PiConnectAPI/Limits HTTP/1.1" 200 None
2026-07-15 09:21:50  WARNING   MIS BUY LODHA: avail=Rs125.54 < needed=Rs580.17 — qty 2→0
2026-07-15 09:21:50  ERROR     MIS BUY LODHA skipped — insufficient capital after reduction
2026-07-15 09:21:52  DEBUG     Starting new HTTPS connection (1): piconnect.flattrade.in:443
2026-07-15 09:21:52  DEBUG     https://piconnect.flattrade.in:443 "POST /PiConnectAPI/Limits HTTP/1.1" 200 None
2026-07-15 09:21:52  WARNING   MIS BUY LODHA: avail=Rs125.54 < needed=Rs580.17 — qty 2→0
2026-07-15 09:21:52  ERROR     MIS BUY LODHA skipped — insufficient capital after reduction
2026-07-15 09:21:57  DEBUG     Starting new HTTPS connection (1): piconnect.flattrade.in:443
2026-07-15 09:21:58  DEBUG     https://piconnect.flattrade.in:443 "POST /PiConnectAPI/Limits HTTP/1.1" 200 None
2026-07-15 09:21:58  WARNING   MIS BUY LODHA: avail=Rs125.54 < needed=Rs580.17 — qty 2→0
2026-07-15 09:21:58  ERROR     MIS BUY LODHA skipped — insufficient capital after reduction
2026-07-15 09:21:58  DEBUG     Starting new HTTPS connection (1): piconnect.flattrade.in:443
2026-07-15 09:21:59  DEBUG     https://piconnect.flattrade.in:443 "POST /PiConnectAPI/Limits HTTP/1.1" 200 None
2026-07-15 09:21:59  WARNING   MIS BUY LODHA: avail=Rs125.54 < needed=Rs580.17 — qty 2→0
2026-07-15 09:21:59  ERROR     MIS BUY LODHA skipped — insufficient capital after reduction
2026-07-15 09:22:00  DEBUG     Sending ping
2026-07-15 09:22:03  DEBUG     Starting new HTTPS connection (1): piconnect.flattrade.in:443
2026-07-15 09:22:03  DEBUG     https://piconnect.flattrade.in:443 "POST /PiConnectAPI/Limits HTTP/1.1" 200 None
2026-07-15 09:22:03  WARNING   MIS BUY LODHA: avail=Rs125.54 < needed=Rs580.17 — qty 2→0
2026-07-15 09:22:03  ERROR     MIS BUY LODHA skipped — insufficient capital after reduction
2026-07-15 09:22:09  DEBUG     Starting new HTTPS connection (1): piconnect.flattrade.in:443
2026-07-15 09:22:09  DEBUG     https://piconnect.flattrade.in:443 "POST /PiConnectAPI/Limits HTTP/1.1" 200 None
2026-07-15 09:22:09  WARNING   MIS BUY LODHA: avail=Rs125.54 < needed=Rs580.17 — qty 2→0
2026-07-15 09:22:09  ERROR     MIS BUY LODHA skipped — insufficient capital after reduction
2026-07-15 09:22:13  DEBUG     Starting new HTTPS connection (1): piconnect.flattrade.in:443
2026-07-15 09:22:14  DEBUG     https://piconnect.flattrade.in:443 "POST /PiConnectAPI/Limits HTTP/1.1" 200 None
2026-07-15 09:22:14  WARNING   MIS BUY LODHA: avail=Rs125.54 < needed=Rs580.17 — qty 2→0
2026-07-15 09:22:14  ERROR     MIS BUY LODHA skipped — insufficient capital after reduction
2026-07-15 09:22:14  DEBUG     Starting new HTTPS connection (1): piconnect.flattrade.in:443
2026-07-15 09:22:14  DEBUG     https://piconnect.flattrade.in:443 "POST /PiConnectAPI/Limits HTTP/1.1" 200 None
2026-07-15 09:22:14  WARNING   MIS BUY LODHA: avail=Rs125.54 < needed=Rs580.17 — qty 2→0
2026-07-15 09:22:14  ERROR     MIS BUY LODHA skipped — insufficient capital after reduction
2026-07-15 09:22:20  DEBUG     Starting new HTTPS connection (1): piconnect.flattrade.in:443
2026-07-15 09:22:20  DEBUG     https://piconnect.flattrade.in:443 "POST /PiConnectAPI/Limits HTTP/1.1" 200 None
2026-07-15 09:22:20  WARNING   MIS BUY LODHA: avail=Rs125.54 < needed=Rs580.17 — qty 2→0
2026-07-15 09:22:20  ERROR     MIS BUY LODHA skipped — insufficient capital after reduction
2026-07-15 09:22:20  DEBUG     Starting new HTTPS connection (1): piconnect.flattrade.in:443
2026-07-15 09:22:20  DEBUG     https://piconnect.flattrade.in:443 "POST /PiConnectAPI/Limits HTTP/1.1" 200 None
2026-07-15 09:22:20  WARNING   MIS BUY LODHA: avail=Rs125.54 < needed=Rs580.23 — qty 2→0
2026-07-15 09:22:20  ERROR     MIS BUY LODHA skipped — insufficient capital after reduction
2026-07-15 09:22:23  DEBUG     Starting new HTTPS connection (1): piconnect.flattrade.in:443
2026-07-15 09:22:23  DEBUG     https://piconnect.flattrade.in:443 "POST /PiConnectAPI/Limits HTTP/1.1" 200 None
2026-07-15 09:22:23  WARNING   MIS BUY LODHA: avail=Rs125.54 < needed=Rs580.23 — qty 2→0
2026-07-15 09:22:23  ERROR     MIS BUY LODHA skipped — insufficient capital after reduction
2026-07-15 09:22:25  DEBUG     Starting new HTTPS connection (1): piconnect.flattrade.in:443
2026-07-15 09:22:25  DEBUG     https://piconnect.flattrade.in:443 "POST /PiConnectAPI/Limits HTTP/1.1" 200 None
2026-07-15 09:22:25  WARNING   MIS BUY LODHA: avail=Rs125.54 < needed=Rs580.20 — qty 2→0
2026-07-15 09:22:25  ERROR     MIS BUY LODHA skipped — insufficient capital after reduction
2026-07-15 09:22:29  DEBUG     Starting new HTTPS connection (1): piconnect.flattrade.in:443
2026-07-15 09:22:29  DEBUG     https://piconnect.flattrade.in:443 "POST /PiConnectAPI/Limits HTTP/1.1" 200 None
2026-07-15 09:22:29  WARNING   MIS BUY LODHA: avail=Rs125.54 < needed=Rs580.20 — qty 2→0
2026-07-15 09:22:29  ERROR     MIS BUY LODHA skipped — insufficient capital after reduction
2026-07-15 09:22:30  DEBUG     Starting new HTTPS connection (1): piconnect.flattrade.in:443
2026-07-15 09:22:30  DEBUG     https://piconnect.flattrade.in:443 "POST /PiConnectAPI/Limits HTTP/1.1" 200 None
2026-07-15 09:22:30  WARNING   MIS BUY LODHA: avail=Rs125.54 < needed=Rs580.20 — qty 2→0
2026-07-15 09:22:30  ERROR     MIS BUY LODHA skipped — insufficient capital after reduction
2026-07-15 09:22:30  DEBUG     Sending ping
2026-07-15 09:22:35  DEBUG     Starting new HTTPS connection (1): piconnect.flattrade.in:443
2026-07-15 09:22:35  DEBUG     https://piconnect.flattrade.in:443 "POST /PiConnectAPI/Limits HTTP/1.1" 200 None
2026-07-15 09:22:35  WARNING   MIS BUY LODHA: avail=Rs125.54 < needed=Rs580.20 — qty 2→0
2026-07-15 09:22:35  ERROR     MIS BUY LODHA skipped — insufficient capital after reduction
2026-07-15 09:22:38  DEBUG     Starting new HTTPS connection (1): piconnect.flattrade.in:443
2026-07-15 09:22:38  DEBUG     https://piconnect.flattrade.in:443 "POST /PiConnectAPI/Limits HTTP/1.1" 200 None
2026-07-15 09:22:38  WARNING   MIS BUY LODHA: avail=Rs125.54 < needed=Rs580.20 — qty 2→0
2026-07-15 09:22:38  ERROR     MIS BUY LODHA skipped — insufficient capital after reduction
2026-07-15 09:22:40  DEBUG     Starting new HTTPS connection (1): piconnect.flattrade.in:443
2026-07-15 09:22:41  DEBUG     https://piconnect.flattrade.in:443 "POST /PiConnectAPI/Limits HTTP/1.1" 200 None
2026-07-15 09:22:41  WARNING   MIS BUY LODHA: avail=Rs125.54 < needed=Rs580.20 — qty 2→0
2026-07-15 09:22:41  ERROR     MIS BUY LODHA skipped — insufficient capital after reduction
2026-07-15 09:22:41  DEBUG     Starting new HTTPS connection (1): piconnect.flattrade.in:443
2026-07-15 09:22:41  DEBUG     https://piconnect.flattrade.in:443 "POST /PiConnectAPI/Limits HTTP/1.1" 200 None
2026-07-15 09:22:41  WARNING   MIS BUY LODHA: avail=Rs125.54 < needed=Rs580.02 — qty 2→0
2026-07-15 09:22:41  ERROR     MIS BUY LODHA skipped — insufficient capital after reduction
2026-07-15 09:22:43  DEBUG     Starting new HTTPS connection (1): piconnect.flattrade.in:443
2026-07-15 09:22:43  DEBUG     https://piconnect.flattrade.in:443 "POST /PiConnectAPI/Limits HTTP/1.1" 200 None
2026-07-15 09:22:43  WARNING   MIS BUY LODHA: avail=Rs125.54 < needed=Rs580.02 — qty 2→0
2026-07-15 09:22:43  ERROR     MIS BUY LODHA skipped — insufficient capital after reduction
2026-07-15 09:22:43  DEBUG     Starting new HTTPS connection (1): piconnect.flattrade.in:443
2026-07-15 09:22:44  DEBUG     https://piconnect.flattrade.in:443 "POST /PiConnectAPI/Limits HTTP/1.1" 200 None
2026-07-15 09:22:44  WARNING   MIS BUY LODHA: avail=Rs125.54 < needed=Rs580.02 — qty 2→0
2026-07-15 09:22:44  ERROR     MIS BUY LODHA skipped — insufficient capital after reduction
2026-07-15 09:22:46  DEBUG     Starting new HTTPS connection (1): piconnect.flattrade.in:443
2026-07-15 09:22:46  DEBUG     https://piconnect.flattrade.in:443 "POST /PiConnectAPI/Limits HTTP/1.1" 200 None
2026-07-15 09:22:46  WARNING   MIS BUY LODHA: avail=Rs125.54 < needed=Rs580.15 — qty 2→0
2026-07-15 09:22:46  ERROR     MIS BUY LODHA skipped — insufficient capital after reduction
2026-07-15 09:22:50  DEBUG     Starting new HTTPS connection (1): piconnect.flattrade.in:443
2026-07-15 09:22:50  DEBUG     https://piconnect.flattrade.in:443 "POST /PiConnectAPI/Limits HTTP/1.1" 200 None
2026-07-15 09:22:50  WARNING   MIS BUY LODHA: avail=Rs125.54 < needed=Rs580.15 — qty 2→0
2026-07-15 09:22:50  ERROR     MIS BUY LODHA skipped — insufficient capital after reduction
2026-07-15 09:22:51  DEBUG     Starting new HTTPS connection (1): piconnect.flattrade.in:443
2026-07-15 09:22:52  DEBUG     https://piconnect.flattrade.in:443 "POST /PiConnectAPI/Limits HTTP/1.1" 200 None
2026-07-15 09:22:52  WARNING   MIS BUY LODHA: avail=Rs125.54 < needed=Rs580.20 — qty 2→0
2026-07-15 09:22:52  ERROR     MIS BUY LODHA skipped — insufficient capital after reduction
2026-07-15 09:22:56  DEBUG     Starting new HTTPS connection (1): piconnect.flattrade.in:443
2026-07-15 09:22:56  DEBUG     https://piconnect.flattrade.in:443 "POST /PiConnectAPI/Limits HTTP/1.1" 200 None
2026-07-15 09:22:56  WARNING   MIS BUY LODHA: avail=Rs125.54 < needed=Rs580.20 — qty 2→0
2026-07-15 09:22:56  ERROR     MIS BUY LODHA skipped — insufficient capital after reduction
2026-07-15 09:22:57  DEBUG     Starting new HTTPS connection (1): piconnect.flattrade.in:443
2026-07-15 09:22:57  DEBUG     https://piconnect.flattrade.in:443 "POST /PiConnectAPI/Limits HTTP/1.1" 200 None
2026-07-15 09:22:57  WARNING   MIS BUY LODHA: avail=Rs125.54 < needed=Rs580.20 — qty 2→0
2026-07-15 09:22:57  ERROR     MIS BUY LODHA skipped — insufficient capital after reduction
2026-07-15 09:22:59  DEBUG     Starting new HTTPS connection (1): piconnect.flattrade.in:443
2026-07-15 09:22:59  DEBUG     https://piconnect.flattrade.in:443 "POST /PiConnectAPI/Limits HTTP/1.1" 200 None
2026-07-15 09:22:59  WARNING   MIS BUY LODHA: avail=Rs125.54 < needed=Rs580.20 — qty 2→0
2026-07-15 09:22:59  ERROR     MIS BUY LODHA skipped — insufficient capital after reduction
2026-07-15 09:23:00  DEBUG     Sending ping
2026-07-15 09:23:02  DEBUG     Starting new HTTPS connection (1): piconnect.flattrade.in:443
2026-07-15 09:23:02  DEBUG     https://piconnect.flattrade.in:443 "POST /PiConnectAPI/Limits HTTP/1.1" 200 None
2026-07-15 09:23:02  WARNING   MIS BUY LODHA: avail=Rs125.54 < needed=Rs580.20 — qty 2→0
2026-07-15 09:23:02  ERROR     MIS BUY LODHA skipped — insufficient capital after reduction
2026-07-15 09:23:07  DEBUG     Starting new HTTPS connection (1): piconnect.flattrade.in:443
2026-07-15 09:23:08  DEBUG     https://piconnect.flattrade.in:443 "POST /PiConnectAPI/Limits HTTP/1.1" 200 None
2026-07-15 09:23:08  WARNING   MIS BUY LODHA: avail=Rs125.54 < needed=Rs580.23 — qty 2→0
2026-07-15 09:23:08  ERROR     MIS BUY LODHA skipped — insufficient capital after reduction
2026-07-15 09:23:13  DEBUG     Starting new HTTPS connection (1): piconnect.flattrade.in:443
2026-07-15 09:23:13  DEBUG     https://piconnect.flattrade.in:443 "POST /PiConnectAPI/Limits HTTP/1.1" 200 None
2026-07-15 09:23:13  WARNING   MIS BUY LODHA: avail=Rs125.54 < needed=Rs580.23 — qty 2→0
2026-07-15 09:23:13  ERROR     MIS BUY LODHA skipped — insufficient capital after reduction
2026-07-15 09:23:16  DEBUG     Starting new HTTPS connection (1): piconnect.flattrade.in:443
2026-07-15 09:23:16  DEBUG     https://piconnect.flattrade.in:443 "POST /PiConnectAPI/Limits HTTP/1.1" 200 None
2026-07-15 09:23:16  WARNING   MIS BUY LODHA: avail=Rs125.54 < needed=Rs580.23 — qty 2→0
2026-07-15 09:23:16  ERROR     MIS BUY LODHA skipped — insufficient capital after reduction
2026-07-15 09:23:18  DEBUG     Starting new HTTPS connection (1): piconnect.flattrade.in:443
2026-07-15 09:23:18  DEBUG     https://piconnect.flattrade.in:443 "POST /PiConnectAPI/Limits HTTP/1.1" 200 None
2026-07-15 09:23:18  WARNING   MIS BUY LODHA: avail=Rs125.54 < needed=Rs580.23 — qty 2→0
2026-07-15 09:23:18  ERROR     MIS BUY LODHA skipped — insufficient capital after reduction
2026-07-15 09:23:23  DEBUG     Starting new HTTPS connection (1): piconnect.flattrade.in:443
2026-07-15 09:23:24  DEBUG     https://piconnect.flattrade.in:443 "POST /PiConnectAPI/Limits HTTP/1.1" 200 None
2026-07-15 09:23:24  WARNING   MIS BUY LODHA: avail=Rs125.54 < needed=Rs580.23 — qty 2→0
2026-07-15 09:23:24  ERROR     MIS BUY LODHA skipped — insufficient capital after reduction
2026-07-15 09:23:28  DEBUG     Starting new HTTPS connection (1): piconnect.flattrade.in:443
2026-07-15 09:23:28  DEBUG     https://piconnect.flattrade.in:443 "POST /PiConnectAPI/Limits HTTP/1.1" 200 None
2026-07-15 09:23:28  WARNING   MIS BUY LODHA: avail=Rs125.54 < needed=Rs580.23 — qty 2→0
2026-07-15 09:23:28  ERROR     MIS BUY LODHA skipped — insufficient capital after reduction
2026-07-15 09:23:29  DEBUG     Starting new HTTPS connection (1): piconnect.flattrade.in:443
2026-07-15 09:23:29  DEBUG     https://piconnect.flattrade.in:443 "POST /PiConnectAPI/Limits HTTP/1.1" 200 None
2026-07-15 09:23:29  WARNING   MIS BUY LODHA: avail=Rs125.54 < needed=Rs580.10 — qty 2→0
2026-07-15 09:23:29  ERROR     MIS BUY LODHA skipped — insufficient capital after reduction
2026-07-15 09:23:30  DEBUG     Sending ping
2026-07-15 09:23:34  DEBUG     Starting new HTTPS connection (1): piconnect.flattrade.in:443
2026-07-15 09:23:34  DEBUG     https://piconnect.flattrade.in:443 "POST /PiConnectAPI/Limits HTTP/1.1" 200 None
2026-07-15 09:23:34  WARNING   MIS BUY LODHA: avail=Rs125.54 < needed=Rs580.00 — qty 2→0
2026-07-15 09:23:34  ERROR     MIS BUY LODHA skipped — insufficient capital after reduction
2026-07-15 09:23:37  DEBUG     Starting new HTTPS connection (1): piconnect.flattrade.in:443
2026-07-15 09:23:37  DEBUG     https://piconnect.flattrade.in:443 "POST /PiConnectAPI/Limits HTTP/1.1" 200 None
2026-07-15 09:23:37  WARNING   MIS BUY LODHA: avail=Rs125.54 < needed=Rs580.00 — qty 2→0
2026-07-15 09:23:37  ERROR     MIS BUY LODHA skipped — insufficient capital after reduction
2026-07-15 09:23:40  DEBUG     Starting new HTTPS connection (1): piconnect.flattrade.in:443
2026-07-15 09:23:40  DEBUG     https://piconnect.flattrade.in:443 "POST /PiConnectAPI/Limits HTTP/1.1" 200 None
2026-07-15 09:23:40  WARNING   MIS BUY LODHA: avail=Rs125.54 < needed=Rs580.00 — qty 2→0
2026-07-15 09:23:40  ERROR     MIS BUY LODHA skipped — insufficient capital after reduction
2026-07-15 09:23:40  DEBUG     Starting new HTTPS connection (1): piconnect.flattrade.in:443
2026-07-15 09:23:40  DEBUG     https://piconnect.flattrade.in:443 "POST /PiConnectAPI/Limits HTTP/1.1" 200 None
2026-07-15 09:23:40  WARNING   MIS BUY LODHA: avail=Rs125.54 < needed=Rs580.12 — qty 2→0
2026-07-15 09:23:40  ERROR     MIS BUY LODHA skipped — insufficient capital after reduction
2026-07-15 09:23:43  DEBUG     Starting new HTTPS connection (1): piconnect.flattrade.in:443
2026-07-15 09:23:43  DEBUG     https://piconnect.flattrade.in:443 "POST /PiConnectAPI/Limits HTTP/1.1" 200 None
2026-07-15 09:23:43  WARNING   MIS BUY LODHA: avail=Rs125.54 < needed=Rs580.12 — qty 2→0
2026-07-15 09:23:43  ERROR     MIS BUY LODHA skipped — insufficient capital after reduction
2026-07-15 09:23:44  DEBUG     Starting new HTTPS connection (1): piconnect.flattrade.in:443
2026-07-15 09:23:44  DEBUG     https://piconnect.flattrade.in:443 "POST /PiConnectAPI/Limits HTTP/1.1" 200 None
2026-07-15 09:23:44  WARNING   MIS BUY LODHA: avail=Rs125.54 < needed=Rs580.12 — qty 2→0
2026-07-15 09:23:44  ERROR     MIS BUY LODHA skipped — insufficient capital after reduction
2026-07-15 09:23:45  DEBUG     Starting new HTTPS connection (1): piconnect.flattrade.in:443
2026-07-15 09:23:45  DEBUG     https://piconnect.flattrade.in:443 "POST /PiConnectAPI/Limits HTTP/1.1" 200 None
2026-07-15 09:23:45  WARNING   MIS BUY LODHA: avail=Rs125.54 < needed=Rs580.00 — qty 2→0
2026-07-15 09:23:45  ERROR     MIS BUY LODHA skipped — insufficient capital after reduction
2026-07-15 09:23:50  DEBUG     Starting new HTTPS connection (1): piconnect.flattrade.in:443
2026-07-15 09:23:51  DEBUG     https://piconnect.flattrade.in:443 "POST /PiConnectAPI/Limits HTTP/1.1" 200 None
2026-07-15 09:23:51  WARNING   MIS BUY LODHA: avail=Rs125.54 < needed=Rs580.00 — qty 2→0
2026-07-15 09:23:51  ERROR     MIS BUY LODHA skipped — insufficient capital after reduction
2026-07-15 09:23:56  DEBUG     Starting new HTTPS connection (1): piconnect.flattrade.in:443
2026-07-15 09:23:56  DEBUG     https://piconnect.flattrade.in:443 "POST /PiConnectAPI/Limits HTTP/1.1" 200 None
2026-07-15 09:23:56  WARNING   MIS BUY LODHA: avail=Rs125.54 < needed=Rs580.00 — qty 2→0
2026-07-15 09:23:56  ERROR     MIS BUY LODHA skipped — insufficient capital after reduction
2026-07-15 09:24:00  DEBUG     Sending ping
2026-07-15 09:24:01  DEBUG     Starting new HTTPS connection (1): piconnect.flattrade.in:443
2026-07-15 09:24:01  DEBUG     https://piconnect.flattrade.in:443 "POST /PiConnectAPI/Limits HTTP/1.1" 200 None
2026-07-15 09:24:01  WARNING   MIS BUY LODHA: avail=Rs125.54 < needed=Rs580.00 — qty 2→0
2026-07-15 09:24:01  ERROR     MIS BUY LODHA skipped — insufficient capital after reduction
2026-07-15 09:24:01  DEBUG     Starting new HTTPS connection (1): piconnect.flattrade.in:443
2026-07-15 09:24:02  DEBUG     https://piconnect.flattrade.in:443 "POST /PiConnectAPI/Limits HTTP/1.1" 200 None
2026-07-15 09:24:02  WARNING   MIS BUY LODHA: avail=Rs125.54 < needed=Rs580.73 — qty 2→0
2026-07-15 09:24:02  ERROR     MIS BUY LODHA skipped — insufficient capital after reduction
2026-07-15 09:24:04  DEBUG     Starting new HTTPS connection (1): piconnect.flattrade.in:443
2026-07-15 09:24:04  DEBUG     https://piconnect.flattrade.in:443 "POST /PiConnectAPI/Limits HTTP/1.1" 200 None
2026-07-15 09:24:04  WARNING   MIS BUY LODHA: avail=Rs125.54 < needed=Rs580.73 — qty 2→0
2026-07-15 09:24:04  ERROR     MIS BUY LODHA skipped — insufficient capital after reduction
2026-07-15 09:24:07  DEBUG     Starting new HTTPS connection (1): piconnect.flattrade.in:443
2026-07-15 09:24:07  DEBUG     https://piconnect.flattrade.in:443 "POST /PiConnectAPI/Limits HTTP/1.1" 200 None
2026-07-15 09:24:07  WARNING   MIS BUY LODHA: avail=Rs125.54 < needed=Rs580.73 — qty 2→0
2026-07-15 09:24:07  ERROR     MIS BUY LODHA skipped — insufficient capital after reduction
2026-07-15 09:24:08  DEBUG     Starting new HTTPS connection (1): piconnect.flattrade.in:443
2026-07-15 09:24:08  DEBUG     https://piconnect.flattrade.in:443 "POST /PiConnectAPI/Limits HTTP/1.1" 200 None
2026-07-15 09:24:08  WARNING   MIS BUY LODHA: avail=Rs125.54 < needed=Rs580.73 — qty 2→0
2026-07-15 09:24:08  ERROR     MIS BUY LODHA skipped — insufficient capital after reduction
2026-07-15 09:24:12  DEBUG     Starting new HTTPS connection (1): piconnect.flattrade.in:443
2026-07-15 09:24:12  DEBUG     https://piconnect.flattrade.in:443 "POST /PiConnectAPI/Limits HTTP/1.1" 200 None
2026-07-15 09:24:12  WARNING   MIS BUY LODHA: avail=Rs125.54 < needed=Rs580.73 — qty 2→0
2026-07-15 09:24:12  ERROR     MIS BUY LODHA skipped — insufficient capital after reduction
2026-07-15 09:24:12  DEBUG     Starting new HTTPS connection (1): piconnect.flattrade.in:443
2026-07-15 09:24:12  DEBUG     https://piconnect.flattrade.in:443 "POST /PiConnectAPI/Limits HTTP/1.1" 200 None
2026-07-15 09:24:12  WARNING   MIS BUY LODHA: avail=Rs125.54 < needed=Rs580.70 — qty 2→0
2026-07-15 09:24:12  ERROR     MIS BUY LODHA skipped — insufficient capital after reduction
2026-07-15 09:24:15  DEBUG     Starting new HTTPS connection (1): piconnect.flattrade.in:443
2026-07-15 09:24:15  DEBUG     https://piconnect.flattrade.in:443 "POST /PiConnectAPI/Limits HTTP/1.1" 200 None
2026-07-15 09:24:15  WARNING   MIS BUY LODHA: avail=Rs125.54 < needed=Rs580.70 — qty 2→0
2026-07-15 09:24:15  ERROR     MIS BUY LODHA skipped — insufficient capital after reduction
2026-07-15 09:24:17  DEBUG     Starting new HTTPS connection (1): piconnect.flattrade.in:443
2026-07-15 09:24:18  DEBUG     https://piconnect.flattrade.in:443 "POST /PiConnectAPI/Limits HTTP/1.1" 200 None
2026-07-15 09:24:18  WARNING   MIS BUY LODHA: avail=Rs125.54 < needed=Rs580.70 — qty 2→0
2026-07-15 09:24:18  ERROR     MIS BUY LODHA skipped — insufficient capital after reduction
2026-07-15 09:24:19  DEBUG     Starting new HTTPS connection (1): piconnect.flattrade.in:443
2026-07-15 09:24:19  DEBUG     https://piconnect.flattrade.in:443 "POST /PiConnectAPI/Limits HTTP/1.1" 200 None
2026-07-15 09:24:19  WARNING   MIS BUY LODHA: avail=Rs125.54 < needed=Rs580.70 — qty 2→0
2026-07-15 09:24:19  ERROR     MIS BUY LODHA skipped — insufficient capital after reduction
2026-07-15 09:24:21  DEBUG     Starting new HTTPS connection (1): piconnect.flattrade.in:443
2026-07-15 09:24:21  DEBUG     https://piconnect.flattrade.in:443 "POST /PiConnectAPI/Limits HTTP/1.1" 200 None
2026-07-15 09:24:21  WARNING   MIS BUY LODHA: avail=Rs125.54 < needed=Rs580.70 — qty 2→0
2026-07-15 09:24:21  ERROR     MIS BUY LODHA skipped — insufficient capital after reduction
2026-07-15 09:24:22  DEBUG     Starting new HTTPS connection (1): piconnect.flattrade.in:443
2026-07-15 09:24:22  DEBUG     https://piconnect.flattrade.in:443 "POST /PiConnectAPI/Limits HTTP/1.1" 200 None
2026-07-15 09:24:22  WARNING   MIS BUY LODHA: avail=Rs125.54 < needed=Rs580.70 — qty 2→0
2026-07-15 09:24:22  ERROR     MIS BUY LODHA skipped — insufficient capital after reduction
2026-07-15 09:24:23  DEBUG     Starting new HTTPS connection (1): piconnect.flattrade.in:443
2026-07-15 09:24:23  DEBUG     https://piconnect.flattrade.in:443 "POST /PiConnectAPI/Limits HTTP/1.1" 200 None
2026-07-15 09:24:23  WARNING   MIS BUY LODHA: avail=Rs125.54 < needed=Rs580.70 — qty 2→0
2026-07-15 09:24:23  ERROR     MIS BUY LODHA skipped — insufficient capital after reduction
2026-07-15 09:24:24  DEBUG     Starting new HTTPS connection (1): piconnect.flattrade.in:443
2026-07-15 09:24:24  DEBUG     https://piconnect.flattrade.in:443 "POST /PiConnectAPI/Limits HTTP/1.1" 200 None
2026-07-15 09:24:24  WARNING   MIS BUY LODHA: avail=Rs125.54 < needed=Rs580.70 — qty 2→0
2026-07-15 09:24:24  ERROR     MIS BUY LODHA skipped — insufficient capital after reduction
2026-07-15 09:24:25  DEBUG     Starting new HTTPS connection (1): piconnect.flattrade.in:443
2026-07-15 09:24:25  DEBUG     https://piconnect.flattrade.in:443 "POST /PiConnectAPI/Limits HTTP/1.1" 200 None
2026-07-15 09:24:25  WARNING   MIS BUY LODHA: avail=Rs125.54 < needed=Rs580.70 — qty 2→0
2026-07-15 09:24:25  ERROR     MIS BUY LODHA skipped — insufficient capital after reduction
2026-07-15 09:24:25  DEBUG     Starting new HTTPS connection (1): piconnect.flattrade.in:443
2026-07-15 09:24:25  DEBUG     https://piconnect.flattrade.in:443 "POST /PiConnectAPI/Limits HTTP/1.1" 200 None
2026-07-15 09:24:25  WARNING   MIS BUY LODHA: avail=Rs125.54 < needed=Rs580.95 — qty 2→0
2026-07-15 09:24:25  ERROR     MIS BUY LODHA skipped — insufficient capital after reduction
2026-07-15 09:24:26  DEBUG     Starting new HTTPS connection (1): piconnect.flattrade.in:443
2026-07-15 09:24:26  DEBUG     https://piconnect.flattrade.in:443 "POST /PiConnectAPI/Limits HTTP/1.1" 200 None
2026-07-15 09:24:26  WARNING   MIS BUY LODHA: avail=Rs125.54 < needed=Rs580.92 — qty 2→0
2026-07-15 09:24:26  ERROR     MIS BUY LODHA skipped — insufficient capital after reduction
2026-07-15 09:24:27  DEBUG     Starting new HTTPS connection (1): piconnect.flattrade.in:443
2026-07-15 09:24:27  DEBUG     https://piconnect.flattrade.in:443 "POST /PiConnectAPI/Limits HTTP/1.1" 200 None
2026-07-15 09:24:27  WARNING   MIS BUY LODHA: avail=Rs125.54 < needed=Rs580.88 — qty 2→0
2026-07-15 09:24:27  ERROR     MIS BUY LODHA skipped — insufficient capital after reduction
2026-07-15 09:24:28  DEBUG     Starting new HTTPS connection (1): piconnect.flattrade.in:443
2026-07-15 09:24:28  DEBUG     https://piconnect.flattrade.in:443 "POST /PiConnectAPI/Limits HTTP/1.1" 200 None
2026-07-15 09:24:28  WARNING   MIS BUY LODHA: avail=Rs125.54 < needed=Rs580.88 — qty 2→0
2026-07-15 09:24:28  ERROR     MIS BUY LODHA skipped — insufficient capital after reduction
2026-07-15 09:24:29  DEBUG     Starting new HTTPS connection (1): piconnect.flattrade.in:443
2026-07-15 09:24:29  DEBUG     https://piconnect.flattrade.in:443 "POST /PiConnectAPI/Limits HTTP/1.1" 200 None
2026-07-15 09:24:29  WARNING   MIS BUY LODHA: avail=Rs125.54 < needed=Rs580.85 — qty 2→0
2026-07-15 09:24:29  ERROR     MIS BUY LODHA skipped — insufficient capital after reduction
2026-07-15 09:24:30  DEBUG     Starting new HTTPS connection (1): piconnect.flattrade.in:443
2026-07-15 09:24:30  DEBUG     https://piconnect.flattrade.in:443 "POST /PiConnectAPI/Limits HTTP/1.1" 200 None
2026-07-15 09:24:30  WARNING   MIS BUY LODHA: avail=Rs125.54 < needed=Rs580.85 — qty 2→0
2026-07-15 09:24:30  ERROR     MIS BUY LODHA skipped — insufficient capital after reduction
2026-07-15 09:24:30  DEBUG     Sending ping
2026-07-15 09:24:31  DEBUG     Starting new HTTPS connection (1): piconnect.flattrade.in:443
2026-07-15 09:24:31  DEBUG     https://piconnect.flattrade.in:443 "POST /PiConnectAPI/Limits HTTP/1.1" 200 None
2026-07-15 09:24:31  WARNING   MIS BUY LODHA: avail=Rs125.54 < needed=Rs580.85 — qty 2→0
2026-07-15 09:24:31  ERROR     MIS BUY LODHA skipped — insufficient capital after reduction
2026-07-15 09:24:32  DEBUG     Starting new HTTPS connection (1): piconnect.flattrade.in:443
2026-07-15 09:24:32  DEBUG     https://piconnect.flattrade.in:443 "POST /PiConnectAPI/Limits HTTP/1.1" 200 None
2026-07-15 09:24:32  WARNING   MIS BUY LODHA: avail=Rs125.54 < needed=Rs580.85 — qty 2→0
2026-07-15 09:24:32  ERROR     MIS BUY LODHA skipped — insufficient capital after reduction
2026-07-15 09:24:33  DEBUG     Starting new HTTPS connection (1): piconnect.flattrade.in:443
2026-07-15 09:24:33  DEBUG     https://piconnect.flattrade.in:443 "POST /PiConnectAPI/Limits HTTP/1.1" 200 None
2026-07-15 09:24:33  WARNING   MIS BUY LODHA: avail=Rs125.54 < needed=Rs580.85 — qty 2→0
2026-07-15 09:24:33  ERROR     MIS BUY LODHA skipped — insufficient capital after reduction
2026-07-15 09:24:34  DEBUG     Starting new HTTPS connection (1): piconnect.flattrade.in:443
2026-07-15 09:24:34  DEBUG     https://piconnect.flattrade.in:443 "POST /PiConnectAPI/Limits HTTP/1.1" 200 None
2026-07-15 09:24:34  WARNING   MIS BUY LODHA: avail=Rs125.54 < needed=Rs580.85 — qty 2→0
2026-07-15 09:24:34  ERROR     MIS BUY LODHA skipped — insufficient capital after reduction
2026-07-15 09:24:35  DEBUG     Starting new HTTPS connection (1): piconnect.flattrade.in:443
2026-07-15 09:24:35  DEBUG     https://piconnect.flattrade.in:443 "POST /PiConnectAPI/Limits HTTP/1.1" 200 None
2026-07-15 09:24:35  WARNING   MIS BUY LODHA: avail=Rs125.54 < needed=Rs580.85 — qty 2→0
2026-07-15 09:24:35  ERROR     MIS BUY LODHA skipped — insufficient capital after reduction
2026-07-15 09:24:36  DEBUG     Starting new HTTPS connection (1): piconnect.flattrade.in:443
2026-07-15 09:24:36  DEBUG     https://piconnect.flattrade.in:443 "POST /PiConnectAPI/Limits HTTP/1.1" 200 None
2026-07-15 09:24:36  WARNING   MIS BUY LODHA: avail=Rs125.54 < needed=Rs580.85 — qty 2→0
2026-07-15 09:24:36  ERROR     MIS BUY LODHA skipped — insufficient capital after reduction
2026-07-15 09:24:36  DEBUG     Starting new HTTPS connection (1): piconnect.flattrade.in:443
2026-07-15 09:24:36  DEBUG     https://piconnect.flattrade.in:443 "POST /PiConnectAPI/Limits HTTP/1.1" 200 None
2026-07-15 09:24:36  WARNING   MIS BUY LODHA: avail=Rs125.54 < needed=Rs580.85 — qty 2→0
2026-07-15 09:24:36  ERROR     MIS BUY LODHA skipped — insufficient capital after reduction
2026-07-15 09:24:38  DEBUG     Starting new HTTPS connection (1): piconnect.flattrade.in:443
2026-07-15 09:24:38  DEBUG     https://piconnect.flattrade.in:443 "POST /PiConnectAPI/Limits HTTP/1.1" 200 None
2026-07-15 09:24:38  WARNING   MIS BUY LODHA: avail=Rs125.54 < needed=Rs580.85 — qty 2→0
2026-07-15 09:24:38  ERROR     MIS BUY LODHA skipped — insufficient capital after reduction
2026-07-15 09:24:40  DEBUG     Starting new HTTPS connection (1): piconnect.flattrade.in:443
2026-07-15 09:24:40  DEBUG     https://piconnect.flattrade.in:443 "POST /PiConnectAPI/Limits HTTP/1.1" 200 None
2026-07-15 09:24:40  WARNING   MIS BUY LODHA: avail=Rs125.54 < needed=Rs580.85 — qty 2→0
2026-07-15 09:24:40  ERROR     MIS BUY LODHA skipped — insufficient capital after reduction
2026-07-15 09:24:41  DEBUG     Starting new HTTPS connection (1): piconnect.flattrade.in:443
2026-07-15 09:24:41  DEBUG     https://piconnect.flattrade.in:443 "POST /PiConnectAPI/Limits HTTP/1.1" 200 None
2026-07-15 09:24:41  WARNING   MIS BUY LODHA: avail=Rs125.54 < needed=Rs580.85 — qty 2→0
2026-07-15 09:24:41  ERROR     MIS BUY LODHA skipped — insufficient capital after reduction
2026-07-15 09:24:43  DEBUG     Starting new HTTPS connection (1): piconnect.flattrade.in:443
2026-07-15 09:24:43  DEBUG     https://piconnect.flattrade.in:443 "POST /PiConnectAPI/Limits HTTP/1.1" 200 None
2026-07-15 09:24:43  WARNING   MIS BUY LODHA: avail=Rs125.54 < needed=Rs580.85 — qty 2→0
2026-07-15 09:24:43  ERROR     MIS BUY LODHA skipped — insufficient capital after reduction
2026-07-15 09:24:44  DEBUG     Starting new HTTPS connection (1): piconnect.flattrade.in:443
2026-07-15 09:24:44  DEBUG     https://piconnect.flattrade.in:443 "POST /PiConnectAPI/Limits HTTP/1.1" 200 None
2026-07-15 09:24:44  WARNING   MIS BUY LODHA: avail=Rs125.54 < needed=Rs580.85 — qty 2→0
2026-07-15 09:24:44  ERROR     MIS BUY LODHA skipped — insufficient capital after reduction
2026-07-15 09:24:47  DEBUG     Starting new HTTPS connection (1): piconnect.flattrade.in:443
2026-07-15 09:24:47  DEBUG     https://piconnect.flattrade.in:443 "POST /PiConnectAPI/Limits HTTP/1.1" 200 None
2026-07-15 09:24:47  WARNING   MIS BUY LODHA: avail=Rs125.54 < needed=Rs580.85 — qty 2→0
2026-07-15 09:24:47  ERROR     MIS BUY LODHA skipped — insufficient capital after reduction
2026-07-15 09:24:49  DEBUG     Starting new HTTPS connection (1): piconnect.flattrade.in:443
2026-07-15 09:24:49  DEBUG     https://piconnect.flattrade.in:443 "POST /PiConnectAPI/Limits HTTP/1.1" 200 None
2026-07-15 09:24:49  WARNING   MIS BUY LODHA: avail=Rs125.54 < needed=Rs580.85 — qty 2→0
2026-07-15 09:24:49  ERROR     MIS BUY LODHA skipped — insufficient capital after reduction
2026-07-15 09:24:50  DEBUG     Starting new HTTPS connection (1): piconnect.flattrade.in:443
2026-07-15 09:24:50  DEBUG     https://piconnect.flattrade.in:443 "POST /PiConnectAPI/Limits HTTP/1.1" 200 None
2026-07-15 09:24:50  WARNING   MIS BUY LODHA: avail=Rs125.54 < needed=Rs580.85 — qty 2→0
2026-07-15 09:24:50  ERROR     MIS BUY LODHA skipped — insufficient capital after reduction
2026-07-15 09:24:52  DEBUG     Starting new HTTPS connection (1): piconnect.flattrade.in:443
2026-07-15 09:24:52  DEBUG     https://piconnect.flattrade.in:443 "POST /PiConnectAPI/Limits HTTP/1.1" 200 None
2026-07-15 09:24:52  WARNING   MIS BUY LODHA: avail=Rs125.54 < needed=Rs580.85 — qty 2→0
2026-07-15 09:24:52  ERROR     MIS BUY LODHA skipped — insufficient capital after reduction
2026-07-15 09:24:54  DEBUG     Starting new HTTPS connection (1): piconnect.flattrade.in:443
2026-07-15 09:24:54  DEBUG     https://piconnect.flattrade.in:443 "POST /PiConnectAPI/Limits HTTP/1.1" 200 None
2026-07-15 09:24:54  WARNING   MIS BUY LODHA: avail=Rs125.54 < needed=Rs580.85 — qty 2→0
2026-07-15 09:24:54  ERROR     MIS BUY LODHA skipped — insufficient capital after reduction
2026-07-15 09:24:54  DEBUG     Starting new HTTPS connection (1): piconnect.flattrade.in:443
2026-07-15 09:24:54  DEBUG     https://piconnect.flattrade.in:443 "POST /PiConnectAPI/Limits HTTP/1.1" 200 None
2026-07-15 09:24:54  WARNING   MIS BUY LODHA: avail=Rs125.54 < needed=Rs580.85 — qty 2→0
2026-07-15 09:24:54  ERROR     MIS BUY LODHA skipped — insufficient capital after reduction
2026-07-15 09:24:55  DEBUG     Starting new HTTPS connection (1): piconnect.flattrade.in:443
2026-07-15 09:24:55  DEBUG     https://piconnect.flattrade.in:443 "POST /PiConnectAPI/Limits HTTP/1.1" 200 None
2026-07-15 09:24:55  WARNING   MIS BUY LODHA: avail=Rs125.54 < needed=Rs580.85 — qty 2→0
2026-07-15 09:24:55  ERROR     MIS BUY LODHA skipped — insufficient capital after reduction
2026-07-15 09:24:56  DEBUG     Starting new HTTPS connection (1): piconnect.flattrade.in:443
2026-07-15 09:24:56  DEBUG     https://piconnect.flattrade.in:443 "POST /PiConnectAPI/Limits HTTP/1.1" 200 None
2026-07-15 09:24:56  WARNING   MIS BUY LODHA: avail=Rs125.54 < needed=Rs581.08 — qty 2→0
2026-07-15 09:24:56  ERROR     MIS BUY LODHA skipped — insufficient capital after reduction
2026-07-15 09:24:57  DEBUG     Starting new HTTPS connection (1): piconnect.flattrade.in:443
2026-07-15 09:24:57  DEBUG     https://piconnect.flattrade.in:443 "POST /PiConnectAPI/Limits HTTP/1.1" 200 None
2026-07-15 09:24:57  WARNING   MIS BUY LODHA: avail=Rs125.54 < needed=Rs581.08 — qty 2→0
2026-07-15 09:24:57  ERROR     MIS BUY LODHA skipped — insufficient capital after reduction
2026-07-15 09:24:57  DEBUG     Starting new HTTPS connection (1): piconnect.flattrade.in:443
2026-07-15 09:24:57  DEBUG     https://piconnect.flattrade.in:443 "POST /PiConnectAPI/Limits HTTP/1.1" 200 None
2026-07-15 09:24:57  WARNING   MIS BUY LODHA: avail=Rs125.54 < needed=Rs581.12 — qty 2→0
2026-07-15 09:24:57  ERROR     MIS BUY LODHA skipped — insufficient capital after reduction
2026-07-15 09:24:58  DEBUG     Starting new HTTPS connection (1): piconnect.flattrade.in:443
2026-07-15 09:24:58  DEBUG     https://piconnect.flattrade.in:443 "POST /PiConnectAPI/Limits HTTP/1.1" 200 None
2026-07-15 09:24:58  WARNING   MIS BUY LODHA: avail=Rs125.54 < needed=Rs580.88 — qty 2→0
2026-07-15 09:24:58  ERROR     MIS BUY LODHA skipped — insufficient capital after reduction
2026-07-15 09:24:59  DEBUG     Starting new HTTPS connection (1): piconnect.flattrade.in:443
2026-07-15 09:25:00  DEBUG     https://piconnect.flattrade.in:443 "POST /PiConnectAPI/Limits HTTP/1.1" 200 None
2026-07-15 09:25:00  WARNING   MIS BUY LODHA: avail=Rs125.54 < needed=Rs580.88 — qty 2→0
2026-07-15 09:25:00  ERROR     MIS BUY LODHA skipped — insufficient capital after reduction
2026-07-15 09:25:00  DEBUG     Starting new HTTPS connection (1): piconnect.flattrade.in:443
2026-07-15 09:25:00  DEBUG     Sending ping
2026-07-15 09:25:00  DEBUG     https://piconnect.flattrade.in:443 "POST /PiConnectAPI/Limits HTTP/1.1" 200 None
2026-07-15 09:25:00  WARNING   MIS BUY LODHA: avail=Rs125.54 < needed=Rs580.88 — qty 2→0
2026-07-15 09:25:00  ERROR     MIS BUY LODHA skipped — insufficient capital after reduction
2026-07-15 09:25:01  DEBUG     Starting new HTTPS connection (1): piconnect.flattrade.in:443
2026-07-15 09:25:01  DEBUG     https://piconnect.flattrade.in:443 "POST /PiConnectAPI/Limits HTTP/1.1" 200 None
2026-07-15 09:25:01  WARNING   MIS BUY LODHA: avail=Rs125.54 < needed=Rs580.88 — qty 2→0
2026-07-15 09:25:01  ERROR     MIS BUY LODHA skipped — insufficient capital after reduction
2026-07-15 09:25:02  DEBUG     Starting new HTTPS connection (1): piconnect.flattrade.in:443
2026-07-15 09:25:03  DEBUG     https://piconnect.flattrade.in:443 "POST /PiConnectAPI/Limits HTTP/1.1" 200 None
2026-07-15 09:25:03  WARNING   MIS BUY LODHA: avail=Rs125.54 < needed=Rs580.88 — qty 2→0
2026-07-15 09:25:03  ERROR     MIS BUY LODHA skipped — insufficient capital after reduction
2026-07-15 09:25:05  DEBUG     Starting new HTTPS connection (1): piconnect.flattrade.in:443
2026-07-15 09:25:05  DEBUG     https://piconnect.flattrade.in:443 "POST /PiConnectAPI/Limits HTTP/1.1" 200 None
2026-07-15 09:25:05  WARNING   MIS BUY LODHA: avail=Rs125.54 < needed=Rs580.88 — qty 2→0
2026-07-15 09:25:05  ERROR     MIS BUY LODHA skipped — insufficient capital after reduction
2026-07-15 09:25:09  DEBUG     Starting new HTTPS connection (1): piconnect.flattrade.in:443
2026-07-15 09:25:09  DEBUG     https://piconnect.flattrade.in:443 "POST /PiConnectAPI/Limits HTTP/1.1" 200 None
2026-07-15 09:25:09  WARNING   MIS BUY LODHA: avail=Rs125.54 < needed=Rs580.88 — qty 2→0
2026-07-15 09:25:09  ERROR     MIS BUY LODHA skipped — insufficient capital after reduction
2026-07-15 09:25:11  DEBUG     Starting new HTTPS connection (1): piconnect.flattrade.in:443
2026-07-15 09:25:12  DEBUG     https://piconnect.flattrade.in:443 "POST /PiConnectAPI/Limits HTTP/1.1" 200 None
2026-07-15 09:25:12  WARNING   MIS BUY LODHA: avail=Rs125.54 < needed=Rs580.88 — qty 2→0
2026-07-15 09:25:12  ERROR     MIS BUY LODHA skipped — insufficient capital after reduction
2026-07-15 09:25:12  DEBUG     Starting new HTTPS connection (1): piconnect.flattrade.in:443
2026-07-15 09:25:13  DEBUG     https://piconnect.flattrade.in:443 "POST /PiConnectAPI/Limits HTTP/1.1" 200 None
2026-07-15 09:25:13  WARNING   MIS BUY LODHA: avail=Rs125.54 < needed=Rs580.88 — qty 2→0
2026-07-15 09:25:13  ERROR     MIS BUY LODHA skipped — insufficient capital after reduction
2026-07-15 09:25:14  DEBUG     Starting new HTTPS connection (1): piconnect.flattrade.in:443
2026-07-15 09:25:14  DEBUG     https://piconnect.flattrade.in:443 "POST /PiConnectAPI/Limits HTTP/1.1" 200 None
2026-07-15 09:25:14  WARNING   MIS BUY LODHA: avail=Rs125.54 < needed=Rs580.88 — qty 2→0
2026-07-15 09:25:14  ERROR     MIS BUY LODHA skipped — insufficient capital after reduction
2026-07-15 09:25:15  DEBUG     Starting new HTTPS connection (1): piconnect.flattrade.in:443
2026-07-15 09:25:15  DEBUG     https://piconnect.flattrade.in:443 "POST /PiConnectAPI/Limits HTTP/1.1" 200 None
2026-07-15 09:25:15  WARNING   MIS BUY LODHA: avail=Rs125.54 < needed=Rs580.88 — qty 2→0
2026-07-15 09:25:15  ERROR     MIS BUY LODHA skipped — insufficient capital after reduction
2026-07-15 09:25:17  DEBUG     Starting new HTTPS connection (1): piconnect.flattrade.in:443
2026-07-15 09:25:17  DEBUG     https://piconnect.flattrade.in:443 "POST /PiConnectAPI/Limits HTTP/1.1" 200 None
2026-07-15 09:25:17  WARNING   MIS BUY LODHA: avail=Rs125.54 < needed=Rs580.88 — qty 2→0
2026-07-15 09:25:17  ERROR     MIS BUY LODHA skipped — insufficient capital after reduction
2026-07-15 09:25:17  DEBUG     Starting new HTTPS connection (1): piconnect.flattrade.in:443
2026-07-15 09:25:17  DEBUG     https://piconnect.flattrade.in:443 "POST /PiConnectAPI/Limits HTTP/1.1" 200 None
2026-07-15 09:25:17  WARNING   MIS BUY LODHA: avail=Rs125.54 < needed=Rs581.08 — qty 2→0
2026-07-15 09:25:17  ERROR     MIS BUY LODHA skipped — insufficient capital after reduction
2026-07-15 09:25:18  DEBUG     Starting new HTTPS connection (1): piconnect.flattrade.in:443
2026-07-15 09:25:18  DEBUG     https://piconnect.flattrade.in:443 "POST /PiConnectAPI/Limits HTTP/1.1" 200 None
2026-07-15 09:25:18  WARNING   MIS BUY LODHA: avail=Rs125.54 < needed=Rs581.08 — qty 2→0
2026-07-15 09:25:18  ERROR     MIS BUY LODHA skipped — insufficient capital after reduction
2026-07-15 09:25:21  DEBUG     Starting new HTTPS connection (1): piconnect.flattrade.in:443
2026-07-15 09:25:21  DEBUG     https://piconnect.flattrade.in:443 "POST /PiConnectAPI/Limits HTTP/1.1" 200 None
2026-07-15 09:25:21  WARNING   MIS BUY LODHA: avail=Rs125.54 < needed=Rs581.08 — qty 2→0
2026-07-15 09:25:21  ERROR     MIS BUY LODHA skipped — insufficient capital after reduction
2026-07-15 09:25:23  DEBUG     Starting new HTTPS connection (1): piconnect.flattrade.in:443
2026-07-15 09:25:23  DEBUG     https://piconnect.flattrade.in:443 "POST /PiConnectAPI/Limits HTTP/1.1" 200 None
2026-07-15 09:25:23  WARNING   MIS BUY LODHA: avail=Rs125.54 < needed=Rs581.23 — qty 2→0
2026-07-15 09:25:23  ERROR     MIS BUY LODHA skipped — insufficient capital after reduction
2026-07-15 09:25:24  DEBUG     Starting new HTTPS connection (1): piconnect.flattrade.in:443
2026-07-15 09:25:24  DEBUG     https://piconnect.flattrade.in:443 "POST /PiConnectAPI/Limits HTTP/1.1" 200 None
2026-07-15 09:25:24  WARNING   MIS BUY LODHA: avail=Rs125.54 < needed=Rs581.23 — qty 2→0
2026-07-15 09:25:24  ERROR     MIS BUY LODHA skipped — insufficient capital after reduction
2026-07-15 09:25:28  DEBUG     Starting new HTTPS connection (1): piconnect.flattrade.in:443
2026-07-15 09:25:28  DEBUG     https://piconnect.flattrade.in:443 "POST /PiConnectAPI/Limits HTTP/1.1" 200 None
2026-07-15 09:25:28  WARNING   MIS BUY LODHA: avail=Rs125.54 < needed=Rs581.15 — qty 2→0
2026-07-15 09:25:28  ERROR     MIS BUY LODHA skipped — insufficient capital after reduction
2026-07-15 09:25:30  DEBUG     Starting new HTTPS connection (1): piconnect.flattrade.in:443
2026-07-15 09:25:30  DEBUG     https://piconnect.flattrade.in:443 "POST /PiConnectAPI/Limits HTTP/1.1" 200 None
2026-07-15 09:25:30  WARNING   MIS BUY LODHA: avail=Rs125.54 < needed=Rs581.15 — qty 2→0
2026-07-15 09:25:30  ERROR     MIS BUY LODHA skipped — insufficient capital after reduction
2026-07-15 09:25:30  DEBUG     Sending ping
2026-07-15 09:25:33  DEBUG     Starting new HTTPS connection (1): piconnect.flattrade.in:443
2026-07-15 09:25:33  DEBUG     https://piconnect.flattrade.in:443 "POST /PiConnectAPI/Limits HTTP/1.1" 200 None
2026-07-15 09:25:33  WARNING   MIS BUY LODHA: avail=Rs125.54 < needed=Rs581.20 — qty 2→0
2026-07-15 09:25:33  ERROR     MIS BUY LODHA skipped — insufficient capital after reduction
2026-07-15 09:25:36  DEBUG     Starting new HTTPS connection (1): piconnect.flattrade.in:443
2026-07-15 09:25:36  DEBUG     https://piconnect.flattrade.in:443 "POST /PiConnectAPI/Limits HTTP/1.1" 200 None
2026-07-15 09:25:36  WARNING   MIS BUY LODHA: avail=Rs125.54 < needed=Rs581.20 — qty 2→0
2026-07-15 09:25:36  ERROR     MIS BUY LODHA skipped — insufficient capital after reduction
2026-07-15 09:25:38  DEBUG     Starting new HTTPS connection (1): piconnect.flattrade.in:443
2026-07-15 09:25:39  DEBUG     https://piconnect.flattrade.in:443 "POST /PiConnectAPI/Limits HTTP/1.1" 200 None
2026-07-15 09:25:39  WARNING   MIS BUY LODHA: avail=Rs125.54 < needed=Rs581.17 — qty 2→0
2026-07-15 09:25:39  ERROR     MIS BUY LODHA skipped — insufficient capital after reduction
2026-07-15 09:25:44  DEBUG     Starting new HTTPS connection (1): piconnect.flattrade.in:443
2026-07-15 09:25:44  DEBUG     https://piconnect.flattrade.in:443 "POST /PiConnectAPI/Limits HTTP/1.1" 200 None
2026-07-15 09:25:44  WARNING   MIS BUY LODHA: avail=Rs125.54 < needed=Rs581.17 — qty 2→0
2026-07-15 09:25:44  ERROR     MIS BUY LODHA skipped — insufficient capital after reduction
2026-07-15 09:25:44  DEBUG     Starting new HTTPS connection (1): piconnect.flattrade.in:443
2026-07-15 09:25:44  DEBUG     https://piconnect.flattrade.in:443 "POST /PiConnectAPI/Limits HTTP/1.1" 200 None
2026-07-15 09:25:44  WARNING   MIS BUY LODHA: avail=Rs125.54 < needed=Rs581.17 — qty 2→0
2026-07-15 09:25:44  ERROR     MIS BUY LODHA skipped — insufficient capital after reduction
2026-07-15 09:25:49  DEBUG     Starting new HTTPS connection (1): piconnect.flattrade.in:443
2026-07-15 09:25:50  DEBUG     https://piconnect.flattrade.in:443 "POST /PiConnectAPI/Limits HTTP/1.1" 200 None
2026-07-15 09:25:50  WARNING   MIS BUY LODHA: avail=Rs125.54 < needed=Rs581.15 — qty 2→0
2026-07-15 09:25:50  ERROR     MIS BUY LODHA skipped — insufficient capital after reduction
2026-07-15 09:25:54  DEBUG     Starting new HTTPS connection (1): piconnect.flattrade.in:443
2026-07-15 09:25:54  DEBUG     https://piconnect.flattrade.in:443 "POST /PiConnectAPI/Limits HTTP/1.1" 200 None
2026-07-15 09:25:54  WARNING   MIS BUY LODHA: avail=Rs125.54 < needed=Rs581.15 — qty 2→0
2026-07-15 09:25:54  ERROR     MIS BUY LODHA skipped — insufficient capital after reduction
2026-07-15 09:25:55  DEBUG     Starting new HTTPS connection (1): piconnect.flattrade.in:443
2026-07-15 09:25:55  DEBUG     https://piconnect.flattrade.in:443 "POST /PiConnectAPI/Limits HTTP/1.1" 200 None
2026-07-15 09:25:55  WARNING   MIS BUY LODHA: avail=Rs125.54 < needed=Rs581.15 — qty 2→0
2026-07-15 09:25:55  ERROR     MIS BUY LODHA skipped — insufficient capital after reduction
2026-07-15 09:26:00  DEBUG     Starting new HTTPS connection (1): piconnect.flattrade.in:443
2026-07-15 09:26:00  DEBUG     https://piconnect.flattrade.in:443 "POST /PiConnectAPI/Limits HTTP/1.1" 200 None
2026-07-15 09:26:00  WARNING   MIS BUY LODHA: avail=Rs125.54 < needed=Rs581.40 — qty 2→0
2026-07-15 09:26:00  ERROR     MIS BUY LODHA skipped — insufficient capital after reduction
2026-07-15 09:26:00  DEBUG     Sending ping
2026-07-15 09:26:03  DEBUG     Starting new HTTPS connection (1): piconnect.flattrade.in:443
2026-07-15 09:26:03  DEBUG     https://piconnect.flattrade.in:443 "POST /PiConnectAPI/Limits HTTP/1.1" 200 None
2026-07-15 09:26:03  WARNING   MIS BUY LODHA: avail=Rs125.54 < needed=Rs581.40 — qty 2→0
2026-07-15 09:26:03  ERROR     MIS BUY LODHA skipped — insufficient capital after reduction
2026-07-15 09:26:05  DEBUG     Starting new HTTPS connection (1): piconnect.flattrade.in:443
2026-07-15 09:26:05  DEBUG     https://piconnect.flattrade.in:443 "POST /PiConnectAPI/Limits HTTP/1.1" 200 None
2026-07-15 09:26:05  WARNING   MIS BUY LODHA: avail=Rs125.54 < needed=Rs581.35 — qty 2→0
2026-07-15 09:26:05  ERROR     MIS BUY LODHA skipped — insufficient capital after reduction
2026-07-15 09:26:07  DEBUG     Starting new HTTPS connection (1): piconnect.flattrade.in:443
2026-07-15 09:26:07  DEBUG     https://piconnect.flattrade.in:443 "POST /PiConnectAPI/Limits HTTP/1.1" 200 None
2026-07-15 09:26:07  WARNING   MIS BUY LODHA: avail=Rs125.54 < needed=Rs581.35 — qty 2→0
2026-07-15 09:26:07  ERROR     MIS BUY LODHA skipped — insufficient capital after reduction
2026-07-15 09:26:10  DEBUG     Starting new HTTPS connection (1): piconnect.flattrade.in:443
2026-07-15 09:26:10  DEBUG     https://piconnect.flattrade.in:443 "POST /PiConnectAPI/Limits HTTP/1.1" 200 None
2026-07-15 09:26:10  WARNING   MIS BUY LODHA: avail=Rs125.54 < needed=Rs581.35 — qty 2→0
2026-07-15 09:26:10  ERROR     MIS BUY LODHA skipped — insufficient capital after reduction
2026-07-15 09:26:15  DEBUG     Starting new HTTPS connection (1): piconnect.flattrade.in:443
2026-07-15 09:26:15  DEBUG     https://piconnect.flattrade.in:443 "POST /PiConnectAPI/Limits HTTP/1.1" 200 None
2026-07-15 09:26:15  WARNING   MIS BUY LODHA: avail=Rs125.54 < needed=Rs581.35 — qty 2→0
2026-07-15 09:26:15  ERROR     MIS BUY LODHA skipped — insufficient capital after reduction
2026-07-15 09:26:16  DEBUG     Starting new HTTPS connection (1): piconnect.flattrade.in:443
2026-07-15 09:26:16  DEBUG     https://piconnect.flattrade.in:443 "POST /PiConnectAPI/Limits HTTP/1.1" 200 None
2026-07-15 09:26:16  WARNING   MIS BUY LODHA: avail=Rs125.54 < needed=Rs581.05 — qty 2→0
2026-07-15 09:26:16  ERROR     MIS BUY LODHA skipped — insufficient capital after reduction
2026-07-15 09:26:18  DEBUG     Starting new HTTPS connection (1): piconnect.flattrade.in:443
2026-07-15 09:26:18  DEBUG     https://piconnect.flattrade.in:443 "POST /PiConnectAPI/Limits HTTP/1.1" 200 None
2026-07-15 09:26:18  WARNING   MIS BUY LODHA: avail=Rs125.54 < needed=Rs581.05 — qty 2→0
2026-07-15 09:26:18  ERROR     MIS BUY LODHA skipped — insufficient capital after reduction
2026-07-15 09:26:19  DEBUG     Starting new HTTPS connection (1): piconnect.flattrade.in:443
2026-07-15 09:26:19  DEBUG     https://piconnect.flattrade.in:443 "POST /PiConnectAPI/Limits HTTP/1.1" 200 None
2026-07-15 09:26:19  WARNING   MIS BUY LODHA: avail=Rs125.54 < needed=Rs581.02 — qty 2→0
2026-07-15 09:26:19  ERROR     MIS BUY LODHA skipped — insufficient capital after reduction
2026-07-15 09:26:20  DEBUG     Starting new HTTPS connection (1): piconnect.flattrade.in:443
2026-07-15 09:26:20  DEBUG     https://piconnect.flattrade.in:443 "POST /PiConnectAPI/Limits HTTP/1.1" 200 None
2026-07-15 09:26:20  WARNING   MIS BUY LODHA: avail=Rs125.54 < needed=Rs581.05 — qty 2→0
2026-07-15 09:26:20  ERROR     MIS BUY LODHA skipped — insufficient capital after reduction
2026-07-15 09:26:22  DEBUG     Starting new HTTPS connection (1): piconnect.flattrade.in:443
2026-07-15 09:26:22  DEBUG     https://piconnect.flattrade.in:443 "POST /PiConnectAPI/Limits HTTP/1.1" 200 None
2026-07-15 09:26:22  WARNING   MIS BUY LODHA: avail=Rs125.54 < needed=Rs581.05 — qty 2→0
2026-07-15 09:26:22  ERROR     MIS BUY LODHA skipped — insufficient capital after reduction
2026-07-15 09:26:24  DEBUG     Starting new HTTPS connection (1): piconnect.flattrade.in:443
2026-07-15 09:26:25  DEBUG     https://piconnect.flattrade.in:443 "POST /PiConnectAPI/Limits HTTP/1.1" 200 None
2026-07-15 09:26:25  WARNING   MIS BUY LODHA: avail=Rs125.54 < needed=Rs581.05 — qty 2→0
2026-07-15 09:26:25  ERROR     MIS BUY LODHA skipped — insufficient capital after reduction
2026-07-15 09:26:26  DEBUG     Starting new HTTPS connection (1): piconnect.flattrade.in:443
2026-07-15 09:26:27  DEBUG     https://piconnect.flattrade.in:443 "POST /PiConnectAPI/Limits HTTP/1.1" 200 None
2026-07-15 09:26:27  WARNING   MIS BUY LODHA: avail=Rs125.54 < needed=Rs580.95 — qty 2→0
2026-07-15 09:26:27  ERROR     MIS BUY LODHA skipped — insufficient capital after reduction
2026-07-15 09:26:27  DEBUG     Starting new HTTPS connection (1): piconnect.flattrade.in:443
2026-07-15 09:26:28  DEBUG     https://piconnect.flattrade.in:443 "POST /PiConnectAPI/Limits HTTP/1.1" 200 None
2026-07-15 09:26:28  WARNING   MIS BUY LODHA: avail=Rs125.54 < needed=Rs580.92 — qty 2→0
2026-07-15 09:26:28  ERROR     MIS BUY LODHA skipped — insufficient capital after reduction
2026-07-15 09:26:29  DEBUG     Starting new HTTPS connection (1): piconnect.flattrade.in:443
2026-07-15 09:26:29  DEBUG     https://piconnect.flattrade.in:443 "POST /PiConnectAPI/Limits HTTP/1.1" 200 None
2026-07-15 09:26:29  WARNING   MIS BUY LODHA: avail=Rs125.54 < needed=Rs580.92 — qty 2→0
2026-07-15 09:26:29  ERROR     MIS BUY LODHA skipped — insufficient capital after reduction
2026-07-15 09:26:29  DEBUG     Starting new HTTPS connection (1): piconnect.flattrade.in:443
2026-07-15 09:26:29  DEBUG     https://piconnect.flattrade.in:443 "POST /PiConnectAPI/Limits HTTP/1.1" 200 None
2026-07-15 09:26:29  WARNING   MIS BUY LODHA: avail=Rs125.54 < needed=Rs580.92 — qty 2→0
2026-07-15 09:26:29  ERROR     MIS BUY LODHA skipped — insufficient capital after reduction
2026-07-15 09:26:29  DEBUG     Starting new HTTPS connection (1): piconnect.flattrade.in:443
2026-07-15 09:26:30  DEBUG     https://piconnect.flattrade.in:443 "POST /PiConnectAPI/Limits HTTP/1.1" 200 None
2026-07-15 09:26:30  WARNING   MIS BUY LODHA: avail=Rs125.54 < needed=Rs580.92 — qty 2→0
2026-07-15 09:26:30  ERROR     MIS BUY LODHA skipped — insufficient capital after reduction
2026-07-15 09:26:30  DEBUG     Sending ping
2026-07-15 09:26:33  DEBUG     Starting new HTTPS connection (1): piconnect.flattrade.in:443
2026-07-15 09:26:34  DEBUG     https://piconnect.flattrade.in:443 "POST /PiConnectAPI/Limits HTTP/1.1" 200 None
2026-07-15 09:26:34  WARNING   MIS BUY LODHA: avail=Rs125.54 < needed=Rs580.92 — qty 2→0
2026-07-15 09:26:34  ERROR     MIS BUY LODHA skipped — insufficient capital after reduction
2026-07-15 09:26:35  DEBUG     Starting new HTTPS connection (1): piconnect.flattrade.in:443
2026-07-15 09:26:35  DEBUG     https://piconnect.flattrade.in:443 "POST /PiConnectAPI/Limits HTTP/1.1" 200 None
2026-07-15 09:26:35  WARNING   MIS BUY LODHA: avail=Rs125.54 < needed=Rs580.92 — qty 2→0
2026-07-15 09:26:35  ERROR     MIS BUY LODHA skipped — insufficient capital after reduction
2026-07-15 09:26:36  DEBUG     Starting new HTTPS connection (1): piconnect.flattrade.in:443
2026-07-15 09:26:36  DEBUG     https://piconnect.flattrade.in:443 "POST /PiConnectAPI/Limits HTTP/1.1" 200 None
2026-07-15 09:26:36  WARNING   MIS BUY LODHA: avail=Rs125.54 < needed=Rs580.92 — qty 2→0
2026-07-15 09:26:36  ERROR     MIS BUY LODHA skipped — insufficient capital after reduction
2026-07-15 09:26:38  DEBUG     Starting new HTTPS connection (1): piconnect.flattrade.in:443
2026-07-15 09:26:38  DEBUG     https://piconnect.flattrade.in:443 "POST /PiConnectAPI/Limits HTTP/1.1" 200 None
2026-07-15 09:26:38  WARNING   MIS BUY LODHA: avail=Rs125.54 < needed=Rs580.92 — qty 2→0
2026-07-15 09:26:38  ERROR     MIS BUY LODHA skipped — insufficient capital after reduction
2026-07-15 09:26:39  DEBUG     Starting new HTTPS connection (1): piconnect.flattrade.in:443
2026-07-15 09:26:39  DEBUG     https://piconnect.flattrade.in:443 "POST /PiConnectAPI/Limits HTTP/1.1" 200 None
2026-07-15 09:26:39  WARNING   MIS BUY LODHA: avail=Rs125.54 < needed=Rs580.92 — qty 2→0
2026-07-15 09:26:39  ERROR     MIS BUY LODHA skipped — insufficient capital after reduction
2026-07-15 09:26:39  DEBUG     Starting new HTTPS connection (1): piconnect.flattrade.in:443
2026-07-15 09:26:39  DEBUG     https://piconnect.flattrade.in:443 "POST /PiConnectAPI/Limits HTTP/1.1" 200 None
2026-07-15 09:26:39  WARNING   MIS BUY LODHA: avail=Rs125.54 < needed=Rs580.92 — qty 2→0
2026-07-15 09:26:39  ERROR     MIS BUY LODHA skipped — insufficient capital after reduction
2026-07-15 09:26:42  DEBUG     Starting new HTTPS connection (1): piconnect.flattrade.in:443
2026-07-15 09:26:42  DEBUG     https://piconnect.flattrade.in:443 "POST /PiConnectAPI/Limits HTTP/1.1" 200 None
2026-07-15 09:26:42  WARNING   MIS BUY LODHA: avail=Rs125.54 < needed=Rs580.92 — qty 2→0
2026-07-15 09:26:42  ERROR     MIS BUY LODHA skipped — insufficient capital after reduction
2026-07-15 09:26:43  DEBUG     Starting new HTTPS connection (1): piconnect.flattrade.in:443
2026-07-15 09:26:43  DEBUG     https://piconnect.flattrade.in:443 "POST /PiConnectAPI/Limits HTTP/1.1" 200 None
2026-07-15 09:26:43  WARNING   MIS BUY LODHA: avail=Rs125.54 < needed=Rs580.92 — qty 2→0
2026-07-15 09:26:43  ERROR     MIS BUY LODHA skipped — insufficient capital after reduction
2026-07-15 09:26:43  DEBUG     Starting new HTTPS connection (1): piconnect.flattrade.in:443
2026-07-15 09:26:43  DEBUG     https://piconnect.flattrade.in:443 "POST /PiConnectAPI/Limits HTTP/1.1" 200 None
2026-07-15 09:26:43  WARNING   MIS BUY LODHA: avail=Rs125.54 < needed=Rs580.92 — qty 2→0
2026-07-15 09:26:43  ERROR     MIS BUY LODHA skipped — insufficient capital after reduction
2026-07-15 09:26:44  DEBUG     Starting new HTTPS connection (1): piconnect.flattrade.in:443
2026-07-15 09:26:44  DEBUG     https://piconnect.flattrade.in:443 "POST /PiConnectAPI/Limits HTTP/1.1" 200 None
2026-07-15 09:26:44  WARNING   MIS BUY LODHA: avail=Rs125.54 < needed=Rs580.92 — qty 2→0
2026-07-15 09:26:44  ERROR     MIS BUY LODHA skipped — insufficient capital after reduction
2026-07-15 09:26:44  DEBUG     Starting new HTTPS connection (1): piconnect.flattrade.in:443
2026-07-15 09:26:44  DEBUG     https://piconnect.flattrade.in:443 "POST /PiConnectAPI/Limits HTTP/1.1" 200 None
2026-07-15 09:26:44  WARNING   MIS BUY LODHA: avail=Rs125.54 < needed=Rs580.92 — qty 2→0
2026-07-15 09:26:44  ERROR     MIS BUY LODHA skipped — insufficient capital after reduction
2026-07-15 09:26:44  DEBUG     Starting new HTTPS connection (1): piconnect.flattrade.in:443
2026-07-15 09:26:44  DEBUG     https://piconnect.flattrade.in:443 "POST /PiConnectAPI/Limits HTTP/1.1" 200 None
2026-07-15 09:26:44  WARNING   MIS BUY LODHA: avail=Rs125.54 < needed=Rs580.92 — qty 2→0
2026-07-15 09:26:44  ERROR     MIS BUY LODHA skipped — insufficient capital after reduction
2026-07-15 09:26:45  DEBUG     Starting new HTTPS connection (1): piconnect.flattrade.in:443
2026-07-15 09:26:45  DEBUG     https://piconnect.flattrade.in:443 "POST /PiConnectAPI/Limits HTTP/1.1" 200 None
2026-07-15 09:26:45  WARNING   MIS BUY LODHA: avail=Rs125.54 < needed=Rs580.85 — qty 2→0
2026-07-15 09:26:45  ERROR     MIS BUY LODHA skipped — insufficient capital after reduction
2026-07-15 09:26:46  DEBUG     Starting new HTTPS connection (1): piconnect.flattrade.in:443
2026-07-15 09:26:46  DEBUG     https://piconnect.flattrade.in:443 "POST /PiConnectAPI/Limits HTTP/1.1" 200 None
2026-07-15 09:26:46  WARNING   MIS BUY LODHA: avail=Rs125.54 < needed=Rs580.85 — qty 2→0
2026-07-15 09:26:46  ERROR     MIS BUY LODHA skipped — insufficient capital after reduction
2026-07-15 09:26:47  DEBUG     Starting new HTTPS connection (1): piconnect.flattrade.in:443
2026-07-15 09:26:47  DEBUG     https://piconnect.flattrade.in:443 "POST /PiConnectAPI/Limits HTTP/1.1" 200 None
2026-07-15 09:26:47  WARNING   MIS BUY LODHA: avail=Rs125.54 < needed=Rs580.85 — qty 2→0
2026-07-15 09:26:47  ERROR     MIS BUY LODHA skipped — insufficient capital after reduction
2026-07-15 09:26:47  DEBUG     Starting new HTTPS connection (1): piconnect.flattrade.in:443
2026-07-15 09:26:47  DEBUG     https://piconnect.flattrade.in:443 "POST /PiConnectAPI/Limits HTTP/1.1" 200 None
2026-07-15 09:26:47  WARNING   MIS BUY LODHA: avail=Rs125.54 < needed=Rs580.85 — qty 2→0
2026-07-15 09:26:47  ERROR     MIS BUY LODHA skipped — insufficient capital after reduction
2026-07-15 09:26:48  DEBUG     Starting new HTTPS connection (1): piconnect.flattrade.in:443
2026-07-15 09:26:48  DEBUG     https://piconnect.flattrade.in:443 "POST /PiConnectAPI/Limits HTTP/1.1" 200 None
2026-07-15 09:26:48  WARNING   MIS BUY LODHA: avail=Rs125.54 < needed=Rs580.80 — qty 2→0
2026-07-15 09:26:48  ERROR     MIS BUY LODHA skipped — insufficient capital after reduction
2026-07-15 09:26:49  DEBUG     Starting new HTTPS connection (1): piconnect.flattrade.in:443
2026-07-15 09:26:49  DEBUG     https://piconnect.flattrade.in:443 "POST /PiConnectAPI/Limits HTTP/1.1" 200 None
2026-07-15 09:26:49  WARNING   MIS BUY LODHA: avail=Rs125.54 < needed=Rs580.75 — qty 2→0
2026-07-15 09:26:49  ERROR     MIS BUY LODHA skipped — insufficient capital after reduction
2026-07-15 09:26:50  DEBUG     Starting new HTTPS connection (1): piconnect.flattrade.in:443
2026-07-15 09:26:50  DEBUG     https://piconnect.flattrade.in:443 "POST /PiConnectAPI/Limits HTTP/1.1" 200 None
2026-07-15 09:26:50  WARNING   MIS BUY LODHA: avail=Rs125.54 < needed=Rs580.75 — qty 2→0
2026-07-15 09:26:50  ERROR     MIS BUY LODHA skipped — insufficient capital after reduction
2026-07-15 09:26:51  DEBUG     Starting new HTTPS connection (1): piconnect.flattrade.in:443
2026-07-15 09:26:51  DEBUG     https://piconnect.flattrade.in:443 "POST /PiConnectAPI/Limits HTTP/1.1" 200 None
2026-07-15 09:26:51  WARNING   MIS BUY LODHA: avail=Rs125.54 < needed=Rs580.75 — qty 2→0
2026-07-15 09:26:51  ERROR     MIS BUY LODHA skipped — insufficient capital after reduction
2026-07-15 09:26:53  DEBUG     Starting new HTTPS connection (1): piconnect.flattrade.in:443
2026-07-15 09:26:53  DEBUG     https://piconnect.flattrade.in:443 "POST /PiConnectAPI/Limits HTTP/1.1" 200 None
2026-07-15 09:26:53  WARNING   MIS BUY LODHA: avail=Rs125.54 < needed=Rs580.75 — qty 2→0
2026-07-15 09:26:53  ERROR     MIS BUY LODHA skipped — insufficient capital after reduction
2026-07-15 09:26:54  DEBUG     Starting new HTTPS connection (1): piconnect.flattrade.in:443
2026-07-15 09:26:54  DEBUG     https://piconnect.flattrade.in:443 "POST /PiConnectAPI/Limits HTTP/1.1" 200 None
2026-07-15 09:26:54  WARNING   MIS BUY LODHA: avail=Rs125.54 < needed=Rs580.75 — qty 2→0
2026-07-15 09:26:54  ERROR     MIS BUY LODHA skipped — insufficient capital after reduction
2026-07-15 09:26:55  DEBUG     Starting new HTTPS connection (1): piconnect.flattrade.in:443
2026-07-15 09:26:57  DEBUG     https://piconnect.flattrade.in:443 "POST /PiConnectAPI/Limits HTTP/1.1" 200 None
2026-07-15 09:26:57  WARNING   MIS BUY LODHA: avail=Rs125.54 < needed=Rs580.75 — qty 2→0
2026-07-15 09:26:57  ERROR     MIS BUY LODHA skipped — insufficient capital after reduction
2026-07-15 09:26:57  DEBUG     Starting new HTTPS connection (1): piconnect.flattrade.in:443
2026-07-15 09:26:57  DEBUG     https://piconnect.flattrade.in:443 "POST /PiConnectAPI/Limits HTTP/1.1" 200 None
2026-07-15 09:26:57  WARNING   MIS BUY LODHA: avail=Rs125.54 < needed=Rs580.75 — qty 2→0
2026-07-15 09:26:57  ERROR     MIS BUY LODHA skipped — insufficient capital after reduction
2026-07-15 09:26:57  DEBUG     Starting new HTTPS connection (1): piconnect.flattrade.in:443
2026-07-15 09:26:57  DEBUG     https://piconnect.flattrade.in:443 "POST /PiConnectAPI/Limits HTTP/1.1" 200 None
2026-07-15 09:26:57  WARNING   MIS BUY LODHA: avail=Rs125.54 < needed=Rs580.75 — qty 2→0
2026-07-15 09:26:57  ERROR     MIS BUY LODHA skipped — insufficient capital after reduction
2026-07-15 09:26:58  DEBUG     Starting new HTTPS connection (1): piconnect.flattrade.in:443
2026-07-15 09:26:58  DEBUG     https://piconnect.flattrade.in:443 "POST /PiConnectAPI/Limits HTTP/1.1" 200 None
2026-07-15 09:26:58  WARNING   MIS BUY LODHA: avail=Rs125.54 < needed=Rs580.75 — qty 2→0
2026-07-15 09:26:58  ERROR     MIS BUY LODHA skipped — insufficient capital after reduction
2026-07-15 09:26:58  DEBUG     Starting new HTTPS connection (1): piconnect.flattrade.in:443
2026-07-15 09:26:58  DEBUG     https://piconnect.flattrade.in:443 "POST /PiConnectAPI/Limits HTTP/1.1" 200 None
2026-07-15 09:26:58  WARNING   MIS BUY LODHA: avail=Rs125.54 < needed=Rs580.75 — qty 2→0
2026-07-15 09:26:58  ERROR     MIS BUY LODHA skipped — insufficient capital after reduction
2026-07-15 09:26:59  DEBUG     Starting new HTTPS connection (1): piconnect.flattrade.in:443
2026-07-15 09:26:59  DEBUG     https://piconnect.flattrade.in:443 "POST /PiConnectAPI/Limits HTTP/1.1" 200 None
2026-07-15 09:26:59  WARNING   MIS BUY LODHA: avail=Rs125.54 < needed=Rs580.73 — qty 2→0
2026-07-15 09:26:59  ERROR     MIS BUY LODHA skipped — insufficient capital after reduction
2026-07-15 09:27:00  DEBUG     Sending ping
2026-07-15 09:27:03  DEBUG     Starting new HTTPS connection (1): piconnect.flattrade.in:443
2026-07-15 09:27:03  DEBUG     https://piconnect.flattrade.in:443 "POST /PiConnectAPI/Limits HTTP/1.1" 200 None
2026-07-15 09:27:03  WARNING   MIS BUY LODHA: avail=Rs125.54 < needed=Rs580.73 — qty 2→0
2026-07-15 09:27:03  ERROR     MIS BUY LODHA skipped — insufficient capital after reduction
2026-07-15 09:27:04  DEBUG     Starting new HTTPS connection (1): piconnect.flattrade.in:443
2026-07-15 09:27:04  DEBUG     https://piconnect.flattrade.in:443 "POST /PiConnectAPI/Limits HTTP/1.1" 200 None
2026-07-15 09:27:04  WARNING   MIS BUY LODHA: avail=Rs125.54 < needed=Rs580.73 — qty 2→0
2026-07-15 09:27:04  ERROR     MIS BUY LODHA skipped — insufficient capital after reduction
2026-07-15 09:27:04  DEBUG     Starting new HTTPS connection (1): piconnect.flattrade.in:443
2026-07-15 09:27:04  DEBUG     https://piconnect.flattrade.in:443 "POST /PiConnectAPI/Limits HTTP/1.1" 200 None
2026-07-15 09:27:04  WARNING   MIS BUY LODHA: avail=Rs125.54 < needed=Rs580.70 — qty 2→0
2026-07-15 09:27:04  ERROR     MIS BUY LODHA skipped — insufficient capital after reduction
2026-07-15 09:27:05  DEBUG     Starting new HTTPS connection (1): piconnect.flattrade.in:443
2026-07-15 09:27:05  DEBUG     https://piconnect.flattrade.in:443 "POST /PiConnectAPI/Limits HTTP/1.1" 200 None
2026-07-15 09:27:05  WARNING   MIS BUY LODHA: avail=Rs125.54 < needed=Rs580.70 — qty 2→0
2026-07-15 09:27:05  ERROR     MIS BUY LODHA skipped — insufficient capital after reduction
2026-07-15 09:27:06  DEBUG     Starting new HTTPS connection (1): piconnect.flattrade.in:443
2026-07-15 09:27:06  DEBUG     https://piconnect.flattrade.in:443 "POST /PiConnectAPI/Limits HTTP/1.1" 200 None
2026-07-15 09:27:06  WARNING   MIS BUY LODHA: avail=Rs125.54 < needed=Rs580.65 — qty 2→0
2026-07-15 09:27:06  ERROR     MIS BUY LODHA skipped — insufficient capital after reduction
2026-07-15 09:27:07  DEBUG     Starting new HTTPS connection (1): piconnect.flattrade.in:443
2026-07-15 09:27:07  DEBUG     https://piconnect.flattrade.in:443 "POST /PiConnectAPI/Limits HTTP/1.1" 200 None
2026-07-15 09:27:07  WARNING   MIS BUY LODHA: avail=Rs125.54 < needed=Rs580.55 — qty 2→0
2026-07-15 09:27:07  ERROR     MIS BUY LODHA skipped — insufficient capital after reduction
2026-07-15 09:27:08  DEBUG     Starting new HTTPS connection (1): piconnect.flattrade.in:443
2026-07-15 09:27:08  DEBUG     https://piconnect.flattrade.in:443 "POST /PiConnectAPI/Limits HTTP/1.1" 200 None
2026-07-15 09:27:08  WARNING   MIS BUY LODHA: avail=Rs125.54 < needed=Rs580.50 — qty 2→0
2026-07-15 09:27:08  ERROR     MIS BUY LODHA skipped — insufficient capital after reduction
2026-07-15 09:27:10  DEBUG     Starting new HTTPS connection (1): piconnect.flattrade.in:443
2026-07-15 09:27:10  DEBUG     https://piconnect.flattrade.in:443 "POST /PiConnectAPI/Limits HTTP/1.1" 200 None
2026-07-15 09:27:10  WARNING   MIS BUY LODHA: avail=Rs125.54 < needed=Rs580.50 — qty 2→0
2026-07-15 09:27:10  ERROR     MIS BUY LODHA skipped — insufficient capital after reduction
2026-07-15 09:27:10  DEBUG     Starting new HTTPS connection (1): piconnect.flattrade.in:443
2026-07-15 09:27:10  DEBUG     https://piconnect.flattrade.in:443 "POST /PiConnectAPI/Limits HTTP/1.1" 200 None
2026-07-15 09:27:10  WARNING   MIS BUY LODHA: avail=Rs125.54 < needed=Rs580.55 — qty 2→0
2026-07-15 09:27:10  ERROR     MIS BUY LODHA skipped — insufficient capital after reduction
2026-07-15 09:27:11  DEBUG     Starting new HTTPS connection (1): piconnect.flattrade.in:443
2026-07-15 09:27:11  DEBUG     https://piconnect.flattrade.in:443 "POST /PiConnectAPI/Limits HTTP/1.1" 200 None
2026-07-15 09:27:11  WARNING   MIS BUY LODHA: avail=Rs125.54 < needed=Rs580.55 — qty 2→0
2026-07-15 09:27:11  ERROR     MIS BUY LODHA skipped — insufficient capital after reduction
2026-07-15 09:27:12  DEBUG     Starting new HTTPS connection (1): piconnect.flattrade.in:443
2026-07-15 09:27:12  DEBUG     https://piconnect.flattrade.in:443 "POST /PiConnectAPI/Limits HTTP/1.1" 200 None
2026-07-15 09:27:12  WARNING   MIS BUY LODHA: avail=Rs125.54 < needed=Rs580.55 — qty 2→0
2026-07-15 09:27:12  ERROR     MIS BUY LODHA skipped — insufficient capital after reduction
2026-07-15 09:27:13  DEBUG     Starting new HTTPS connection (1): piconnect.flattrade.in:443
2026-07-15 09:27:13  DEBUG     https://piconnect.flattrade.in:443 "POST /PiConnectAPI/Limits HTTP/1.1" 200 None
2026-07-15 09:27:13  WARNING   MIS BUY LODHA: avail=Rs125.54 < needed=Rs580.52 — qty 2→0
2026-07-15 09:27:13  ERROR     MIS BUY LODHA skipped — insufficient capital after reduction
2026-07-15 09:27:15  DEBUG     Starting new HTTPS connection (1): piconnect.flattrade.in:443
2026-07-15 09:27:15  DEBUG     https://piconnect.flattrade.in:443 "POST /PiConnectAPI/Limits HTTP/1.1" 200 None
2026-07-15 09:27:15  WARNING   MIS BUY LODHA: avail=Rs125.54 < needed=Rs580.52 — qty 2→0
2026-07-15 09:27:15  ERROR     MIS BUY LODHA skipped — insufficient capital after reduction
2026-07-15 09:27:16  DEBUG     Starting new HTTPS connection (1): piconnect.flattrade.in:443
2026-07-15 09:27:16  DEBUG     https://piconnect.flattrade.in:443 "POST /PiConnectAPI/Limits HTTP/1.1" 200 None
2026-07-15 09:27:16  WARNING   MIS BUY LODHA: avail=Rs125.54 < needed=Rs580.52 — qty 2→0
2026-07-15 09:27:16  ERROR     MIS BUY LODHA skipped — insufficient capital after reduction
2026-07-15 09:27:20  DEBUG     Starting new HTTPS connection (1): piconnect.flattrade.in:443
2026-07-15 09:27:20  DEBUG     https://piconnect.flattrade.in:443 "POST /PiConnectAPI/Limits HTTP/1.1" 200 None
2026-07-15 09:27:20  WARNING   MIS BUY LODHA: avail=Rs125.54 < needed=Rs580.52 — qty 2→0
2026-07-15 09:27:20  ERROR     MIS BUY LODHA skipped — insufficient capital after reduction
2026-07-15 09:27:24  DEBUG     Starting new HTTPS connection (1): piconnect.flattrade.in:443
2026-07-15 09:27:24  DEBUG     https://piconnect.flattrade.in:443 "POST /PiConnectAPI/Limits HTTP/1.1" 200 None
2026-07-15 09:27:24  WARNING   MIS BUY LODHA: avail=Rs125.54 < needed=Rs580.52 — qty 2→0
2026-07-15 09:27:24  ERROR     MIS BUY LODHA skipped — insufficient capital after reduction
2026-07-15 09:27:25  DEBUG     Starting new HTTPS connection (1): piconnect.flattrade.in:443
2026-07-15 09:27:25  DEBUG     https://piconnect.flattrade.in:443 "POST /PiConnectAPI/Limits HTTP/1.1" 200 None
2026-07-15 09:27:25  WARNING   MIS BUY LODHA: avail=Rs125.54 < needed=Rs580.52 — qty 2→0
2026-07-15 09:27:25  ERROR     MIS BUY LODHA skipped — insufficient capital after reduction
2026-07-15 09:27:25  DEBUG     Starting new HTTPS connection (1): piconnect.flattrade.in:443
2026-07-15 09:27:25  DEBUG     https://piconnect.flattrade.in:443 "POST /PiConnectAPI/Limits HTTP/1.1" 200 None
2026-07-15 09:27:25  WARNING   MIS BUY LODHA: avail=Rs125.54 < needed=Rs580.52 — qty 2→0
2026-07-15 09:27:25  ERROR     MIS BUY LODHA skipped — insufficient capital after reduction
2026-07-15 09:27:28  DEBUG     Starting new HTTPS connection (1): piconnect.flattrade.in:443
2026-07-15 09:27:28  DEBUG     https://piconnect.flattrade.in:443 "POST /PiConnectAPI/Limits HTTP/1.1" 200 None
2026-07-15 09:27:28  WARNING   MIS BUY LODHA: avail=Rs125.54 < needed=Rs580.52 — qty 2→0
2026-07-15 09:27:28  ERROR     MIS BUY LODHA skipped — insufficient capital after reduction
2026-07-15 09:27:28  DEBUG     Starting new HTTPS connection (1): piconnect.flattrade.in:443
2026-07-15 09:27:28  DEBUG     https://piconnect.flattrade.in:443 "POST /PiConnectAPI/Limits HTTP/1.1" 200 None
2026-07-15 09:27:28  WARNING   MIS BUY LODHA: avail=Rs125.54 < needed=Rs580.52 — qty 2→0
2026-07-15 09:27:28  ERROR     MIS BUY LODHA skipped — insufficient capital after reduction
2026-07-15 09:27:29  DEBUG     Starting new HTTPS connection (1): piconnect.flattrade.in:443
2026-07-15 09:27:29  DEBUG     https://piconnect.flattrade.in:443 "POST /PiConnectAPI/Limits HTTP/1.1" 200 None
2026-07-15 09:27:29  WARNING   MIS BUY LODHA: avail=Rs125.54 < needed=Rs580.52 — qty 2→0
2026-07-15 09:27:29  ERROR     MIS BUY LODHA skipped — insufficient capital after reduction
2026-07-15 09:27:29  DEBUG     Starting new HTTPS connection (1): piconnect.flattrade.in:443
2026-07-15 09:27:30  DEBUG     Sending ping
2026-07-15 09:27:31  DEBUG     https://piconnect.flattrade.in:443 "POST /PiConnectAPI/Limits HTTP/1.1" 200 None
2026-07-15 09:27:31  WARNING   MIS BUY LODHA: avail=Rs125.54 < needed=Rs580.52 — qty 2→0
2026-07-15 09:27:31  ERROR     MIS BUY LODHA skipped — insufficient capital after reduction
2026-07-15 09:27:31  DEBUG     Starting new HTTPS connection (1): piconnect.flattrade.in:443
2026-07-15 09:27:31  DEBUG     https://piconnect.flattrade.in:443 "POST /PiConnectAPI/Limits HTTP/1.1" 200 None
2026-07-15 09:27:31  WARNING   MIS BUY LODHA: avail=Rs125.54 < needed=Rs580.52 — qty 2→0
2026-07-15 09:27:31  ERROR     MIS BUY LODHA skipped — insufficient capital after reduction
2026-07-15 09:27:31  DEBUG     Starting new HTTPS connection (1): piconnect.flattrade.in:443
2026-07-15 09:27:31  DEBUG     https://piconnect.flattrade.in:443 "POST /PiConnectAPI/Limits HTTP/1.1" 200 None
2026-07-15 09:27:31  WARNING   MIS BUY LODHA: avail=Rs125.54 < needed=Rs580.52 — qty 2→0
2026-07-15 09:27:31  ERROR     MIS BUY LODHA skipped — insufficient capital after reduction
2026-07-15 09:27:32  DEBUG     Starting new HTTPS connection (1): piconnect.flattrade.in:443
2026-07-15 09:27:33  DEBUG     https://piconnect.flattrade.in:443 "POST /PiConnectAPI/Limits HTTP/1.1" 200 None
2026-07-15 09:27:33  WARNING   MIS BUY LODHA: avail=Rs125.54 < needed=Rs580.52 — qty 2→0
2026-07-15 09:27:33  ERROR     MIS BUY LODHA skipped — insufficient capital after reduction
2026-07-15 09:27:34  DEBUG     Starting new HTTPS connection (1): piconnect.flattrade.in:443
2026-07-15 09:27:34  DEBUG     https://piconnect.flattrade.in:443 "POST /PiConnectAPI/Limits HTTP/1.1" 200 None
2026-07-15 09:27:34  WARNING   MIS BUY LODHA: avail=Rs125.54 < needed=Rs580.52 — qty 2→0
2026-07-15 09:27:34  ERROR     MIS BUY LODHA skipped — insufficient capital after reduction
2026-07-15 09:27:35  DEBUG     Starting new HTTPS connection (1): piconnect.flattrade.in:443
2026-07-15 09:27:36  DEBUG     https://piconnect.flattrade.in:443 "POST /PiConnectAPI/Limits HTTP/1.1" 200 None
2026-07-15 09:27:36  WARNING   MIS BUY LODHA: avail=Rs125.54 < needed=Rs580.52 — qty 2→0
2026-07-15 09:27:36  ERROR     MIS BUY LODHA skipped — insufficient capital after reduction
2026-07-15 09:27:38  DEBUG     Starting new HTTPS connection (1): piconnect.flattrade.in:443
2026-07-15 09:27:39  DEBUG     https://piconnect.flattrade.in:443 "POST /PiConnectAPI/Limits HTTP/1.1" 200 None
2026-07-15 09:27:39  WARNING   MIS BUY LODHA: avail=Rs125.54 < needed=Rs580.52 — qty 2→0
2026-07-15 09:27:39  ERROR     MIS BUY LODHA skipped — insufficient capital after reduction
2026-07-15 09:27:39  DEBUG     Starting new HTTPS connection (1): piconnect.flattrade.in:443
2026-07-15 09:27:40  DEBUG     https://piconnect.flattrade.in:443 "POST /PiConnectAPI/Limits HTTP/1.1" 200 None
2026-07-15 09:27:40  WARNING   MIS BUY LODHA: avail=Rs125.54 < needed=Rs580.52 — qty 2→0
2026-07-15 09:27:40  ERROR     MIS BUY LODHA skipped — insufficient capital after reduction
2026-07-15 09:27:42  DEBUG     Starting new HTTPS connection (1): piconnect.flattrade.in:443
2026-07-15 09:27:42  DEBUG     https://piconnect.flattrade.in:443 "POST /PiConnectAPI/Limits HTTP/1.1" 200 None
2026-07-15 09:27:42  WARNING   MIS BUY LODHA: avail=Rs125.54 < needed=Rs580.52 — qty 2→0
2026-07-15 09:27:42  ERROR     MIS BUY LODHA skipped — insufficient capital after reduction
2026-07-15 09:27:43  DEBUG     Starting new HTTPS connection (1): piconnect.flattrade.in:443
2026-07-15 09:27:43  DEBUG     https://piconnect.flattrade.in:443 "POST /PiConnectAPI/Limits HTTP/1.1" 200 None
2026-07-15 09:27:43  WARNING   MIS BUY LODHA: avail=Rs125.54 < needed=Rs580.52 — qty 2→0
2026-07-15 09:27:43  ERROR     MIS BUY LODHA skipped — insufficient capital after reduction
2026-07-15 09:27:44  DEBUG     Starting new HTTPS connection (1): piconnect.flattrade.in:443
2026-07-15 09:27:44  DEBUG     https://piconnect.flattrade.in:443 "POST /PiConnectAPI/Limits HTTP/1.1" 200 None
2026-07-15 09:27:44  WARNING   MIS BUY LODHA: avail=Rs125.54 < needed=Rs580.52 — qty 2→0
2026-07-15 09:27:44  ERROR     MIS BUY LODHA skipped — insufficient capital after reduction
2026-07-15 09:27:44  DEBUG     Starting new HTTPS connection (1): piconnect.flattrade.in:443
2026-07-15 09:27:45  DEBUG     https://piconnect.flattrade.in:443 "POST /PiConnectAPI/Limits HTTP/1.1" 200 None
2026-07-15 09:27:45  WARNING   MIS BUY LODHA: avail=Rs125.54 < needed=Rs580.52 — qty 2→0
2026-07-15 09:27:45  ERROR     MIS BUY LODHA skipped — insufficient capital after reduction
2026-07-15 09:27:45  DEBUG     Starting new HTTPS connection (1): piconnect.flattrade.in:443
2026-07-15 09:27:45  DEBUG     https://piconnect.flattrade.in:443 "POST /PiConnectAPI/Limits HTTP/1.1" 200 None
2026-07-15 09:27:45  WARNING   MIS BUY LODHA: avail=Rs125.54 < needed=Rs580.52 — qty 2→0
2026-07-15 09:27:45  ERROR     MIS BUY LODHA skipped — insufficient capital after reduction
2026-07-15 09:27:46  DEBUG     Starting new HTTPS connection (1): piconnect.flattrade.in:443
2026-07-15 09:27:46  DEBUG     https://piconnect.flattrade.in:443 "POST /PiConnectAPI/Limits HTTP/1.1" 200 None
2026-07-15 09:27:46  WARNING   MIS BUY LODHA: avail=Rs125.54 < needed=Rs580.52 — qty 2→0
2026-07-15 09:27:46  ERROR     MIS BUY LODHA skipped — insufficient capital after reduction
2026-07-15 09:27:48  DEBUG     Starting new HTTPS connection (1): piconnect.flattrade.in:443
2026-07-15 09:27:48  DEBUG     https://piconnect.flattrade.in:443 "POST /PiConnectAPI/Limits HTTP/1.1" 200 None
2026-07-15 09:27:48  WARNING   MIS BUY LODHA: avail=Rs125.54 < needed=Rs580.52 — qty 2→0
2026-07-15 09:27:48  ERROR     MIS BUY LODHA skipped — insufficient capital after reduction
2026-07-15 09:27:49  DEBUG     Starting new HTTPS connection (1): piconnect.flattrade.in:443
2026-07-15 09:27:49  DEBUG     https://piconnect.flattrade.in:443 "POST /PiConnectAPI/Limits HTTP/1.1" 200 None
2026-07-15 09:27:49  WARNING   MIS BUY LODHA: avail=Rs125.54 < needed=Rs580.52 — qty 2→0
2026-07-15 09:27:49  ERROR     MIS BUY LODHA skipped — insufficient capital after reduction
2026-07-15 09:27:49  DEBUG     Starting new HTTPS connection (1): piconnect.flattrade.in:443
2026-07-15 09:27:49  DEBUG     https://piconnect.flattrade.in:443 "POST /PiConnectAPI/Limits HTTP/1.1" 200 None
2026-07-15 09:27:49  WARNING   MIS BUY LODHA: avail=Rs125.54 < needed=Rs580.52 — qty 2→0
2026-07-15 09:27:49  ERROR     MIS BUY LODHA skipped — insufficient capital after reduction
2026-07-15 09:27:50  DEBUG     Starting new HTTPS connection (1): piconnect.flattrade.in:443
2026-07-15 09:27:50  DEBUG     https://piconnect.flattrade.in:443 "POST /PiConnectAPI/Limits HTTP/1.1" 200 None
2026-07-15 09:27:50  WARNING   MIS BUY LODHA: avail=Rs125.54 < needed=Rs580.52 — qty 2→0
2026-07-15 09:27:50  ERROR     MIS BUY LODHA skipped — insufficient capital after reduction
2026-07-15 09:27:50  DEBUG     Starting new HTTPS connection (1): piconnect.flattrade.in:443
2026-07-15 09:27:50  DEBUG     https://piconnect.flattrade.in:443 "POST /PiConnectAPI/Limits HTTP/1.1" 200 None
2026-07-15 09:27:50  WARNING   MIS BUY LODHA: avail=Rs125.54 < needed=Rs580.52 — qty 2→0
2026-07-15 09:27:50  ERROR     MIS BUY LODHA skipped — insufficient capital after reduction
2026-07-15 09:27:52  DEBUG     Starting new HTTPS connection (1): piconnect.flattrade.in:443
2026-07-15 09:27:52  DEBUG     https://piconnect.flattrade.in:443 "POST /PiConnectAPI/Limits HTTP/1.1" 200 None
2026-07-15 09:27:52  WARNING   MIS BUY LODHA: avail=Rs125.54 < needed=Rs580.52 — qty 2→0
2026-07-15 09:27:52  ERROR     MIS BUY LODHA skipped — insufficient capital after reduction
2026-07-15 09:27:53  DEBUG     Starting new HTTPS connection (1): piconnect.flattrade.in:443
2026-07-15 09:27:53  DEBUG     https://piconnect.flattrade.in:443 "POST /PiConnectAPI/Limits HTTP/1.1" 200 None
2026-07-15 09:27:53  WARNING   MIS BUY LODHA: avail=Rs125.54 < needed=Rs580.52 — qty 2→0
2026-07-15 09:27:53  ERROR     MIS BUY LODHA skipped — insufficient capital after reduction
2026-07-15 09:27:54  DEBUG     Starting new HTTPS connection (1): piconnect.flattrade.in:443
2026-07-15 09:27:54  DEBUG     https://piconnect.flattrade.in:443 "POST /PiConnectAPI/Limits HTTP/1.1" 200 None
2026-07-15 09:27:54  WARNING   MIS BUY LODHA: avail=Rs125.54 < needed=Rs580.52 — qty 2→0
2026-07-15 09:27:54  ERROR     MIS BUY LODHA skipped — insufficient capital after reduction
2026-07-15 09:27:55  DEBUG     Starting new HTTPS connection (1): piconnect.flattrade.in:443
2026-07-15 09:27:55  DEBUG     https://piconnect.flattrade.in:443 "POST /PiConnectAPI/Limits HTTP/1.1" 200 None
2026-07-15 09:27:55  WARNING   MIS BUY LODHA: avail=Rs125.54 < needed=Rs580.52 — qty 2→0
2026-07-15 09:27:55  ERROR     MIS BUY LODHA skipped — insufficient capital after reduction
2026-07-15 09:27:56  DEBUG     Starting new HTTPS connection (1): piconnect.flattrade.in:443
2026-07-15 09:27:56  DEBUG     https://piconnect.flattrade.in:443 "POST /PiConnectAPI/Limits HTTP/1.1" 200 None
2026-07-15 09:27:56  WARNING   MIS BUY LODHA: avail=Rs125.54 < needed=Rs580.52 — qty 2→0
2026-07-15 09:27:56  ERROR     MIS BUY LODHA skipped — insufficient capital after reduction
2026-07-15 09:27:58  DEBUG     Starting new HTTPS connection (1): piconnect.flattrade.in:443
2026-07-15 09:27:58  DEBUG     https://piconnect.flattrade.in:443 "POST /PiConnectAPI/Limits HTTP/1.1" 200 None
2026-07-15 09:27:58  WARNING   MIS BUY LODHA: avail=Rs125.54 < needed=Rs580.52 — qty 2→0
2026-07-15 09:27:58  ERROR     MIS BUY LODHA skipped — insufficient capital after reduction
2026-07-15 09:27:58  DEBUG     Starting new HTTPS connection (1): piconnect.flattrade.in:443
2026-07-15 09:27:58  DEBUG     https://piconnect.flattrade.in:443 "POST /PiConnectAPI/Limits HTTP/1.1" 200 None
2026-07-15 09:27:58  WARNING   MIS BUY LODHA: avail=Rs125.54 < needed=Rs580.27 — qty 2→0
2026-07-15 09:27:58  ERROR     MIS BUY LODHA skipped — insufficient capital after reduction
2026-07-15 09:27:59  DEBUG     Starting new HTTPS connection (1): piconnect.flattrade.in:443
2026-07-15 09:27:59  DEBUG     https://piconnect.flattrade.in:443 "POST /PiConnectAPI/Limits HTTP/1.1" 200 None
2026-07-15 09:27:59  WARNING   MIS BUY LODHA: avail=Rs125.54 < needed=Rs580.27 — qty 2→0
2026-07-15 09:27:59  ERROR     MIS BUY LODHA skipped — insufficient capital after reduction
2026-07-15 09:27:59  DEBUG     Starting new HTTPS connection (1): piconnect.flattrade.in:443
2026-07-15 09:27:59  DEBUG     https://piconnect.flattrade.in:443 "POST /PiConnectAPI/Limits HTTP/1.1" 200 None
2026-07-15 09:27:59  WARNING   MIS BUY LODHA: avail=Rs125.54 < needed=Rs580.23 — qty 2→0
2026-07-15 09:27:59  ERROR     MIS BUY LODHA skipped — insufficient capital after reduction
2026-07-15 09:28:00  DEBUG     Starting new HTTPS connection (1): piconnect.flattrade.in:443
2026-07-15 09:28:00  DEBUG     https://piconnect.flattrade.in:443 "POST /PiConnectAPI/Limits HTTP/1.1" 200 None
2026-07-15 09:28:00  WARNING   MIS BUY LODHA: avail=Rs125.54 < needed=Rs580.23 — qty 2→0
2026-07-15 09:28:00  ERROR     MIS BUY LODHA skipped — insufficient capital after reduction
2026-07-15 09:28:00  DEBUG     Sending ping
2026-07-15 09:28:01  DEBUG     Starting new HTTPS connection (1): piconnect.flattrade.in:443
2026-07-15 09:28:01  DEBUG     https://piconnect.flattrade.in:443 "POST /PiConnectAPI/Limits HTTP/1.1" 200 None
2026-07-15 09:28:01  WARNING   MIS BUY LODHA: avail=Rs125.54 < needed=Rs580.20 — qty 2→0
2026-07-15 09:28:01  ERROR     MIS BUY LODHA skipped — insufficient capital after reduction
2026-07-15 09:28:02  DEBUG     Starting new HTTPS connection (1): piconnect.flattrade.in:443
2026-07-15 09:28:02  DEBUG     https://piconnect.flattrade.in:443 "POST /PiConnectAPI/Limits HTTP/1.1" 200 None
2026-07-15 09:28:02  WARNING   MIS BUY LODHA: avail=Rs125.54 < needed=Rs580.20 — qty 2→0
2026-07-15 09:28:02  ERROR     MIS BUY LODHA skipped — insufficient capital after reduction
2026-07-15 09:28:03  DEBUG     Starting new HTTPS connection (1): piconnect.flattrade.in:443
2026-07-15 09:28:03  DEBUG     https://piconnect.flattrade.in:443 "POST /PiConnectAPI/Limits HTTP/1.1" 200 None
2026-07-15 09:28:03  WARNING   MIS BUY LODHA: avail=Rs125.54 < needed=Rs580.20 — qty 2→0
2026-07-15 09:28:03  ERROR     MIS BUY LODHA skipped — insufficient capital after reduction
2026-07-15 09:28:03  DEBUG     Starting new HTTPS connection (1): piconnect.flattrade.in:443
2026-07-15 09:28:03  DEBUG     https://piconnect.flattrade.in:443 "POST /PiConnectAPI/Limits HTTP/1.1" 200 None
2026-07-15 09:28:03  WARNING   MIS BUY LODHA: avail=Rs125.54 < needed=Rs580.23 — qty 2→0
2026-07-15 09:28:03  ERROR     MIS BUY LODHA skipped — insufficient capital after reduction
2026-07-15 09:28:04  DEBUG     Starting new HTTPS connection (1): piconnect.flattrade.in:443
2026-07-15 09:28:04  DEBUG     https://piconnect.flattrade.in:443 "POST /PiConnectAPI/Limits HTTP/1.1" 200 None
2026-07-15 09:28:04  WARNING   MIS BUY LODHA: avail=Rs125.54 < needed=Rs580.23 — qty 2→0
2026-07-15 09:28:04  ERROR     MIS BUY LODHA skipped — insufficient capital after reduction
2026-07-15 09:28:05  DEBUG     Starting new HTTPS connection (1): piconnect.flattrade.in:443
2026-07-15 09:28:05  DEBUG     https://piconnect.flattrade.in:443 "POST /PiConnectAPI/Limits HTTP/1.1" 200 None
2026-07-15 09:28:05  WARNING   MIS BUY LODHA: avail=Rs125.54 < needed=Rs580.23 — qty 2→0
2026-07-15 09:28:05  ERROR     MIS BUY LODHA skipped — insufficient capital after reduction
2026-07-15 09:28:07  DEBUG     Starting new HTTPS connection (1): piconnect.flattrade.in:443
2026-07-15 09:28:07  DEBUG     https://piconnect.flattrade.in:443 "POST /PiConnectAPI/Limits HTTP/1.1" 200 None
2026-07-15 09:28:07  WARNING   MIS BUY LODHA: avail=Rs125.54 < needed=Rs580.23 — qty 2→0
2026-07-15 09:28:07  ERROR     MIS BUY LODHA skipped — insufficient capital after reduction
2026-07-15 09:28:07  DEBUG     Starting new HTTPS connection (1): piconnect.flattrade.in:443
2026-07-15 09:28:07  DEBUG     https://piconnect.flattrade.in:443 "POST /PiConnectAPI/Limits HTTP/1.1" 200 None
2026-07-15 09:28:07  WARNING   MIS BUY LODHA: avail=Rs125.54 < needed=Rs580.23 — qty 2→0
2026-07-15 09:28:07  ERROR     MIS BUY LODHA skipped — insufficient capital after reduction
2026-07-15 09:28:08  DEBUG     Starting new HTTPS connection (1): piconnect.flattrade.in:443
2026-07-15 09:28:08  DEBUG     https://piconnect.flattrade.in:443 "POST /PiConnectAPI/Limits HTTP/1.1" 200 None
2026-07-15 09:28:08  WARNING   MIS BUY LODHA: avail=Rs125.54 < needed=Rs580.23 — qty 2→0
2026-07-15 09:28:08  ERROR     MIS BUY LODHA skipped — insufficient capital after reduction
2026-07-15 09:28:09  DEBUG     Starting new HTTPS connection (1): piconnect.flattrade.in:443
2026-07-15 09:28:09  DEBUG     https://piconnect.flattrade.in:443 "POST /PiConnectAPI/Limits HTTP/1.1" 200 None
2026-07-15 09:28:09  WARNING   MIS BUY LODHA: avail=Rs125.54 < needed=Rs580.23 — qty 2→0
2026-07-15 09:28:09  ERROR     MIS BUY LODHA skipped — insufficient capital after reduction
2026-07-15 09:28:11  DEBUG     Starting new HTTPS connection (1): piconnect.flattrade.in:443
2026-07-15 09:28:11  DEBUG     https://piconnect.flattrade.in:443 "POST /PiConnectAPI/Limits HTTP/1.1" 200 None
2026-07-15 09:28:11  WARNING   MIS BUY LODHA: avail=Rs125.54 < needed=Rs580.23 — qty 2→0
2026-07-15 09:28:11  ERROR     MIS BUY LODHA skipped — insufficient capital after reduction
2026-07-15 09:28:12  DEBUG     Starting new HTTPS connection (1): piconnect.flattrade.in:443
2026-07-15 09:28:12  DEBUG     https://piconnect.flattrade.in:443 "POST /PiConnectAPI/Limits HTTP/1.1" 200 None
2026-07-15 09:28:12  WARNING   MIS BUY LODHA: avail=Rs125.54 < needed=Rs580.23 — qty 2→0
2026-07-15 09:28:12  ERROR     MIS BUY LODHA skipped — insufficient capital after reduction
2026-07-15 09:28:13  DEBUG     Starting new HTTPS connection (1): piconnect.flattrade.in:443
2026-07-15 09:28:13  DEBUG     https://piconnect.flattrade.in:443 "POST /PiConnectAPI/Limits HTTP/1.1" 200 None
2026-07-15 09:28:13  WARNING   MIS BUY LODHA: avail=Rs125.54 < needed=Rs580.23 — qty 2→0
2026-07-15 09:28:13  ERROR     MIS BUY LODHA skipped — insufficient capital after reduction
2026-07-15 09:28:15  DEBUG     Starting new HTTPS connection (1): piconnect.flattrade.in:443
2026-07-15 09:28:15  DEBUG     https://piconnect.flattrade.in:443 "POST /PiConnectAPI/Limits HTTP/1.1" 200 None
2026-07-15 09:28:15  WARNING   MIS BUY LODHA: avail=Rs125.54 < needed=Rs580.23 — qty 2→0
2026-07-15 09:28:15  ERROR     MIS BUY LODHA skipped — insufficient capital after reduction
2026-07-15 09:28:16  DEBUG     Starting new HTTPS connection (1): piconnect.flattrade.in:443
2026-07-15 09:28:16  DEBUG     https://piconnect.flattrade.in:443 "POST /PiConnectAPI/Limits HTTP/1.1" 200 None
2026-07-15 09:28:16  WARNING   MIS BUY LODHA: avail=Rs125.54 < needed=Rs580.23 — qty 2→0
2026-07-15 09:28:16  ERROR     MIS BUY LODHA skipped — insufficient capital after reduction
2026-07-15 09:28:17  DEBUG     Starting new HTTPS connection (1): piconnect.flattrade.in:443
2026-07-15 09:28:17  DEBUG     https://piconnect.flattrade.in:443 "POST /PiConnectAPI/Limits HTTP/1.1" 200 None
2026-07-15 09:28:17  WARNING   MIS BUY LODHA: avail=Rs125.54 < needed=Rs580.23 — qty 2→0
2026-07-15 09:28:17  ERROR     MIS BUY LODHA skipped — insufficient capital after reduction
2026-07-15 09:28:17  DEBUG     Starting new HTTPS connection (1): piconnect.flattrade.in:443
2026-07-15 09:28:17  DEBUG     https://piconnect.flattrade.in:443 "POST /PiConnectAPI/Limits HTTP/1.1" 200 None
2026-07-15 09:28:17  WARNING   MIS BUY LODHA: avail=Rs125.54 < needed=Rs580.20 — qty 2→0
2026-07-15 09:28:17  ERROR     MIS BUY LODHA skipped — insufficient capital after reduction
2026-07-15 09:28:18  DEBUG     Starting new HTTPS connection (1): piconnect.flattrade.in:443
2026-07-15 09:28:18  DEBUG     https://piconnect.flattrade.in:443 "POST /PiConnectAPI/Limits HTTP/1.1" 200 None
2026-07-15 09:28:18  WARNING   MIS BUY LODHA: avail=Rs125.54 < needed=Rs580.20 — qty 2→0
2026-07-15 09:28:18  ERROR     MIS BUY LODHA skipped — insufficient capital after reduction
2026-07-15 09:28:20  DEBUG     Starting new HTTPS connection (1): piconnect.flattrade.in:443
2026-07-15 09:28:20  DEBUG     https://piconnect.flattrade.in:443 "POST /PiConnectAPI/Limits HTTP/1.1" 200 None
2026-07-15 09:28:20  WARNING   MIS BUY LODHA: avail=Rs125.54 < needed=Rs580.12 — qty 2→0
2026-07-15 09:28:20  ERROR     MIS BUY LODHA skipped — insufficient capital after reduction
2026-07-15 09:28:26  DEBUG     Starting new HTTPS connection (1): piconnect.flattrade.in:443
2026-07-15 09:28:26  DEBUG     https://piconnect.flattrade.in:443 "POST /PiConnectAPI/Limits HTTP/1.1" 200 None
2026-07-15 09:28:26  WARNING   MIS BUY LODHA: avail=Rs125.54 < needed=Rs580.12 — qty 2→0
2026-07-15 09:28:26  ERROR     MIS BUY LODHA skipped — insufficient capital after reduction
2026-07-15 09:28:26  DEBUG     Starting new HTTPS connection (1): piconnect.flattrade.in:443
2026-07-15 09:28:26  DEBUG     https://piconnect.flattrade.in:443 "POST /PiConnectAPI/Limits HTTP/1.1" 200 None
2026-07-15 09:28:26  WARNING   MIS BUY LODHA: avail=Rs125.54 < needed=Rs580.20 — qty 2→0
2026-07-15 09:28:26  ERROR     MIS BUY LODHA skipped — insufficient capital after reduction
2026-07-15 09:28:30  DEBUG     Starting new HTTPS connection (1): piconnect.flattrade.in:443
2026-07-15 09:28:30  DEBUG     https://piconnect.flattrade.in:443 "POST /PiConnectAPI/Limits HTTP/1.1" 200 None
2026-07-15 09:28:30  WARNING   MIS BUY LODHA: avail=Rs125.54 < needed=Rs580.20 — qty 2→0
2026-07-15 09:28:30  ERROR     MIS BUY LODHA skipped — insufficient capital after reduction
2026-07-15 09:28:30  DEBUG     Sending ping
2026-07-15 09:28:31  DEBUG     Starting new HTTPS connection (1): piconnect.flattrade.in:443
2026-07-15 09:28:32  DEBUG     https://piconnect.flattrade.in:443 "POST /PiConnectAPI/Limits HTTP/1.1" 200 None
2026-07-15 09:28:32  WARNING   MIS BUY LODHA: avail=Rs125.54 < needed=Rs580.15 — qty 2→0
2026-07-15 09:28:32  ERROR     MIS BUY LODHA skipped — insufficient capital after reduction
2026-07-15 09:28:34  DEBUG     Starting new HTTPS connection (1): piconnect.flattrade.in:443
2026-07-15 09:28:34  DEBUG     https://piconnect.flattrade.in:443 "POST /PiConnectAPI/Limits HTTP/1.1" 200 None
2026-07-15 09:28:34  WARNING   MIS BUY LODHA: avail=Rs125.54 < needed=Rs580.15 — qty 2→0
2026-07-15 09:28:34  ERROR     MIS BUY LODHA skipped — insufficient capital after reduction
2026-07-15 09:28:37  DEBUG     Starting new HTTPS connection (1): piconnect.flattrade.in:443
2026-07-15 09:28:37  DEBUG     https://piconnect.flattrade.in:443 "POST /PiConnectAPI/Limits HTTP/1.1" 200 None
2026-07-15 09:28:37  WARNING   MIS BUY LODHA: avail=Rs125.54 < needed=Rs580.45 — qty 2→0
2026-07-15 09:28:37  ERROR     MIS BUY LODHA skipped — insufficient capital after reduction
2026-07-15 09:28:38  DEBUG     Starting new HTTPS connection (1): piconnect.flattrade.in:443
2026-07-15 09:28:38  DEBUG     https://piconnect.flattrade.in:443 "POST /PiConnectAPI/Limits HTTP/1.1" 200 None
2026-07-15 09:28:38  WARNING   MIS BUY LODHA: avail=Rs125.54 < needed=Rs580.45 — qty 2→0
2026-07-15 09:28:38  ERROR     MIS BUY LODHA skipped — insufficient capital after reduction
2026-07-15 09:28:42  DEBUG     Starting new HTTPS connection (1): piconnect.flattrade.in:443
2026-07-15 09:28:42  DEBUG     https://piconnect.flattrade.in:443 "POST /PiConnectAPI/Limits HTTP/1.1" 200 None
2026-07-15 09:28:42  WARNING   MIS BUY LODHA: avail=Rs125.54 < needed=Rs580.45 — qty 2→0
2026-07-15 09:28:42  ERROR     MIS BUY LODHA skipped — insufficient capital after reduction
2026-07-15 09:28:43  DEBUG     Starting new HTTPS connection (1): piconnect.flattrade.in:443
2026-07-15 09:28:43  DEBUG     https://piconnect.flattrade.in:443 "POST /PiConnectAPI/Limits HTTP/1.1" 200 None
2026-07-15 09:28:43  WARNING   MIS BUY LODHA: avail=Rs125.54 < needed=Rs580.58 — qty 2→0
2026-07-15 09:28:43  ERROR     MIS BUY LODHA skipped — insufficient capital after reduction
2026-07-15 09:28:45  DEBUG     Starting new HTTPS connection (1): piconnect.flattrade.in:443
2026-07-15 09:28:45  DEBUG     https://piconnect.flattrade.in:443 "POST /PiConnectAPI/Limits HTTP/1.1" 200 None
2026-07-15 09:28:45  WARNING   MIS BUY LODHA: avail=Rs125.54 < needed=Rs580.58 — qty 2→0
2026-07-15 09:28:45  ERROR     MIS BUY LODHA skipped — insufficient capital after reduction
2026-07-15 09:28:45  DEBUG     Starting new HTTPS connection (1): piconnect.flattrade.in:443
2026-07-15 09:28:45  DEBUG     https://piconnect.flattrade.in:443 "POST /PiConnectAPI/Limits HTTP/1.1" 200 None
2026-07-15 09:28:45  WARNING   MIS BUY LODHA: avail=Rs125.54 < needed=Rs580.58 — qty 2→0
2026-07-15 09:28:45  ERROR     MIS BUY LODHA skipped — insufficient capital after reduction
2026-07-15 09:28:48  DEBUG     Starting new HTTPS connection (1): piconnect.flattrade.in:443
2026-07-15 09:28:48  DEBUG     https://piconnect.flattrade.in:443 "POST /PiConnectAPI/Limits HTTP/1.1" 200 None
2026-07-15 09:28:48  WARNING   MIS BUY LODHA: avail=Rs125.54 < needed=Rs580.58 — qty 2→0
2026-07-15 09:28:48  ERROR     MIS BUY LODHA skipped — insufficient capital after reduction
2026-07-15 09:28:48  DEBUG     Starting new HTTPS connection (1): piconnect.flattrade.in:443
2026-07-15 09:28:48  DEBUG     https://piconnect.flattrade.in:443 "POST /PiConnectAPI/Limits HTTP/1.1" 200 None
2026-07-15 09:28:48  WARNING   MIS BUY LODHA: avail=Rs125.54 < needed=Rs580.58 — qty 2→0
2026-07-15 09:28:48  ERROR     MIS BUY LODHA skipped — insufficient capital after reduction
2026-07-15 09:28:54  DEBUG     Starting new HTTPS connection (1): piconnect.flattrade.in:443
2026-07-15 09:28:54  DEBUG     https://piconnect.flattrade.in:443 "POST /PiConnectAPI/Limits HTTP/1.1" 200 None
2026-07-15 09:28:54  WARNING   MIS BUY LODHA: avail=Rs125.54 < needed=Rs580.60 — qty 2→0
2026-07-15 09:28:54  ERROR     MIS BUY LODHA skipped — insufficient capital after reduction
2026-07-15 09:28:57  DEBUG     Starting new HTTPS connection (1): piconnect.flattrade.in:443
2026-07-15 09:28:57  DEBUG     https://piconnect.flattrade.in:443 "POST /PiConnectAPI/Limits HTTP/1.1" 200 None
2026-07-15 09:28:57  WARNING   MIS BUY LODHA: avail=Rs125.54 < needed=Rs580.60 — qty 2→0
2026-07-15 09:28:57  ERROR     MIS BUY LODHA skipped — insufficient capital after reduction
2026-07-15 09:28:59  DEBUG     Starting new HTTPS connection (1): piconnect.flattrade.in:443
2026-07-15 09:29:00  DEBUG     https://piconnect.flattrade.in:443 "POST /PiConnectAPI/Limits HTTP/1.1" 200 None
2026-07-15 09:29:00  WARNING   MIS BUY LODHA: avail=Rs125.54 < needed=Rs580.60 — qty 2→0
2026-07-15 09:29:00  ERROR     MIS BUY LODHA skipped — insufficient capital after reduction
2026-07-15 09:29:00  DEBUG     Sending ping
2026-07-15 09:29:05  DEBUG     Starting new HTTPS connection (1): piconnect.flattrade.in:443
2026-07-15 09:29:05  DEBUG     https://piconnect.flattrade.in:443 "POST /PiConnectAPI/Limits HTTP/1.1" 200 None
2026-07-15 09:29:05  WARNING   MIS BUY LODHA: avail=Rs125.54 < needed=Rs580.58 — qty 2→0
2026-07-15 09:29:05  ERROR     MIS BUY LODHA skipped — insufficient capital after reduction
2026-07-15 09:29:06  DEBUG     Starting new HTTPS connection (1): piconnect.flattrade.in:443
2026-07-15 09:29:06  DEBUG     https://piconnect.flattrade.in:443 "POST /PiConnectAPI/Limits HTTP/1.1" 200 None
2026-07-15 09:29:06  WARNING   MIS BUY LODHA: avail=Rs125.54 < needed=Rs580.58 — qty 2→0
2026-07-15 09:29:06  ERROR     MIS BUY LODHA skipped — insufficient capital after reduction
2026-07-15 09:29:11  DEBUG     Starting new HTTPS connection (1): piconnect.flattrade.in:443
2026-07-15 09:29:11  DEBUG     https://piconnect.flattrade.in:443 "POST /PiConnectAPI/Limits HTTP/1.1" 200 None
2026-07-15 09:29:11  WARNING   MIS BUY LODHA: avail=Rs125.54 < needed=Rs580.60 — qty 2→0
2026-07-15 09:29:11  ERROR     MIS BUY LODHA skipped — insufficient capital after reduction
2026-07-15 09:29:17  DEBUG     Starting new HTTPS connection (1): piconnect.flattrade.in:443
2026-07-15 09:29:17  DEBUG     https://piconnect.flattrade.in:443 "POST /PiConnectAPI/Limits HTTP/1.1" 200 None
2026-07-15 09:29:17  WARNING   MIS BUY LODHA: avail=Rs125.54 < needed=Rs580.75 — qty 2→0
2026-07-15 09:29:17  ERROR     MIS BUY LODHA skipped — insufficient capital after reduction
2026-07-15 09:29:17  DEBUG     Starting new HTTPS connection (1): piconnect.flattrade.in:443
2026-07-15 09:29:17  DEBUG     https://piconnect.flattrade.in:443 "POST /PiConnectAPI/Limits HTTP/1.1" 200 None
2026-07-15 09:29:17  WARNING   MIS BUY LODHA: avail=Rs125.54 < needed=Rs580.75 — qty 2→0
2026-07-15 09:29:17  ERROR     MIS BUY LODHA skipped — insufficient capital after reduction
2026-07-15 09:29:19  DEBUG     Starting new HTTPS connection (1): piconnect.flattrade.in:443
2026-07-15 09:29:19  DEBUG     https://piconnect.flattrade.in:443 "POST /PiConnectAPI/Limits HTTP/1.1" 200 None
2026-07-15 09:29:19  WARNING   MIS BUY LODHA: avail=Rs125.54 < needed=Rs580.73 — qty 2→0
2026-07-15 09:29:19  ERROR     MIS BUY LODHA skipped — insufficient capital after reduction
2026-07-15 09:29:19  DEBUG     Starting new HTTPS connection (1): piconnect.flattrade.in:443
2026-07-15 09:29:19  DEBUG     https://piconnect.flattrade.in:443 "POST /PiConnectAPI/Limits HTTP/1.1" 200 None
2026-07-15 09:29:19  WARNING   MIS BUY LODHA: avail=Rs125.54 < needed=Rs580.73 — qty 2→0
2026-07-15 09:29:19  ERROR     MIS BUY LODHA skipped — insufficient capital after reduction
2026-07-15 09:29:19  DEBUG     Starting new HTTPS connection (1): piconnect.flattrade.in:443
2026-07-15 09:29:20  DEBUG     https://piconnect.flattrade.in:443 "POST /PiConnectAPI/Limits HTTP/1.1" 200 None
2026-07-15 09:29:20  WARNING   MIS BUY LODHA: avail=Rs125.54 < needed=Rs580.70 — qty 2→0
2026-07-15 09:29:20  ERROR     MIS BUY LODHA skipped — insufficient capital after reduction
2026-07-15 09:29:20  DEBUG     Starting new HTTPS connection (1): piconnect.flattrade.in:443
2026-07-15 09:29:21  DEBUG     https://piconnect.flattrade.in:443 "POST /PiConnectAPI/Limits HTTP/1.1" 200 None
2026-07-15 09:29:21  WARNING   MIS BUY LODHA: avail=Rs125.54 < needed=Rs580.67 — qty 2→0
2026-07-15 09:29:21  ERROR     MIS BUY LODHA skipped — insufficient capital after reduction
2026-07-15 09:29:21  DEBUG     Starting new HTTPS connection (1): piconnect.flattrade.in:443
2026-07-15 09:29:22  DEBUG     https://piconnect.flattrade.in:443 "POST /PiConnectAPI/Limits HTTP/1.1" 200 None
2026-07-15 09:29:22  WARNING   MIS BUY LODHA: avail=Rs125.54 < needed=Rs580.67 — qty 2→0
2026-07-15 09:29:22  ERROR     MIS BUY LODHA skipped — insufficient capital after reduction
2026-07-15 09:29:22  DEBUG     Starting new HTTPS connection (1): piconnect.flattrade.in:443
2026-07-15 09:29:23  DEBUG     https://piconnect.flattrade.in:443 "POST /PiConnectAPI/Limits HTTP/1.1" 200 None
2026-07-15 09:29:23  WARNING   MIS BUY LODHA: avail=Rs125.54 < needed=Rs580.67 — qty 2→0
2026-07-15 09:29:23  ERROR     MIS BUY LODHA skipped — insufficient capital after reduction
2026-07-15 09:29:24  DEBUG     Starting new HTTPS connection (1): piconnect.flattrade.in:443
2026-07-15 09:29:24  DEBUG     https://piconnect.flattrade.in:443 "POST /PiConnectAPI/Limits HTTP/1.1" 200 None
2026-07-15 09:29:24  WARNING   MIS BUY LODHA: avail=Rs125.54 < needed=Rs580.67 — qty 2→0
2026-07-15 09:29:24  ERROR     MIS BUY LODHA skipped — insufficient capital after reduction
2026-07-15 09:29:25  DEBUG     Starting new HTTPS connection (1): piconnect.flattrade.in:443
2026-07-15 09:29:25  DEBUG     https://piconnect.flattrade.in:443 "POST /PiConnectAPI/Limits HTTP/1.1" 200 None
2026-07-15 09:29:25  WARNING   MIS BUY LODHA: avail=Rs125.54 < needed=Rs580.67 — qty 2→0
2026-07-15 09:29:25  ERROR     MIS BUY LODHA skipped — insufficient capital after reduction
2026-07-15 09:29:26  DEBUG     Starting new HTTPS connection (1): piconnect.flattrade.in:443
2026-07-15 09:29:26  DEBUG     https://piconnect.flattrade.in:443 "POST /PiConnectAPI/Limits HTTP/1.1" 200 None
2026-07-15 09:29:26  WARNING   MIS BUY LODHA: avail=Rs125.54 < needed=Rs580.67 — qty 2→0
2026-07-15 09:29:26  ERROR     MIS BUY LODHA skipped — insufficient capital after reduction
2026-07-15 09:29:27  DEBUG     Starting new HTTPS connection (1): piconnect.flattrade.in:443
2026-07-15 09:29:27  DEBUG     https://piconnect.flattrade.in:443 "POST /PiConnectAPI/Limits HTTP/1.1" 200 None
2026-07-15 09:29:27  WARNING   MIS BUY LODHA: avail=Rs125.54 < needed=Rs580.67 — qty 2→0
2026-07-15 09:29:27  ERROR     MIS BUY LODHA skipped — insufficient capital after reduction
2026-07-15 09:29:28  DEBUG     Starting new HTTPS connection (1): piconnect.flattrade.in:443
2026-07-15 09:29:28  DEBUG     https://piconnect.flattrade.in:443 "POST /PiConnectAPI/Limits HTTP/1.1" 200 None
2026-07-15 09:29:28  WARNING   MIS BUY LODHA: avail=Rs125.54 < needed=Rs580.67 — qty 2→0
2026-07-15 09:29:28  ERROR     MIS BUY LODHA skipped — insufficient capital after reduction
2026-07-15 09:29:28  DEBUG     Starting new HTTPS connection (1): piconnect.flattrade.in:443
2026-07-15 09:29:28  DEBUG     https://piconnect.flattrade.in:443 "POST /PiConnectAPI/Limits HTTP/1.1" 200 None
2026-07-15 09:29:28  WARNING   MIS BUY LODHA: avail=Rs125.54 < needed=Rs580.65 — qty 2→0
2026-07-15 09:29:28  ERROR     MIS BUY LODHA skipped — insufficient capital after reduction
2026-07-15 09:29:29  DEBUG     Starting new HTTPS connection (1): piconnect.flattrade.in:443
2026-07-15 09:29:29  DEBUG     https://piconnect.flattrade.in:443 "POST /PiConnectAPI/Limits HTTP/1.1" 200 None
2026-07-15 09:29:29  WARNING   MIS BUY LODHA: avail=Rs125.54 < needed=Rs580.65 — qty 2→0
2026-07-15 09:29:29  ERROR     MIS BUY LODHA skipped — insufficient capital after reduction
2026-07-15 09:29:30  DEBUG     Starting new HTTPS connection (1): piconnect.flattrade.in:443
2026-07-15 09:29:30  DEBUG     https://piconnect.flattrade.in:443 "POST /PiConnectAPI/Limits HTTP/1.1" 200 None
2026-07-15 09:29:30  WARNING   MIS BUY LODHA: avail=Rs125.54 < needed=Rs580.67 — qty 2→0
2026-07-15 09:29:30  ERROR     MIS BUY LODHA skipped — insufficient capital after reduction
2026-07-15 09:29:30  DEBUG     Sending ping
2026-07-15 09:29:31  DEBUG     Starting new HTTPS connection (1): piconnect.flattrade.in:443
2026-07-15 09:29:31  DEBUG     https://piconnect.flattrade.in:443 "POST /PiConnectAPI/Limits HTTP/1.1" 200 None
2026-07-15 09:29:31  WARNING   MIS BUY LODHA: avail=Rs125.54 < needed=Rs580.67 — qty 2→0
2026-07-15 09:29:31  ERROR     MIS BUY LODHA skipped — insufficient capital after reduction
2026-07-15 09:29:31  DEBUG     Starting new HTTPS connection (1): piconnect.flattrade.in:443
2026-07-15 09:29:31  DEBUG     https://piconnect.flattrade.in:443 "POST /PiConnectAPI/Limits HTTP/1.1" 200 None
2026-07-15 09:29:31  WARNING   MIS BUY LODHA: avail=Rs125.54 < needed=Rs580.60 — qty 2→0
2026-07-15 09:29:31  ERROR     MIS BUY LODHA skipped — insufficient capital after reduction
2026-07-15 09:29:32  DEBUG     Starting new HTTPS connection (1): piconnect.flattrade.in:443
2026-07-15 09:29:32  DEBUG     https://piconnect.flattrade.in:443 "POST /PiConnectAPI/Limits HTTP/1.1" 200 None
2026-07-15 09:29:32  WARNING   MIS BUY LODHA: avail=Rs125.54 < needed=Rs580.60 — qty 2→0
2026-07-15 09:29:32  ERROR     MIS BUY LODHA skipped — insufficient capital after reduction
2026-07-15 09:29:32  DEBUG     Starting new HTTPS connection (1): piconnect.flattrade.in:443
2026-07-15 09:29:32  DEBUG     https://piconnect.flattrade.in:443 "POST /PiConnectAPI/Limits HTTP/1.1" 200 None
2026-07-15 09:29:32  WARNING   MIS BUY LODHA: avail=Rs125.54 < needed=Rs580.60 — qty 2→0
2026-07-15 09:29:32  ERROR     MIS BUY LODHA skipped — insufficient capital after reduction
2026-07-15 09:29:33  DEBUG     Starting new HTTPS connection (1): piconnect.flattrade.in:443
2026-07-15 09:29:33  DEBUG     https://piconnect.flattrade.in:443 "POST /PiConnectAPI/Limits HTTP/1.1" 200 None
2026-07-15 09:29:33  WARNING   MIS BUY LODHA: avail=Rs125.54 < needed=Rs580.60 — qty 2→0
2026-07-15 09:29:33  ERROR     MIS BUY LODHA skipped — insufficient capital after reduction
2026-07-15 09:29:33  DEBUG     Starting new HTTPS connection (1): piconnect.flattrade.in:443
2026-07-15 09:29:33  DEBUG     https://piconnect.flattrade.in:443 "POST /PiConnectAPI/Limits HTTP/1.1" 200 None
2026-07-15 09:29:33  WARNING   MIS BUY LODHA: avail=Rs125.54 < needed=Rs580.58 — qty 2→0
2026-07-15 09:29:33  ERROR     MIS BUY LODHA skipped — insufficient capital after reduction
2026-07-15 09:29:34  DEBUG     Starting new HTTPS connection (1): piconnect.flattrade.in:443
2026-07-15 09:29:34  DEBUG     https://piconnect.flattrade.in:443 "POST /PiConnectAPI/Limits HTTP/1.1" 200 None
2026-07-15 09:29:34  WARNING   MIS BUY LODHA: avail=Rs125.54 < needed=Rs580.55 — qty 2→0
2026-07-15 09:29:34  ERROR     MIS BUY LODHA skipped — insufficient capital after reduction
2026-07-15 09:29:35  DEBUG     Starting new HTTPS connection (1): piconnect.flattrade.in:443
2026-07-15 09:29:35  DEBUG     https://piconnect.flattrade.in:443 "POST /PiConnectAPI/Limits HTTP/1.1" 200 None
2026-07-15 09:29:35  WARNING   MIS BUY LODHA: avail=Rs125.54 < needed=Rs580.55 — qty 2→0
2026-07-15 09:29:35  ERROR     MIS BUY LODHA skipped — insufficient capital after reduction
2026-07-15 09:29:35  DEBUG     Starting new HTTPS connection (1): piconnect.flattrade.in:443
2026-07-15 09:29:35  DEBUG     https://piconnect.flattrade.in:443 "POST /PiConnectAPI/Limits HTTP/1.1" 200 None
2026-07-15 09:29:35  WARNING   MIS BUY LODHA: avail=Rs125.54 < needed=Rs580.48 — qty 2→0
2026-07-15 09:29:35  ERROR     MIS BUY LODHA skipped — insufficient capital after reduction
2026-07-15 09:29:36  DEBUG     Starting new HTTPS connection (1): piconnect.flattrade.in:443
2026-07-15 09:29:36  DEBUG     https://piconnect.flattrade.in:443 "POST /PiConnectAPI/Limits HTTP/1.1" 200 None
2026-07-15 09:29:36  WARNING   MIS BUY LODHA: avail=Rs125.54 < needed=Rs580.48 — qty 2→0
2026-07-15 09:29:36  ERROR     MIS BUY LODHA skipped — insufficient capital after reduction
2026-07-15 09:29:36  DEBUG     Starting new HTTPS connection (1): piconnect.flattrade.in:443
2026-07-15 09:29:36  DEBUG     https://piconnect.flattrade.in:443 "POST /PiConnectAPI/Limits HTTP/1.1" 200 None
2026-07-15 09:29:36  WARNING   MIS BUY LODHA: avail=Rs125.54 < needed=Rs580.45 — qty 2→0
2026-07-15 09:29:36  ERROR     MIS BUY LODHA skipped — insufficient capital after reduction
2026-07-15 09:29:37  DEBUG     Starting new HTTPS connection (1): piconnect.flattrade.in:443
2026-07-15 09:29:37  DEBUG     https://piconnect.flattrade.in:443 "POST /PiConnectAPI/Limits HTTP/1.1" 200 None
2026-07-15 09:29:37  WARNING   MIS BUY LODHA: avail=Rs125.54 < needed=Rs580.45 — qty 2→0
2026-07-15 09:29:37  ERROR     MIS BUY LODHA skipped — insufficient capital after reduction
2026-07-15 09:29:37  DEBUG     Starting new HTTPS connection (1): piconnect.flattrade.in:443
2026-07-15 09:29:37  DEBUG     https://piconnect.flattrade.in:443 "POST /PiConnectAPI/Limits HTTP/1.1" 200 None
2026-07-15 09:29:37  WARNING   MIS BUY LODHA: avail=Rs125.54 < needed=Rs580.45 — qty 2→0
2026-07-15 09:29:37  ERROR     MIS BUY LODHA skipped — insufficient capital after reduction
2026-07-15 09:29:38  DEBUG     Starting new HTTPS connection (1): piconnect.flattrade.in:443
2026-07-15 09:29:38  DEBUG     https://piconnect.flattrade.in:443 "POST /PiConnectAPI/Limits HTTP/1.1" 200 None
2026-07-15 09:29:38  WARNING   MIS BUY LODHA: avail=Rs125.54 < needed=Rs580.45 — qty 2→0
2026-07-15 09:29:38  ERROR     MIS BUY LODHA skipped — insufficient capital after reduction
2026-07-15 09:29:38  DEBUG     Starting new HTTPS connection (1): piconnect.flattrade.in:443
2026-07-15 09:29:38  DEBUG     https://piconnect.flattrade.in:443 "POST /PiConnectAPI/Limits HTTP/1.1" 200 None
2026-07-15 09:29:38  WARNING   MIS BUY LODHA: avail=Rs125.54 < needed=Rs580.67 — qty 2→0
2026-07-15 09:29:38  ERROR     MIS BUY LODHA skipped — insufficient capital after reduction
2026-07-15 09:29:39  DEBUG     Starting new HTTPS connection (1): piconnect.flattrade.in:443
2026-07-15 09:29:39  DEBUG     https://piconnect.flattrade.in:443 "POST /PiConnectAPI/Limits HTTP/1.1" 200 None
2026-07-15 09:29:39  WARNING   MIS BUY LODHA: avail=Rs125.54 < needed=Rs580.67 — qty 2→0
2026-07-15 09:29:39  ERROR     MIS BUY LODHA skipped — insufficient capital after reduction
2026-07-15 09:29:39  DEBUG     Starting new HTTPS connection (1): piconnect.flattrade.in:443
2026-07-15 09:29:39  DEBUG     https://piconnect.flattrade.in:443 "POST /PiConnectAPI/Limits HTTP/1.1" 200 None
2026-07-15 09:29:39  WARNING   MIS BUY LODHA: avail=Rs125.54 < needed=Rs580.58 — qty 2→0
2026-07-15 09:29:39  ERROR     MIS BUY LODHA skipped — insufficient capital after reduction
2026-07-15 09:29:40  DEBUG     Starting new HTTPS connection (1): piconnect.flattrade.in:443
2026-07-15 09:29:40  DEBUG     https://piconnect.flattrade.in:443 "POST /PiConnectAPI/Limits HTTP/1.1" 200 None
2026-07-15 09:29:40  WARNING   MIS BUY LODHA: avail=Rs125.54 < needed=Rs580.58 — qty 2→0
2026-07-15 09:29:40  ERROR     MIS BUY LODHA skipped — insufficient capital after reduction
2026-07-15 09:29:40  DEBUG     Starting new HTTPS connection (1): piconnect.flattrade.in:443
2026-07-15 09:29:40  DEBUG     https://piconnect.flattrade.in:443 "POST /PiConnectAPI/Limits HTTP/1.1" 200 None
2026-07-15 09:29:40  WARNING   MIS BUY LODHA: avail=Rs125.54 < needed=Rs580.27 — qty 2→0
2026-07-15 09:29:40  ERROR     MIS BUY LODHA skipped — insufficient capital after reduction
2026-07-15 09:29:41  DEBUG     Starting new HTTPS connection (1): piconnect.flattrade.in:443
2026-07-15 09:29:41  DEBUG     https://piconnect.flattrade.in:443 "POST /PiConnectAPI/Limits HTTP/1.1" 200 None
2026-07-15 09:29:41  WARNING   MIS BUY LODHA: avail=Rs125.54 < needed=Rs580.27 — qty 2→0
2026-07-15 09:29:41  ERROR     MIS BUY LODHA skipped — insufficient capital after reduction
2026-07-15 09:29:41  DEBUG     Starting new HTTPS connection (1): piconnect.flattrade.in:443
2026-07-15 09:29:41  DEBUG     https://piconnect.flattrade.in:443 "POST /PiConnectAPI/Limits HTTP/1.1" 200 None
2026-07-15 09:29:41  WARNING   MIS BUY LODHA: avail=Rs125.54 < needed=Rs580.27 — qty 2→0
2026-07-15 09:29:41  ERROR     MIS BUY LODHA skipped — insufficient capital after reduction
2026-07-15 09:29:42  DEBUG     Starting new HTTPS connection (1): piconnect.flattrade.in:443
2026-07-15 09:29:42  DEBUG     https://piconnect.flattrade.in:443 "POST /PiConnectAPI/Limits HTTP/1.1" 200 None
2026-07-15 09:29:42  WARNING   MIS BUY LODHA: avail=Rs125.54 < needed=Rs580.27 — qty 2→0
2026-07-15 09:29:42  ERROR     MIS BUY LODHA skipped — insufficient capital after reduction
2026-07-15 09:29:43  DEBUG     Starting new HTTPS connection (1): piconnect.flattrade.in:443
2026-07-15 09:29:43  DEBUG     https://piconnect.flattrade.in:443 "POST /PiConnectAPI/Limits HTTP/1.1" 200 None
2026-07-15 09:29:43  WARNING   MIS BUY LODHA: avail=Rs125.54 < needed=Rs580.27 — qty 2→0
2026-07-15 09:29:43  ERROR     MIS BUY LODHA skipped — insufficient capital after reduction
2026-07-15 09:29:43  DEBUG     Starting new HTTPS connection (1): piconnect.flattrade.in:443
2026-07-15 09:29:43  DEBUG     https://piconnect.flattrade.in:443 "POST /PiConnectAPI/Limits HTTP/1.1" 200 None
2026-07-15 09:29:44  WARNING   MIS BUY LODHA: avail=Rs125.54 < needed=Rs580.27 — qty 2→0
2026-07-15 09:29:44  ERROR     MIS BUY LODHA skipped — insufficient capital after reduction
2026-07-15 09:29:44  DEBUG     Starting new HTTPS connection (1): piconnect.flattrade.in:443
2026-07-15 09:29:45  DEBUG     https://piconnect.flattrade.in:443 "POST /PiConnectAPI/Limits HTTP/1.1" 200 None
2026-07-15 09:29:45  WARNING   MIS BUY LODHA: avail=Rs125.54 < needed=Rs580.25 — qty 2→0
2026-07-15 09:29:45  ERROR     MIS BUY LODHA skipped — insufficient capital after reduction
2026-07-15 09:29:45  DEBUG     Starting new HTTPS connection (1): piconnect.flattrade.in:443
2026-07-15 09:29:45  DEBUG     https://piconnect.flattrade.in:443 "POST /PiConnectAPI/Limits HTTP/1.1" 200 None
2026-07-15 09:29:45  WARNING   MIS BUY LODHA: avail=Rs125.54 < needed=Rs580.25 — qty 2→0
2026-07-15 09:29:45  ERROR     MIS BUY LODHA skipped — insufficient capital after reduction
2026-07-15 09:29:45  DEBUG     Starting new HTTPS connection (1): piconnect.flattrade.in:443
2026-07-15 09:29:46  DEBUG     https://piconnect.flattrade.in:443 "POST /PiConnectAPI/Limits HTTP/1.1" 200 None
2026-07-15 09:29:46  WARNING   MIS BUY LODHA: avail=Rs125.54 < needed=Rs580.25 — qty 2→0
2026-07-15 09:29:46  ERROR     MIS BUY LODHA skipped — insufficient capital after reduction
2026-07-15 09:29:47  DEBUG     Starting new HTTPS connection (1): piconnect.flattrade.in:443
2026-07-15 09:29:47  DEBUG     https://piconnect.flattrade.in:443 "POST /PiConnectAPI/Limits HTTP/1.1" 200 None
2026-07-15 09:29:47  WARNING   MIS BUY LODHA: avail=Rs125.54 < needed=Rs580.23 — qty 2→0
2026-07-15 09:29:47  ERROR     MIS BUY LODHA skipped — insufficient capital after reduction
2026-07-15 09:29:48  DEBUG     Starting new HTTPS connection (1): piconnect.flattrade.in:443
2026-07-15 09:29:48  DEBUG     https://piconnect.flattrade.in:443 "POST /PiConnectAPI/Limits HTTP/1.1" 200 None
2026-07-15 09:29:48  WARNING   MIS BUY LODHA: avail=Rs125.54 < needed=Rs580.23 — qty 2→0
2026-07-15 09:29:48  ERROR     MIS BUY LODHA skipped — insufficient capital after reduction
2026-07-15 09:29:48  DEBUG     Starting new HTTPS connection (1): piconnect.flattrade.in:443
2026-07-15 09:29:48  DEBUG     https://piconnect.flattrade.in:443 "POST /PiConnectAPI/Limits HTTP/1.1" 200 None
2026-07-15 09:29:48  WARNING   MIS BUY LODHA: avail=Rs125.54 < needed=Rs580.42 — qty 2→0
2026-07-15 09:29:48  ERROR     MIS BUY LODHA skipped — insufficient capital after reduction
2026-07-15 09:29:49  DEBUG     Starting new HTTPS connection (1): piconnect.flattrade.in:443
2026-07-15 09:29:49  DEBUG     https://piconnect.flattrade.in:443 "POST /PiConnectAPI/Limits HTTP/1.1" 200 None
2026-07-15 09:29:49  WARNING   MIS BUY LODHA: avail=Rs125.54 < needed=Rs580.42 — qty 2→0
2026-07-15 09:29:49  ERROR     MIS BUY LODHA skipped — insufficient capital after reduction
2026-07-15 09:29:49  DEBUG     Starting new HTTPS connection (1): piconnect.flattrade.in:443
2026-07-15 09:29:49  DEBUG     https://piconnect.flattrade.in:443 "POST /PiConnectAPI/Limits HTTP/1.1" 200 None
2026-07-15 09:29:49  WARNING   MIS BUY LODHA: avail=Rs125.54 < needed=Rs580.40 — qty 2→0
2026-07-15 09:29:49  ERROR     MIS BUY LODHA skipped — insufficient capital after reduction
2026-07-15 09:29:50  DEBUG     Starting new HTTPS connection (1): piconnect.flattrade.in:443
2026-07-15 09:29:50  DEBUG     https://piconnect.flattrade.in:443 "POST /PiConnectAPI/Limits HTTP/1.1" 200 None
2026-07-15 09:29:50  WARNING   MIS BUY LODHA: avail=Rs125.54 < needed=Rs580.40 — qty 2→0
2026-07-15 09:29:50  ERROR     MIS BUY LODHA skipped — insufficient capital after reduction
2026-07-15 09:29:51  DEBUG     Starting new HTTPS connection (1): piconnect.flattrade.in:443
2026-07-15 09:29:51  DEBUG     https://piconnect.flattrade.in:443 "POST /PiConnectAPI/Limits HTTP/1.1" 200 None
2026-07-15 09:29:51  WARNING   MIS BUY LODHA: avail=Rs125.54 < needed=Rs580.38 — qty 2→0
2026-07-15 09:29:51  ERROR     MIS BUY LODHA skipped — insufficient capital after reduction
2026-07-15 09:29:52  DEBUG     Starting new HTTPS connection (1): piconnect.flattrade.in:443
2026-07-15 09:29:52  DEBUG     https://piconnect.flattrade.in:443 "POST /PiConnectAPI/Limits HTTP/1.1" 200 None
2026-07-15 09:29:52  WARNING   MIS BUY LODHA: avail=Rs125.54 < needed=Rs580.38 — qty 2→0
2026-07-15 09:29:52  ERROR     MIS BUY LODHA skipped — insufficient capital after reduction
2026-07-15 09:29:53  DEBUG     Starting new HTTPS connection (1): piconnect.flattrade.in:443
2026-07-15 09:29:53  DEBUG     https://piconnect.flattrade.in:443 "POST /PiConnectAPI/Limits HTTP/1.1" 200 None
2026-07-15 09:29:53  WARNING   MIS BUY LODHA: avail=Rs125.54 < needed=Rs580.38 — qty 2→0
2026-07-15 09:29:53  ERROR     MIS BUY LODHA skipped — insufficient capital after reduction
2026-07-15 09:29:54  DEBUG     Starting new HTTPS connection (1): piconnect.flattrade.in:443
2026-07-15 09:29:54  DEBUG     https://piconnect.flattrade.in:443 "POST /PiConnectAPI/Limits HTTP/1.1" 200 None
2026-07-15 09:29:54  WARNING   MIS BUY LODHA: avail=Rs125.54 < needed=Rs580.38 — qty 2→0
2026-07-15 09:29:54  ERROR     MIS BUY LODHA skipped — insufficient capital after reduction
2026-07-15 09:29:58  DEBUG     Starting new HTTPS connection (1): piconnect.flattrade.in:443
2026-07-15 09:29:58  DEBUG     https://piconnect.flattrade.in:443 "POST /PiConnectAPI/Limits HTTP/1.1" 200 None
2026-07-15 09:29:58  WARNING   MIS BUY LODHA: avail=Rs125.54 < needed=Rs580.38 — qty 2→0
2026-07-15 09:29:58  ERROR     MIS BUY LODHA skipped — insufficient capital after reduction
2026-07-15 09:29:58  DEBUG     Starting new HTTPS connection (1): piconnect.flattrade.in:443
2026-07-15 09:29:58  DEBUG     https://piconnect.flattrade.in:443 "POST /PiConnectAPI/Limits HTTP/1.1" 200 None
2026-07-15 09:29:58  WARNING   MIS BUY LODHA: avail=Rs125.54 < needed=Rs580.35 — qty 2→0
2026-07-15 09:29:58  ERROR     MIS BUY LODHA skipped — insufficient capital after reduction
2026-07-15 09:29:59  DEBUG     Starting new HTTPS connection (1): piconnect.flattrade.in:443
2026-07-15 09:29:59  DEBUG     https://piconnect.flattrade.in:443 "POST /PiConnectAPI/Limits HTTP/1.1" 200 None
2026-07-15 09:29:59  WARNING   MIS BUY LODHA: avail=Rs125.54 < needed=Rs580.35 — qty 2→0
2026-07-15 09:29:59  ERROR     MIS BUY LODHA skipped — insufficient capital after reduction
2026-07-15 09:29:59  DEBUG     Starting new HTTPS connection (1): piconnect.flattrade.in:443
2026-07-15 09:29:59  DEBUG     https://piconnect.flattrade.in:443 "POST /PiConnectAPI/Limits HTTP/1.1" 200 None
2026-07-15 09:29:59  WARNING   MIS BUY LODHA: avail=Rs125.54 < needed=Rs580.35 — qty 2→0
2026-07-15 09:29:59  ERROR     MIS BUY LODHA skipped — insufficient capital after reduction
2026-07-15 09:30:00  DEBUG     Starting new HTTPS connection (1): piconnect.flattrade.in:443
2026-07-15 09:30:00  DEBUG     https://piconnect.flattrade.in:443 "POST /PiConnectAPI/PositionBook HTTP/1.1" 200 None
2026-07-15 09:30:00  DEBUG     Starting new HTTPS connection (1): piconnect.flattrade.in:443
2026-07-15 09:30:00  DEBUG     https://piconnect.flattrade.in:443 "POST /PiConnectAPI/Limits HTTP/1.1" 200 None
2026-07-15 09:30:00  WARNING   MIS BUY LODHA: avail=Rs125.54 < needed=Rs580.35 — qty 2→0
2026-07-15 09:30:00  ERROR     MIS BUY LODHA skipped — insufficient capital after reduction
2026-07-15 09:30:00  DEBUG     Sending ping
2026-07-15 09:30:01  DEBUG     Starting new HTTPS connection (1): piconnect.flattrade.in:443
2026-07-15 09:30:01  DEBUG     https://piconnect.flattrade.in:443 "POST /PiConnectAPI/PositionBook HTTP/1.1" 200 None
2026-07-15 09:30:01  DEBUG     Starting new HTTPS connection (1): piconnect.flattrade.in:443
2026-07-15 09:30:01  DEBUG     https://piconnect.flattrade.in:443 "POST /PiConnectAPI/Limits HTTP/1.1" 200 None
2026-07-15 09:30:01  WARNING   MIS BUY LODHA: avail=Rs125.54 < needed=Rs580.35 — qty 2→0
2026-07-15 09:30:01  ERROR     MIS BUY LODHA skipped — insufficient capital after reduction
2026-07-15 09:30:01  DEBUG     Starting new HTTPS connection (1): piconnect.flattrade.in:443
2026-07-15 09:30:01  DEBUG     https://piconnect.flattrade.in:443 "POST /PiConnectAPI/PositionBook HTTP/1.1" 200 None
2026-07-15 09:30:01  DEBUG     Starting new HTTPS connection (1): piconnect.flattrade.in:443
2026-07-15 09:30:02  DEBUG     https://piconnect.flattrade.in:443 "POST /PiConnectAPI/Limits HTTP/1.1" 200 None
2026-07-15 09:30:02  WARNING   MIS BUY LODHA: avail=Rs125.54 < needed=Rs579.73 — qty 2→0
2026-07-15 09:30:02  ERROR     MIS BUY LODHA skipped — insufficient capital after reduction
2026-07-15 09:30:02  DEBUG     Starting new HTTPS connection (1): piconnect.flattrade.in:443
2026-07-15 09:30:02  DEBUG     https://piconnect.flattrade.in:443 "POST /PiConnectAPI/PositionBook HTTP/1.1" 200 None
2026-07-15 09:30:02  DEBUG     Starting new HTTPS connection (1): piconnect.flattrade.in:443
2026-07-15 09:30:02  DEBUG     https://piconnect.flattrade.in:443 "POST /PiConnectAPI/Limits HTTP/1.1" 200 None
2026-07-15 09:30:02  WARNING   MIS BUY LODHA: avail=Rs125.54 < needed=Rs579.73 — qty 2→0
2026-07-15 09:30:02  ERROR     MIS BUY LODHA skipped — insufficient capital after reduction
2026-07-15 09:30:02  DEBUG     Starting new HTTPS connection (1): piconnect.flattrade.in:443
2026-07-15 09:30:02  DEBUG     https://piconnect.flattrade.in:443 "POST /PiConnectAPI/PositionBook HTTP/1.1" 200 None
2026-07-15 09:30:03  DEBUG     Starting new HTTPS connection (1): piconnect.flattrade.in:443
2026-07-15 09:30:03  DEBUG     https://piconnect.flattrade.in:443 "POST /PiConnectAPI/Limits HTTP/1.1" 200 None
2026-07-15 09:30:03  WARNING   MIS BUY LODHA: avail=Rs125.54 < needed=Rs579.70 — qty 2→0
2026-07-15 09:30:03  ERROR     MIS BUY LODHA skipped — insufficient capital after reduction
2026-07-15 09:30:03  DEBUG     Starting new HTTPS connection (1): piconnect.flattrade.in:443
2026-07-15 09:30:03  DEBUG     https://piconnect.flattrade.in:443 "POST /PiConnectAPI/PositionBook HTTP/1.1" 200 None
2026-07-15 09:30:03  DEBUG     Starting new HTTPS connection (1): piconnect.flattrade.in:443
2026-07-15 09:30:03  DEBUG     https://piconnect.flattrade.in:443 "POST /PiConnectAPI/Limits HTTP/1.1" 200 None
2026-07-15 09:30:03  WARNING   MIS BUY LODHA: avail=Rs125.54 < needed=Rs579.70 — qty 2→0
2026-07-15 09:30:03  ERROR     MIS BUY LODHA skipped — insufficient capital after reduction
2026-07-15 09:30:03  DEBUG     Starting new HTTPS connection (1): piconnect.flattrade.in:443
2026-07-15 09:30:04  DEBUG     https://piconnect.flattrade.in:443 "POST /PiConnectAPI/PositionBook HTTP/1.1" 200 None
2026-07-15 09:30:04  DEBUG     Starting new HTTPS connection (1): piconnect.flattrade.in:443
2026-07-15 09:30:04  DEBUG     https://piconnect.flattrade.in:443 "POST /PiConnectAPI/Limits HTTP/1.1" 200 None
2026-07-15 09:30:04  WARNING   MIS BUY LODHA: avail=Rs125.54 < needed=Rs579.83 — qty 2→0
2026-07-15 09:30:04  ERROR     MIS BUY LODHA skipped — insufficient capital after reduction
2026-07-15 09:30:04  DEBUG     Starting new HTTPS connection (1): piconnect.flattrade.in:443
2026-07-15 09:30:04  DEBUG     https://piconnect.flattrade.in:443 "POST /PiConnectAPI/PositionBook HTTP/1.1" 200 None
2026-07-15 09:30:04  DEBUG     Starting new HTTPS connection (1): piconnect.flattrade.in:443
2026-07-15 09:30:04  DEBUG     https://piconnect.flattrade.in:443 "POST /PiConnectAPI/Limits HTTP/1.1" 200 None
2026-07-15 09:30:04  WARNING   MIS BUY LODHA: avail=Rs125.54 < needed=Rs579.83 — qty 2→0
2026-07-15 09:30:04  ERROR     MIS BUY LODHA skipped — insufficient capital after reduction
2026-07-15 09:30:04  DEBUG     Starting new HTTPS connection (1): piconnect.flattrade.in:443
2026-07-15 09:30:04  DEBUG     https://piconnect.flattrade.in:443 "POST /PiConnectAPI/PositionBook HTTP/1.1" 200 None
2026-07-15 09:30:04  DEBUG     Starting new HTTPS connection (1): piconnect.flattrade.in:443
2026-07-15 09:30:05  DEBUG     https://piconnect.flattrade.in:443 "POST /PiConnectAPI/Limits HTTP/1.1" 200 None
2026-07-15 09:30:05  WARNING   MIS BUY LODHA: avail=Rs125.54 < needed=Rs579.83 — qty 2→0
2026-07-15 09:30:05  ERROR     MIS BUY LODHA skipped — insufficient capital after reduction
2026-07-15 09:30:05  DEBUG     Starting new HTTPS connection (1): piconnect.flattrade.in:443
2026-07-15 09:30:05  DEBUG     https://piconnect.flattrade.in:443 "POST /PiConnectAPI/PositionBook HTTP/1.1" 200 None
2026-07-15 09:30:05  DEBUG     Starting new HTTPS connection (1): piconnect.flattrade.in:443
2026-07-15 09:30:05  DEBUG     https://piconnect.flattrade.in:443 "POST /PiConnectAPI/Limits HTTP/1.1" 200 None
2026-07-15 09:30:05  WARNING   MIS BUY LODHA: avail=Rs125.54 < needed=Rs579.83 — qty 2→0
2026-07-15 09:30:05  ERROR     MIS BUY LODHA skipped — insufficient capital after reduction
2026-07-15 09:30:05  DEBUG     Starting new HTTPS connection (1): piconnect.flattrade.in:443
2026-07-15 09:30:05  DEBUG     https://piconnect.flattrade.in:443 "POST /PiConnectAPI/PositionBook HTTP/1.1" 200 None
2026-07-15 09:30:05  DEBUG     Starting new HTTPS connection (1): piconnect.flattrade.in:443
2026-07-15 09:30:06  DEBUG     https://piconnect.flattrade.in:443 "POST /PiConnectAPI/Limits HTTP/1.1" 200 None
2026-07-15 09:30:06  WARNING   MIS BUY LODHA: avail=Rs125.54 < needed=Rs580.02 — qty 2→0
2026-07-15 09:30:06  ERROR     MIS BUY LODHA skipped — insufficient capital after reduction
2026-07-15 09:30:06  DEBUG     Starting new HTTPS connection (1): piconnect.flattrade.in:443
2026-07-15 09:30:06  DEBUG     https://piconnect.flattrade.in:443 "POST /PiConnectAPI/PositionBook HTTP/1.1" 200 None
2026-07-15 09:30:06  DEBUG     Starting new HTTPS connection (1): piconnect.flattrade.in:443
2026-07-15 09:30:06  DEBUG     https://piconnect.flattrade.in:443 "POST /PiConnectAPI/Limits HTTP/1.1" 200 None
2026-07-15 09:30:06  WARNING   MIS BUY LODHA: avail=Rs125.54 < needed=Rs580.02 — qty 2→0
2026-07-15 09:30:06  ERROR     MIS BUY LODHA skipped — insufficient capital after reduction
2026-07-15 09:30:06  DEBUG     Starting new HTTPS connection (1): piconnect.flattrade.in:443
2026-07-15 09:30:07  DEBUG     https://piconnect.flattrade.in:443 "POST /PiConnectAPI/PositionBook HTTP/1.1" 200 None
2026-07-15 09:30:07  DEBUG     Starting new HTTPS connection (1): piconnect.flattrade.in:443
2026-07-15 09:30:07  DEBUG     https://piconnect.flattrade.in:443 "POST /PiConnectAPI/Limits HTTP/1.1" 200 None
2026-07-15 09:30:07  WARNING   MIS BUY LODHA: avail=Rs125.54 < needed=Rs579.80 — qty 2→0
2026-07-15 09:30:07  ERROR     MIS BUY LODHA skipped — insufficient capital after reduction
2026-07-15 09:30:07  DEBUG     Starting new HTTPS connection (1): piconnect.flattrade.in:443
2026-07-15 09:30:07  DEBUG     https://piconnect.flattrade.in:443 "POST /PiConnectAPI/PositionBook HTTP/1.1" 200 None
2026-07-15 09:30:07  DEBUG     Starting new HTTPS connection (1): piconnect.flattrade.in:443
2026-07-15 09:30:07  DEBUG     https://piconnect.flattrade.in:443 "POST /PiConnectAPI/Limits HTTP/1.1" 200 None
2026-07-15 09:30:07  WARNING   MIS BUY LODHA: avail=Rs125.54 < needed=Rs579.80 — qty 2→0
2026-07-15 09:30:07  ERROR     MIS BUY LODHA skipped — insufficient capital after reduction
2026-07-15 09:30:07  DEBUG     Starting new HTTPS connection (1): piconnect.flattrade.in:443
2026-07-15 09:30:08  DEBUG     https://piconnect.flattrade.in:443 "POST /PiConnectAPI/PositionBook HTTP/1.1" 200 None
2026-07-15 09:30:08  DEBUG     Starting new HTTPS connection (1): piconnect.flattrade.in:443
2026-07-15 09:30:08  DEBUG     https://piconnect.flattrade.in:443 "POST /PiConnectAPI/Limits HTTP/1.1" 200 None
2026-07-15 09:30:08  WARNING   MIS BUY LODHA: avail=Rs125.54 < needed=Rs580.10 — qty 2→0
2026-07-15 09:30:08  ERROR     MIS BUY LODHA skipped — insufficient capital after reduction
2026-07-15 09:30:08  DEBUG     Starting new HTTPS connection (1): piconnect.flattrade.in:443
2026-07-15 09:30:09  DEBUG     https://piconnect.flattrade.in:443 "POST /PiConnectAPI/PositionBook HTTP/1.1" 200 None
2026-07-15 09:30:09  DEBUG     Starting new HTTPS connection (1): piconnect.flattrade.in:443
2026-07-15 09:30:09  DEBUG     https://piconnect.flattrade.in:443 "POST /PiConnectAPI/Limits HTTP/1.1" 200 None
2026-07-15 09:30:09  WARNING   MIS BUY LODHA: avail=Rs125.54 < needed=Rs580.15 — qty 2→0
2026-07-15 09:30:09  ERROR     MIS BUY LODHA skipped — insufficient capital after reduction
2026-07-15 09:30:10  DEBUG     Starting new HTTPS connection (1): piconnect.flattrade.in:443
2026-07-15 09:30:10  DEBUG     https://piconnect.flattrade.in:443 "POST /PiConnectAPI/PositionBook HTTP/1.1" 200 None
2026-07-15 09:30:10  DEBUG     Starting new HTTPS connection (1): piconnect.flattrade.in:443
2026-07-15 09:30:10  DEBUG     https://piconnect.flattrade.in:443 "POST /PiConnectAPI/Limits HTTP/1.1" 200 None
2026-07-15 09:30:10  WARNING   MIS BUY LODHA: avail=Rs125.54 < needed=Rs580.08 — qty 2→0
2026-07-15 09:30:10  ERROR     MIS BUY LODHA skipped — insufficient capital after reduction
2026-07-15 09:30:11  DEBUG     Starting new HTTPS connection (1): piconnect.flattrade.in:443
2026-07-15 09:30:11  DEBUG     https://piconnect.flattrade.in:443 "POST /PiConnectAPI/PositionBook HTTP/1.1" 200 None
2026-07-15 09:30:11  DEBUG     Starting new HTTPS connection (1): piconnect.flattrade.in:443
2026-07-15 09:30:11  DEBUG     https://piconnect.flattrade.in:443 "POST /PiConnectAPI/Limits HTTP/1.1" 200 None
2026-07-15 09:30:11  WARNING   MIS BUY LODHA: avail=Rs125.54 < needed=Rs580.23 — qty 2→0
2026-07-15 09:30:11  ERROR     MIS BUY LODHA skipped — insufficient capital after reduction
2026-07-15 09:30:11  DEBUG     Starting new HTTPS connection (1): piconnect.flattrade.in:443
2026-07-15 09:30:11  DEBUG     https://piconnect.flattrade.in:443 "POST /PiConnectAPI/PositionBook HTTP/1.1" 200 None
2026-07-15 09:30:11  DEBUG     Starting new HTTPS connection (1): piconnect.flattrade.in:443
2026-07-15 09:30:11  DEBUG     https://piconnect.flattrade.in:443 "POST /PiConnectAPI/Limits HTTP/1.1" 200 None
2026-07-15 09:30:11  WARNING   MIS BUY LODHA: avail=Rs125.54 < needed=Rs580.23 — qty 2→0
2026-07-15 09:30:11  ERROR     MIS BUY LODHA skipped — insufficient capital after reduction
2026-07-15 09:30:11  DEBUG     Starting new HTTPS connection (1): piconnect.flattrade.in:443
2026-07-15 09:30:12  DEBUG     https://piconnect.flattrade.in:443 "POST /PiConnectAPI/PositionBook HTTP/1.1" 200 None
2026-07-15 09:30:12  DEBUG     Starting new HTTPS connection (1): piconnect.flattrade.in:443
2026-07-15 09:30:12  DEBUG     https://piconnect.flattrade.in:443 "POST /PiConnectAPI/Limits HTTP/1.1" 200 None
2026-07-15 09:30:12  WARNING   MIS BUY LODHA: avail=Rs125.54 < needed=Rs580.85 — qty 2→0
2026-07-15 09:30:12  ERROR     MIS BUY LODHA skipped — insufficient capital after reduction
2026-07-15 09:30:12  DEBUG     Starting new HTTPS connection (1): piconnect.flattrade.in:443
2026-07-15 09:30:13  DEBUG     https://piconnect.flattrade.in:443 "POST /PiConnectAPI/PositionBook HTTP/1.1" 200 None
2026-07-15 09:30:13  DEBUG     Starting new HTTPS connection (1): piconnect.flattrade.in:443
2026-07-15 09:30:13  DEBUG     https://piconnect.flattrade.in:443 "POST /PiConnectAPI/Limits HTTP/1.1" 200 None
2026-07-15 09:30:13  WARNING   MIS BUY LODHA: avail=Rs125.54 < needed=Rs580.92 — qty 2→0
2026-07-15 09:30:13  ERROR     MIS BUY LODHA skipped — insufficient capital after reduction
2026-07-15 09:30:13  DEBUG     Starting new HTTPS connection (1): piconnect.flattrade.in:443
2026-07-15 09:30:13  DEBUG     https://piconnect.flattrade.in:443 "POST /PiConnectAPI/PositionBook HTTP/1.1" 200 None
2026-07-15 09:30:13  DEBUG     Starting new HTTPS connection (1): piconnect.flattrade.in:443
2026-07-15 09:30:13  DEBUG     https://piconnect.flattrade.in:443 "POST /PiConnectAPI/Limits HTTP/1.1" 200 None
2026-07-15 09:30:13  WARNING   MIS BUY LODHA: avail=Rs125.54 < needed=Rs580.92 — qty 2→0
2026-07-15 09:30:13  ERROR     MIS BUY LODHA skipped — insufficient capital after reduction
2026-07-15 09:30:13  DEBUG     Starting new HTTPS connection (1): piconnect.flattrade.in:443
2026-07-15 09:30:14  DEBUG     https://piconnect.flattrade.in:443 "POST /PiConnectAPI/PositionBook HTTP/1.1" 200 None
2026-07-15 09:30:14  DEBUG     Starting new HTTPS connection (1): piconnect.flattrade.in:443
2026-07-15 09:30:14  DEBUG     https://piconnect.flattrade.in:443 "POST /PiConnectAPI/Limits HTTP/1.1" 200 None
2026-07-15 09:30:14  WARNING   MIS BUY LODHA: avail=Rs125.54 < needed=Rs580.70 — qty 2→0
2026-07-15 09:30:14  ERROR     MIS BUY LODHA skipped — insufficient capital after reduction
2026-07-15 09:30:14  DEBUG     Starting new HTTPS connection (1): piconnect.flattrade.in:443
2026-07-15 09:30:14  DEBUG     https://piconnect.flattrade.in:443 "POST /PiConnectAPI/PositionBook HTTP/1.1" 200 None
2026-07-15 09:30:14  DEBUG     Starting new HTTPS connection (1): piconnect.flattrade.in:443
2026-07-15 09:30:14  DEBUG     https://piconnect.flattrade.in:443 "POST /PiConnectAPI/Limits HTTP/1.1" 200 None
2026-07-15 09:30:14  WARNING   MIS BUY LODHA: avail=Rs125.54 < needed=Rs580.70 — qty 2→0
2026-07-15 09:30:14  ERROR     MIS BUY LODHA skipped — insufficient capital after reduction
2026-07-15 09:30:15  DEBUG     Starting new HTTPS connection (1): piconnect.flattrade.in:443
2026-07-15 09:30:15  DEBUG     https://piconnect.flattrade.in:443 "POST /PiConnectAPI/PositionBook HTTP/1.1" 200 None
2026-07-15 09:30:15  DEBUG     Starting new HTTPS connection (1): piconnect.flattrade.in:443
2026-07-15 09:30:15  DEBUG     https://piconnect.flattrade.in:443 "POST /PiConnectAPI/Limits HTTP/1.1" 200 None
2026-07-15 09:30:15  WARNING   MIS BUY LODHA: avail=Rs125.54 < needed=Rs580.50 — qty 2→0
2026-07-15 09:30:15  ERROR     MIS BUY LODHA skipped — insufficient capital after reduction
2026-07-15 09:30:16  DEBUG     Starting new HTTPS connection (1): piconnect.flattrade.in:443
2026-07-15 09:30:16  DEBUG     https://piconnect.flattrade.in:443 "POST /PiConnectAPI/PositionBook HTTP/1.1" 200 None
2026-07-15 09:30:16  DEBUG     Starting new HTTPS connection (1): piconnect.flattrade.in:443
2026-07-15 09:30:16  DEBUG     https://piconnect.flattrade.in:443 "POST /PiConnectAPI/Limits HTTP/1.1" 200 None
2026-07-15 09:30:16  WARNING   MIS BUY LODHA: avail=Rs125.54 < needed=Rs580.45 — qty 2→0
2026-07-15 09:30:16  ERROR     MIS BUY LODHA skipped — insufficient capital after reduction
2026-07-15 09:30:16  DEBUG     Starting new HTTPS connection (1): piconnect.flattrade.in:443
2026-07-15 09:30:16  DEBUG     https://piconnect.flattrade.in:443 "POST /PiConnectAPI/PositionBook HTTP/1.1" 200 None
2026-07-15 09:30:16  DEBUG     Starting new HTTPS connection (1): piconnect.flattrade.in:443
2026-07-15 09:30:16  DEBUG     https://piconnect.flattrade.in:443 "POST /PiConnectAPI/Limits HTTP/1.1" 200 None
2026-07-15 09:30:16  WARNING   MIS BUY LODHA: avail=Rs125.54 < needed=Rs580.45 — qty 2→0
2026-07-15 09:30:16  ERROR     MIS BUY LODHA skipped — insufficient capital after reduction
2026-07-15 09:30:17  DEBUG     Starting new HTTPS connection (1): piconnect.flattrade.in:443
2026-07-15 09:30:17  DEBUG     https://piconnect.flattrade.in:443 "POST /PiConnectAPI/PositionBook HTTP/1.1" 200 None
2026-07-15 09:30:17  DEBUG     Starting new HTTPS connection (1): piconnect.flattrade.in:443
2026-07-15 09:30:17  DEBUG     https://piconnect.flattrade.in:443 "POST /PiConnectAPI/Limits HTTP/1.1" 200 None
2026-07-15 09:30:17  WARNING   MIS BUY LODHA: avail=Rs125.54 < needed=Rs580.33 — qty 2→0
2026-07-15 09:30:17  ERROR     MIS BUY LODHA skipped — insufficient capital after reduction
2026-07-15 09:30:18  DEBUG     Starting new HTTPS connection (1): piconnect.flattrade.in:443
2026-07-15 09:30:18  DEBUG     https://piconnect.flattrade.in:443 "POST /PiConnectAPI/PositionBook HTTP/1.1" 200 None
2026-07-15 09:30:18  DEBUG     Starting new HTTPS connection (1): piconnect.flattrade.in:443
2026-07-15 09:30:18  DEBUG     https://piconnect.flattrade.in:443 "POST /PiConnectAPI/Limits HTTP/1.1" 200 None
2026-07-15 09:30:18  WARNING   MIS BUY LODHA: avail=Rs125.54 < needed=Rs580.23 — qty 2→0
2026-07-15 09:30:18  ERROR     MIS BUY LODHA skipped — insufficient capital after reduction
2026-07-15 09:30:19  DEBUG     Starting new HTTPS connection (1): piconnect.flattrade.in:443
2026-07-15 09:30:19  DEBUG     https://piconnect.flattrade.in:443 "POST /PiConnectAPI/PositionBook HTTP/1.1" 200 None
2026-07-15 09:30:19  DEBUG     Starting new HTTPS connection (1): piconnect.flattrade.in:443
2026-07-15 09:30:19  DEBUG     https://piconnect.flattrade.in:443 "POST /PiConnectAPI/Limits HTTP/1.1" 200 None
2026-07-15 09:30:19  WARNING   MIS BUY LODHA: avail=Rs125.54 < needed=Rs580.23 — qty 2→0
2026-07-15 09:30:19  ERROR     MIS BUY LODHA skipped — insufficient capital after reduction
2026-07-15 09:30:19  DEBUG     Starting new HTTPS connection (1): piconnect.flattrade.in:443
2026-07-15 09:30:19  DEBUG     https://piconnect.flattrade.in:443 "POST /PiConnectAPI/PositionBook HTTP/1.1" 200 None
2026-07-15 09:30:19  DEBUG     Starting new HTTPS connection (1): piconnect.flattrade.in:443
2026-07-15 09:30:20  DEBUG     https://piconnect.flattrade.in:443 "POST /PiConnectAPI/Limits HTTP/1.1" 200 None
2026-07-15 09:30:20  WARNING   MIS BUY LODHA: avail=Rs125.54 < needed=Rs580.23 — qty 2→0
2026-07-15 09:30:20  ERROR     MIS BUY LODHA skipped — insufficient capital after reduction
2026-07-15 09:30:20  DEBUG     Starting new HTTPS connection (1): piconnect.flattrade.in:443
2026-07-15 09:30:20  DEBUG     https://piconnect.flattrade.in:443 "POST /PiConnectAPI/PositionBook HTTP/1.1" 200 None
2026-07-15 09:30:20  DEBUG     Starting new HTTPS connection (1): piconnect.flattrade.in:443
2026-07-15 09:30:20  DEBUG     https://piconnect.flattrade.in:443 "POST /PiConnectAPI/Limits HTTP/1.1" 200 None
2026-07-15 09:30:20  WARNING   MIS BUY LODHA: avail=Rs125.54 < needed=Rs580.23 — qty 2→0
2026-07-15 09:30:20  ERROR     MIS BUY LODHA skipped — insufficient capital after reduction
2026-07-15 09:30:21  DEBUG     Starting new HTTPS connection (1): piconnect.flattrade.in:443
2026-07-15 09:30:21  DEBUG     https://piconnect.flattrade.in:443 "POST /PiConnectAPI/PositionBook HTTP/1.1" 200 None
2026-07-15 09:30:21  DEBUG     Starting new HTTPS connection (1): piconnect.flattrade.in:443
2026-07-15 09:30:21  DEBUG     https://piconnect.flattrade.in:443 "POST /PiConnectAPI/Limits HTTP/1.1" 200 None
2026-07-15 09:30:21  WARNING   MIS BUY LODHA: avail=Rs125.54 < needed=Rs580.23 — qty 2→0
2026-07-15 09:30:21  ERROR     MIS BUY LODHA skipped — insufficient capital after reduction
2026-07-15 09:30:21  DEBUG     Starting new HTTPS connection (1): piconnect.flattrade.in:443
2026-07-15 09:30:21  DEBUG     https://piconnect.flattrade.in:443 "POST /PiConnectAPI/PositionBook HTTP/1.1" 200 None
2026-07-15 09:30:21  DEBUG     Starting new HTTPS connection (1): piconnect.flattrade.in:443
2026-07-15 09:30:22  DEBUG     https://piconnect.flattrade.in:443 "POST /PiConnectAPI/Limits HTTP/1.1" 200 None
2026-07-15 09:30:22  WARNING   MIS BUY LODHA: avail=Rs125.54 < needed=Rs580.08 — qty 2→0
2026-07-15 09:30:22  ERROR     MIS BUY LODHA skipped — insufficient capital after reduction
2026-07-15 09:30:22  DEBUG     Starting new HTTPS connection (1): piconnect.flattrade.in:443
2026-07-15 09:30:22  DEBUG     https://piconnect.flattrade.in:443 "POST /PiConnectAPI/PositionBook HTTP/1.1" 200 None
2026-07-15 09:30:22  DEBUG     Starting new HTTPS connection (1): piconnect.flattrade.in:443
2026-07-15 09:30:22  DEBUG     https://piconnect.flattrade.in:443 "POST /PiConnectAPI/Limits HTTP/1.1" 200 None
2026-07-15 09:30:22  WARNING   MIS BUY LODHA: avail=Rs125.54 < needed=Rs580.08 — qty 2→0
2026-07-15 09:30:22  ERROR     MIS BUY LODHA skipped — insufficient capital after reduction
2026-07-15 09:30:22  DEBUG     Starting new HTTPS connection (1): piconnect.flattrade.in:443
2026-07-15 09:30:22  DEBUG     https://piconnect.flattrade.in:443 "POST /PiConnectAPI/PositionBook HTTP/1.1" 200 None
2026-07-15 09:30:22  DEBUG     Starting new HTTPS connection (1): piconnect.flattrade.in:443
2026-07-15 09:30:22  DEBUG     https://piconnect.flattrade.in:443 "POST /PiConnectAPI/Limits HTTP/1.1" 200 None
2026-07-15 09:30:22  WARNING   MIS BUY LODHA: avail=Rs125.54 < needed=Rs579.90 — qty 2→0
2026-07-15 09:30:22  ERROR     MIS BUY LODHA skipped — insufficient capital after reduction
2026-07-15 09:30:23  DEBUG     Starting new HTTPS connection (1): piconnect.flattrade.in:443
2026-07-15 09:30:23  DEBUG     https://piconnect.flattrade.in:443 "POST /PiConnectAPI/PositionBook HTTP/1.1" 200 None
2026-07-15 09:30:23  DEBUG     Starting new HTTPS connection (1): piconnect.flattrade.in:443
2026-07-15 09:30:24  DEBUG     https://piconnect.flattrade.in:443 "POST /PiConnectAPI/Limits HTTP/1.1" 200 None
2026-07-15 09:30:24  WARNING   MIS BUY LODHA: avail=Rs125.54 < needed=Rs579.73 — qty 2→0
2026-07-15 09:30:24  ERROR     MIS BUY LODHA skipped — insufficient capital after reduction
2026-07-15 09:30:24  DEBUG     Starting new HTTPS connection (1): piconnect.flattrade.in:443
2026-07-15 09:30:24  DEBUG     https://piconnect.flattrade.in:443 "POST /PiConnectAPI/PositionBook HTTP/1.1" 200 None
2026-07-15 09:30:24  DEBUG     Starting new HTTPS connection (1): piconnect.flattrade.in:443
2026-07-15 09:30:24  DEBUG     https://piconnect.flattrade.in:443 "POST /PiConnectAPI/Limits HTTP/1.1" 200 None
2026-07-15 09:30:24  WARNING   MIS BUY LODHA: avail=Rs125.54 < needed=Rs579.73 — qty 2→0
2026-07-15 09:30:24  ERROR     MIS BUY LODHA skipped — insufficient capital after reduction
2026-07-15 09:30:24  DEBUG     Starting new HTTPS connection (1): piconnect.flattrade.in:443
2026-07-15 09:30:24  DEBUG     https://piconnect.flattrade.in:443 "POST /PiConnectAPI/PositionBook HTTP/1.1" 200 None
2026-07-15 09:30:24  DEBUG     Starting new HTTPS connection (1): piconnect.flattrade.in:443
2026-07-15 09:30:25  DEBUG     https://piconnect.flattrade.in:443 "POST /PiConnectAPI/Limits HTTP/1.1" 200 None
2026-07-15 09:30:25  WARNING   MIS BUY LODHA: avail=Rs125.54 < needed=Rs579.73 — qty 2→0
2026-07-15 09:30:25  ERROR     MIS BUY LODHA skipped — insufficient capital after reduction
2026-07-15 09:30:25  DEBUG     Starting new HTTPS connection (1): piconnect.flattrade.in:443
2026-07-15 09:30:25  DEBUG     https://piconnect.flattrade.in:443 "POST /PiConnectAPI/PositionBook HTTP/1.1" 200 None
2026-07-15 09:30:25  DEBUG     Starting new HTTPS connection (1): piconnect.flattrade.in:443
2026-07-15 09:30:25  DEBUG     https://piconnect.flattrade.in:443 "POST /PiConnectAPI/Limits HTTP/1.1" 200 None
2026-07-15 09:30:25  WARNING   MIS BUY LODHA: avail=Rs125.54 < needed=Rs579.73 — qty 2→0
2026-07-15 09:30:25  ERROR     MIS BUY LODHA skipped — insufficient capital after reduction
2026-07-15 09:30:25  DEBUG     Starting new HTTPS connection (1): piconnect.flattrade.in:443
2026-07-15 09:30:25  DEBUG     https://piconnect.flattrade.in:443 "POST /PiConnectAPI/PositionBook HTTP/1.1" 200 None
2026-07-15 09:30:26  DEBUG     Starting new HTTPS connection (1): piconnect.flattrade.in:443
2026-07-15 09:30:26  DEBUG     https://piconnect.flattrade.in:443 "POST /PiConnectAPI/Limits HTTP/1.1" 200 None
2026-07-15 09:30:26  WARNING   MIS BUY LODHA: avail=Rs125.54 < needed=Rs579.62 — qty 2→0
2026-07-15 09:30:26  ERROR     MIS BUY LODHA skipped — insufficient capital after reduction
2026-07-15 09:30:26  DEBUG     Starting new HTTPS connection (1): piconnect.flattrade.in:443
2026-07-15 09:30:27  DEBUG     https://piconnect.flattrade.in:443 "POST /PiConnectAPI/PositionBook HTTP/1.1" 200 None
2026-07-15 09:30:27  DEBUG     Starting new HTTPS connection (1): piconnect.flattrade.in:443
2026-07-15 09:30:27  DEBUG     https://piconnect.flattrade.in:443 "POST /PiConnectAPI/Limits HTTP/1.1" 200 None
2026-07-15 09:30:27  WARNING   MIS BUY LODHA: avail=Rs125.54 < needed=Rs579.62 — qty 2→0
2026-07-15 09:30:27  ERROR     MIS BUY LODHA skipped — insufficient capital after reduction
2026-07-15 09:30:27  DEBUG     Starting new HTTPS connection (1): piconnect.flattrade.in:443
2026-07-15 09:30:27  DEBUG     https://piconnect.flattrade.in:443 "POST /PiConnectAPI/PositionBook HTTP/1.1" 200 None
2026-07-15 09:30:27  DEBUG     Starting new HTTPS connection (1): piconnect.flattrade.in:443
2026-07-15 09:30:28  DEBUG     https://piconnect.flattrade.in:443 "POST /PiConnectAPI/Limits HTTP/1.1" 200 None
2026-07-15 09:30:28  WARNING   MIS BUY LODHA: avail=Rs125.54 < needed=Rs579.62 — qty 2→0
2026-07-15 09:30:28  ERROR     MIS BUY LODHA skipped — insufficient capital after reduction
2026-07-15 09:30:28  DEBUG     Starting new HTTPS connection (1): piconnect.flattrade.in:443
2026-07-15 09:30:28  DEBUG     https://piconnect.flattrade.in:443 "POST /PiConnectAPI/PositionBook HTTP/1.1" 200 None
2026-07-15 09:30:28  DEBUG     Starting new HTTPS connection (1): piconnect.flattrade.in:443
2026-07-15 09:30:28  DEBUG     https://piconnect.flattrade.in:443 "POST /PiConnectAPI/Limits HTTP/1.1" 200 None
2026-07-15 09:30:28  WARNING   MIS BUY LODHA: avail=Rs125.54 < needed=Rs579.62 — qty 2→0
2026-07-15 09:30:28  ERROR     MIS BUY LODHA skipped — insufficient capital after reduction
2026-07-15 09:30:28  DEBUG     Starting new HTTPS connection (1): piconnect.flattrade.in:443
2026-07-15 09:30:29  DEBUG     https://piconnect.flattrade.in:443 "POST /PiConnectAPI/PositionBook HTTP/1.1" 200 None
2026-07-15 09:30:29  DEBUG     Starting new HTTPS connection (1): piconnect.flattrade.in:443
2026-07-15 09:30:29  DEBUG     https://piconnect.flattrade.in:443 "POST /PiConnectAPI/Limits HTTP/1.1" 200 None
2026-07-15 09:30:29  WARNING   MIS BUY LODHA: avail=Rs125.54 < needed=Rs580.08 — qty 2→0
2026-07-15 09:30:29  ERROR     MIS BUY LODHA skipped — insufficient capital after reduction
2026-07-15 09:30:29  DEBUG     Starting new HTTPS connection (1): piconnect.flattrade.in:443
2026-07-15 09:30:30  DEBUG     https://piconnect.flattrade.in:443 "POST /PiConnectAPI/PositionBook HTTP/1.1" 200 None
2026-07-15 09:30:30  DEBUG     Starting new HTTPS connection (1): piconnect.flattrade.in:443
2026-07-15 09:30:30  DEBUG     https://piconnect.flattrade.in:443 "POST /PiConnectAPI/Limits HTTP/1.1" 200 None
2026-07-15 09:30:30  WARNING   MIS BUY LODHA: avail=Rs125.54 < needed=Rs580.00 — qty 2→0
2026-07-15 09:30:30  ERROR     MIS BUY LODHA skipped — insufficient capital after reduction
2026-07-15 09:30:30  DEBUG     Starting new HTTPS connection (1): piconnect.flattrade.in:443
2026-07-15 09:30:30  DEBUG     https://piconnect.flattrade.in:443 "POST /PiConnectAPI/PositionBook HTTP/1.1" 200 None
2026-07-15 09:30:30  DEBUG     Starting new HTTPS connection (1): piconnect.flattrade.in:443
2026-07-15 09:30:30  DEBUG     https://piconnect.flattrade.in:443 "POST /PiConnectAPI/Limits HTTP/1.1" 200 None
2026-07-15 09:30:30  WARNING   MIS BUY LODHA: avail=Rs125.54 < needed=Rs580.00 — qty 2→0
2026-07-15 09:30:30  ERROR     MIS BUY LODHA skipped — insufficient capital after reduction
2026-07-15 09:30:30  DEBUG     Sending ping
2026-07-15 09:30:31  DEBUG     Starting new HTTPS connection (1): piconnect.flattrade.in:443
2026-07-15 09:30:31  DEBUG     https://piconnect.flattrade.in:443 "POST /PiConnectAPI/PositionBook HTTP/1.1" 200 None
2026-07-15 09:30:31  DEBUG     Starting new HTTPS connection (1): piconnect.flattrade.in:443
2026-07-15 09:30:31  DEBUG     https://piconnect.flattrade.in:443 "POST /PiConnectAPI/Limits HTTP/1.1" 200 None
2026-07-15 09:30:31  WARNING   MIS BUY LODHA: avail=Rs125.54 < needed=Rs579.92 — qty 2→0
2026-07-15 09:30:31  ERROR     MIS BUY LODHA skipped — insufficient capital after reduction
2026-07-15 09:30:32  DEBUG     Starting new HTTPS connection (1): piconnect.flattrade.in:443
2026-07-15 09:30:32  DEBUG     https://piconnect.flattrade.in:443 "POST /PiConnectAPI/PositionBook HTTP/1.1" 200 None
2026-07-15 09:30:32  DEBUG     Starting new HTTPS connection (1): piconnect.flattrade.in:443
2026-07-15 09:30:32  DEBUG     https://piconnect.flattrade.in:443 "POST /PiConnectAPI/Limits HTTP/1.1" 200 None
2026-07-15 09:30:32  WARNING   MIS BUY LODHA: avail=Rs125.54 < needed=Rs579.92 — qty 2→0
2026-07-15 09:30:32  ERROR     MIS BUY LODHA skipped — insufficient capital after reduction
2026-07-15 09:30:33  DEBUG     Starting new HTTPS connection (1): piconnect.flattrade.in:443
2026-07-15 09:30:33  DEBUG     https://piconnect.flattrade.in:443 "POST /PiConnectAPI/PositionBook HTTP/1.1" 200 None
2026-07-15 09:30:33  DEBUG     Starting new HTTPS connection (1): piconnect.flattrade.in:443
2026-07-15 09:30:33  DEBUG     https://piconnect.flattrade.in:443 "POST /PiConnectAPI/Limits HTTP/1.1" 200 None
2026-07-15 09:30:33  WARNING   MIS BUY LODHA: avail=Rs125.54 < needed=Rs580.50 — qty 2→0
2026-07-15 09:30:33  ERROR     MIS BUY LODHA skipped — insufficient capital after reduction
2026-07-15 09:30:34  DEBUG     Starting new HTTPS connection (1): piconnect.flattrade.in:443
2026-07-15 09:30:34  DEBUG     https://piconnect.flattrade.in:443 "POST /PiConnectAPI/PositionBook HTTP/1.1" 200 None
2026-07-15 09:30:34  DEBUG     Starting new HTTPS connection (1): piconnect.flattrade.in:443
2026-07-15 09:30:34  DEBUG     https://piconnect.flattrade.in:443 "POST /PiConnectAPI/Limits HTTP/1.1" 200 None
2026-07-15 09:30:34  WARNING   MIS BUY LODHA: avail=Rs125.54 < needed=Rs580.70 — qty 2→0
2026-07-15 09:30:34  ERROR     MIS BUY LODHA skipped — insufficient capital after reduction
2026-07-15 09:30:35  DEBUG     Starting new HTTPS connection (1): piconnect.flattrade.in:443
2026-07-15 09:30:35  DEBUG     https://piconnect.flattrade.in:443 "POST /PiConnectAPI/PositionBook HTTP/1.1" 200 None
2026-07-15 09:30:35  DEBUG     Starting new HTTPS connection (1): piconnect.flattrade.in:443
2026-07-15 09:30:35  DEBUG     https://piconnect.flattrade.in:443 "POST /PiConnectAPI/Limits HTTP/1.1" 200 None
2026-07-15 09:30:35  WARNING   MIS BUY LODHA: avail=Rs125.54 < needed=Rs580.70 — qty 2→0
2026-07-15 09:30:35  ERROR     MIS BUY LODHA skipped — insufficient capital after reduction
2026-07-15 09:30:36  DEBUG     Starting new HTTPS connection (1): piconnect.flattrade.in:443
2026-07-15 09:30:36  DEBUG     https://piconnect.flattrade.in:443 "POST /PiConnectAPI/PositionBook HTTP/1.1" 200 None
2026-07-15 09:30:36  DEBUG     Starting new HTTPS connection (1): piconnect.flattrade.in:443
2026-07-15 09:30:36  DEBUG     https://piconnect.flattrade.in:443 "POST /PiConnectAPI/Limits HTTP/1.1" 200 None
2026-07-15 09:30:36  WARNING   MIS BUY LODHA: avail=Rs125.54 < needed=Rs580.70 — qty 2→0
2026-07-15 09:30:36  ERROR     MIS BUY LODHA skipped — insufficient capital after reduction
2026-07-15 09:30:36  DEBUG     Starting new HTTPS connection (1): piconnect.flattrade.in:443
2026-07-15 09:30:36  DEBUG     https://piconnect.flattrade.in:443 "POST /PiConnectAPI/PositionBook HTTP/1.1" 200 None
2026-07-15 09:30:36  DEBUG     Starting new HTTPS connection (1): piconnect.flattrade.in:443
2026-07-15 09:30:37  DEBUG     https://piconnect.flattrade.in:443 "POST /PiConnectAPI/Limits HTTP/1.1" 200 None
2026-07-15 09:30:37  WARNING   MIS BUY LODHA: avail=Rs125.54 < needed=Rs580.70 — qty 2→0
2026-07-15 09:30:37  ERROR     MIS BUY LODHA skipped — insufficient capital after reduction
2026-07-15 09:30:37  DEBUG     Starting new HTTPS connection (1): piconnect.flattrade.in:443
2026-07-15 09:30:37  DEBUG     https://piconnect.flattrade.in:443 "POST /PiConnectAPI/PositionBook HTTP/1.1" 200 None
2026-07-15 09:30:37  DEBUG     Starting new HTTPS connection (1): piconnect.flattrade.in:443
2026-07-15 09:30:37  DEBUG     https://piconnect.flattrade.in:443 "POST /PiConnectAPI/Limits HTTP/1.1" 200 None
2026-07-15 09:30:37  WARNING   MIS BUY LODHA: avail=Rs125.54 < needed=Rs580.67 — qty 2→0
2026-07-15 09:30:37  ERROR     MIS BUY LODHA skipped — insufficient capital after reduction
2026-07-15 09:30:38  DEBUG     Starting new HTTPS connection (1): piconnect.flattrade.in:443
2026-07-15 09:30:38  DEBUG     https://piconnect.flattrade.in:443 "POST /PiConnectAPI/PositionBook HTTP/1.1" 200 None
2026-07-15 09:30:38  DEBUG     Starting new HTTPS connection (1): piconnect.flattrade.in:443
2026-07-15 09:30:38  DEBUG     https://piconnect.flattrade.in:443 "POST /PiConnectAPI/Limits HTTP/1.1" 200 None
2026-07-15 09:30:38  WARNING   MIS BUY LODHA: avail=Rs125.54 < needed=Rs580.67 — qty 2→0
2026-07-15 09:30:38  ERROR     MIS BUY LODHA skipped — insufficient capital after reduction
2026-07-15 09:30:38  DEBUG     Starting new HTTPS connection (1): piconnect.flattrade.in:443
2026-07-15 09:30:38  DEBUG     https://piconnect.flattrade.in:443 "POST /PiConnectAPI/PositionBook HTTP/1.1" 200 None
2026-07-15 09:30:38  DEBUG     Starting new HTTPS connection (1): piconnect.flattrade.in:443
2026-07-15 09:30:39  DEBUG     https://piconnect.flattrade.in:443 "POST /PiConnectAPI/Limits HTTP/1.1" 200 None
2026-07-15 09:30:39  WARNING   MIS BUY LODHA: avail=Rs125.54 < needed=Rs580.90 — qty 2→0
2026-07-15 09:30:39  ERROR     MIS BUY LODHA skipped — insufficient capital after reduction
2026-07-15 09:30:39  DEBUG     Starting new HTTPS connection (1): piconnect.flattrade.in:443
2026-07-15 09:30:39  DEBUG     https://piconnect.flattrade.in:443 "POST /PiConnectAPI/PositionBook HTTP/1.1" 200 None
2026-07-15 09:30:39  DEBUG     Starting new HTTPS connection (1): piconnect.flattrade.in:443
2026-07-15 09:30:39  DEBUG     https://piconnect.flattrade.in:443 "POST /PiConnectAPI/Limits HTTP/1.1" 200 None
2026-07-15 09:30:39  WARNING   MIS BUY LODHA: avail=Rs125.54 < needed=Rs580.90 — qty 2→0
2026-07-15 09:30:39  ERROR     MIS BUY LODHA skipped — insufficient capital after reduction
2026-07-15 09:30:39  DEBUG     Starting new HTTPS connection (1): piconnect.flattrade.in:443
2026-07-15 09:30:39  DEBUG     https://piconnect.flattrade.in:443 "POST /PiConnectAPI/PositionBook HTTP/1.1" 200 None
2026-07-15 09:30:39  DEBUG     Starting new HTTPS connection (1): piconnect.flattrade.in:443
2026-07-15 09:30:40  DEBUG     https://piconnect.flattrade.in:443 "POST /PiConnectAPI/Limits HTTP/1.1" 200 None
2026-07-15 09:30:40  WARNING   MIS BUY LODHA: avail=Rs125.54 < needed=Rs580.90 — qty 2→0
2026-07-15 09:30:40  ERROR     MIS BUY LODHA skipped — insufficient capital after reduction
2026-07-15 09:30:40  DEBUG     Starting new HTTPS connection (1): piconnect.flattrade.in:443
2026-07-15 09:30:40  DEBUG     https://piconnect.flattrade.in:443 "POST /PiConnectAPI/PositionBook HTTP/1.1" 200 None
2026-07-15 09:30:40  DEBUG     Starting new HTTPS connection (1): piconnect.flattrade.in:443
2026-07-15 09:30:40  DEBUG     https://piconnect.flattrade.in:443 "POST /PiConnectAPI/Limits HTTP/1.1" 200 None
2026-07-15 09:30:40  WARNING   MIS BUY LODHA: avail=Rs125.54 < needed=Rs580.90 — qty 2→0
2026-07-15 09:30:40  ERROR     MIS BUY LODHA skipped — insufficient capital after reduction
2026-07-15 09:30:40  DEBUG     Starting new HTTPS connection (1): piconnect.flattrade.in:443
2026-07-15 09:30:40  DEBUG     https://piconnect.flattrade.in:443 "POST /PiConnectAPI/PositionBook HTTP/1.1" 200 None
2026-07-15 09:30:40  DEBUG     Starting new HTTPS connection (1): piconnect.flattrade.in:443
2026-07-15 09:30:41  DEBUG     https://piconnect.flattrade.in:443 "POST /PiConnectAPI/Limits HTTP/1.1" 200 None
2026-07-15 09:30:41  WARNING   MIS BUY LODHA: avail=Rs125.54 < needed=Rs580.85 — qty 2→0
2026-07-15 09:30:41  ERROR     MIS BUY LODHA skipped — insufficient capital after reduction
2026-07-15 09:30:41  DEBUG     Starting new HTTPS connection (1): piconnect.flattrade.in:443
2026-07-15 09:30:41  DEBUG     https://piconnect.flattrade.in:443 "POST /PiConnectAPI/PositionBook HTTP/1.1" 200 None
2026-07-15 09:30:41  DEBUG     Starting new HTTPS connection (1): piconnect.flattrade.in:443
2026-07-15 09:30:41  DEBUG     https://piconnect.flattrade.in:443 "POST /PiConnectAPI/Limits HTTP/1.1" 200 None
2026-07-15 09:30:41  WARNING   MIS BUY LODHA: avail=Rs125.54 < needed=Rs580.85 — qty 2→0
2026-07-15 09:30:41  ERROR     MIS BUY LODHA skipped — insufficient capital after reduction
2026-07-15 09:30:42  DEBUG     Starting new HTTPS connection (1): piconnect.flattrade.in:443
2026-07-15 09:30:42  DEBUG     https://piconnect.flattrade.in:443 "POST /PiConnectAPI/PositionBook HTTP/1.1" 200 None
2026-07-15 09:30:42  DEBUG     Starting new HTTPS connection (1): piconnect.flattrade.in:443
2026-07-15 09:30:43  DEBUG     https://piconnect.flattrade.in:443 "POST /PiConnectAPI/Limits HTTP/1.1" 200 None
2026-07-15 09:30:43  WARNING   MIS BUY LODHA: avail=Rs125.54 < needed=Rs580.60 — qty 2→0
2026-07-15 09:30:43  ERROR     MIS BUY LODHA skipped — insufficient capital after reduction
2026-07-15 09:30:43  DEBUG     Starting new HTTPS connection (1): piconnect.flattrade.in:443
2026-07-15 09:30:43  DEBUG     https://piconnect.flattrade.in:443 "POST /PiConnectAPI/PositionBook HTTP/1.1" 200 None
2026-07-15 09:30:43  DEBUG     Starting new HTTPS connection (1): piconnect.flattrade.in:443
2026-07-15 09:30:43  DEBUG     https://piconnect.flattrade.in:443 "POST /PiConnectAPI/Limits HTTP/1.1" 200 None
2026-07-15 09:30:43  WARNING   MIS BUY LODHA: avail=Rs125.54 < needed=Rs580.60 — qty 2→0
2026-07-15 09:30:43  ERROR     MIS BUY LODHA skipped — insufficient capital after reduction
2026-07-15 09:30:43  DEBUG     Starting new HTTPS connection (1): piconnect.flattrade.in:443
2026-07-15 09:30:43  DEBUG     https://piconnect.flattrade.in:443 "POST /PiConnectAPI/PositionBook HTTP/1.1" 200 None
2026-07-15 09:30:43  DEBUG     Starting new HTTPS connection (1): piconnect.flattrade.in:443
2026-07-15 09:30:44  DEBUG     https://piconnect.flattrade.in:443 "POST /PiConnectAPI/Limits HTTP/1.1" 200 None
2026-07-15 09:30:44  WARNING   MIS BUY LODHA: avail=Rs125.54 < needed=Rs580.58 — qty 2→0
2026-07-15 09:30:44  ERROR     MIS BUY LODHA skipped — insufficient capital after reduction
2026-07-15 09:30:44  DEBUG     Starting new HTTPS connection (1): piconnect.flattrade.in:443
2026-07-15 09:30:45  DEBUG     https://piconnect.flattrade.in:443 "POST /PiConnectAPI/PositionBook HTTP/1.1" 200 None
2026-07-15 09:30:45  DEBUG     Starting new HTTPS connection (1): piconnect.flattrade.in:443
2026-07-15 09:30:45  DEBUG     https://piconnect.flattrade.in:443 "POST /PiConnectAPI/Limits HTTP/1.1" 200 None
2026-07-15 09:30:45  WARNING   MIS BUY LODHA: avail=Rs125.54 < needed=Rs580.58 — qty 2→0
2026-07-15 09:30:45  ERROR     MIS BUY LODHA skipped — insufficient capital after reduction
2026-07-15 09:30:45  DEBUG     Starting new HTTPS connection (1): piconnect.flattrade.in:443
2026-07-15 09:30:45  DEBUG     https://piconnect.flattrade.in:443 "POST /PiConnectAPI/PositionBook HTTP/1.1" 200 None
2026-07-15 09:30:45  DEBUG     Starting new HTTPS connection (1): piconnect.flattrade.in:443
2026-07-15 09:30:45  DEBUG     https://piconnect.flattrade.in:443 "POST /PiConnectAPI/Limits HTTP/1.1" 200 None
2026-07-15 09:30:45  WARNING   MIS BUY LODHA: avail=Rs125.54 < needed=Rs580.58 — qty 2→0
2026-07-15 09:30:45  ERROR     MIS BUY LODHA skipped — insufficient capital after reduction
2026-07-15 09:30:45  DEBUG     Starting new HTTPS connection (1): piconnect.flattrade.in:443
2026-07-15 09:30:45  DEBUG     https://piconnect.flattrade.in:443 "POST /PiConnectAPI/PositionBook HTTP/1.1" 200 None
2026-07-15 09:30:45  DEBUG     Starting new HTTPS connection (1): piconnect.flattrade.in:443
2026-07-15 09:30:46  DEBUG     https://piconnect.flattrade.in:443 "POST /PiConnectAPI/Limits HTTP/1.1" 200 None
2026-07-15 09:30:46  WARNING   MIS BUY LODHA: avail=Rs125.54 < needed=Rs580.30 — qty 2→0
2026-07-15 09:30:46  ERROR     MIS BUY LODHA skipped — insufficient capital after reduction
2026-07-15 09:30:46  DEBUG     Starting new HTTPS connection (1): piconnect.flattrade.in:443
2026-07-15 09:30:46  DEBUG     https://piconnect.flattrade.in:443 "POST /PiConnectAPI/PositionBook HTTP/1.1" 200 None
2026-07-15 09:30:46  DEBUG     Starting new HTTPS connection (1): piconnect.flattrade.in:443
2026-07-15 09:30:46  DEBUG     https://piconnect.flattrade.in:443 "POST /PiConnectAPI/Limits HTTP/1.1" 200 None
2026-07-15 09:30:46  WARNING   MIS BUY LODHA: avail=Rs125.54 < needed=Rs580.30 — qty 2→0
2026-07-15 09:30:46  ERROR     MIS BUY LODHA skipped — insufficient capital after reduction
2026-07-15 09:30:46  DEBUG     Starting new HTTPS connection (1): piconnect.flattrade.in:443
2026-07-15 09:30:47  DEBUG     https://piconnect.flattrade.in:443 "POST /PiConnectAPI/PositionBook HTTP/1.1" 200 None
2026-07-15 09:30:47  DEBUG     Starting new HTTPS connection (1): piconnect.flattrade.in:443
2026-07-15 09:30:47  DEBUG     https://piconnect.flattrade.in:443 "POST /PiConnectAPI/Limits HTTP/1.1" 200 None
2026-07-15 09:30:47  WARNING   MIS BUY LODHA: avail=Rs125.54 < needed=Rs580.30 — qty 2→0
2026-07-15 09:30:47  ERROR     MIS BUY LODHA skipped — insufficient capital after reduction
2026-07-15 09:30:47  DEBUG     Starting new HTTPS connection (1): piconnect.flattrade.in:443
2026-07-15 09:30:48  DEBUG     https://piconnect.flattrade.in:443 "POST /PiConnectAPI/PositionBook HTTP/1.1" 200 None
2026-07-15 09:30:48  DEBUG     Starting new HTTPS connection (1): piconnect.flattrade.in:443
2026-07-15 09:30:48  DEBUG     https://piconnect.flattrade.in:443 "POST /PiConnectAPI/Limits HTTP/1.1" 200 None
2026-07-15 09:30:48  WARNING   MIS BUY LODHA: avail=Rs125.54 < needed=Rs580.30 — qty 2→0
2026-07-15 09:30:48  ERROR     MIS BUY LODHA skipped — insufficient capital after reduction
2026-07-15 09:30:48  DEBUG     Starting new HTTPS connection (1): piconnect.flattrade.in:443
2026-07-15 09:30:48  DEBUG     https://piconnect.flattrade.in:443 "POST /PiConnectAPI/PositionBook HTTP/1.1" 200 None
2026-07-15 09:30:48  DEBUG     Starting new HTTPS connection (1): piconnect.flattrade.in:443
2026-07-15 09:30:48  DEBUG     https://piconnect.flattrade.in:443 "POST /PiConnectAPI/Limits HTTP/1.1" 200 None
2026-07-15 09:30:48  WARNING   MIS BUY LODHA: avail=Rs125.54 < needed=Rs580.30 — qty 2→0
2026-07-15 09:30:48  ERROR     MIS BUY LODHA skipped — insufficient capital after reduction
2026-07-15 09:30:49  DEBUG     Starting new HTTPS connection (1): piconnect.flattrade.in:443
2026-07-15 09:30:49  DEBUG     https://piconnect.flattrade.in:443 "POST /PiConnectAPI/PositionBook HTTP/1.1" 200 None
2026-07-15 09:30:49  DEBUG     Starting new HTTPS connection (1): piconnect.flattrade.in:443
2026-07-15 09:30:49  DEBUG     https://piconnect.flattrade.in:443 "POST /PiConnectAPI/Limits HTTP/1.1" 200 None
2026-07-15 09:30:49  WARNING   MIS BUY LODHA: avail=Rs125.54 < needed=Rs580.27 — qty 2→0
2026-07-15 09:30:49  ERROR     MIS BUY LODHA skipped — insufficient capital after reduction
2026-07-15 09:30:50  DEBUG     Starting new HTTPS connection (1): piconnect.flattrade.in:443
2026-07-15 09:30:50  DEBUG     https://piconnect.flattrade.in:443 "POST /PiConnectAPI/PositionBook HTTP/1.1" 200 None
2026-07-15 09:30:50  DEBUG     Starting new HTTPS connection (1): piconnect.flattrade.in:443
2026-07-15 09:30:50  DEBUG     https://piconnect.flattrade.in:443 "POST /PiConnectAPI/Limits HTTP/1.1" 200 None
2026-07-15 09:30:50  WARNING   MIS BUY LODHA: avail=Rs125.54 < needed=Rs580.27 — qty 2→0
2026-07-15 09:30:50  ERROR     MIS BUY LODHA skipped — insufficient capital after reduction
2026-07-15 09:30:51  DEBUG     Starting new HTTPS connection (1): piconnect.flattrade.in:443
2026-07-15 09:30:51  DEBUG     https://piconnect.flattrade.in:443 "POST /PiConnectAPI/PositionBook HTTP/1.1" 200 None
2026-07-15 09:30:51  DEBUG     Starting new HTTPS connection (1): piconnect.flattrade.in:443
2026-07-15 09:30:51  DEBUG     https://piconnect.flattrade.in:443 "POST /PiConnectAPI/Limits HTTP/1.1" 200 None
2026-07-15 09:30:51  WARNING   MIS BUY LODHA: avail=Rs125.54 < needed=Rs580.27 — qty 2→0
2026-07-15 09:30:51  ERROR     MIS BUY LODHA skipped — insufficient capital after reduction
2026-07-15 09:30:51  DEBUG     Starting new HTTPS connection (1): piconnect.flattrade.in:443
2026-07-15 09:30:51  DEBUG     https://piconnect.flattrade.in:443 "POST /PiConnectAPI/PositionBook HTTP/1.1" 200 None
2026-07-15 09:30:51  DEBUG     Starting new HTTPS connection (1): piconnect.flattrade.in:443
2026-07-15 09:30:52  DEBUG     https://piconnect.flattrade.in:443 "POST /PiConnectAPI/Limits HTTP/1.1" 200 None
2026-07-15 09:30:52  WARNING   MIS BUY LODHA: avail=Rs125.54 < needed=Rs580.23 — qty 2→0
2026-07-15 09:30:52  ERROR     MIS BUY LODHA skipped — insufficient capital after reduction
2026-07-15 09:30:52  DEBUG     Starting new HTTPS connection (1): piconnect.flattrade.in:443
2026-07-15 09:30:52  DEBUG     https://piconnect.flattrade.in:443 "POST /PiConnectAPI/PositionBook HTTP/1.1" 200 None
2026-07-15 09:30:52  DEBUG     Starting new HTTPS connection (1): piconnect.flattrade.in:443
2026-07-15 09:30:52  DEBUG     https://piconnect.flattrade.in:443 "POST /PiConnectAPI/Limits HTTP/1.1" 200 None
2026-07-15 09:30:52  WARNING   MIS BUY LODHA: avail=Rs125.54 < needed=Rs580.12 — qty 2→0
2026-07-15 09:30:52  ERROR     MIS BUY LODHA skipped — insufficient capital after reduction
2026-07-15 09:30:53  DEBUG     Starting new HTTPS connection (1): piconnect.flattrade.in:443
2026-07-15 09:30:53  DEBUG     https://piconnect.flattrade.in:443 "POST /PiConnectAPI/PositionBook HTTP/1.1" 200 None
2026-07-15 09:30:53  DEBUG     Starting new HTTPS connection (1): piconnect.flattrade.in:443
2026-07-15 09:30:53  DEBUG     https://piconnect.flattrade.in:443 "POST /PiConnectAPI/Limits HTTP/1.1" 200 None
2026-07-15 09:30:53  WARNING   MIS BUY LODHA: avail=Rs125.54 < needed=Rs580.08 — qty 2→0
2026-07-15 09:30:53  ERROR     MIS BUY LODHA skipped — insufficient capital after reduction
2026-07-15 09:30:54  DEBUG     Starting new HTTPS connection (1): piconnect.flattrade.in:443
2026-07-15 09:30:54  DEBUG     https://piconnect.flattrade.in:443 "POST /PiConnectAPI/PositionBook HTTP/1.1" 200 None
2026-07-15 09:30:54  DEBUG     Starting new HTTPS connection (1): piconnect.flattrade.in:443
2026-07-15 09:30:54  DEBUG     https://piconnect.flattrade.in:443 "POST /PiConnectAPI/Limits HTTP/1.1" 200 None
2026-07-15 09:30:54  WARNING   MIS BUY LODHA: avail=Rs125.54 < needed=Rs580.08 — qty 2→0
2026-07-15 09:30:54  ERROR     MIS BUY LODHA skipped — insufficient capital after reduction
2026-07-15 09:30:54  DEBUG     Starting new HTTPS connection (1): piconnect.flattrade.in:443
2026-07-15 09:30:55  DEBUG     https://piconnect.flattrade.in:443 "POST /PiConnectAPI/PositionBook HTTP/1.1" 200 None
2026-07-15 09:30:55  DEBUG     Starting new HTTPS connection (1): piconnect.flattrade.in:443
2026-07-15 09:30:55  DEBUG     https://piconnect.flattrade.in:443 "POST /PiConnectAPI/Limits HTTP/1.1" 200 None
2026-07-15 09:30:55  WARNING   MIS BUY LODHA: avail=Rs125.54 < needed=Rs580.05 — qty 2→0
2026-07-15 09:30:55  ERROR     MIS BUY LODHA skipped — insufficient capital after reduction
2026-07-15 09:30:55  DEBUG     Starting new HTTPS connection (1): piconnect.flattrade.in:443
2026-07-15 09:30:55  DEBUG     https://piconnect.flattrade.in:443 "POST /PiConnectAPI/PositionBook HTTP/1.1" 200 None
2026-07-15 09:30:55  DEBUG     Starting new HTTPS connection (1): piconnect.flattrade.in:443
2026-07-15 09:30:55  DEBUG     https://piconnect.flattrade.in:443 "POST /PiConnectAPI/Limits HTTP/1.1" 200 None
2026-07-15 09:30:55  WARNING   MIS BUY LODHA: avail=Rs125.54 < needed=Rs580.05 — qty 2→0
2026-07-15 09:30:55  ERROR     MIS BUY LODHA skipped — insufficient capital after reduction
2026-07-15 09:30:55  DEBUG     Starting new HTTPS connection (1): piconnect.flattrade.in:443
2026-07-15 09:30:55  DEBUG     https://piconnect.flattrade.in:443 "POST /PiConnectAPI/PositionBook HTTP/1.1" 200 None
2026-07-15 09:30:55  DEBUG     Starting new HTTPS connection (1): piconnect.flattrade.in:443
2026-07-15 09:30:56  DEBUG     https://piconnect.flattrade.in:443 "POST /PiConnectAPI/Limits HTTP/1.1" 200 None
2026-07-15 09:30:56  WARNING   MIS BUY LODHA: avail=Rs125.54 < needed=Rs580.00 — qty 2→0
2026-07-15 09:30:56  ERROR     MIS BUY LODHA skipped — insufficient capital after reduction
2026-07-15 09:30:56  DEBUG     Starting new HTTPS connection (1): piconnect.flattrade.in:443
2026-07-15 09:30:56  DEBUG     https://piconnect.flattrade.in:443 "POST /PiConnectAPI/PositionBook HTTP/1.1" 200 None
2026-07-15 09:30:56  DEBUG     Starting new HTTPS connection (1): piconnect.flattrade.in:443
2026-07-15 09:30:56  DEBUG     https://piconnect.flattrade.in:443 "POST /PiConnectAPI/Limits HTTP/1.1" 200 None
2026-07-15 09:30:56  WARNING   MIS BUY LODHA: avail=Rs125.54 < needed=Rs580.00 — qty 2→0
2026-07-15 09:30:56  ERROR     MIS BUY LODHA skipped — insufficient capital after reduction
2026-07-15 09:30:56  DEBUG     Starting new HTTPS connection (1): piconnect.flattrade.in:443
2026-07-15 09:30:56  DEBUG     https://piconnect.flattrade.in:443 "POST /PiConnectAPI/PositionBook HTTP/1.1" 200 None
2026-07-15 09:30:56  DEBUG     Starting new HTTPS connection (1): piconnect.flattrade.in:443
2026-07-15 09:30:56  DEBUG     https://piconnect.flattrade.in:443 "POST /PiConnectAPI/Limits HTTP/1.1" 200 None
2026-07-15 09:30:56  WARNING   MIS BUY LODHA: avail=Rs125.54 < needed=Rs580.00 — qty 2→0
2026-07-15 09:30:56  ERROR     MIS BUY LODHA skipped — insufficient capital after reduction
2026-07-15 09:30:57  DEBUG     Starting new HTTPS connection (1): piconnect.flattrade.in:443
2026-07-15 09:30:57  DEBUG     https://piconnect.flattrade.in:443 "POST /PiConnectAPI/PositionBook HTTP/1.1" 200 None
2026-07-15 09:30:57  DEBUG     Starting new HTTPS connection (1): piconnect.flattrade.in:443
2026-07-15 09:30:58  DEBUG     https://piconnect.flattrade.in:443 "POST /PiConnectAPI/Limits HTTP/1.1" 200 None
2026-07-15 09:30:58  WARNING   MIS BUY LODHA: avail=Rs125.54 < needed=Rs580.00 — qty 2→0
2026-07-15 09:30:58  ERROR     MIS BUY LODHA skipped — insufficient capital after reduction
2026-07-15 09:30:58  DEBUG     Starting new HTTPS connection (1): piconnect.flattrade.in:443
2026-07-15 09:30:58  DEBUG     https://piconnect.flattrade.in:443 "POST /PiConnectAPI/PositionBook HTTP/1.1" 200 None
2026-07-15 09:30:58  DEBUG     Starting new HTTPS connection (1): piconnect.flattrade.in:443
2026-07-15 09:30:59  DEBUG     https://piconnect.flattrade.in:443 "POST /PiConnectAPI/Limits HTTP/1.1" 200 None
2026-07-15 09:30:59  WARNING   MIS BUY LODHA: avail=Rs125.54 < needed=Rs580.00 — qty 2→0
2026-07-15 09:30:59  ERROR     MIS BUY LODHA skipped — insufficient capital after reduction
2026-07-15 09:30:59  DEBUG     Starting new HTTPS connection (1): piconnect.flattrade.in:443
2026-07-15 09:30:59  DEBUG     https://piconnect.flattrade.in:443 "POST /PiConnectAPI/PositionBook HTTP/1.1" 200 None
2026-07-15 09:30:59  DEBUG     Starting new HTTPS connection (1): piconnect.flattrade.in:443
2026-07-15 09:30:59  DEBUG     https://piconnect.flattrade.in:443 "POST /PiConnectAPI/Limits HTTP/1.1" 200 None
2026-07-15 09:30:59  WARNING   MIS BUY LODHA: avail=Rs125.54 < needed=Rs580.00 — qty 2→0
2026-07-15 09:30:59  ERROR     MIS BUY LODHA skipped — insufficient capital after reduction
2026-07-15 09:30:59  DEBUG     Starting new HTTPS connection (1): piconnect.flattrade.in:443
2026-07-15 09:30:59  DEBUG     https://piconnect.flattrade.in:443 "POST /PiConnectAPI/PositionBook HTTP/1.1" 200 None
2026-07-15 09:30:59  DEBUG     Starting new HTTPS connection (1): piconnect.flattrade.in:443
2026-07-15 09:31:00  DEBUG     https://piconnect.flattrade.in:443 "POST /PiConnectAPI/Limits HTTP/1.1" 200 None
2026-07-15 09:31:00  WARNING   MIS BUY LODHA: avail=Rs125.54 < needed=Rs580.00 — qty 2→0
2026-07-15 09:31:00  ERROR     MIS BUY LODHA skipped — insufficient capital after reduction
2026-07-15 09:31:00  DEBUG     Sending ping
2026-07-15 09:31:00  DEBUG     Starting new HTTPS connection (1): piconnect.flattrade.in:443
2026-07-15 09:31:01  DEBUG     https://piconnect.flattrade.in:443 "POST /PiConnectAPI/PositionBook HTTP/1.1" 200 None
2026-07-15 09:31:01  DEBUG     Starting new HTTPS connection (1): piconnect.flattrade.in:443
2026-07-15 09:31:01  DEBUG     https://piconnect.flattrade.in:443 "POST /PiConnectAPI/Limits HTTP/1.1" 200 None
2026-07-15 09:31:01  WARNING   MIS BUY LODHA: avail=Rs125.54 < needed=Rs580.00 — qty 2→0
2026-07-15 09:31:01  ERROR     MIS BUY LODHA skipped — insufficient capital after reduction
2026-07-15 09:31:01  DEBUG     Starting new HTTPS connection (1): piconnect.flattrade.in:443
2026-07-15 09:31:01  DEBUG     https://piconnect.flattrade.in:443 "POST /PiConnectAPI/PositionBook HTTP/1.1" 200 None
2026-07-15 09:31:01  DEBUG     Starting new HTTPS connection (1): piconnect.flattrade.in:443
2026-07-15 09:31:01  DEBUG     https://piconnect.flattrade.in:443 "POST /PiConnectAPI/Limits HTTP/1.1" 200 None
2026-07-15 09:31:01  WARNING   MIS BUY LODHA: avail=Rs125.54 < needed=Rs580.00 — qty 2→0
2026-07-15 09:31:01  ERROR     MIS BUY LODHA skipped — insufficient capital after reduction
2026-07-15 09:31:01  DEBUG     Starting new HTTPS connection (1): piconnect.flattrade.in:443
2026-07-15 09:31:02  DEBUG     https://piconnect.flattrade.in:443 "POST /PiConnectAPI/PositionBook HTTP/1.1" 200 None
2026-07-15 09:31:02  DEBUG     Starting new HTTPS connection (1): piconnect.flattrade.in:443
2026-07-15 09:31:02  DEBUG     https://piconnect.flattrade.in:443 "POST /PiConnectAPI/Limits HTTP/1.1" 200 None
2026-07-15 09:31:02  WARNING   MIS BUY LODHA: avail=Rs125.54 < needed=Rs580.00 — qty 2→0
2026-07-15 09:31:02  ERROR     MIS BUY LODHA skipped — insufficient capital after reduction
2026-07-15 09:31:02  DEBUG     Starting new HTTPS connection (1): piconnect.flattrade.in:443
2026-07-15 09:31:02  DEBUG     https://piconnect.flattrade.in:443 "POST /PiConnectAPI/PositionBook HTTP/1.1" 200 None
2026-07-15 09:31:02  DEBUG     Starting new HTTPS connection (1): piconnect.flattrade.in:443
2026-07-15 09:31:02  DEBUG     https://piconnect.flattrade.in:443 "POST /PiConnectAPI/Limits HTTP/1.1" 200 None
2026-07-15 09:31:02  WARNING   MIS BUY LODHA: avail=Rs125.54 < needed=Rs580.00 — qty 2→0
2026-07-15 09:31:02  ERROR     MIS BUY LODHA skipped — insufficient capital after reduction
2026-07-15 09:31:02  DEBUG     Starting new HTTPS connection (1): piconnect.flattrade.in:443
2026-07-15 09:31:03  DEBUG     https://piconnect.flattrade.in:443 "POST /PiConnectAPI/PositionBook HTTP/1.1" 200 None
2026-07-15 09:31:03  DEBUG     Starting new HTTPS connection (1): piconnect.flattrade.in:443
2026-07-15 09:31:03  DEBUG     https://piconnect.flattrade.in:443 "POST /PiConnectAPI/Limits HTTP/1.1" 200 None
2026-07-15 09:31:03  WARNING   MIS BUY LODHA: avail=Rs125.54 < needed=Rs580.00 — qty 2→0
2026-07-15 09:31:03  ERROR     MIS BUY LODHA skipped — insufficient capital after reduction
2026-07-15 09:31:03  DEBUG     Starting new HTTPS connection (1): piconnect.flattrade.in:443
2026-07-15 09:31:04  DEBUG     https://piconnect.flattrade.in:443 "POST /PiConnectAPI/PositionBook HTTP/1.1" 200 None
2026-07-15 09:31:04  DEBUG     Starting new HTTPS connection (1): piconnect.flattrade.in:443
2026-07-15 09:31:04  DEBUG     https://piconnect.flattrade.in:443 "POST /PiConnectAPI/Limits HTTP/1.1" 200 None
2026-07-15 09:31:04  WARNING   MIS BUY LODHA: avail=Rs125.54 < needed=Rs580.00 — qty 2→0
2026-07-15 09:31:04  ERROR     MIS BUY LODHA skipped — insufficient capital after reduction
2026-07-15 09:31:04  DEBUG     Starting new HTTPS connection (1): piconnect.flattrade.in:443
2026-07-15 09:31:04  DEBUG     https://piconnect.flattrade.in:443 "POST /PiConnectAPI/PositionBook HTTP/1.1" 200 None
2026-07-15 09:31:04  DEBUG     Starting new HTTPS connection (1): piconnect.flattrade.in:443
2026-07-15 09:31:04  DEBUG     https://piconnect.flattrade.in:443 "POST /PiConnectAPI/Limits HTTP/1.1" 200 None
2026-07-15 09:31:04  WARNING   MIS BUY LODHA: avail=Rs125.54 < needed=Rs580.00 — qty 2→0
2026-07-15 09:31:04  ERROR     MIS BUY LODHA skipped — insufficient capital after reduction
2026-07-15 09:31:04  DEBUG     Starting new HTTPS connection (1): piconnect.flattrade.in:443
2026-07-15 09:31:04  DEBUG     https://piconnect.flattrade.in:443 "POST /PiConnectAPI/PositionBook HTTP/1.1" 200 None
2026-07-15 09:31:04  DEBUG     Starting new HTTPS connection (1): piconnect.flattrade.in:443
2026-07-15 09:31:05  DEBUG     https://piconnect.flattrade.in:443 "POST /PiConnectAPI/Limits HTTP/1.1" 200 None
2026-07-15 09:31:05  WARNING   MIS BUY LODHA: avail=Rs125.54 < needed=Rs580.00 — qty 2→0
2026-07-15 09:31:05  ERROR     MIS BUY LODHA skipped — insufficient capital after reduction
2026-07-15 09:31:05  DEBUG     Starting new HTTPS connection (1): piconnect.flattrade.in:443
2026-07-15 09:31:05  DEBUG     https://piconnect.flattrade.in:443 "POST /PiConnectAPI/PositionBook HTTP/1.1" 200 None
2026-07-15 09:31:05  DEBUG     Starting new HTTPS connection (1): piconnect.flattrade.in:443
2026-07-15 09:31:06  DEBUG     https://piconnect.flattrade.in:443 "POST /PiConnectAPI/Limits HTTP/1.1" 200 None
2026-07-15 09:31:06  WARNING   MIS BUY LODHA: avail=Rs125.54 < needed=Rs580.00 — qty 2→0
2026-07-15 09:31:06  ERROR     MIS BUY LODHA skipped — insufficient capital after reduction
2026-07-15 09:31:06  DEBUG     Starting new HTTPS connection (1): piconnect.flattrade.in:443
2026-07-15 09:31:06  DEBUG     https://piconnect.flattrade.in:443 "POST /PiConnectAPI/PositionBook HTTP/1.1" 200 None
2026-07-15 09:31:06  DEBUG     Starting new HTTPS connection (1): piconnect.flattrade.in:443
2026-07-15 09:31:06  DEBUG     https://piconnect.flattrade.in:443 "POST /PiConnectAPI/Limits HTTP/1.1" 200 None
2026-07-15 09:31:06  WARNING   MIS BUY LODHA: avail=Rs125.54 < needed=Rs580.00 — qty 2→0
2026-07-15 09:31:06  ERROR     MIS BUY LODHA skipped — insufficient capital after reduction
2026-07-15 09:31:06  DEBUG     Starting new HTTPS connection (1): piconnect.flattrade.in:443
2026-07-15 09:31:07  DEBUG     https://piconnect.flattrade.in:443 "POST /PiConnectAPI/PositionBook HTTP/1.1" 200 None
2026-07-15 09:31:07  DEBUG     Starting new HTTPS connection (1): piconnect.flattrade.in:443
2026-07-15 09:31:07  DEBUG     https://piconnect.flattrade.in:443 "POST /PiConnectAPI/Limits HTTP/1.1" 200 None
2026-07-15 09:31:07  WARNING   MIS BUY LODHA: avail=Rs125.54 < needed=Rs580.00 — qty 2→0
2026-07-15 09:31:07  ERROR     MIS BUY LODHA skipped — insufficient capital after reduction
2026-07-15 09:31:07  DEBUG     Starting new HTTPS connection (1): piconnect.flattrade.in:443
2026-07-15 09:31:08  DEBUG     https://piconnect.flattrade.in:443 "POST /PiConnectAPI/PositionBook HTTP/1.1" 200 None
2026-07-15 09:31:08  DEBUG     Starting new HTTPS connection (1): piconnect.flattrade.in:443
2026-07-15 09:31:08  DEBUG     https://piconnect.flattrade.in:443 "POST /PiConnectAPI/Limits HTTP/1.1" 200 None
2026-07-15 09:31:08  WARNING   MIS BUY LODHA: avail=Rs125.54 < needed=Rs580.00 — qty 2→0
2026-07-15 09:31:08  ERROR     MIS BUY LODHA skipped — insufficient capital after reduction
2026-07-15 09:31:08  DEBUG     Starting new HTTPS connection (1): piconnect.flattrade.in:443
2026-07-15 09:31:08  DEBUG     https://piconnect.flattrade.in:443 "POST /PiConnectAPI/PositionBook HTTP/1.1" 200 None
2026-07-15 09:31:08  DEBUG     Starting new HTTPS connection (1): piconnect.flattrade.in:443
2026-07-15 09:31:08  DEBUG     https://piconnect.flattrade.in:443 "POST /PiConnectAPI/Limits HTTP/1.1" 200 None
2026-07-15 09:31:08  WARNING   MIS BUY LODHA: avail=Rs125.54 < needed=Rs580.00 — qty 2→0
2026-07-15 09:31:08  ERROR     MIS BUY LODHA skipped — insufficient capital after reduction
2026-07-15 09:31:08  DEBUG     Starting new HTTPS connection (1): piconnect.flattrade.in:443
2026-07-15 09:31:09  DEBUG     https://piconnect.flattrade.in:443 "POST /PiConnectAPI/PositionBook HTTP/1.1" 200 None
2026-07-15 09:31:09  DEBUG     Starting new HTTPS connection (1): piconnect.flattrade.in:443
2026-07-15 09:31:09  DEBUG     https://piconnect.flattrade.in:443 "POST /PiConnectAPI/Limits HTTP/1.1" 200 None
2026-07-15 09:31:09  WARNING   MIS BUY LODHA: avail=Rs125.54 < needed=Rs580.00 — qty 2→0
2026-07-15 09:31:09  ERROR     MIS BUY LODHA skipped — insufficient capital after reduction
2026-07-15 09:31:09  DEBUG     Starting new HTTPS connection (1): piconnect.flattrade.in:443
2026-07-15 09:31:10  DEBUG     https://piconnect.flattrade.in:443 "POST /PiConnectAPI/PositionBook HTTP/1.1" 200 None
2026-07-15 09:31:10  DEBUG     Starting new HTTPS connection (1): piconnect.flattrade.in:443
2026-07-15 09:31:10  DEBUG     https://piconnect.flattrade.in:443 "POST /PiConnectAPI/Limits HTTP/1.1" 200 None
2026-07-15 09:31:10  WARNING   MIS BUY LODHA: avail=Rs125.54 < needed=Rs580.00 — qty 2→0
2026-07-15 09:31:10  ERROR     MIS BUY LODHA skipped — insufficient capital after reduction
2026-07-15 09:31:10  DEBUG     Starting new HTTPS connection (1): piconnect.flattrade.in:443
2026-07-15 09:31:11  DEBUG     https://piconnect.flattrade.in:443 "POST /PiConnectAPI/PositionBook HTTP/1.1" 200 None
2026-07-15 09:31:11  DEBUG     Starting new HTTPS connection (1): piconnect.flattrade.in:443
2026-07-15 09:31:11  DEBUG     https://piconnect.flattrade.in:443 "POST /PiConnectAPI/Limits HTTP/1.1" 200 None
2026-07-15 09:31:11  WARNING   MIS BUY LODHA: avail=Rs125.54 < needed=Rs580.00 — qty 2→0
2026-07-15 09:31:11  ERROR     MIS BUY LODHA skipped — insufficient capital after reduction
2026-07-15 09:31:12  DEBUG     Starting new HTTPS connection (1): piconnect.flattrade.in:443
2026-07-15 09:31:12  DEBUG     https://piconnect.flattrade.in:443 "POST /PiConnectAPI/PositionBook HTTP/1.1" 200 None
2026-07-15 09:31:12  DEBUG     Starting new HTTPS connection (1): piconnect.flattrade.in:443
2026-07-15 09:31:12  DEBUG     https://piconnect.flattrade.in:443 "POST /PiConnectAPI/Limits HTTP/1.1" 200 None
2026-07-15 09:31:12  WARNING   MIS BUY LODHA: avail=Rs125.54 < needed=Rs580.23 — qty 2→0
2026-07-15 09:31:12  ERROR     MIS BUY LODHA skipped — insufficient capital after reduction
2026-07-15 09:31:13  DEBUG     Starting new HTTPS connection (1): piconnect.flattrade.in:443
2026-07-15 09:31:13  DEBUG     https://piconnect.flattrade.in:443 "POST /PiConnectAPI/PositionBook HTTP/1.1" 200 None
2026-07-15 09:31:13  DEBUG     Starting new HTTPS connection (1): piconnect.flattrade.in:443
2026-07-15 09:31:13  DEBUG     https://piconnect.flattrade.in:443 "POST /PiConnectAPI/Limits HTTP/1.1" 200 None
2026-07-15 09:31:13  WARNING   MIS BUY LODHA: avail=Rs125.54 < needed=Rs580.35 — qty 2→0
2026-07-15 09:31:13  ERROR     MIS BUY LODHA skipped — insufficient capital after reduction
2026-07-15 09:31:13  DEBUG     Starting new HTTPS connection (1): piconnect.flattrade.in:443
2026-07-15 09:31:13  DEBUG     https://piconnect.flattrade.in:443 "POST /PiConnectAPI/PositionBook HTTP/1.1" 200 None
2026-07-15 09:31:13  DEBUG     Starting new HTTPS connection (1): piconnect.flattrade.in:443
2026-07-15 09:31:13  DEBUG     https://piconnect.flattrade.in:443 "POST /PiConnectAPI/Limits HTTP/1.1" 200 None
2026-07-15 09:31:13  WARNING   MIS BUY LODHA: avail=Rs125.54 < needed=Rs580.35 — qty 2→0
2026-07-15 09:31:13  ERROR     MIS BUY LODHA skipped — insufficient capital after reduction
2026-07-15 09:31:14  DEBUG     Starting new HTTPS connection (1): piconnect.flattrade.in:443
2026-07-15 09:31:14  DEBUG     https://piconnect.flattrade.in:443 "POST /PiConnectAPI/PositionBook HTTP/1.1" 200 None
2026-07-15 09:31:14  DEBUG     Starting new HTTPS connection (1): piconnect.flattrade.in:443
2026-07-15 09:31:14  DEBUG     https://piconnect.flattrade.in:443 "POST /PiConnectAPI/Limits HTTP/1.1" 200 None
2026-07-15 09:31:14  WARNING   MIS BUY LODHA: avail=Rs125.54 < needed=Rs580.35 — qty 2→0
2026-07-15 09:31:14  ERROR     MIS BUY LODHA skipped — insufficient capital after reduction
2026-07-15 09:31:15  DEBUG     Starting new HTTPS connection (1): piconnect.flattrade.in:443
2026-07-15 09:31:15  DEBUG     https://piconnect.flattrade.in:443 "POST /PiConnectAPI/PositionBook HTTP/1.1" 200 None
2026-07-15 09:31:15  DEBUG     Starting new HTTPS connection (1): piconnect.flattrade.in:443
2026-07-15 09:31:15  DEBUG     https://piconnect.flattrade.in:443 "POST /PiConnectAPI/Limits HTTP/1.1" 200 None
2026-07-15 09:31:15  WARNING   MIS BUY LODHA: avail=Rs125.54 < needed=Rs580.35 — qty 2→0
2026-07-15 09:31:15  ERROR     MIS BUY LODHA skipped — insufficient capital after reduction
2026-07-15 09:31:15  DEBUG     Starting new HTTPS connection (1): piconnect.flattrade.in:443
2026-07-15 09:31:15  DEBUG     https://piconnect.flattrade.in:443 "POST /PiConnectAPI/PositionBook HTTP/1.1" 200 None
2026-07-15 09:31:15  DEBUG     Starting new HTTPS connection (1): piconnect.flattrade.in:443
2026-07-15 09:31:15  DEBUG     https://piconnect.flattrade.in:443 "POST /PiConnectAPI/Limits HTTP/1.1" 200 None
2026-07-15 09:31:15  WARNING   MIS BUY LODHA: avail=Rs125.54 < needed=Rs580.35 — qty 2→0
2026-07-15 09:31:15  ERROR     MIS BUY LODHA skipped — insufficient capital after reduction
2026-07-15 09:31:16  DEBUG     Starting new HTTPS connection (1): piconnect.flattrade.in:443
2026-07-15 09:31:16  DEBUG     https://piconnect.flattrade.in:443 "POST /PiConnectAPI/PositionBook HTTP/1.1" 200 None
2026-07-15 09:31:16  DEBUG     Starting new HTTPS connection (1): piconnect.flattrade.in:443
2026-07-15 09:31:16  DEBUG     https://piconnect.flattrade.in:443 "POST /PiConnectAPI/Limits HTTP/1.1" 200 None
2026-07-15 09:31:16  WARNING   MIS BUY LODHA: avail=Rs125.54 < needed=Rs580.35 — qty 2→0
2026-07-15 09:31:16  ERROR     MIS BUY LODHA skipped — insufficient capital after reduction
2026-07-15 09:31:17  DEBUG     Starting new HTTPS connection (1): piconnect.flattrade.in:443
2026-07-15 09:31:17  DEBUG     https://piconnect.flattrade.in:443 "POST /PiConnectAPI/PositionBook HTTP/1.1" 200 None
2026-07-15 09:31:17  DEBUG     Starting new HTTPS connection (1): piconnect.flattrade.in:443
2026-07-15 09:31:17  DEBUG     https://piconnect.flattrade.in:443 "POST /PiConnectAPI/Limits HTTP/1.1" 200 None
2026-07-15 09:31:17  WARNING   MIS BUY LODHA: avail=Rs125.54 < needed=Rs580.35 — qty 2→0
2026-07-15 09:31:17  ERROR     MIS BUY LODHA skipped — insufficient capital after reduction
2026-07-15 09:31:18  DEBUG     Starting new HTTPS connection (1): piconnect.flattrade.in:443
2026-07-15 09:31:18  DEBUG     https://piconnect.flattrade.in:443 "POST /PiConnectAPI/PositionBook HTTP/1.1" 200 None
2026-07-15 09:31:18  DEBUG     Starting new HTTPS connection (1): piconnect.flattrade.in:443
2026-07-15 09:31:18  DEBUG     https://piconnect.flattrade.in:443 "POST /PiConnectAPI/Limits HTTP/1.1" 200 None
2026-07-15 09:31:18  WARNING   MIS BUY LODHA: avail=Rs125.54 < needed=Rs580.35 — qty 2→0
2026-07-15 09:31:18  ERROR     MIS BUY LODHA skipped — insufficient capital after reduction
2026-07-15 09:31:18  DEBUG     Starting new HTTPS connection (1): piconnect.flattrade.in:443
2026-07-15 09:31:18  DEBUG     https://piconnect.flattrade.in:443 "POST /PiConnectAPI/PositionBook HTTP/1.1" 200 None
2026-07-15 09:31:18  DEBUG     Starting new HTTPS connection (1): piconnect.flattrade.in:443
2026-07-15 09:31:19  DEBUG     https://piconnect.flattrade.in:443 "POST /PiConnectAPI/Limits HTTP/1.1" 200 None
2026-07-15 09:31:19  WARNING   MIS BUY LODHA: avail=Rs125.54 < needed=Rs580.35 — qty 2→0
2026-07-15 09:31:19  ERROR     MIS BUY LODHA skipped — insufficient capital after reduction
2026-07-15 09:31:19  DEBUG     Starting new HTTPS connection (1): piconnect.flattrade.in:443
2026-07-15 09:31:19  DEBUG     https://piconnect.flattrade.in:443 "POST /PiConnectAPI/PositionBook HTTP/1.1" 200 None
2026-07-15 09:31:19  DEBUG     Starting new HTTPS connection (1): piconnect.flattrade.in:443
2026-07-15 09:31:19  DEBUG     https://piconnect.flattrade.in:443 "POST /PiConnectAPI/Limits HTTP/1.1" 200 None
2026-07-15 09:31:19  WARNING   MIS BUY LODHA: avail=Rs125.54 < needed=Rs580.35 — qty 2→0
2026-07-15 09:31:19  ERROR     MIS BUY LODHA skipped — insufficient capital after reduction
2026-07-15 09:31:20  DEBUG     Starting new HTTPS connection (1): piconnect.flattrade.in:443
2026-07-15 09:31:20  DEBUG     https://piconnect.flattrade.in:443 "POST /PiConnectAPI/PositionBook HTTP/1.1" 200 None
2026-07-15 09:31:20  DEBUG     Starting new HTTPS connection (1): piconnect.flattrade.in:443
2026-07-15 09:31:20  DEBUG     https://piconnect.flattrade.in:443 "POST /PiConnectAPI/Limits HTTP/1.1" 200 None
2026-07-15 09:31:20  WARNING   MIS BUY LODHA: avail=Rs125.54 < needed=Rs580.35 — qty 2→0
2026-07-15 09:31:20  ERROR     MIS BUY LODHA skipped — insufficient capital after reduction
2026-07-15 09:31:20  DEBUG     Starting new HTTPS connection (1): piconnect.flattrade.in:443
2026-07-15 09:31:20  DEBUG     https://piconnect.flattrade.in:443 "POST /PiConnectAPI/PositionBook HTTP/1.1" 200 None
2026-07-15 09:31:20  DEBUG     Starting new HTTPS connection (1): piconnect.flattrade.in:443
2026-07-15 09:31:21  DEBUG     https://piconnect.flattrade.in:443 "POST /PiConnectAPI/Limits HTTP/1.1" 200 None
2026-07-15 09:31:21  WARNING   MIS BUY LODHA: avail=Rs125.54 < needed=Rs580.35 — qty 2→0
2026-07-15 09:31:21  ERROR     MIS BUY LODHA skipped — insufficient capital after reduction
2026-07-15 09:31:21  DEBUG     Starting new HTTPS connection (1): piconnect.flattrade.in:443
2026-07-15 09:31:21  DEBUG     https://piconnect.flattrade.in:443 "POST /PiConnectAPI/PositionBook HTTP/1.1" 200 None
2026-07-15 09:31:21  DEBUG     Starting new HTTPS connection (1): piconnect.flattrade.in:443
2026-07-15 09:31:21  DEBUG     https://piconnect.flattrade.in:443 "POST /PiConnectAPI/Limits HTTP/1.1" 200 None
2026-07-15 09:31:21  WARNING   MIS BUY LODHA: avail=Rs125.54 < needed=Rs580.35 — qty 2→0
2026-07-15 09:31:21  ERROR     MIS BUY LODHA skipped — insufficient capital after reduction
2026-07-15 09:31:21  DEBUG     Starting new HTTPS connection (1): piconnect.flattrade.in:443
2026-07-15 09:31:21  DEBUG     https://piconnect.flattrade.in:443 "POST /PiConnectAPI/PositionBook HTTP/1.1" 200 None
2026-07-15 09:31:21  DEBUG     Starting new HTTPS connection (1): piconnect.flattrade.in:443
2026-07-15 09:31:22  DEBUG     https://piconnect.flattrade.in:443 "POST /PiConnectAPI/Limits HTTP/1.1" 200 None
2026-07-15 09:31:22  WARNING   MIS BUY LODHA: avail=Rs125.54 < needed=Rs580.35 — qty 2→0
2026-07-15 09:31:22  ERROR     MIS BUY LODHA skipped — insufficient capital after reduction
2026-07-15 09:31:22  DEBUG     Starting new HTTPS connection (1): piconnect.flattrade.in:443
2026-07-15 09:31:22  DEBUG     https://piconnect.flattrade.in:443 "POST /PiConnectAPI/PositionBook HTTP/1.1" 200 None
2026-07-15 09:31:22  DEBUG     Starting new HTTPS connection (1): piconnect.flattrade.in:443
2026-07-15 09:31:23  DEBUG     https://piconnect.flattrade.in:443 "POST /PiConnectAPI/Limits HTTP/1.1" 200 None
2026-07-15 09:31:23  WARNING   MIS BUY LODHA: avail=Rs125.54 < needed=Rs580.35 — qty 2→0
2026-07-15 09:31:23  ERROR     MIS BUY LODHA skipped — insufficient capital after reduction
2026-07-15 09:31:23  DEBUG     Starting new HTTPS connection (1): piconnect.flattrade.in:443
2026-07-15 09:31:23  DEBUG     https://piconnect.flattrade.in:443 "POST /PiConnectAPI/PositionBook HTTP/1.1" 200 None
2026-07-15 09:31:23  DEBUG     Starting new HTTPS connection (1): piconnect.flattrade.in:443
2026-07-15 09:31:23  DEBUG     https://piconnect.flattrade.in:443 "POST /PiConnectAPI/Limits HTTP/1.1" 200 None
2026-07-15 09:31:23  WARNING   MIS BUY LODHA: avail=Rs125.54 < needed=Rs580.35 — qty 2→0
2026-07-15 09:31:23  ERROR     MIS BUY LODHA skipped — insufficient capital after reduction
2026-07-15 09:31:23  DEBUG     Starting new HTTPS connection (1): piconnect.flattrade.in:443
2026-07-15 09:31:23  DEBUG     https://piconnect.flattrade.in:443 "POST /PiConnectAPI/PositionBook HTTP/1.1" 200 None
2026-07-15 09:31:23  DEBUG     Starting new HTTPS connection (1): piconnect.flattrade.in:443
2026-07-15 09:31:24  DEBUG     https://piconnect.flattrade.in:443 "POST /PiConnectAPI/Limits HTTP/1.1" 200 None
2026-07-15 09:31:24  WARNING   MIS BUY LODHA: avail=Rs125.54 < needed=Rs580.35 — qty 2→0
2026-07-15 09:31:24  ERROR     MIS BUY LODHA skipped — insufficient capital after reduction
2026-07-15 09:31:24  DEBUG     Starting new HTTPS connection (1): piconnect.flattrade.in:443
2026-07-15 09:31:24  DEBUG     https://piconnect.flattrade.in:443 "POST /PiConnectAPI/PositionBook HTTP/1.1" 200 None
2026-07-15 09:31:24  DEBUG     Starting new HTTPS connection (1): piconnect.flattrade.in:443
2026-07-15 09:31:25  DEBUG     https://piconnect.flattrade.in:443 "POST /PiConnectAPI/Limits HTTP/1.1" 200 None
2026-07-15 09:31:25  WARNING   MIS BUY LODHA: avail=Rs125.54 < needed=Rs580.35 — qty 2→0
2026-07-15 09:31:25  ERROR     MIS BUY LODHA skipped — insufficient capital after reduction
2026-07-15 09:31:25  DEBUG     Starting new HTTPS connection (1): piconnect.flattrade.in:443
2026-07-15 09:31:25  DEBUG     https://piconnect.flattrade.in:443 "POST /PiConnectAPI/PositionBook HTTP/1.1" 200 None
2026-07-15 09:31:25  DEBUG     Starting new HTTPS connection (1): piconnect.flattrade.in:443
2026-07-15 09:31:26  DEBUG     https://piconnect.flattrade.in:443 "POST /PiConnectAPI/Limits HTTP/1.1" 200 None
2026-07-15 09:31:26  WARNING   MIS BUY LODHA: avail=Rs125.54 < needed=Rs580.35 — qty 2→0
2026-07-15 09:31:26  ERROR     MIS BUY LODHA skipped — insufficient capital after reduction
2026-07-15 09:31:26  DEBUG     Starting new HTTPS connection (1): piconnect.flattrade.in:443
2026-07-15 09:31:27  DEBUG     https://piconnect.flattrade.in:443 "POST /PiConnectAPI/PositionBook HTTP/1.1" 200 None
2026-07-15 09:31:27  DEBUG     Starting new HTTPS connection (1): piconnect.flattrade.in:443
2026-07-15 09:31:27  DEBUG     https://piconnect.flattrade.in:443 "POST /PiConnectAPI/Limits HTTP/1.1" 200 None
2026-07-15 09:31:27  WARNING   MIS BUY LODHA: avail=Rs125.54 < needed=Rs580.35 — qty 2→0
2026-07-15 09:31:27  ERROR     MIS BUY LODHA skipped — insufficient capital after reduction
2026-07-15 09:31:27  DEBUG     Starting new HTTPS connection (1): piconnect.flattrade.in:443
2026-07-15 09:31:28  DEBUG     https://piconnect.flattrade.in:443 "POST /PiConnectAPI/PositionBook HTTP/1.1" 200 None
2026-07-15 09:31:28  DEBUG     Starting new HTTPS connection (1): piconnect.flattrade.in:443
2026-07-15 09:31:28  DEBUG     https://piconnect.flattrade.in:443 "POST /PiConnectAPI/Limits HTTP/1.1" 200 None
2026-07-15 09:31:28  WARNING   MIS BUY LODHA: avail=Rs125.54 < needed=Rs580.35 — qty 2→0
2026-07-15 09:31:28  ERROR     MIS BUY LODHA skipped — insufficient capital after reduction
2026-07-15 09:31:28  DEBUG     Starting new HTTPS connection (1): piconnect.flattrade.in:443
2026-07-15 09:31:28  DEBUG     https://piconnect.flattrade.in:443 "POST /PiConnectAPI/PositionBook HTTP/1.1" 200 None
2026-07-15 09:31:28  DEBUG     Starting new HTTPS connection (1): piconnect.flattrade.in:443
2026-07-15 09:31:28  DEBUG     https://piconnect.flattrade.in:443 "POST /PiConnectAPI/Limits HTTP/1.1" 200 None
2026-07-15 09:31:28  WARNING   MIS BUY LODHA: avail=Rs125.54 < needed=Rs580.35 — qty 2→0
2026-07-15 09:31:28  ERROR     MIS BUY LODHA skipped — insufficient capital after reduction
2026-07-15 09:31:29  DEBUG     Starting new HTTPS connection (1): piconnect.flattrade.in:443
2026-07-15 09:31:29  DEBUG     https://piconnect.flattrade.in:443 "POST /PiConnectAPI/PositionBook HTTP/1.1" 200 None
2026-07-15 09:31:29  DEBUG     Starting new HTTPS connection (1): piconnect.flattrade.in:443
2026-07-15 09:31:29  DEBUG     https://piconnect.flattrade.in:443 "POST /PiConnectAPI/Limits HTTP/1.1" 200 None
2026-07-15 09:31:29  WARNING   MIS BUY LODHA: avail=Rs125.54 < needed=Rs580.35 — qty 2→0
2026-07-15 09:31:29  ERROR     MIS BUY LODHA skipped — insufficient capital after reduction
2026-07-15 09:31:30  DEBUG     Starting new HTTPS connection (1): piconnect.flattrade.in:443
2026-07-15 09:31:30  DEBUG     https://piconnect.flattrade.in:443 "POST /PiConnectAPI/PositionBook HTTP/1.1" 200 None
2026-07-15 09:31:30  DEBUG     Starting new HTTPS connection (1): piconnect.flattrade.in:443
2026-07-15 09:31:30  DEBUG     https://piconnect.flattrade.in:443 "POST /PiConnectAPI/Limits HTTP/1.1" 200 None
2026-07-15 09:31:30  WARNING   MIS BUY LODHA: avail=Rs125.54 < needed=Rs580.35 — qty 2→0
2026-07-15 09:31:30  ERROR     MIS BUY LODHA skipped — insufficient capital after reduction
2026-07-15 09:31:30  DEBUG     Starting new HTTPS connection (1): piconnect.flattrade.in:443
2026-07-15 09:31:30  DEBUG     https://piconnect.flattrade.in:443 "POST /PiConnectAPI/PositionBook HTTP/1.1" 200 None
2026-07-15 09:31:30  DEBUG     Starting new HTTPS connection (1): piconnect.flattrade.in:443
2026-07-15 09:31:30  DEBUG     https://piconnect.flattrade.in:443 "POST /PiConnectAPI/Limits HTTP/1.1" 200 None
2026-07-15 09:31:30  WARNING   MIS BUY LODHA: avail=Rs125.54 < needed=Rs580.35 — qty 2→0
2026-07-15 09:31:30  ERROR     MIS BUY LODHA skipped — insufficient capital after reduction
2026-07-15 09:31:30  DEBUG     Sending ping
2026-07-15 09:31:31  DEBUG     Starting new HTTPS connection (1): piconnect.flattrade.in:443
2026-07-15 09:31:31  DEBUG     https://piconnect.flattrade.in:443 "POST /PiConnectAPI/PositionBook HTTP/1.1" 200 None
2026-07-15 09:31:31  DEBUG     Starting new HTTPS connection (1): piconnect.flattrade.in:443
2026-07-15 09:31:31  DEBUG     https://piconnect.flattrade.in:443 "POST /PiConnectAPI/Limits HTTP/1.1" 200 None
2026-07-15 09:31:31  WARNING   MIS BUY LODHA: avail=Rs125.54 < needed=Rs580.35 — qty 2→0
2026-07-15 09:31:31  ERROR     MIS BUY LODHA skipped — insufficient capital after reduction
2026-07-15 09:31:32  DEBUG     Starting new HTTPS connection (1): piconnect.flattrade.in:443
2026-07-15 09:31:32  DEBUG     https://piconnect.flattrade.in:443 "POST /PiConnectAPI/PositionBook HTTP/1.1" 200 None
2026-07-15 09:31:32  DEBUG     Starting new HTTPS connection (1): piconnect.flattrade.in:443
2026-07-15 09:31:32  DEBUG     https://piconnect.flattrade.in:443 "POST /PiConnectAPI/Limits HTTP/1.1" 200 None
2026-07-15 09:31:32  WARNING   MIS BUY LODHA: avail=Rs125.54 < needed=Rs580.45 — qty 2→0
2026-07-15 09:31:32  ERROR     MIS BUY LODHA skipped — insufficient capital after reduction
2026-07-15 09:31:33  DEBUG     Starting new HTTPS connection (1): piconnect.flattrade.in:443
2026-07-15 09:31:33  DEBUG     https://piconnect.flattrade.in:443 "POST /PiConnectAPI/PositionBook HTTP/1.1" 200 None
2026-07-15 09:31:33  DEBUG     Starting new HTTPS connection (1): piconnect.flattrade.in:443
2026-07-15 09:31:33  DEBUG     https://piconnect.flattrade.in:443 "POST /PiConnectAPI/Limits HTTP/1.1" 200 None
2026-07-15 09:31:33  WARNING   MIS BUY LODHA: avail=Rs125.54 < needed=Rs580.35 — qty 2→0
2026-07-15 09:31:33  ERROR     MIS BUY LODHA skipped — insufficient capital after reduction
2026-07-15 09:31:34  DEBUG     Starting new HTTPS connection (1): piconnect.flattrade.in:443
2026-07-15 09:31:34  DEBUG     https://piconnect.flattrade.in:443 "POST /PiConnectAPI/PositionBook HTTP/1.1" 200 None
2026-07-15 09:31:34  DEBUG     Starting new HTTPS connection (1): piconnect.flattrade.in:443
2026-07-15 09:31:34  DEBUG     https://piconnect.flattrade.in:443 "POST /PiConnectAPI/Limits HTTP/1.1" 200 None
2026-07-15 09:31:34  WARNING   MIS BUY LODHA: avail=Rs125.54 < needed=Rs580.45 — qty 2→0
2026-07-15 09:31:34  ERROR     MIS BUY LODHA skipped — insufficient capital after reduction
2026-07-15 09:31:35  DEBUG     Starting new HTTPS connection (1): piconnect.flattrade.in:443
2026-07-15 09:31:35  DEBUG     https://piconnect.flattrade.in:443 "POST /PiConnectAPI/PositionBook HTTP/1.1" 200 None
2026-07-15 09:31:35  DEBUG     Starting new HTTPS connection (1): piconnect.flattrade.in:443
2026-07-15 09:31:35  DEBUG     https://piconnect.flattrade.in:443 "POST /PiConnectAPI/Limits HTTP/1.1" 200 None
2026-07-15 09:31:35  WARNING   MIS BUY LODHA: avail=Rs125.54 < needed=Rs580.45 — qty 2→0
2026-07-15 09:31:35  ERROR     MIS BUY LODHA skipped — insufficient capital after reduction
2026-07-15 09:31:35  DEBUG     Starting new HTTPS connection (1): piconnect.flattrade.in:443
2026-07-15 09:31:35  DEBUG     https://piconnect.flattrade.in:443 "POST /PiConnectAPI/PositionBook HTTP/1.1" 200 None
2026-07-15 09:31:35  DEBUG     Starting new HTTPS connection (1): piconnect.flattrade.in:443
2026-07-15 09:31:36  DEBUG     https://piconnect.flattrade.in:443 "POST /PiConnectAPI/Limits HTTP/1.1" 200 None
2026-07-15 09:31:36  WARNING   MIS BUY LODHA: avail=Rs125.54 < needed=Rs580.45 — qty 2→0
2026-07-15 09:31:36  ERROR     MIS BUY LODHA skipped — insufficient capital after reduction
2026-07-15 09:31:36  DEBUG     Starting new HTTPS connection (1): piconnect.flattrade.in:443
2026-07-15 09:31:36  DEBUG     https://piconnect.flattrade.in:443 "POST /PiConnectAPI/PositionBook HTTP/1.1" 200 None
2026-07-15 09:31:36  DEBUG     Starting new HTTPS connection (1): piconnect.flattrade.in:443
2026-07-15 09:31:36  DEBUG     https://piconnect.flattrade.in:443 "POST /PiConnectAPI/Limits HTTP/1.1" 200 None
2026-07-15 09:31:36  WARNING   MIS BUY LODHA: avail=Rs125.54 < needed=Rs580.42 — qty 2→0
2026-07-15 09:31:36  ERROR     MIS BUY LODHA skipped — insufficient capital after reduction
2026-07-15 09:31:37  DEBUG     Starting new HTTPS connection (1): piconnect.flattrade.in:443
2026-07-15 09:31:37  DEBUG     https://piconnect.flattrade.in:443 "POST /PiConnectAPI/PositionBook HTTP/1.1" 200 None
2026-07-15 09:31:37  DEBUG     Starting new HTTPS connection (1): piconnect.flattrade.in:443
2026-07-15 09:31:37  DEBUG     https://piconnect.flattrade.in:443 "POST /PiConnectAPI/Limits HTTP/1.1" 200 None
2026-07-15 09:31:37  WARNING   MIS BUY LODHA: avail=Rs125.54 < needed=Rs580.42 — qty 2→0
2026-07-15 09:31:37  ERROR     MIS BUY LODHA skipped — insufficient capital after reduction
2026-07-15 09:31:38  DEBUG     Starting new HTTPS connection (1): piconnect.flattrade.in:443
2026-07-15 09:31:38  DEBUG     https://piconnect.flattrade.in:443 "POST /PiConnectAPI/PositionBook HTTP/1.1" 200 None
2026-07-15 09:31:38  DEBUG     Starting new HTTPS connection (1): piconnect.flattrade.in:443
2026-07-15 09:31:39  DEBUG     https://piconnect.flattrade.in:443 "POST /PiConnectAPI/Limits HTTP/1.1" 200 None
2026-07-15 09:31:39  WARNING   MIS BUY LODHA: avail=Rs125.54 < needed=Rs580.42 — qty 2→0
2026-07-15 09:31:39  ERROR     MIS BUY LODHA skipped — insufficient capital after reduction
2026-07-15 09:31:39  DEBUG     Starting new HTTPS connection (1): piconnect.flattrade.in:443
2026-07-15 09:31:39  DEBUG     https://piconnect.flattrade.in:443 "POST /PiConnectAPI/PositionBook HTTP/1.1" 200 None
2026-07-15 09:31:39  DEBUG     Starting new HTTPS connection (1): piconnect.flattrade.in:443
2026-07-15 09:31:39  DEBUG     https://piconnect.flattrade.in:443 "POST /PiConnectAPI/Limits HTTP/1.1" 200 None
2026-07-15 09:31:39  WARNING   MIS BUY LODHA: avail=Rs125.54 < needed=Rs580.42 — qty 2→0
2026-07-15 09:31:39  ERROR     MIS BUY LODHA skipped — insufficient capital after reduction
2026-07-15 09:31:39  DEBUG     Starting new HTTPS connection (1): piconnect.flattrade.in:443
2026-07-15 09:31:39  DEBUG     https://piconnect.flattrade.in:443 "POST /PiConnectAPI/PositionBook HTTP/1.1" 200 None
2026-07-15 09:31:39  DEBUG     Starting new HTTPS connection (1): piconnect.flattrade.in:443
2026-07-15 09:31:40  DEBUG     https://piconnect.flattrade.in:443 "POST /PiConnectAPI/Limits HTTP/1.1" 200 None
2026-07-15 09:31:40  WARNING   MIS BUY LODHA: avail=Rs125.54 < needed=Rs580.45 — qty 2→0
2026-07-15 09:31:40  ERROR     MIS BUY LODHA skipped — insufficient capital after reduction
2026-07-15 09:31:40  DEBUG     Starting new HTTPS connection (1): piconnect.flattrade.in:443
2026-07-15 09:31:41  DEBUG     https://piconnect.flattrade.in:443 "POST /PiConnectAPI/PositionBook HTTP/1.1" 200 None
2026-07-15 09:31:41  DEBUG     Starting new HTTPS connection (1): piconnect.flattrade.in:443
2026-07-15 09:31:41  DEBUG     https://piconnect.flattrade.in:443 "POST /PiConnectAPI/Limits HTTP/1.1" 200 None
2026-07-15 09:31:41  WARNING   MIS BUY LODHA: avail=Rs125.54 < needed=Rs580.45 — qty 2→0
2026-07-15 09:31:41  ERROR     MIS BUY LODHA skipped — insufficient capital after reduction
2026-07-15 09:31:41  DEBUG     Starting new HTTPS connection (1): piconnect.flattrade.in:443
2026-07-15 09:31:42  DEBUG     https://piconnect.flattrade.in:443 "POST /PiConnectAPI/PositionBook HTTP/1.1" 200 None
2026-07-15 09:31:42  DEBUG     Starting new HTTPS connection (1): piconnect.flattrade.in:443
2026-07-15 09:31:42  DEBUG     https://piconnect.flattrade.in:443 "POST /PiConnectAPI/Limits HTTP/1.1" 200 None
2026-07-15 09:31:42  WARNING   MIS BUY LODHA: avail=Rs125.54 < needed=Rs580.45 — qty 2→0
2026-07-15 09:31:42  ERROR     MIS BUY LODHA skipped — insufficient capital after reduction
2026-07-15 09:31:43  DEBUG     Starting new HTTPS connection (1): piconnect.flattrade.in:443
2026-07-15 09:31:43  DEBUG     https://piconnect.flattrade.in:443 "POST /PiConnectAPI/PositionBook HTTP/1.1" 200 None
2026-07-15 09:31:43  DEBUG     Starting new HTTPS connection (1): piconnect.flattrade.in:443
2026-07-15 09:31:43  DEBUG     https://piconnect.flattrade.in:443 "POST /PiConnectAPI/Limits HTTP/1.1" 200 None
2026-07-15 09:31:43  WARNING   MIS BUY LODHA: avail=Rs125.54 < needed=Rs580.45 — qty 2→0
2026-07-15 09:31:43  ERROR     MIS BUY LODHA skipped — insufficient capital after reduction
2026-07-15 09:31:43  DEBUG     Starting new HTTPS connection (1): piconnect.flattrade.in:443
2026-07-15 09:31:43  DEBUG     https://piconnect.flattrade.in:443 "POST /PiConnectAPI/PositionBook HTTP/1.1" 200 None
2026-07-15 09:31:43  DEBUG     Starting new HTTPS connection (1): piconnect.flattrade.in:443
2026-07-15 09:31:43  DEBUG     https://piconnect.flattrade.in:443 "POST /PiConnectAPI/Limits HTTP/1.1" 200 None
2026-07-15 09:31:43  WARNING   MIS BUY LODHA: avail=Rs125.54 < needed=Rs580.45 — qty 2→0
2026-07-15 09:31:43  ERROR     MIS BUY LODHA skipped — insufficient capital after reduction
2026-07-15 09:31:44  DEBUG     Starting new HTTPS connection (1): piconnect.flattrade.in:443
2026-07-15 09:31:44  DEBUG     https://piconnect.flattrade.in:443 "POST /PiConnectAPI/PositionBook HTTP/1.1" 200 None
2026-07-15 09:31:44  DEBUG     Starting new HTTPS connection (1): piconnect.flattrade.in:443
2026-07-15 09:31:44  DEBUG     https://piconnect.flattrade.in:443 "POST /PiConnectAPI/Limits HTTP/1.1" 200 None
2026-07-15 09:31:44  WARNING   MIS BUY LODHA: avail=Rs125.54 < needed=Rs580.45 — qty 2→0
2026-07-15 09:31:44  ERROR     MIS BUY LODHA skipped — insufficient capital after reduction
2026-07-15 09:31:45  DEBUG     Starting new HTTPS connection (1): piconnect.flattrade.in:443
2026-07-15 09:31:45  DEBUG     https://piconnect.flattrade.in:443 "POST /PiConnectAPI/PositionBook HTTP/1.1" 200 None
2026-07-15 09:31:45  DEBUG     Starting new HTTPS connection (1): piconnect.flattrade.in:443
2026-07-15 09:31:45  DEBUG     https://piconnect.flattrade.in:443 "POST /PiConnectAPI/Limits HTTP/1.1" 200 None
2026-07-15 09:31:45  WARNING   MIS BUY LODHA: avail=Rs125.54 < needed=Rs580.45 — qty 2→0
2026-07-15 09:31:45  ERROR     MIS BUY LODHA skipped — insufficient capital after reduction
2026-07-15 09:31:46  DEBUG     Starting new HTTPS connection (1): piconnect.flattrade.in:443
2026-07-15 09:31:46  DEBUG     https://piconnect.flattrade.in:443 "POST /PiConnectAPI/PositionBook HTTP/1.1" 200 None
2026-07-15 09:31:46  DEBUG     Starting new HTTPS connection (1): piconnect.flattrade.in:443
2026-07-15 09:31:46  DEBUG     https://piconnect.flattrade.in:443 "POST /PiConnectAPI/Limits HTTP/1.1" 200 None
2026-07-15 09:31:46  WARNING   MIS BUY LODHA: avail=Rs125.54 < needed=Rs580.45 — qty 2→0
2026-07-15 09:31:46  ERROR     MIS BUY LODHA skipped — insufficient capital after reduction
2026-07-15 09:31:46  DEBUG     Starting new HTTPS connection (1): piconnect.flattrade.in:443
2026-07-15 09:31:46  DEBUG     https://piconnect.flattrade.in:443 "POST /PiConnectAPI/PositionBook HTTP/1.1" 200 None
2026-07-15 09:31:46  DEBUG     Starting new HTTPS connection (1): piconnect.flattrade.in:443
2026-07-15 09:31:46  DEBUG     https://piconnect.flattrade.in:443 "POST /PiConnectAPI/Limits HTTP/1.1" 200 None
2026-07-15 09:31:46  WARNING   MIS BUY LODHA: avail=Rs125.54 < needed=Rs580.45 — qty 2→0
2026-07-15 09:31:46  ERROR     MIS BUY LODHA skipped — insufficient capital after reduction
2026-07-15 09:31:46  DEBUG     Starting new HTTPS connection (1): piconnect.flattrade.in:443
2026-07-15 09:31:47  DEBUG     https://piconnect.flattrade.in:443 "POST /PiConnectAPI/PositionBook HTTP/1.1" 200 None
2026-07-15 09:31:47  DEBUG     Starting new HTTPS connection (1): piconnect.flattrade.in:443
2026-07-15 09:31:47  DEBUG     https://piconnect.flattrade.in:443 "POST /PiConnectAPI/Limits HTTP/1.1" 200 None
2026-07-15 09:31:47  WARNING   MIS BUY LODHA: avail=Rs125.54 < needed=Rs580.45 — qty 2→0
2026-07-15 09:31:47  ERROR     MIS BUY LODHA skipped — insufficient capital after reduction
2026-07-15 09:31:47  DEBUG     Starting new HTTPS connection (1): piconnect.flattrade.in:443
2026-07-15 09:31:47  DEBUG     https://piconnect.flattrade.in:443 "POST /PiConnectAPI/PositionBook HTTP/1.1" 200 None
2026-07-15 09:31:47  DEBUG     Starting new HTTPS connection (1): piconnect.flattrade.in:443
2026-07-15 09:31:47  DEBUG     https://piconnect.flattrade.in:443 "POST /PiConnectAPI/Limits HTTP/1.1" 200 None
2026-07-15 09:31:47  WARNING   MIS BUY LODHA: avail=Rs125.54 < needed=Rs580.45 — qty 2→0
2026-07-15 09:31:47  ERROR     MIS BUY LODHA skipped — insufficient capital after reduction
2026-07-15 09:31:47  DEBUG     Starting new HTTPS connection (1): piconnect.flattrade.in:443
2026-07-15 09:31:48  DEBUG     https://piconnect.flattrade.in:443 "POST /PiConnectAPI/PositionBook HTTP/1.1" 200 None
2026-07-15 09:31:48  DEBUG     Starting new HTTPS connection (1): piconnect.flattrade.in:443
2026-07-15 09:31:48  DEBUG     https://piconnect.flattrade.in:443 "POST /PiConnectAPI/Limits HTTP/1.1" 200 None
2026-07-15 09:31:48  WARNING   MIS BUY LODHA: avail=Rs125.54 < needed=Rs580.42 — qty 2→0
2026-07-15 09:31:48  ERROR     MIS BUY LODHA skipped — insufficient capital after reduction
2026-07-15 09:31:48  DEBUG     Starting new HTTPS connection (1): piconnect.flattrade.in:443
2026-07-15 09:31:48  DEBUG     https://piconnect.flattrade.in:443 "POST /PiConnectAPI/PositionBook HTTP/1.1" 200 None
2026-07-15 09:31:48  DEBUG     Starting new HTTPS connection (1): piconnect.flattrade.in:443
2026-07-15 09:31:48  DEBUG     https://piconnect.flattrade.in:443 "POST /PiConnectAPI/Limits HTTP/1.1" 200 None
2026-07-15 09:31:48  WARNING   MIS BUY LODHA: avail=Rs125.54 < needed=Rs580.35 — qty 2→0
2026-07-15 09:31:48  ERROR     MIS BUY LODHA skipped — insufficient capital after reduction
2026-07-15 09:31:49  DEBUG     Starting new HTTPS connection (1): piconnect.flattrade.in:443
2026-07-15 09:31:49  DEBUG     https://piconnect.flattrade.in:443 "POST /PiConnectAPI/PositionBook HTTP/1.1" 200 None
2026-07-15 09:31:49  DEBUG     Starting new HTTPS connection (1): piconnect.flattrade.in:443
2026-07-15 09:31:49  DEBUG     https://piconnect.flattrade.in:443 "POST /PiConnectAPI/Limits HTTP/1.1" 200 None
2026-07-15 09:31:49  WARNING   MIS BUY LODHA: avail=Rs125.54 < needed=Rs580.35 — qty 2→0
2026-07-15 09:31:49  ERROR     MIS BUY LODHA skipped — insufficient capital after reduction
2026-07-15 09:31:50  DEBUG     Starting new HTTPS connection (1): piconnect.flattrade.in:443
2026-07-15 09:31:50  DEBUG     https://piconnect.flattrade.in:443 "POST /PiConnectAPI/PositionBook HTTP/1.1" 200 None
2026-07-15 09:31:50  DEBUG     Starting new HTTPS connection (1): piconnect.flattrade.in:443
2026-07-15 09:31:50  DEBUG     https://piconnect.flattrade.in:443 "POST /PiConnectAPI/Limits HTTP/1.1" 200 None
2026-07-15 09:31:50  WARNING   MIS BUY LODHA: avail=Rs125.54 < needed=Rs580.35 — qty 2→0
2026-07-15 09:31:50  ERROR     MIS BUY LODHA skipped — insufficient capital after reduction
2026-07-15 09:31:50  DEBUG     Starting new HTTPS connection (1): piconnect.flattrade.in:443
2026-07-15 09:31:50  DEBUG     https://piconnect.flattrade.in:443 "POST /PiConnectAPI/PositionBook HTTP/1.1" 200 None
2026-07-15 09:31:50  DEBUG     Starting new HTTPS connection (1): piconnect.flattrade.in:443
2026-07-15 09:31:51  DEBUG     https://piconnect.flattrade.in:443 "POST /PiConnectAPI/Limits HTTP/1.1" 200 None
2026-07-15 09:31:51  WARNING   MIS BUY LODHA: avail=Rs125.54 < needed=Rs580.27 — qty 2→0
2026-07-15 09:31:51  ERROR     MIS BUY LODHA skipped — insufficient capital after reduction
2026-07-15 09:31:51  DEBUG     Starting new HTTPS connection (1): piconnect.flattrade.in:443
2026-07-15 09:31:51  DEBUG     https://piconnect.flattrade.in:443 "POST /PiConnectAPI/PositionBook HTTP/1.1" 200 None
2026-07-15 09:31:51  DEBUG     Starting new HTTPS connection (1): piconnect.flattrade.in:443
2026-07-15 09:31:51  DEBUG     https://piconnect.flattrade.in:443 "POST /PiConnectAPI/Limits HTTP/1.1" 200 None
2026-07-15 09:31:51  WARNING   MIS BUY LODHA: avail=Rs125.54 < needed=Rs580.20 — qty 2→0
2026-07-15 09:31:51  ERROR     MIS BUY LODHA skipped — insufficient capital after reduction
2026-07-15 09:31:52  DEBUG     Starting new HTTPS connection (1): piconnect.flattrade.in:443
2026-07-15 09:31:52  DEBUG     https://piconnect.flattrade.in:443 "POST /PiConnectAPI/PositionBook HTTP/1.1" 200 None
2026-07-15 09:31:52  DEBUG     Starting new HTTPS connection (1): piconnect.flattrade.in:443
2026-07-15 09:31:52  DEBUG     https://piconnect.flattrade.in:443 "POST /PiConnectAPI/Limits HTTP/1.1" 200 None
2026-07-15 09:31:52  WARNING   MIS BUY LODHA: avail=Rs125.54 < needed=Rs580.20 — qty 2→0
2026-07-15 09:31:52  ERROR     MIS BUY LODHA skipped — insufficient capital after reduction
2026-07-15 09:31:53  DEBUG     Starting new HTTPS connection (1): piconnect.flattrade.in:443
2026-07-15 09:31:53  DEBUG     https://piconnect.flattrade.in:443 "POST /PiConnectAPI/PositionBook HTTP/1.1" 200 None
2026-07-15 09:31:53  DEBUG     Starting new HTTPS connection (1): piconnect.flattrade.in:443
2026-07-15 09:31:53  DEBUG     https://piconnect.flattrade.in:443 "POST /PiConnectAPI/Limits HTTP/1.1" 200 None
2026-07-15 09:31:53  WARNING   MIS BUY LODHA: avail=Rs125.54 < needed=Rs580.20 — qty 2→0
2026-07-15 09:31:53  ERROR     MIS BUY LODHA skipped — insufficient capital after reduction
2026-07-15 09:31:53  DEBUG     Starting new HTTPS connection (1): piconnect.flattrade.in:443
2026-07-15 09:31:53  DEBUG     https://piconnect.flattrade.in:443 "POST /PiConnectAPI/PositionBook HTTP/1.1" 200 None
2026-07-15 09:31:53  DEBUG     Starting new HTTPS connection (1): piconnect.flattrade.in:443
2026-07-15 09:31:54  DEBUG     https://piconnect.flattrade.in:443 "POST /PiConnectAPI/Limits HTTP/1.1" 200 None
2026-07-15 09:31:54  WARNING   MIS BUY LODHA: avail=Rs125.54 < needed=Rs580.12 — qty 2→0
2026-07-15 09:31:54  ERROR     MIS BUY LODHA skipped — insufficient capital after reduction
2026-07-15 09:31:54  DEBUG     Starting new HTTPS connection (1): piconnect.flattrade.in:443
2026-07-15 09:31:54  DEBUG     https://piconnect.flattrade.in:443 "POST /PiConnectAPI/PositionBook HTTP/1.1" 200 None
2026-07-15 09:31:54  DEBUG     Starting new HTTPS connection (1): piconnect.flattrade.in:443
2026-07-15 09:31:54  DEBUG     https://piconnect.flattrade.in:443 "POST /PiConnectAPI/Limits HTTP/1.1" 200 None
2026-07-15 09:31:54  WARNING   MIS BUY LODHA: avail=Rs125.54 < needed=Rs580.10 — qty 2→0
2026-07-15 09:31:54  ERROR     MIS BUY LODHA skipped — insufficient capital after reduction
2026-07-15 09:31:55  DEBUG     Starting new HTTPS connection (1): piconnect.flattrade.in:443
2026-07-15 09:31:55  DEBUG     https://piconnect.flattrade.in:443 "POST /PiConnectAPI/PositionBook HTTP/1.1" 200 None
2026-07-15 09:31:55  DEBUG     Starting new HTTPS connection (1): piconnect.flattrade.in:443
2026-07-15 09:31:55  DEBUG     https://piconnect.flattrade.in:443 "POST /PiConnectAPI/Limits HTTP/1.1" 200 None
2026-07-15 09:31:55  WARNING   MIS BUY LODHA: avail=Rs125.54 < needed=Rs580.08 — qty 2→0
2026-07-15 09:31:55  ERROR     MIS BUY LODHA skipped — insufficient capital after reduction
2026-07-15 09:31:56  DEBUG     Starting new HTTPS connection (1): piconnect.flattrade.in:443
2026-07-15 09:31:56  DEBUG     https://piconnect.flattrade.in:443 "POST /PiConnectAPI/PositionBook HTTP/1.1" 200 None
2026-07-15 09:31:56  DEBUG     Starting new HTTPS connection (1): piconnect.flattrade.in:443
2026-07-15 09:31:57  DEBUG     https://piconnect.flattrade.in:443 "POST /PiConnectAPI/Limits HTTP/1.1" 200 None
2026-07-15 09:31:57  WARNING   MIS BUY LODHA: avail=Rs125.54 < needed=Rs579.92 — qty 2→0
2026-07-15 09:31:57  ERROR     MIS BUY LODHA skipped — insufficient capital after reduction
2026-07-15 09:31:57  DEBUG     Starting new HTTPS connection (1): piconnect.flattrade.in:443
2026-07-15 09:31:57  DEBUG     https://piconnect.flattrade.in:443 "POST /PiConnectAPI/PositionBook HTTP/1.1" 200 None
2026-07-15 09:31:57  DEBUG     Starting new HTTPS connection (1): piconnect.flattrade.in:443
2026-07-15 09:31:58  DEBUG     https://piconnect.flattrade.in:443 "POST /PiConnectAPI/Limits HTTP/1.1" 200 None
2026-07-15 09:31:58  WARNING   MIS BUY LODHA: avail=Rs125.54 < needed=Rs579.92 — qty 2→0
2026-07-15 09:31:58  ERROR     MIS BUY LODHA skipped — insufficient capital after reduction
2026-07-15 09:31:58  DEBUG     Starting new HTTPS connection (1): piconnect.flattrade.in:443
2026-07-15 09:31:58  DEBUG     https://piconnect.flattrade.in:443 "POST /PiConnectAPI/PositionBook HTTP/1.1" 200 None
2026-07-15 09:31:58  DEBUG     Starting new HTTPS connection (1): piconnect.flattrade.in:443
2026-07-15 09:31:58  DEBUG     https://piconnect.flattrade.in:443 "POST /PiConnectAPI/Limits HTTP/1.1" 200 None
2026-07-15 09:31:58  WARNING   MIS BUY LODHA: avail=Rs125.54 < needed=Rs579.92 — qty 2→0
2026-07-15 09:31:58  ERROR     MIS BUY LODHA skipped — insufficient capital after reduction
2026-07-15 09:31:58  DEBUG     Starting new HTTPS connection (1): piconnect.flattrade.in:443
2026-07-15 09:31:58  DEBUG     https://piconnect.flattrade.in:443 "POST /PiConnectAPI/PositionBook HTTP/1.1" 200 None
2026-07-15 09:31:58  DEBUG     Starting new HTTPS connection (1): piconnect.flattrade.in:443
2026-07-15 09:31:59  DEBUG     https://piconnect.flattrade.in:443 "POST /PiConnectAPI/Limits HTTP/1.1" 200 None
2026-07-15 09:31:59  WARNING   MIS BUY LODHA: avail=Rs125.54 < needed=Rs579.88 — qty 2→0
2026-07-15 09:31:59  ERROR     MIS BUY LODHA skipped — insufficient capital after reduction
2026-07-15 09:31:59  DEBUG     Starting new HTTPS connection (1): piconnect.flattrade.in:443
2026-07-15 09:32:00  DEBUG     https://piconnect.flattrade.in:443 "POST /PiConnectAPI/PositionBook HTTP/1.1" 200 None
2026-07-15 09:32:00  DEBUG     Starting new HTTPS connection (1): piconnect.flattrade.in:443
2026-07-15 09:32:00  DEBUG     https://piconnect.flattrade.in:443 "POST /PiConnectAPI/Limits HTTP/1.1" 200 None
2026-07-15 09:32:00  WARNING   MIS BUY LODHA: avail=Rs125.54 < needed=Rs579.88 — qty 2→0
2026-07-15 09:32:00  ERROR     MIS BUY LODHA skipped — insufficient capital after reduction
2026-07-15 09:32:00  DEBUG     Starting new HTTPS connection (1): piconnect.flattrade.in:443
2026-07-15 09:32:00  DEBUG     https://piconnect.flattrade.in:443 "POST /PiConnectAPI/PositionBook HTTP/1.1" 200 None
2026-07-15 09:32:00  DEBUG     Starting new HTTPS connection (1): piconnect.flattrade.in:443
2026-07-15 09:32:00  DEBUG     https://piconnect.flattrade.in:443 "POST /PiConnectAPI/Limits HTTP/1.1" 200 None
2026-07-15 09:32:00  WARNING   MIS BUY LODHA: avail=Rs125.54 < needed=Rs579.88 — qty 2→0
2026-07-15 09:32:00  ERROR     MIS BUY LODHA skipped — insufficient capital after reduction
2026-07-15 09:32:00  DEBUG     Sending ping
2026-07-15 09:32:01  DEBUG     Starting new HTTPS connection (1): piconnect.flattrade.in:443
2026-07-15 09:32:01  DEBUG     https://piconnect.flattrade.in:443 "POST /PiConnectAPI/PositionBook HTTP/1.1" 200 None
2026-07-15 09:32:01  DEBUG     Starting new HTTPS connection (1): piconnect.flattrade.in:443
2026-07-15 09:32:01  DEBUG     https://piconnect.flattrade.in:443 "POST /PiConnectAPI/Limits HTTP/1.1" 200 None
2026-07-15 09:32:01  WARNING   MIS BUY LODHA: avail=Rs125.54 < needed=Rs579.88 — qty 2→0
2026-07-15 09:32:01  ERROR     MIS BUY LODHA skipped — insufficient capital after reduction
2026-07-15 09:32:02  DEBUG     Starting new HTTPS connection (1): piconnect.flattrade.in:443
2026-07-15 09:32:02  DEBUG     https://piconnect.flattrade.in:443 "POST /PiConnectAPI/PositionBook HTTP/1.1" 200 None
2026-07-15 09:32:02  DEBUG     Starting new HTTPS connection (1): piconnect.flattrade.in:443
2026-07-15 09:32:02  DEBUG     https://piconnect.flattrade.in:443 "POST /PiConnectAPI/Limits HTTP/1.1" 200 None
2026-07-15 09:32:02  WARNING   MIS BUY LODHA: avail=Rs125.54 < needed=Rs579.88 — qty 2→0
2026-07-15 09:32:02  ERROR     MIS BUY LODHA skipped — insufficient capital after reduction
2026-07-15 09:32:03  DEBUG     Starting new HTTPS connection (1): piconnect.flattrade.in:443
2026-07-15 09:32:03  DEBUG     https://piconnect.flattrade.in:443 "POST /PiConnectAPI/PositionBook HTTP/1.1" 200 None
2026-07-15 09:32:03  DEBUG     Starting new HTTPS connection (1): piconnect.flattrade.in:443
2026-07-15 09:32:03  DEBUG     https://piconnect.flattrade.in:443 "POST /PiConnectAPI/Limits HTTP/1.1" 200 None
2026-07-15 09:32:03  WARNING   MIS BUY LODHA: avail=Rs125.54 < needed=Rs580.15 — qty 2→0
2026-07-15 09:32:03  ERROR     MIS BUY LODHA skipped — insufficient capital after reduction
2026-07-15 09:32:04  DEBUG     Starting new HTTPS connection (1): piconnect.flattrade.in:443
2026-07-15 09:32:04  DEBUG     https://piconnect.flattrade.in:443 "POST /PiConnectAPI/PositionBook HTTP/1.1" 200 None
2026-07-15 09:32:04  DEBUG     Starting new HTTPS connection (1): piconnect.flattrade.in:443
2026-07-15 09:32:04  DEBUG     https://piconnect.flattrade.in:443 "POST /PiConnectAPI/Limits HTTP/1.1" 200 None
2026-07-15 09:32:04  WARNING   MIS BUY LODHA: avail=Rs125.54 < needed=Rs580.12 — qty 2→0
2026-07-15 09:32:04  ERROR     MIS BUY LODHA skipped — insufficient capital after reduction
2026-07-15 09:32:05  DEBUG     Starting new HTTPS connection (1): piconnect.flattrade.in:443
2026-07-15 09:32:05  DEBUG     https://piconnect.flattrade.in:443 "POST /PiConnectAPI/PositionBook HTTP/1.1" 200 None
2026-07-15 09:32:05  DEBUG     Starting new HTTPS connection (1): piconnect.flattrade.in:443
2026-07-15 09:32:05  DEBUG     https://piconnect.flattrade.in:443 "POST /PiConnectAPI/Limits HTTP/1.1" 200 None
2026-07-15 09:32:05  WARNING   MIS BUY LODHA: avail=Rs125.54 < needed=Rs580.12 — qty 2→0
2026-07-15 09:32:05  ERROR     MIS BUY LODHA skipped — insufficient capital after reduction
2026-07-15 09:32:06  DEBUG     Starting new HTTPS connection (1): piconnect.flattrade.in:443
2026-07-15 09:32:06  DEBUG     https://piconnect.flattrade.in:443 "POST /PiConnectAPI/PositionBook HTTP/1.1" 200 None
2026-07-15 09:32:06  DEBUG     Starting new HTTPS connection (1): piconnect.flattrade.in:443
2026-07-15 09:32:06  DEBUG     https://piconnect.flattrade.in:443 "POST /PiConnectAPI/Limits HTTP/1.1" 200 None
2026-07-15 09:32:06  WARNING   MIS BUY LODHA: avail=Rs125.54 < needed=Rs580.12 — qty 2→0
2026-07-15 09:32:06  ERROR     MIS BUY LODHA skipped — insufficient capital after reduction
2026-07-15 09:32:07  DEBUG     Starting new HTTPS connection (1): piconnect.flattrade.in:443
2026-07-15 09:32:07  DEBUG     https://piconnect.flattrade.in:443 "POST /PiConnectAPI/PositionBook HTTP/1.1" 200 None
2026-07-15 09:32:07  DEBUG     Starting new HTTPS connection (1): piconnect.flattrade.in:443
2026-07-15 09:32:07  DEBUG     https://piconnect.flattrade.in:443 "POST /PiConnectAPI/Limits HTTP/1.1" 200 None
2026-07-15 09:32:07  WARNING   MIS BUY LODHA: avail=Rs125.54 < needed=Rs580.08 — qty 2→0
2026-07-15 09:32:07  ERROR     MIS BUY LODHA skipped — insufficient capital after reduction
2026-07-15 09:32:08  DEBUG     Starting new HTTPS connection (1): piconnect.flattrade.in:443
2026-07-15 09:32:08  DEBUG     https://piconnect.flattrade.in:443 "POST /PiConnectAPI/PositionBook HTTP/1.1" 200 None
2026-07-15 09:32:08  DEBUG     Starting new HTTPS connection (1): piconnect.flattrade.in:443
2026-07-15 09:32:09  DEBUG     https://piconnect.flattrade.in:443 "POST /PiConnectAPI/Limits HTTP/1.1" 200 None
2026-07-15 09:32:09  WARNING   MIS BUY LODHA: avail=Rs125.54 < needed=Rs580.05 — qty 2→0
2026-07-15 09:32:09  ERROR     MIS BUY LODHA skipped — insufficient capital after reduction
2026-07-15 09:32:09  DEBUG     Starting new HTTPS connection (1): piconnect.flattrade.in:443
2026-07-15 09:32:09  DEBUG     https://piconnect.flattrade.in:443 "POST /PiConnectAPI/PositionBook HTTP/1.1" 200 None
2026-07-15 09:32:09  DEBUG     Starting new HTTPS connection (1): piconnect.flattrade.in:443
2026-07-15 09:32:10  DEBUG     https://piconnect.flattrade.in:443 "POST /PiConnectAPI/Limits HTTP/1.1" 200 None
2026-07-15 09:32:10  WARNING   MIS BUY LODHA: avail=Rs125.54 < needed=Rs579.90 — qty 2→0
2026-07-15 09:32:10  ERROR     MIS BUY LODHA skipped — insufficient capital after reduction
2026-07-15 09:32:10  DEBUG     Starting new HTTPS connection (1): piconnect.flattrade.in:443
2026-07-15 09:32:10  DEBUG     https://piconnect.flattrade.in:443 "POST /PiConnectAPI/PositionBook HTTP/1.1" 200 None
2026-07-15 09:32:10  DEBUG     Starting new HTTPS connection (1): piconnect.flattrade.in:443
2026-07-15 09:32:11  DEBUG     https://piconnect.flattrade.in:443 "POST /PiConnectAPI/Limits HTTP/1.1" 200 None
2026-07-15 09:32:11  WARNING   MIS BUY LODHA: avail=Rs125.54 < needed=Rs579.90 — qty 2→0
2026-07-15 09:32:11  ERROR     MIS BUY LODHA skipped — insufficient capital after reduction
2026-07-15 09:32:11  DEBUG     Starting new HTTPS connection (1): piconnect.flattrade.in:443
2026-07-15 09:32:12  DEBUG     https://piconnect.flattrade.in:443 "POST /PiConnectAPI/PositionBook HTTP/1.1" 200 None
2026-07-15 09:32:12  DEBUG     Starting new HTTPS connection (1): piconnect.flattrade.in:443
2026-07-15 09:32:12  DEBUG     https://piconnect.flattrade.in:443 "POST /PiConnectAPI/Limits HTTP/1.1" 200 None
2026-07-15 09:32:12  WARNING   MIS BUY LODHA: avail=Rs125.54 < needed=Rs579.88 — qty 2→0
2026-07-15 09:32:12  ERROR     MIS BUY LODHA skipped — insufficient capital after reduction
2026-07-15 09:32:12  DEBUG     Starting new HTTPS connection (1): piconnect.flattrade.in:443
2026-07-15 09:32:13  DEBUG     https://piconnect.flattrade.in:443 "POST /PiConnectAPI/PositionBook HTTP/1.1" 200 None
2026-07-15 09:32:13  DEBUG     Starting new HTTPS connection (1): piconnect.flattrade.in:443
2026-07-15 09:32:13  DEBUG     https://piconnect.flattrade.in:443 "POST /PiConnectAPI/Limits HTTP/1.1" 200 None
2026-07-15 09:32:13  WARNING   MIS BUY LODHA: avail=Rs125.54 < needed=Rs579.83 — qty 2→0
2026-07-15 09:32:13  ERROR     MIS BUY LODHA skipped — insufficient capital after reduction
2026-07-15 09:32:13  DEBUG     Starting new HTTPS connection (1): piconnect.flattrade.in:443
2026-07-15 09:32:13  DEBUG     https://piconnect.flattrade.in:443 "POST /PiConnectAPI/PositionBook HTTP/1.1" 200 None
2026-07-15 09:32:13  DEBUG     Starting new HTTPS connection (1): piconnect.flattrade.in:443
2026-07-15 09:32:13  DEBUG     https://piconnect.flattrade.in:443 "POST /PiConnectAPI/Limits HTTP/1.1" 200 None
2026-07-15 09:32:13  WARNING   MIS BUY LODHA: avail=Rs125.54 < needed=Rs579.83 — qty 2→0
2026-07-15 09:32:13  ERROR     MIS BUY LODHA skipped — insufficient capital after reduction
2026-07-15 09:32:14  DEBUG     Starting new HTTPS connection (1): piconnect.flattrade.in:443
2026-07-15 09:32:14  DEBUG     https://piconnect.flattrade.in:443 "POST /PiConnectAPI/PositionBook HTTP/1.1" 200 None
2026-07-15 09:32:14  DEBUG     Starting new HTTPS connection (1): piconnect.flattrade.in:443
2026-07-15 09:32:14  DEBUG     https://piconnect.flattrade.in:443 "POST /PiConnectAPI/Limits HTTP/1.1" 200 None
2026-07-15 09:32:14  WARNING   MIS BUY LODHA: avail=Rs125.54 < needed=Rs579.83 — qty 2→0
2026-07-15 09:32:14  ERROR     MIS BUY LODHA skipped — insufficient capital after reduction
2026-07-15 09:32:15  ERROR     WS ERROR  Connection to remote host was lost.
2026-07-15 09:32:15  ERROR     Connection to remote host was lost. - goodbye
2026-07-15 09:32:15  WARNING   WS DISCONNECTED  code=None  reason=None  trades=11  pnl=Rs-9.63
[Wed Jul 15 09:32:15 UTC 2026] Runner exited, restarting in 10s...
[Wed Jul 15 09:32:25 UTC 2026] Starting runner...
2026-07-15 09:32:25  INFO      ============================================================
2026-07-15 09:32:25  INFO      STARTUP  date=2026-07-15  pid=505342
2026-07-15 09:32:25  INFO      Strategy: Supertrend atr=14 mult=1.5 | 15-min | LIVE mode
2026-07-15 09:32:25  INFO      DYNAMIC BASKET (5): HCLTECH,LODHA,ADANIENSOL,JIOFIN,UNIONBANK | EMA filter=50
2026-07-15 09:32:25  INFO      Resolving NSE tokens...
2026-07-15 09:32:25  DEBUG     Starting new HTTPS connection (1): piconnect.flattrade.in:443
2026-07-15 09:32:25  DEBUG     https://piconnect.flattrade.in:443 "POST /PiConnectAPI/SearchScrip HTTP/1.1" 200 None
2026-07-15 09:32:25  INFO      Resolved  HCLTECH          token=7229  tick=0.1
2026-07-15 09:32:25  DEBUG     Starting new HTTPS connection (1): piconnect.flattrade.in:443
2026-07-15 09:32:25  DEBUG     https://piconnect.flattrade.in:443 "POST /PiConnectAPI/SearchScrip HTTP/1.1" 200 None
2026-07-15 09:32:25  INFO      Resolved  LODHA            token=3220  tick=0.05
2026-07-15 09:32:25  DEBUG     Starting new HTTPS connection (1): piconnect.flattrade.in:443
2026-07-15 09:32:26  DEBUG     https://piconnect.flattrade.in:443 "POST /PiConnectAPI/SearchScrip HTTP/1.1" 200 None
2026-07-15 09:32:26  INFO      Resolved  ADANIENSOL       token=10217  tick=0.1
2026-07-15 09:32:26  DEBUG     Starting new HTTPS connection (1): piconnect.flattrade.in:443
2026-07-15 09:32:26  DEBUG     https://piconnect.flattrade.in:443 "POST /PiConnectAPI/SearchScrip HTTP/1.1" 200 None
2026-07-15 09:32:26  INFO      Resolved  JIOFIN           token=18143  tick=0.01
2026-07-15 09:32:26  DEBUG     Starting new HTTPS connection (1): piconnect.flattrade.in:443
2026-07-15 09:32:26  DEBUG     https://piconnect.flattrade.in:443 "POST /PiConnectAPI/SearchScrip HTTP/1.1" 200 None
2026-07-15 09:32:26  INFO      Resolved  UNIONBANK        token=10753  tick=0.01
2026-07-15 09:32:26  WARNING   STATE RESTORED  LODHA         SHORT  entry=Rs1162.25  qty=2  (saved 2026-07-15)
2026-07-15 09:32:26  DEBUG     Starting new HTTPS connection (1): piconnect.flattrade.in:443
2026-07-15 09:32:26  DEBUG     https://piconnect.flattrade.in:443 "POST /PiConnectAPI/PositionBook HTTP/1.1" 200 None
2026-07-15 09:32:26  INFO      ALIGN  LODHA         strat.position=-1  entry=Rs1162.25
2026-07-15 09:32:26  DEBUG     Starting new HTTPS connection (1): piconnect.flattrade.in:443
2026-07-15 09:32:27  DEBUG     https://piconnect.flattrade.in:443 "POST /PiConnectAPI/Limits HTTP/1.1" 200 None
2026-07-15 09:32:27  INFO      *** LIVE MODE  cash=Rs1520  deploy(85%)=Rs1292  K=2  cap/stock=Rs646 (MIS notional 4x, CNC 1x) ***
2026-07-15 09:32:27  INFO      5 stocks | Rs646/trade | K=2 | EOD 15:00 IST
2026-07-15 09:32:27  INFO      ============================================================
2026-07-15 09:32:27  INFO      Websocket connected
2026-07-15 09:32:27  INFO      WS CONNECTED  subscribed=5 instruments
2026-07-15 09:32:27  INFO      Ticks -> data/2026-07-15/ticks.jsonl
2026-07-15 09:32:27  DEBUG     Starting new HTTPS connection (1): piconnect.flattrade.in:443
2026-07-15 09:32:28  DEBUG     https://piconnect.flattrade.in:443 "POST /PiConnectAPI/PositionBook HTTP/1.1" 200 None
2026-07-15 09:32:28  DEBUG     Starting new HTTPS connection (1): piconnect.flattrade.in:443
2026-07-15 09:32:28  DEBUG     https://piconnect.flattrade.in:443 "POST /PiConnectAPI/Limits HTTP/1.1" 200 None
2026-07-15 09:32:28  INFO      ORDER  LODHA         BUY    MIS   qty=2       price=Rs1159.95  reason=EOD
2026-07-15 09:32:28  DEBUG     Starting new HTTPS connection (1): piconnect.flattrade.in:443
2026-07-15 09:32:28  DEBUG     https://piconnect.flattrade.in:443 "POST /PiConnectAPI/PlaceOrder HTTP/1.1" 200 None
2026-07-15 09:32:28  INFO      ACCEPTED  LODHA  norenordno=26071500339952
2026-07-15 09:32:28  INFO      CAPITAL  committed=Rs579.98  (added Rs579.98 for MIS LODHA)
2026-07-15 09:32:28  INFO      EXIT ORDER  LODHA         BUY  qty=2  [EOD] — awaiting fill
2026-07-15 09:32:28  DEBUG     Starting new HTTPS connection (1): piconnect.flattrade.in:443
2026-07-15 09:32:28  DEBUG     https://piconnect.flattrade.in:443 "POST /PiConnectAPI/PositionBook HTTP/1.1" 200 None
2026-07-15 09:32:28  WARNING   EOD LODHA — exchange net=0 (phantom/already flat); clearing, NO order
2026-07-15 09:32:28  INFO      ORDER UPDATE  NewAck    LODHA-EQ  norenordno=26071500339952
2026-07-15 09:32:28  INFO      ORDER UPDATE  New       LODHA-EQ  norenordno=26071500339952
2026-07-15 09:32:28  INFO      EXIT FILL LODHA but ledger already flat (avgprc=1159.5500)
2026-07-15 09:32:28  INFO      ────────────────────────────────────────────────────────────
2026-07-15 09:32:28  INFO      EOD SUMMARY  date=2026-07-15  trades=11  total_pnl=Rs-9.63
2026-07-15 09:32:28  INFO      All positions flat at EOD
2026-07-15 09:32:28  INFO      Ticks  -> data/2026-07-15/ticks.jsonl
2026-07-15 09:32:28  INFO      Trades -> logs/trades_2026-07-15.csv
2026-07-15 09:32:28  INFO      ────────────────────────────────────────────────────────────
2026-07-15 09:33:27  DEBUG     Sending ping
2026-07-15 09:33:57  DEBUG     Sending ping
2026-07-15 09:34:27  DEBUG     Sending ping
2026-07-15 09:34:57  DEBUG     Sending ping
2026-07-15 09:35:01  INFO      SIGINT received — saving state and shutting down
2026-07-15 09:35:01  INFO      ────────────────────────────────────────────────────────────
2026-07-15 09:35:01  INFO      EOD SUMMARY  date=2026-07-15  trades=11  total_pnl=Rs-9.63
2026-07-15 09:35:01  INFO      All positions flat at EOD
2026-07-15 09:35:01  INFO      Ticks  -> data/2026-07-15/ticks.jsonl
2026-07-15 09:35:01  INFO      Trades -> logs/trades_2026-07-15.csv
2026-07-15 09:35:01  INFO      ────────────────────────────────────────────────────────────
[Wed Jul 15 09:35:02 UTC 2026] STOP flag set + SIGINT sent — runner stopping, watchdog will not restart
2026-07-15 09:35:02  WARNING   WS DISCONNECTED  code=None  reason=None  trades=11  pnl=Rs-9.63
[Wed Jul 15 09:35:02 UTC 2026] Runner exited, restarting in 10s...
[Wed Jul 15 09:35:12 UTC 2026] STOP flag detected — watchdog exiting, no restart
