[Sun Jul 12 05:49:44 UTC 2026] STOP flag set + SIGINT sent — runner stopping, watchdog will not restart
[Sun Jul 12 05:49:54 UTC 2026] Watchdog started
[Sun Jul 12 05:49:54 UTC 2026] Starting runner...
2026-07-12 05:49:55  INFO      ============================================================
2026-07-12 05:49:55  INFO      STARTUP  date=2026-07-12  pid=376157
2026-07-12 05:49:55  INFO      Strategy: Supertrend atr=14 mult=1.5 | 15-min | LIVE mode
2026-07-12 05:49:55  INFO      Resolving NSE tokens...
2026-07-12 05:49:55  DEBUG     Starting new HTTPS connection (1): piconnect.flattrade.in:443
2026-07-12 05:49:55  DEBUG     https://piconnect.flattrade.in:443 "POST /PiConnectAPI/SearchScrip HTTP/1.1" 200 None
2026-07-12 05:49:55  INFO      Resolved  HFCL             token=21951
2026-07-12 05:49:55  DEBUG     Starting new HTTPS connection (1): piconnect.flattrade.in:443
2026-07-12 05:49:56  DEBUG     https://piconnect.flattrade.in:443 "POST /PiConnectAPI/SearchScrip HTTP/1.1" 200 None
2026-07-12 05:49:56  INFO      Resolved  BANKBARODA       token=4668
2026-07-12 05:49:56  DEBUG     Starting new HTTPS connection (1): piconnect.flattrade.in:443
2026-07-12 05:49:56  DEBUG     https://piconnect.flattrade.in:443 "POST /PiConnectAPI/SearchScrip HTTP/1.1" 200 None
2026-07-12 05:49:56  INFO      Resolved  NMDC             token=15332
2026-07-12 05:49:56  DEBUG     Starting new HTTPS connection (1): piconnect.flattrade.in:443
2026-07-12 05:49:56  DEBUG     https://piconnect.flattrade.in:443 "POST /PiConnectAPI/SearchScrip HTTP/1.1" 200 None
2026-07-12 05:49:56  INFO      Resolved  CESC             token=628
2026-07-12 05:49:56  DEBUG     Starting new HTTPS connection (1): piconnect.flattrade.in:443
2026-07-12 05:49:56  DEBUG     https://piconnect.flattrade.in:443 "POST /PiConnectAPI/SearchScrip HTTP/1.1" 200 None
2026-07-12 05:49:56  INFO      Resolved  ZEEL             token=3812
2026-07-12 05:49:56  DEBUG     Starting new HTTPS connection (1): piconnect.flattrade.in:443
2026-07-12 05:49:57  DEBUG     https://piconnect.flattrade.in:443 "POST /PiConnectAPI/SearchScrip HTTP/1.1" 200 None
2026-07-12 05:49:57  INFO      Resolved  BALRAMCHIN       token=341
2026-07-12 05:49:57  DEBUG     Starting new HTTPS connection (1): piconnect.flattrade.in:443
2026-07-12 05:49:57  DEBUG     https://piconnect.flattrade.in:443 "POST /PiConnectAPI/SearchScrip HTTP/1.1" 200 None
2026-07-12 05:49:57  INFO      Resolved  GRANULES         token=11872
2026-07-12 05:49:57  DEBUG     Starting new HTTPS connection (1): piconnect.flattrade.in:443
2026-07-12 05:49:57  DEBUG     https://piconnect.flattrade.in:443 "POST /PiConnectAPI/SearchScrip HTTP/1.1" 200 None
2026-07-12 05:49:57  INFO      Resolved  SUZLON           token=12018
2026-07-12 05:49:57  DEBUG     Starting new HTTPS connection (1): piconnect.flattrade.in:443
2026-07-12 05:49:57  DEBUG     https://piconnect.flattrade.in:443 "POST /PiConnectAPI/PositionBook HTTP/1.1" 200 None
2026-07-12 05:49:57  DEBUG     Starting new HTTPS connection (1): piconnect.flattrade.in:443
2026-07-12 05:49:57  DEBUG     https://piconnect.flattrade.in:443 "POST /PiConnectAPI/Limits HTTP/1.1" 200 None
2026-07-12 05:49:57  INFO      *** LIVE MODE  cash=Rs0  deploy(85%)=Rs0  K=2  cap/stock=Rs1 (MIS notional 4x, CNC 1x) ***
2026-07-12 05:49:57  INFO      8 stocks | Rs1/trade | K=2 | EOD 15:00 IST
2026-07-12 05:49:57  INFO      ============================================================
2026-07-12 05:49:58  INFO      Websocket connected
2026-07-12 05:49:58  INFO      WS CONNECTED  subscribed=8 instruments
2026-07-12 05:49:58  INFO      Ticks -> data/2026-07-12/ticks.jsonl
2026-07-12 05:49:58  INFO      ────────────────────────────────────────────────────────────
2026-07-12 05:49:58  INFO      EOD SUMMARY  date=2026-07-12  trades=0  total_pnl=Rs0.00
2026-07-12 05:49:58  INFO      All positions flat at EOD
2026-07-12 05:49:58  INFO      Ticks  -> data/2026-07-12/ticks.jsonl
2026-07-12 05:49:58  INFO      Trades -> logs/trades_2026-07-12.csv
2026-07-12 05:49:58  INFO      ────────────────────────────────────────────────────────────
2026-07-12 05:50:57  INFO      SIGINT received — flushing and shutting down
2026-07-12 05:50:57  INFO      ────────────────────────────────────────────────────────────
2026-07-12 05:50:57  INFO      EOD SUMMARY  date=2026-07-12  trades=0  total_pnl=Rs0.00
2026-07-12 05:50:57  INFO      All positions flat at EOD
2026-07-12 05:50:57  INFO      Ticks  -> data/2026-07-12/ticks.jsonl
2026-07-12 05:50:57  INFO      Trades -> logs/trades_2026-07-12.csv
2026-07-12 05:50:57  INFO      ────────────────────────────────────────────────────────────
2026-07-12 05:50:57  ERROR     WS ERROR  0
[Sun Jul 12 05:50:57 UTC 2026] STOP flag set + SIGINT sent — runner stopping, watchdog will not restart
2026-07-12 05:50:57  WARNING   WS DISCONNECTED  code=None  reason=None  trades=0  pnl=Rs+0.00
2026-07-12 05:50:57  ERROR     error from callback <bound method FlattradeClient._ws_close of <client.FlattradeClient object at 0x7f7d1758d310>>: I/O operation on closed file.
2026-07-12 05:50:57  ERROR     WS ERROR  I/O operation on closed file.
[Sun Jul 12 05:50:57 UTC 2026] Runner exited, restarting in 10s...
[Sun Jul 12 05:51:07 UTC 2026] STOP flag detected — watchdog exiting, no restart
[Sun Jul 12 06:00:43 UTC 2026] Watchdog started
[Sun Jul 12 06:00:43 UTC 2026] Starting runner...
2026-07-12 06:00:43  INFO      ============================================================
2026-07-12 06:00:43  INFO      STARTUP  date=2026-07-12  pid=376568
2026-07-12 06:00:43  INFO      Strategy: Supertrend atr=14 mult=1.5 | 15-min | LIVE mode
2026-07-12 06:00:43  INFO      Resolving NSE tokens...
2026-07-12 06:00:43  DEBUG     Starting new HTTPS connection (1): piconnect.flattrade.in:443
2026-07-12 06:00:44  DEBUG     https://piconnect.flattrade.in:443 "POST /PiConnectAPI/SearchScrip HTTP/1.1" 200 None
2026-07-12 06:00:44  INFO      Resolved  HFCL             token=21951
2026-07-12 06:00:44  DEBUG     Starting new HTTPS connection (1): piconnect.flattrade.in:443
2026-07-12 06:00:44  DEBUG     https://piconnect.flattrade.in:443 "POST /PiConnectAPI/SearchScrip HTTP/1.1" 200 None
2026-07-12 06:00:44  INFO      Resolved  BANKBARODA       token=4668
2026-07-12 06:00:44  DEBUG     Starting new HTTPS connection (1): piconnect.flattrade.in:443
2026-07-12 06:00:44  DEBUG     https://piconnect.flattrade.in:443 "POST /PiConnectAPI/SearchScrip HTTP/1.1" 200 None
2026-07-12 06:00:44  INFO      Resolved  NMDC             token=15332
2026-07-12 06:00:44  DEBUG     Starting new HTTPS connection (1): piconnect.flattrade.in:443
2026-07-12 06:00:45  DEBUG     https://piconnect.flattrade.in:443 "POST /PiConnectAPI/SearchScrip HTTP/1.1" 200 None
2026-07-12 06:00:45  INFO      Resolved  CESC             token=628
2026-07-12 06:00:45  DEBUG     Starting new HTTPS connection (1): piconnect.flattrade.in:443
2026-07-12 06:00:45  DEBUG     https://piconnect.flattrade.in:443 "POST /PiConnectAPI/SearchScrip HTTP/1.1" 200 None
2026-07-12 06:00:45  INFO      Resolved  ZEEL             token=3812
2026-07-12 06:00:45  DEBUG     Starting new HTTPS connection (1): piconnect.flattrade.in:443
2026-07-12 06:00:45  DEBUG     https://piconnect.flattrade.in:443 "POST /PiConnectAPI/SearchScrip HTTP/1.1" 200 None
2026-07-12 06:00:45  INFO      Resolved  BALRAMCHIN       token=341
2026-07-12 06:00:45  DEBUG     Starting new HTTPS connection (1): piconnect.flattrade.in:443
2026-07-12 06:00:45  DEBUG     https://piconnect.flattrade.in:443 "POST /PiConnectAPI/SearchScrip HTTP/1.1" 200 None
2026-07-12 06:00:45  INFO      Resolved  GRANULES         token=11872
2026-07-12 06:00:45  DEBUG     Starting new HTTPS connection (1): piconnect.flattrade.in:443
2026-07-12 06:00:46  DEBUG     https://piconnect.flattrade.in:443 "POST /PiConnectAPI/SearchScrip HTTP/1.1" 200 None
2026-07-12 06:00:46  INFO      Resolved  SUZLON           token=12018
2026-07-12 06:00:46  DEBUG     Starting new HTTPS connection (1): piconnect.flattrade.in:443
2026-07-12 06:00:46  DEBUG     https://piconnect.flattrade.in:443 "POST /PiConnectAPI/PositionBook HTTP/1.1" 200 None
2026-07-12 06:00:46  DEBUG     Starting new HTTPS connection (1): piconnect.flattrade.in:443
2026-07-12 06:00:46  DEBUG     https://piconnect.flattrade.in:443 "POST /PiConnectAPI/Limits HTTP/1.1" 200 None
2026-07-12 06:00:46  INFO      *** LIVE MODE  cash=Rs0  deploy(85%)=Rs0  K=2  cap/stock=Rs1 (MIS notional 4x, CNC 1x) ***
2026-07-12 06:00:46  INFO      8 stocks | Rs1/trade | K=2 | EOD 15:00 IST
2026-07-12 06:00:46  INFO      ============================================================
2026-07-12 06:00:46  INFO      Websocket connected
2026-07-12 06:00:47  INFO      WS CONNECTED  subscribed=8 instruments
2026-07-12 06:00:47  INFO      Ticks -> data/2026-07-12/ticks.jsonl
2026-07-12 06:00:47  INFO      ────────────────────────────────────────────────────────────
2026-07-12 06:00:47  INFO      EOD SUMMARY  date=2026-07-12  trades=0  total_pnl=Rs0.00
2026-07-12 06:00:47  INFO      All positions flat at EOD
2026-07-12 06:00:47  INFO      Ticks  -> data/2026-07-12/ticks.jsonl
2026-07-12 06:00:47  INFO      Trades -> logs/trades_2026-07-12.csv
2026-07-12 06:00:47  INFO      ────────────────────────────────────────────────────────────
2026-07-12 06:01:46  DEBUG     Sending ping
2026-07-12 06:01:46  ERROR     WS ERROR  Connection to remote host was lost.
2026-07-12 06:01:46  ERROR     Connection to remote host was lost. - goodbye
2026-07-12 06:01:46  WARNING   WS DISCONNECTED  code=None  reason=None  trades=0  pnl=Rs+0.00
[Sun Jul 12 06:01:46 UTC 2026] Runner exited, restarting in 10s...
[Sun Jul 12 06:01:56 UTC 2026] Starting runner...
2026-07-12 06:01:57  INFO      ============================================================
2026-07-12 06:01:57  INFO      STARTUP  date=2026-07-12  pid=376637
2026-07-12 06:01:57  INFO      Strategy: Supertrend atr=14 mult=1.5 | 15-min | LIVE mode
2026-07-12 06:01:57  INFO      Resolving NSE tokens...
2026-07-12 06:01:57  DEBUG     Starting new HTTPS connection (1): piconnect.flattrade.in:443
2026-07-12 06:01:57  DEBUG     https://piconnect.flattrade.in:443 "POST /PiConnectAPI/SearchScrip HTTP/1.1" 200 None
2026-07-12 06:01:57  INFO      Resolved  HFCL             token=21951
2026-07-12 06:01:57  DEBUG     Starting new HTTPS connection (1): piconnect.flattrade.in:443
2026-07-12 06:01:57  DEBUG     https://piconnect.flattrade.in:443 "POST /PiConnectAPI/SearchScrip HTTP/1.1" 200 None
2026-07-12 06:01:57  INFO      Resolved  BANKBARODA       token=4668
2026-07-12 06:01:57  DEBUG     Starting new HTTPS connection (1): piconnect.flattrade.in:443
2026-07-12 06:01:58  DEBUG     https://piconnect.flattrade.in:443 "POST /PiConnectAPI/SearchScrip HTTP/1.1" 200 None
2026-07-12 06:01:58  INFO      Resolved  NMDC             token=15332
2026-07-12 06:01:58  DEBUG     Starting new HTTPS connection (1): piconnect.flattrade.in:443
2026-07-12 06:01:58  DEBUG     https://piconnect.flattrade.in:443 "POST /PiConnectAPI/SearchScrip HTTP/1.1" 200 None
2026-07-12 06:01:58  INFO      Resolved  CESC             token=628
2026-07-12 06:01:58  DEBUG     Starting new HTTPS connection (1): piconnect.flattrade.in:443
2026-07-12 06:01:58  DEBUG     https://piconnect.flattrade.in:443 "POST /PiConnectAPI/SearchScrip HTTP/1.1" 200 None
2026-07-12 06:01:58  INFO      Resolved  ZEEL             token=3812
2026-07-12 06:01:58  DEBUG     Starting new HTTPS connection (1): piconnect.flattrade.in:443
2026-07-12 06:01:59  DEBUG     https://piconnect.flattrade.in:443 "POST /PiConnectAPI/SearchScrip HTTP/1.1" 200 None
2026-07-12 06:01:59  INFO      Resolved  BALRAMCHIN       token=341
2026-07-12 06:01:59  DEBUG     Starting new HTTPS connection (1): piconnect.flattrade.in:443
2026-07-12 06:01:59  DEBUG     https://piconnect.flattrade.in:443 "POST /PiConnectAPI/SearchScrip HTTP/1.1" 200 None
2026-07-12 06:01:59  INFO      Resolved  GRANULES         token=11872
2026-07-12 06:01:59  DEBUG     Starting new HTTPS connection (1): piconnect.flattrade.in:443
2026-07-12 06:01:59  DEBUG     https://piconnect.flattrade.in:443 "POST /PiConnectAPI/SearchScrip HTTP/1.1" 200 None
2026-07-12 06:01:59  INFO      Resolved  SUZLON           token=12018
2026-07-12 06:01:59  DEBUG     Starting new HTTPS connection (1): piconnect.flattrade.in:443
2026-07-12 06:01:59  DEBUG     https://piconnect.flattrade.in:443 "POST /PiConnectAPI/PositionBook HTTP/1.1" 200 None
2026-07-12 06:01:59  DEBUG     Starting new HTTPS connection (1): piconnect.flattrade.in:443
2026-07-12 06:01:59  DEBUG     https://piconnect.flattrade.in:443 "POST /PiConnectAPI/Limits HTTP/1.1" 200 None
2026-07-12 06:01:59  INFO      *** LIVE MODE  cash=Rs0  deploy(85%)=Rs0  K=2  cap/stock=Rs1 (MIS notional 4x, CNC 1x) ***
2026-07-12 06:01:59  INFO      8 stocks | Rs1/trade | K=2 | EOD 15:00 IST
2026-07-12 06:01:59  INFO      ============================================================
2026-07-12 06:02:00  INFO      Websocket connected
2026-07-12 06:02:00  INFO      WS CONNECTED  subscribed=8 instruments
2026-07-12 06:02:00  INFO      Ticks -> data/2026-07-12/ticks.jsonl
2026-07-12 06:02:00  INFO      ────────────────────────────────────────────────────────────
2026-07-12 06:02:00  INFO      EOD SUMMARY  date=2026-07-12  trades=0  total_pnl=Rs0.00
2026-07-12 06:02:00  INFO      All positions flat at EOD
2026-07-12 06:02:00  INFO      Ticks  -> data/2026-07-12/ticks.jsonl
2026-07-12 06:02:00  INFO      Trades -> logs/trades_2026-07-12.csv
2026-07-12 06:02:00  INFO      ────────────────────────────────────────────────────────────
2026-07-12 06:03:00  DEBUG     Sending ping
2026-07-12 06:03:30  DEBUG     Sending ping
2026-07-12 06:04:00  DEBUG     Sending ping
2026-07-12 06:04:30  DEBUG     Sending ping
2026-07-12 06:05:00  DEBUG     Sending ping
2026-07-12 06:05:30  DEBUG     Sending ping
2026-07-12 06:06:00  DEBUG     Sending ping
2026-07-12 06:06:30  DEBUG     Sending ping
2026-07-12 06:07:00  DEBUG     Sending ping
2026-07-12 06:07:30  DEBUG     Sending ping
2026-07-12 06:08:00  DEBUG     Sending ping
2026-07-12 06:08:30  DEBUG     Sending ping
2026-07-12 06:09:00  DEBUG     Sending ping
2026-07-12 06:09:30  DEBUG     Sending ping
2026-07-12 06:10:00  DEBUG     Sending ping
2026-07-12 06:10:30  DEBUG     Sending ping
2026-07-12 06:11:00  DEBUG     Sending ping
2026-07-12 06:11:30  DEBUG     Sending ping
2026-07-12 06:12:00  DEBUG     Sending ping
2026-07-12 06:12:30  DEBUG     Sending ping
2026-07-12 06:13:00  DEBUG     Sending ping
2026-07-12 06:13:00  WARNING   TICK GAP  HFCL — silent for 11 min  (last tick 11:32:00)
2026-07-12 06:13:00  WARNING   TICK GAP  BANKBARODA — silent for 11 min  (last tick 11:32:00)
2026-07-12 06:13:00  WARNING   TICK GAP  NMDC — silent for 11 min  (last tick 11:32:00)
2026-07-12 06:13:00  WARNING   TICK GAP  CESC — silent for 11 min  (last tick 11:32:00)
2026-07-12 06:13:00  WARNING   TICK GAP  ZEEL — silent for 11 min  (last tick 11:32:00)
2026-07-12 06:13:00  WARNING   TICK GAP  BALRAMCHIN — silent for 11 min  (last tick 11:32:00)
2026-07-12 06:13:00  WARNING   TICK GAP  GRANULES — silent for 11 min  (last tick 11:32:00)
2026-07-12 06:13:00  WARNING   TICK GAP  SUZLON — silent for 11 min  (last tick 11:32:00)
2026-07-12 06:13:30  DEBUG     Sending ping
2026-07-12 06:14:00  DEBUG     Sending ping
2026-07-12 06:14:00  WARNING   TICK GAP  HFCL — silent for 12 min  (last tick 11:32:00)
2026-07-12 06:14:00  WARNING   TICK GAP  BANKBARODA — silent for 12 min  (last tick 11:32:00)
2026-07-12 06:14:00  WARNING   TICK GAP  NMDC — silent for 12 min  (last tick 11:32:00)
2026-07-12 06:14:00  WARNING   TICK GAP  CESC — silent for 12 min  (last tick 11:32:00)
2026-07-12 06:14:00  WARNING   TICK GAP  ZEEL — silent for 12 min  (last tick 11:32:00)
2026-07-12 06:14:00  WARNING   TICK GAP  BALRAMCHIN — silent for 12 min  (last tick 11:32:00)
2026-07-12 06:14:00  WARNING   TICK GAP  GRANULES — silent for 12 min  (last tick 11:32:00)
2026-07-12 06:14:00  WARNING   TICK GAP  SUZLON — silent for 12 min  (last tick 11:32:00)
2026-07-12 06:14:30  DEBUG     Sending ping
2026-07-12 06:15:00  DEBUG     Sending ping
2026-07-12 06:15:00  WARNING   TICK GAP  HFCL — silent for 13 min  (last tick 11:32:00)
2026-07-12 06:15:00  WARNING   TICK GAP  BANKBARODA — silent for 13 min  (last tick 11:32:00)
2026-07-12 06:15:00  WARNING   TICK GAP  NMDC — silent for 13 min  (last tick 11:32:00)
2026-07-12 06:15:00  WARNING   TICK GAP  CESC — silent for 13 min  (last tick 11:32:00)
2026-07-12 06:15:00  WARNING   TICK GAP  ZEEL — silent for 13 min  (last tick 11:32:00)
2026-07-12 06:15:00  WARNING   TICK GAP  BALRAMCHIN — silent for 13 min  (last tick 11:32:00)
2026-07-12 06:15:00  WARNING   TICK GAP  GRANULES — silent for 13 min  (last tick 11:32:00)
2026-07-12 06:15:00  WARNING   TICK GAP  SUZLON — silent for 13 min  (last tick 11:32:00)
2026-07-12 06:15:30  DEBUG     Sending ping
2026-07-12 06:16:00  DEBUG     Sending ping
2026-07-12 06:16:00  WARNING   TICK GAP  HFCL — silent for 14 min  (last tick 11:32:00)
2026-07-12 06:16:00  WARNING   TICK GAP  BANKBARODA — silent for 14 min  (last tick 11:32:00)
2026-07-12 06:16:00  WARNING   TICK GAP  NMDC — silent for 14 min  (last tick 11:32:00)
2026-07-12 06:16:00  WARNING   TICK GAP  CESC — silent for 14 min  (last tick 11:32:00)
2026-07-12 06:16:00  WARNING   TICK GAP  ZEEL — silent for 14 min  (last tick 11:32:00)
2026-07-12 06:16:00  WARNING   TICK GAP  BALRAMCHIN — silent for 14 min  (last tick 11:32:00)
2026-07-12 06:16:00  WARNING   TICK GAP  GRANULES — silent for 14 min  (last tick 11:32:00)
2026-07-12 06:16:00  WARNING   TICK GAP  SUZLON — silent for 14 min  (last tick 11:32:00)
2026-07-12 06:16:30  DEBUG     Sending ping
2026-07-12 06:17:00  DEBUG     Sending ping
2026-07-12 06:17:00  WARNING   TICK GAP  HFCL — silent for 15 min  (last tick 11:32:00)
2026-07-12 06:17:00  WARNING   TICK GAP  BANKBARODA — silent for 15 min  (last tick 11:32:00)
2026-07-12 06:17:00  WARNING   TICK GAP  NMDC — silent for 15 min  (last tick 11:32:00)
2026-07-12 06:17:00  WARNING   TICK GAP  CESC — silent for 15 min  (last tick 11:32:00)
2026-07-12 06:17:00  WARNING   TICK GAP  ZEEL — silent for 15 min  (last tick 11:32:00)
2026-07-12 06:17:00  WARNING   TICK GAP  BALRAMCHIN — silent for 15 min  (last tick 11:32:00)
2026-07-12 06:17:00  WARNING   TICK GAP  GRANULES — silent for 15 min  (last tick 11:32:00)
2026-07-12 06:17:00  WARNING   TICK GAP  SUZLON — silent for 15 min  (last tick 11:32:00)
2026-07-12 06:17:30  DEBUG     Sending ping
2026-07-12 06:18:00  DEBUG     Sending ping
2026-07-12 06:18:00  WARNING   TICK GAP  HFCL — silent for 16 min  (last tick 11:32:00)
2026-07-12 06:18:00  WARNING   TICK GAP  BANKBARODA — silent for 16 min  (last tick 11:32:00)
2026-07-12 06:18:00  WARNING   TICK GAP  NMDC — silent for 16 min  (last tick 11:32:00)
2026-07-12 06:18:00  WARNING   TICK GAP  CESC — silent for 16 min  (last tick 11:32:00)
2026-07-12 06:18:00  WARNING   TICK GAP  ZEEL — silent for 16 min  (last tick 11:32:00)
2026-07-12 06:18:00  WARNING   TICK GAP  BALRAMCHIN — silent for 16 min  (last tick 11:32:00)
2026-07-12 06:18:00  WARNING   TICK GAP  GRANULES — silent for 16 min  (last tick 11:32:00)
2026-07-12 06:18:00  WARNING   TICK GAP  SUZLON — silent for 16 min  (last tick 11:32:00)
2026-07-12 06:18:30  DEBUG     Sending ping
2026-07-12 06:19:00  DEBUG     Sending ping
2026-07-12 06:19:00  WARNING   TICK GAP  HFCL — silent for 17 min  (last tick 11:32:00)
2026-07-12 06:19:00  WARNING   TICK GAP  BANKBARODA — silent for 17 min  (last tick 11:32:00)
2026-07-12 06:19:00  WARNING   TICK GAP  NMDC — silent for 17 min  (last tick 11:32:00)
2026-07-12 06:19:00  WARNING   TICK GAP  CESC — silent for 17 min  (last tick 11:32:00)
2026-07-12 06:19:00  WARNING   TICK GAP  ZEEL — silent for 17 min  (last tick 11:32:00)
2026-07-12 06:19:00  WARNING   TICK GAP  BALRAMCHIN — silent for 17 min  (last tick 11:32:00)
2026-07-12 06:19:00  WARNING   TICK GAP  GRANULES — silent for 17 min  (last tick 11:32:00)
2026-07-12 06:19:00  WARNING   TICK GAP  SUZLON — silent for 17 min  (last tick 11:32:00)
2026-07-12 06:19:30  DEBUG     Sending ping
2026-07-12 06:20:00  DEBUG     Sending ping
2026-07-12 06:20:00  WARNING   TICK GAP  HFCL — silent for 18 min  (last tick 11:32:00)
2026-07-12 06:20:00  WARNING   TICK GAP  BANKBARODA — silent for 18 min  (last tick 11:32:00)
2026-07-12 06:20:00  WARNING   TICK GAP  NMDC — silent for 18 min  (last tick 11:32:00)
2026-07-12 06:20:00  WARNING   TICK GAP  CESC — silent for 18 min  (last tick 11:32:00)
2026-07-12 06:20:00  WARNING   TICK GAP  ZEEL — silent for 18 min  (last tick 11:32:00)
2026-07-12 06:20:00  WARNING   TICK GAP  BALRAMCHIN — silent for 18 min  (last tick 11:32:00)
2026-07-12 06:20:00  WARNING   TICK GAP  GRANULES — silent for 18 min  (last tick 11:32:00)
2026-07-12 06:20:00  WARNING   TICK GAP  SUZLON — silent for 18 min  (last tick 11:32:00)
2026-07-12 06:20:30  DEBUG     Sending ping
2026-07-12 06:21:00  DEBUG     Sending ping
2026-07-12 06:21:00  WARNING   TICK GAP  HFCL — silent for 19 min  (last tick 11:32:00)
2026-07-12 06:21:00  WARNING   TICK GAP  BANKBARODA — silent for 19 min  (last tick 11:32:00)
2026-07-12 06:21:00  WARNING   TICK GAP  NMDC — silent for 19 min  (last tick 11:32:00)
2026-07-12 06:21:00  WARNING   TICK GAP  CESC — silent for 19 min  (last tick 11:32:00)
2026-07-12 06:21:00  WARNING   TICK GAP  ZEEL — silent for 19 min  (last tick 11:32:00)
2026-07-12 06:21:00  WARNING   TICK GAP  BALRAMCHIN — silent for 19 min  (last tick 11:32:00)
2026-07-12 06:21:00  WARNING   TICK GAP  GRANULES — silent for 19 min  (last tick 11:32:00)
2026-07-12 06:21:00  WARNING   TICK GAP  SUZLON — silent for 19 min  (last tick 11:32:00)
2026-07-12 06:21:30  DEBUG     Sending ping
2026-07-12 06:22:00  DEBUG     Sending ping
2026-07-12 06:22:00  WARNING   TICK GAP  HFCL — silent for 20 min  (last tick 11:32:00)
2026-07-12 06:22:00  WARNING   TICK GAP  BANKBARODA — silent for 20 min  (last tick 11:32:00)
2026-07-12 06:22:00  WARNING   TICK GAP  NMDC — silent for 20 min  (last tick 11:32:00)
2026-07-12 06:22:00  WARNING   TICK GAP  CESC — silent for 20 min  (last tick 11:32:00)
2026-07-12 06:22:00  WARNING   TICK GAP  ZEEL — silent for 20 min  (last tick 11:32:00)
2026-07-12 06:22:00  WARNING   TICK GAP  BALRAMCHIN — silent for 20 min  (last tick 11:32:00)
2026-07-12 06:22:00  WARNING   TICK GAP  GRANULES — silent for 20 min  (last tick 11:32:00)
2026-07-12 06:22:00  WARNING   TICK GAP  SUZLON — silent for 20 min  (last tick 11:32:00)
2026-07-12 06:22:30  DEBUG     Sending ping
2026-07-12 06:23:00  DEBUG     Sending ping
2026-07-12 06:23:00  WARNING   TICK GAP  HFCL — silent for 21 min  (last tick 11:32:00)
2026-07-12 06:23:00  WARNING   TICK GAP  BANKBARODA — silent for 21 min  (last tick 11:32:00)
2026-07-12 06:23:00  WARNING   TICK GAP  NMDC — silent for 21 min  (last tick 11:32:00)
2026-07-12 06:23:00  WARNING   TICK GAP  CESC — silent for 21 min  (last tick 11:32:00)
2026-07-12 06:23:00  WARNING   TICK GAP  ZEEL — silent for 21 min  (last tick 11:32:00)
2026-07-12 06:23:00  WARNING   TICK GAP  BALRAMCHIN — silent for 21 min  (last tick 11:32:00)
2026-07-12 06:23:00  WARNING   TICK GAP  GRANULES — silent for 21 min  (last tick 11:32:00)
2026-07-12 06:23:00  WARNING   TICK GAP  SUZLON — silent for 21 min  (last tick 11:32:00)
2026-07-12 06:23:30  DEBUG     Sending ping
2026-07-12 06:24:00  DEBUG     Sending ping
2026-07-12 06:24:00  WARNING   TICK GAP  HFCL — silent for 22 min  (last tick 11:32:00)
2026-07-12 06:24:00  WARNING   TICK GAP  BANKBARODA — silent for 22 min  (last tick 11:32:00)
2026-07-12 06:24:00  WARNING   TICK GAP  NMDC — silent for 22 min  (last tick 11:32:00)
2026-07-12 06:24:00  WARNING   TICK GAP  CESC — silent for 22 min  (last tick 11:32:00)
2026-07-12 06:24:00  WARNING   TICK GAP  ZEEL — silent for 22 min  (last tick 11:32:00)
2026-07-12 06:24:00  WARNING   TICK GAP  BALRAMCHIN — silent for 22 min  (last tick 11:32:00)
2026-07-12 06:24:00  WARNING   TICK GAP  GRANULES — silent for 22 min  (last tick 11:32:00)
2026-07-12 06:24:00  WARNING   TICK GAP  SUZLON — silent for 22 min  (last tick 11:32:00)
2026-07-12 06:24:30  DEBUG     Sending ping
2026-07-12 06:25:00  DEBUG     Sending ping
2026-07-12 06:25:01  WARNING   TICK GAP  HFCL — silent for 23 min  (last tick 11:32:00)
2026-07-12 06:25:01  WARNING   TICK GAP  BANKBARODA — silent for 23 min  (last tick 11:32:00)
2026-07-12 06:25:01  WARNING   TICK GAP  NMDC — silent for 23 min  (last tick 11:32:00)
2026-07-12 06:25:01  WARNING   TICK GAP  CESC — silent for 23 min  (last tick 11:32:00)
2026-07-12 06:25:01  WARNING   TICK GAP  ZEEL — silent for 23 min  (last tick 11:32:00)
2026-07-12 06:25:01  WARNING   TICK GAP  BALRAMCHIN — silent for 23 min  (last tick 11:32:00)
2026-07-12 06:25:01  WARNING   TICK GAP  GRANULES — silent for 23 min  (last tick 11:32:00)
2026-07-12 06:25:01  WARNING   TICK GAP  SUZLON — silent for 23 min  (last tick 11:32:00)
2026-07-12 06:25:06  INFO      SIGTERM received — flushing and shutting down
2026-07-12 06:25:06  INFO      ────────────────────────────────────────────────────────────
2026-07-12 06:25:06  INFO      EOD SUMMARY  date=2026-07-12  trades=0  total_pnl=Rs0.00
2026-07-12 06:25:06  INFO      All positions flat at EOD
2026-07-12 06:25:06  INFO      Ticks  -> data/2026-07-12/ticks.jsonl
2026-07-12 06:25:06  INFO      Trades -> logs/trades_2026-07-12.csv
2026-07-12 06:25:06  INFO      ────────────────────────────────────────────────────────────
2026-07-12 06:25:06  ERROR     WS ERROR  0
2026-07-12 06:25:06  WARNING   WS DISCONNECTED  code=None  reason=None  trades=0  pnl=Rs+0.00
2026-07-12 06:25:06  ERROR     error from callback <bound method FlattradeClient._ws_close of <client.FlattradeClient object at 0x7f175a27a5e0>>: I/O operation on closed file.
2026-07-12 06:25:06  ERROR     WS ERROR  I/O operation on closed file.
[Sun Jul 12 06:25:06 UTC 2026] Runner exited, restarting in 10s...
[Sun Jul 12 06:25:08 UTC 2026] Watchdog started
[Sun Jul 12 06:25:08 UTC 2026] Starting runner...
2026-07-12 06:25:08  INFO      ============================================================
2026-07-12 06:25:08  INFO      STARTUP  date=2026-07-12  pid=377359
2026-07-12 06:25:08  INFO      Strategy: Supertrend atr=14 mult=1.5 | 15-min | LIVE mode
2026-07-12 06:25:08  INFO      Resolving NSE tokens...
2026-07-12 06:25:08  DEBUG     Starting new HTTPS connection (1): piconnect.flattrade.in:443
2026-07-12 06:25:08  DEBUG     https://piconnect.flattrade.in:443 "POST /PiConnectAPI/SearchScrip HTTP/1.1" 200 None
2026-07-12 06:25:08  INFO      Resolved  HFCL             token=21951
2026-07-12 06:25:08  DEBUG     Starting new HTTPS connection (1): piconnect.flattrade.in:443
2026-07-12 06:25:09  DEBUG     https://piconnect.flattrade.in:443 "POST /PiConnectAPI/SearchScrip HTTP/1.1" 200 None
2026-07-12 06:25:09  INFO      Resolved  BANKBARODA       token=4668
2026-07-12 06:25:09  DEBUG     Starting new HTTPS connection (1): piconnect.flattrade.in:443
2026-07-12 06:25:09  DEBUG     https://piconnect.flattrade.in:443 "POST /PiConnectAPI/SearchScrip HTTP/1.1" 200 None
2026-07-12 06:25:09  INFO      Resolved  NMDC             token=15332
2026-07-12 06:25:09  DEBUG     Starting new HTTPS connection (1): piconnect.flattrade.in:443
2026-07-12 06:25:09  DEBUG     https://piconnect.flattrade.in:443 "POST /PiConnectAPI/SearchScrip HTTP/1.1" 200 None
2026-07-12 06:25:09  INFO      Resolved  CESC             token=628
2026-07-12 06:25:09  DEBUG     Starting new HTTPS connection (1): piconnect.flattrade.in:443
2026-07-12 06:25:09  DEBUG     https://piconnect.flattrade.in:443 "POST /PiConnectAPI/SearchScrip HTTP/1.1" 200 None
2026-07-12 06:25:09  INFO      Resolved  ZEEL             token=3812
2026-07-12 06:25:09  DEBUG     Starting new HTTPS connection (1): piconnect.flattrade.in:443
2026-07-12 06:25:10  DEBUG     https://piconnect.flattrade.in:443 "POST /PiConnectAPI/SearchScrip HTTP/1.1" 200 None
2026-07-12 06:25:10  INFO      Resolved  BALRAMCHIN       token=341
2026-07-12 06:25:10  DEBUG     Starting new HTTPS connection (1): piconnect.flattrade.in:443
2026-07-12 06:25:10  DEBUG     https://piconnect.flattrade.in:443 "POST /PiConnectAPI/SearchScrip HTTP/1.1" 200 None
2026-07-12 06:25:10  INFO      Resolved  GRANULES         token=11872
2026-07-12 06:25:10  DEBUG     Starting new HTTPS connection (1): piconnect.flattrade.in:443
2026-07-12 06:25:10  DEBUG     https://piconnect.flattrade.in:443 "POST /PiConnectAPI/SearchScrip HTTP/1.1" 200 None
2026-07-12 06:25:10  INFO      Resolved  SUZLON           token=12018
2026-07-12 06:25:10  DEBUG     Starting new HTTPS connection (1): piconnect.flattrade.in:443
2026-07-12 06:25:10  DEBUG     https://piconnect.flattrade.in:443 "POST /PiConnectAPI/PositionBook HTTP/1.1" 200 None
2026-07-12 06:25:10  DEBUG     Starting new HTTPS connection (1): piconnect.flattrade.in:443
2026-07-12 06:25:11  DEBUG     https://piconnect.flattrade.in:443 "POST /PiConnectAPI/Limits HTTP/1.1" 200 None
2026-07-12 06:25:11  INFO      *** LIVE MODE  cash=Rs10  deploy(85%)=Rs8  K=2  cap/stock=Rs4 (MIS notional 4x, CNC 1x) ***
2026-07-12 06:25:11  INFO      8 stocks | Rs4/trade | K=2 | EOD 15:00 IST
2026-07-12 06:25:11  INFO      ============================================================
2026-07-12 06:25:11  INFO      Websocket connected
2026-07-12 06:25:11  INFO      WS CONNECTED  subscribed=8 instruments
2026-07-12 06:25:11  INFO      Ticks -> data/2026-07-12/ticks.jsonl
[Sun Jul 12 06:25:16 UTC 2026] Starting runner...
2026-07-12 06:25:16  INFO      ============================================================
2026-07-12 06:25:16  INFO      STARTUP  date=2026-07-12  pid=377367
2026-07-12 06:25:16  INFO      Strategy: Supertrend atr=14 mult=1.5 | 15-min | LIVE mode
2026-07-12 06:25:16  INFO      Resolving NSE tokens...
2026-07-12 06:25:16  DEBUG     Starting new HTTPS connection (1): piconnect.flattrade.in:443
2026-07-12 06:25:16  DEBUG     https://piconnect.flattrade.in:443 "POST /PiConnectAPI/SearchScrip HTTP/1.1" 200 None
2026-07-12 06:25:16  INFO      Resolved  HFCL             token=21951
2026-07-12 06:25:16  DEBUG     Starting new HTTPS connection (1): piconnect.flattrade.in:443
2026-07-12 06:25:16  DEBUG     https://piconnect.flattrade.in:443 "POST /PiConnectAPI/SearchScrip HTTP/1.1" 200 None
2026-07-12 06:25:16  INFO      Resolved  BANKBARODA       token=4668
2026-07-12 06:25:16  DEBUG     Starting new HTTPS connection (1): piconnect.flattrade.in:443
2026-07-12 06:25:17  DEBUG     https://piconnect.flattrade.in:443 "POST /PiConnectAPI/SearchScrip HTTP/1.1" 200 None
2026-07-12 06:25:17  INFO      Resolved  NMDC             token=15332
2026-07-12 06:25:17  DEBUG     Starting new HTTPS connection (1): piconnect.flattrade.in:443
2026-07-12 06:25:17  DEBUG     https://piconnect.flattrade.in:443 "POST /PiConnectAPI/SearchScrip HTTP/1.1" 200 None
2026-07-12 06:25:17  INFO      Resolved  CESC             token=628
2026-07-12 06:25:17  DEBUG     Starting new HTTPS connection (1): piconnect.flattrade.in:443
2026-07-12 06:25:17  DEBUG     https://piconnect.flattrade.in:443 "POST /PiConnectAPI/SearchScrip HTTP/1.1" 200 None
2026-07-12 06:25:17  INFO      Resolved  ZEEL             token=3812
2026-07-12 06:25:17  DEBUG     Starting new HTTPS connection (1): piconnect.flattrade.in:443
2026-07-12 06:25:17  DEBUG     https://piconnect.flattrade.in:443 "POST /PiConnectAPI/SearchScrip HTTP/1.1" 200 None
2026-07-12 06:25:17  INFO      Resolved  BALRAMCHIN       token=341
2026-07-12 06:25:17  DEBUG     Starting new HTTPS connection (1): piconnect.flattrade.in:443
2026-07-12 06:25:18  DEBUG     https://piconnect.flattrade.in:443 "POST /PiConnectAPI/SearchScrip HTTP/1.1" 200 None
2026-07-12 06:25:18  INFO      Resolved  GRANULES         token=11872
2026-07-12 06:25:18  DEBUG     Starting new HTTPS connection (1): piconnect.flattrade.in:443
2026-07-12 06:25:18  DEBUG     https://piconnect.flattrade.in:443 "POST /PiConnectAPI/SearchScrip HTTP/1.1" 200 None
2026-07-12 06:25:18  INFO      Resolved  SUZLON           token=12018
2026-07-12 06:25:18  DEBUG     Starting new HTTPS connection (1): piconnect.flattrade.in:443
2026-07-12 06:25:18  DEBUG     https://piconnect.flattrade.in:443 "POST /PiConnectAPI/PositionBook HTTP/1.1" 200 None
2026-07-12 06:25:18  DEBUG     Starting new HTTPS connection (1): piconnect.flattrade.in:443
2026-07-12 06:25:18  DEBUG     https://piconnect.flattrade.in:443 "POST /PiConnectAPI/Limits HTTP/1.1" 200 None
2026-07-12 06:25:18  INFO      *** LIVE MODE  cash=Rs10  deploy(85%)=Rs8  K=2  cap/stock=Rs4 (MIS notional 4x, CNC 1x) ***
2026-07-12 06:25:18  INFO      8 stocks | Rs4/trade | K=2 | EOD 15:00 IST
2026-07-12 06:25:18  INFO      ============================================================
2026-07-12 06:25:19  INFO      Websocket connected
2026-07-12 06:25:19  INFO      WS CONNECTED  subscribed=8 instruments
2026-07-12 06:25:19  INFO      Ticks -> data/2026-07-12/ticks.jsonl
2026-07-12 06:25:19  ERROR     WS ERROR  fin=1 opcode=8 data=b'\x03\xe8'
2026-07-12 06:25:19  ERROR     fin=1 opcode=8 data=b'\x03\xe8' - goodbye
2026-07-12 06:25:19  WARNING   WS DISCONNECTED  code=None  reason=None  trades=0  pnl=Rs+0.00
[Sun Jul 12 06:25:19 UTC 2026] Runner exited, restarting in 10s...
[Sun Jul 12 06:25:29 UTC 2026] Starting runner...
2026-07-12 06:25:29  INFO      ============================================================
2026-07-12 06:25:29  INFO      STARTUP  date=2026-07-12  pid=377377
2026-07-12 06:25:29  INFO      Strategy: Supertrend atr=14 mult=1.5 | 15-min | LIVE mode
2026-07-12 06:25:29  INFO      Resolving NSE tokens...
2026-07-12 06:25:29  DEBUG     Starting new HTTPS connection (1): piconnect.flattrade.in:443
2026-07-12 06:25:29  DEBUG     https://piconnect.flattrade.in:443 "POST /PiConnectAPI/SearchScrip HTTP/1.1" 200 None
2026-07-12 06:25:29  INFO      Resolved  HFCL             token=21951
2026-07-12 06:25:29  DEBUG     Starting new HTTPS connection (1): piconnect.flattrade.in:443
2026-07-12 06:25:29  DEBUG     https://piconnect.flattrade.in:443 "POST /PiConnectAPI/SearchScrip HTTP/1.1" 200 None
2026-07-12 06:25:29  INFO      Resolved  BANKBARODA       token=4668
2026-07-12 06:25:29  DEBUG     Starting new HTTPS connection (1): piconnect.flattrade.in:443
2026-07-12 06:25:30  DEBUG     https://piconnect.flattrade.in:443 "POST /PiConnectAPI/SearchScrip HTTP/1.1" 200 None
2026-07-12 06:25:30  INFO      Resolved  NMDC             token=15332
2026-07-12 06:25:30  DEBUG     Starting new HTTPS connection (1): piconnect.flattrade.in:443
2026-07-12 06:25:30  DEBUG     https://piconnect.flattrade.in:443 "POST /PiConnectAPI/SearchScrip HTTP/1.1" 200 None
2026-07-12 06:25:30  INFO      Resolved  CESC             token=628
2026-07-12 06:25:30  DEBUG     Starting new HTTPS connection (1): piconnect.flattrade.in:443
2026-07-12 06:25:30  DEBUG     https://piconnect.flattrade.in:443 "POST /PiConnectAPI/SearchScrip HTTP/1.1" 200 None
2026-07-12 06:25:30  INFO      Resolved  ZEEL             token=3812
2026-07-12 06:25:30  DEBUG     Starting new HTTPS connection (1): piconnect.flattrade.in:443
2026-07-12 06:25:30  DEBUG     https://piconnect.flattrade.in:443 "POST /PiConnectAPI/SearchScrip HTTP/1.1" 200 None
2026-07-12 06:25:30  INFO      Resolved  BALRAMCHIN       token=341
2026-07-12 06:25:30  DEBUG     Starting new HTTPS connection (1): piconnect.flattrade.in:443
2026-07-12 06:25:31  DEBUG     https://piconnect.flattrade.in:443 "POST /PiConnectAPI/SearchScrip HTTP/1.1" 200 None
2026-07-12 06:25:31  INFO      Resolved  GRANULES         token=11872
2026-07-12 06:25:31  DEBUG     Starting new HTTPS connection (1): piconnect.flattrade.in:443
2026-07-12 06:25:31  DEBUG     https://piconnect.flattrade.in:443 "POST /PiConnectAPI/SearchScrip HTTP/1.1" 200 None
2026-07-12 06:25:31  INFO      Resolved  SUZLON           token=12018
2026-07-12 06:25:31  DEBUG     Starting new HTTPS connection (1): piconnect.flattrade.in:443
2026-07-12 06:25:31  DEBUG     https://piconnect.flattrade.in:443 "POST /PiConnectAPI/PositionBook HTTP/1.1" 200 None
2026-07-12 06:25:31  DEBUG     Starting new HTTPS connection (1): piconnect.flattrade.in:443
2026-07-12 06:25:31  DEBUG     https://piconnect.flattrade.in:443 "POST /PiConnectAPI/Limits HTTP/1.1" 200 None
2026-07-12 06:25:31  INFO      *** LIVE MODE  cash=Rs10  deploy(85%)=Rs8  K=2  cap/stock=Rs4 (MIS notional 4x, CNC 1x) ***
2026-07-12 06:25:31  INFO      8 stocks | Rs4/trade | K=2 | EOD 15:00 IST
2026-07-12 06:25:31  INFO      ============================================================
2026-07-12 06:25:32  INFO      Websocket connected
2026-07-12 06:25:32  ERROR     WS ERROR  fin=1 opcode=8 data=b'\x03\xe8'
2026-07-12 06:25:32  ERROR     fin=1 opcode=8 data=b'\x03\xe8' - goodbye
2026-07-12 06:25:32  WARNING   WS DISCONNECTED  code=None  reason=None  trades=0  pnl=Rs+0.00
[Sun Jul 12 06:25:32 UTC 2026] Runner exited, restarting in 10s...
2026-07-12 06:25:32  INFO      WS CONNECTED  subscribed=8 instruments
2026-07-12 06:25:32  INFO      Ticks -> data/2026-07-12/ticks.jsonl
[Sun Jul 12 06:25:42 UTC 2026] Starting runner...
2026-07-12 06:25:42  INFO      ============================================================
2026-07-12 06:25:42  INFO      STARTUP  date=2026-07-12  pid=377385
2026-07-12 06:25:42  INFO      Strategy: Supertrend atr=14 mult=1.5 | 15-min | LIVE mode
2026-07-12 06:25:42  INFO      Resolving NSE tokens...
2026-07-12 06:25:42  DEBUG     Starting new HTTPS connection (1): piconnect.flattrade.in:443
2026-07-12 06:25:42  DEBUG     https://piconnect.flattrade.in:443 "POST /PiConnectAPI/SearchScrip HTTP/1.1" 200 None
2026-07-12 06:25:42  INFO      Resolved  HFCL             token=21951
2026-07-12 06:25:42  DEBUG     Starting new HTTPS connection (1): piconnect.flattrade.in:443
2026-07-12 06:25:42  DEBUG     https://piconnect.flattrade.in:443 "POST /PiConnectAPI/SearchScrip HTTP/1.1" 200 None
2026-07-12 06:25:42  INFO      Resolved  BANKBARODA       token=4668
2026-07-12 06:25:42  DEBUG     Starting new HTTPS connection (1): piconnect.flattrade.in:443
2026-07-12 06:25:43  DEBUG     https://piconnect.flattrade.in:443 "POST /PiConnectAPI/SearchScrip HTTP/1.1" 200 None
2026-07-12 06:25:43  INFO      Resolved  NMDC             token=15332
2026-07-12 06:25:43  DEBUG     Starting new HTTPS connection (1): piconnect.flattrade.in:443
2026-07-12 06:25:43  DEBUG     https://piconnect.flattrade.in:443 "POST /PiConnectAPI/SearchScrip HTTP/1.1" 200 None
2026-07-12 06:25:43  INFO      Resolved  CESC             token=628
2026-07-12 06:25:43  DEBUG     Starting new HTTPS connection (1): piconnect.flattrade.in:443
2026-07-12 06:25:43  DEBUG     https://piconnect.flattrade.in:443 "POST /PiConnectAPI/SearchScrip HTTP/1.1" 200 None
2026-07-12 06:25:43  INFO      Resolved  ZEEL             token=3812
2026-07-12 06:25:43  DEBUG     Starting new HTTPS connection (1): piconnect.flattrade.in:443
2026-07-12 06:25:43  DEBUG     https://piconnect.flattrade.in:443 "POST /PiConnectAPI/SearchScrip HTTP/1.1" 200 None
2026-07-12 06:25:43  INFO      Resolved  BALRAMCHIN       token=341
2026-07-12 06:25:43  DEBUG     Starting new HTTPS connection (1): piconnect.flattrade.in:443
2026-07-12 06:25:44  DEBUG     https://piconnect.flattrade.in:443 "POST /PiConnectAPI/SearchScrip HTTP/1.1" 200 None
2026-07-12 06:25:44  INFO      Resolved  GRANULES         token=11872
2026-07-12 06:25:44  DEBUG     Starting new HTTPS connection (1): piconnect.flattrade.in:443
2026-07-12 06:25:44  DEBUG     https://piconnect.flattrade.in:443 "POST /PiConnectAPI/SearchScrip HTTP/1.1" 200 None
2026-07-12 06:25:44  INFO      Resolved  SUZLON           token=12018
2026-07-12 06:25:44  DEBUG     Starting new HTTPS connection (1): piconnect.flattrade.in:443
2026-07-12 06:25:44  DEBUG     https://piconnect.flattrade.in:443 "POST /PiConnectAPI/PositionBook HTTP/1.1" 200 None
2026-07-12 06:25:44  DEBUG     Starting new HTTPS connection (1): piconnect.flattrade.in:443
2026-07-12 06:25:44  DEBUG     https://piconnect.flattrade.in:443 "POST /PiConnectAPI/Limits HTTP/1.1" 200 None
2026-07-12 06:25:44  INFO      *** LIVE MODE  cash=Rs10  deploy(85%)=Rs8  K=2  cap/stock=Rs4 (MIS notional 4x, CNC 1x) ***
2026-07-12 06:25:44  INFO      8 stocks | Rs4/trade | K=2 | EOD 15:00 IST
2026-07-12 06:25:44  INFO      ============================================================
2026-07-12 06:25:45  INFO      Websocket connected
2026-07-12 06:25:45  INFO      WS CONNECTED  subscribed=8 instruments
2026-07-12 06:25:45  ERROR     WS ERROR  fin=1 opcode=8 data=b'\x03\xe8'
2026-07-12 06:25:45  INFO      Ticks -> data/2026-07-12/ticks.jsonl
2026-07-12 06:25:45  ERROR     fin=1 opcode=8 data=b'\x03\xe8' - goodbye
2026-07-12 06:25:45  WARNING   WS DISCONNECTED  code=None  reason=None  trades=0  pnl=Rs+0.00
[Sun Jul 12 06:25:45 UTC 2026] Runner exited, restarting in 10s...
[Sun Jul 12 06:25:55 UTC 2026] Starting runner...
2026-07-12 06:25:55  INFO      ============================================================
2026-07-12 06:25:55  INFO      STARTUP  date=2026-07-12  pid=377394
2026-07-12 06:25:55  INFO      Strategy: Supertrend atr=14 mult=1.5 | 15-min | LIVE mode
2026-07-12 06:25:55  INFO      Resolving NSE tokens...
2026-07-12 06:25:55  DEBUG     Starting new HTTPS connection (1): piconnect.flattrade.in:443
2026-07-12 06:25:55  DEBUG     https://piconnect.flattrade.in:443 "POST /PiConnectAPI/SearchScrip HTTP/1.1" 200 None
2026-07-12 06:25:55  INFO      Resolved  HFCL             token=21951
2026-07-12 06:25:55  DEBUG     Starting new HTTPS connection (1): piconnect.flattrade.in:443
2026-07-12 06:25:55  DEBUG     https://piconnect.flattrade.in:443 "POST /PiConnectAPI/SearchScrip HTTP/1.1" 200 None
2026-07-12 06:25:55  INFO      Resolved  BANKBARODA       token=4668
2026-07-12 06:25:55  DEBUG     Starting new HTTPS connection (1): piconnect.flattrade.in:443
2026-07-12 06:25:56  DEBUG     https://piconnect.flattrade.in:443 "POST /PiConnectAPI/SearchScrip HTTP/1.1" 200 None
2026-07-12 06:25:56  INFO      Resolved  NMDC             token=15332
2026-07-12 06:25:56  DEBUG     Starting new HTTPS connection (1): piconnect.flattrade.in:443
2026-07-12 06:25:56  DEBUG     https://piconnect.flattrade.in:443 "POST /PiConnectAPI/SearchScrip HTTP/1.1" 200 None
2026-07-12 06:25:56  INFO      Resolved  CESC             token=628
2026-07-12 06:25:56  DEBUG     Starting new HTTPS connection (1): piconnect.flattrade.in:443
2026-07-12 06:25:56  DEBUG     https://piconnect.flattrade.in:443 "POST /PiConnectAPI/SearchScrip HTTP/1.1" 200 None
2026-07-12 06:25:56  INFO      Resolved  ZEEL             token=3812
2026-07-12 06:25:56  DEBUG     Starting new HTTPS connection (1): piconnect.flattrade.in:443
2026-07-12 06:25:56  DEBUG     https://piconnect.flattrade.in:443 "POST /PiConnectAPI/SearchScrip HTTP/1.1" 200 None
2026-07-12 06:25:56  INFO      Resolved  BALRAMCHIN       token=341
2026-07-12 06:25:56  DEBUG     Starting new HTTPS connection (1): piconnect.flattrade.in:443
2026-07-12 06:25:56  DEBUG     https://piconnect.flattrade.in:443 "POST /PiConnectAPI/SearchScrip HTTP/1.1" 200 None
2026-07-12 06:25:56  INFO      Resolved  GRANULES         token=11872
2026-07-12 06:25:56  DEBUG     Starting new HTTPS connection (1): piconnect.flattrade.in:443
2026-07-12 06:25:57  DEBUG     https://piconnect.flattrade.in:443 "POST /PiConnectAPI/SearchScrip HTTP/1.1" 200 None
2026-07-12 06:25:57  INFO      Resolved  SUZLON           token=12018
2026-07-12 06:25:57  DEBUG     Starting new HTTPS connection (1): piconnect.flattrade.in:443
2026-07-12 06:25:57  DEBUG     https://piconnect.flattrade.in:443 "POST /PiConnectAPI/PositionBook HTTP/1.1" 200 None
2026-07-12 06:25:57  DEBUG     Starting new HTTPS connection (1): piconnect.flattrade.in:443
2026-07-12 06:25:57  DEBUG     https://piconnect.flattrade.in:443 "POST /PiConnectAPI/Limits HTTP/1.1" 200 None
2026-07-12 06:25:57  INFO      *** LIVE MODE  cash=Rs10  deploy(85%)=Rs8  K=2  cap/stock=Rs4 (MIS notional 4x, CNC 1x) ***
2026-07-12 06:25:57  INFO      8 stocks | Rs4/trade | K=2 | EOD 15:00 IST
2026-07-12 06:25:57  INFO      ============================================================
2026-07-12 06:25:58  INFO      Websocket connected
2026-07-12 06:25:58  INFO      WS CONNECTED  subscribed=8 instruments
2026-07-12 06:25:58  INFO      Ticks -> data/2026-07-12/ticks.jsonl
2026-07-12 06:25:58  ERROR     WS ERROR  fin=1 opcode=8 data=b'\x03\xe8'
2026-07-12 06:25:58  ERROR     fin=1 opcode=8 data=b'\x03\xe8' - goodbye
2026-07-12 06:25:58  WARNING   WS DISCONNECTED  code=None  reason=None  trades=0  pnl=Rs+0.00
[Sun Jul 12 06:25:58 UTC 2026] Runner exited, restarting in 10s...
[Sun Jul 12 06:26:08 UTC 2026] Starting runner...
2026-07-12 06:26:08  INFO      ============================================================
2026-07-12 06:26:08  INFO      STARTUP  date=2026-07-12  pid=377402
2026-07-12 06:26:08  INFO      Strategy: Supertrend atr=14 mult=1.5 | 15-min | LIVE mode
2026-07-12 06:26:08  INFO      Resolving NSE tokens...
2026-07-12 06:26:08  DEBUG     Starting new HTTPS connection (1): piconnect.flattrade.in:443
2026-07-12 06:26:08  DEBUG     https://piconnect.flattrade.in:443 "POST /PiConnectAPI/SearchScrip HTTP/1.1" 200 None
2026-07-12 06:26:08  INFO      Resolved  HFCL             token=21951
2026-07-12 06:26:08  DEBUG     Starting new HTTPS connection (1): piconnect.flattrade.in:443
2026-07-12 06:26:08  DEBUG     https://piconnect.flattrade.in:443 "POST /PiConnectAPI/SearchScrip HTTP/1.1" 200 None
2026-07-12 06:26:08  INFO      Resolved  BANKBARODA       token=4668
2026-07-12 06:26:08  DEBUG     Starting new HTTPS connection (1): piconnect.flattrade.in:443
2026-07-12 06:26:09  DEBUG     https://piconnect.flattrade.in:443 "POST /PiConnectAPI/SearchScrip HTTP/1.1" 200 None
2026-07-12 06:26:09  INFO      Resolved  NMDC             token=15332
2026-07-12 06:26:09  DEBUG     Starting new HTTPS connection (1): piconnect.flattrade.in:443
2026-07-12 06:26:09  DEBUG     https://piconnect.flattrade.in:443 "POST /PiConnectAPI/SearchScrip HTTP/1.1" 200 None
2026-07-12 06:26:09  INFO      Resolved  CESC             token=628
2026-07-12 06:26:09  DEBUG     Starting new HTTPS connection (1): piconnect.flattrade.in:443
2026-07-12 06:26:09  DEBUG     https://piconnect.flattrade.in:443 "POST /PiConnectAPI/SearchScrip HTTP/1.1" 200 None
2026-07-12 06:26:09  INFO      Resolved  ZEEL             token=3812
2026-07-12 06:26:09  DEBUG     Starting new HTTPS connection (1): piconnect.flattrade.in:443
2026-07-12 06:26:09  DEBUG     https://piconnect.flattrade.in:443 "POST /PiConnectAPI/SearchScrip HTTP/1.1" 200 None
2026-07-12 06:26:09  INFO      Resolved  BALRAMCHIN       token=341
2026-07-12 06:26:09  DEBUG     Starting new HTTPS connection (1): piconnect.flattrade.in:443
2026-07-12 06:26:09  DEBUG     https://piconnect.flattrade.in:443 "POST /PiConnectAPI/SearchScrip HTTP/1.1" 200 None
2026-07-12 06:26:09  INFO      Resolved  GRANULES         token=11872
2026-07-12 06:26:09  DEBUG     Starting new HTTPS connection (1): piconnect.flattrade.in:443
2026-07-12 06:26:10  DEBUG     https://piconnect.flattrade.in:443 "POST /PiConnectAPI/SearchScrip HTTP/1.1" 200 None
2026-07-12 06:26:10  INFO      Resolved  SUZLON           token=12018
2026-07-12 06:26:10  DEBUG     Starting new HTTPS connection (1): piconnect.flattrade.in:443
2026-07-12 06:26:10  DEBUG     https://piconnect.flattrade.in:443 "POST /PiConnectAPI/PositionBook HTTP/1.1" 200 None
2026-07-12 06:26:10  DEBUG     Starting new HTTPS connection (1): piconnect.flattrade.in:443
2026-07-12 06:26:10  DEBUG     https://piconnect.flattrade.in:443 "POST /PiConnectAPI/Limits HTTP/1.1" 200 None
2026-07-12 06:26:10  INFO      *** LIVE MODE  cash=Rs10  deploy(85%)=Rs8  K=2  cap/stock=Rs4 (MIS notional 4x, CNC 1x) ***
2026-07-12 06:26:10  INFO      8 stocks | Rs4/trade | K=2 | EOD 15:00 IST
2026-07-12 06:26:10  INFO      ============================================================
2026-07-12 06:26:11  INFO      Websocket connected
2026-07-12 06:26:11  ERROR     WS ERROR  fin=1 opcode=8 data=b'\x03\xe8'
2026-07-12 06:26:11  ERROR     fin=1 opcode=8 data=b'\x03\xe8' - goodbye
2026-07-12 06:26:11  WARNING   WS DISCONNECTED  code=None  reason=None  trades=0  pnl=Rs+0.00
2026-07-12 06:26:11  INFO      WS CONNECTED  subscribed=8 instruments
2026-07-12 06:26:11  INFO      Ticks -> data/2026-07-12/ticks.jsonl
[Sun Jul 12 06:26:11 UTC 2026] Runner exited, restarting in 10s...
[Sun Jul 12 06:26:21 UTC 2026] Starting runner...
2026-07-12 06:26:21  INFO      ============================================================
2026-07-12 06:26:21  INFO      STARTUP  date=2026-07-12  pid=377410
2026-07-12 06:26:21  INFO      Strategy: Supertrend atr=14 mult=1.5 | 15-min | LIVE mode
2026-07-12 06:26:21  INFO      Resolving NSE tokens...
2026-07-12 06:26:21  DEBUG     Starting new HTTPS connection (1): piconnect.flattrade.in:443
2026-07-12 06:26:21  DEBUG     https://piconnect.flattrade.in:443 "POST /PiConnectAPI/SearchScrip HTTP/1.1" 200 None
2026-07-12 06:26:21  INFO      Resolved  HFCL             token=21951
2026-07-12 06:26:21  DEBUG     Starting new HTTPS connection (1): piconnect.flattrade.in:443
2026-07-12 06:26:21  DEBUG     https://piconnect.flattrade.in:443 "POST /PiConnectAPI/SearchScrip HTTP/1.1" 200 None
2026-07-12 06:26:21  INFO      Resolved  BANKBARODA       token=4668
2026-07-12 06:26:21  DEBUG     Starting new HTTPS connection (1): piconnect.flattrade.in:443
2026-07-12 06:26:22  DEBUG     https://piconnect.flattrade.in:443 "POST /PiConnectAPI/SearchScrip HTTP/1.1" 200 None
2026-07-12 06:26:22  INFO      Resolved  NMDC             token=15332
2026-07-12 06:26:22  DEBUG     Starting new HTTPS connection (1): piconnect.flattrade.in:443
2026-07-12 06:26:22  DEBUG     https://piconnect.flattrade.in:443 "POST /PiConnectAPI/SearchScrip HTTP/1.1" 200 None
2026-07-12 06:26:22  INFO      Resolved  CESC             token=628
2026-07-12 06:26:22  DEBUG     Starting new HTTPS connection (1): piconnect.flattrade.in:443
2026-07-12 06:26:22  DEBUG     https://piconnect.flattrade.in:443 "POST /PiConnectAPI/SearchScrip HTTP/1.1" 200 None
2026-07-12 06:26:22  INFO      Resolved  ZEEL             token=3812
2026-07-12 06:26:22  DEBUG     Starting new HTTPS connection (1): piconnect.flattrade.in:443
2026-07-12 06:26:22  DEBUG     https://piconnect.flattrade.in:443 "POST /PiConnectAPI/SearchScrip HTTP/1.1" 200 None
2026-07-12 06:26:22  INFO      Resolved  BALRAMCHIN       token=341
2026-07-12 06:26:22  DEBUG     Starting new HTTPS connection (1): piconnect.flattrade.in:443
2026-07-12 06:26:22  DEBUG     https://piconnect.flattrade.in:443 "POST /PiConnectAPI/SearchScrip HTTP/1.1" 200 None
2026-07-12 06:26:22  INFO      Resolved  GRANULES         token=11872
2026-07-12 06:26:22  DEBUG     Starting new HTTPS connection (1): piconnect.flattrade.in:443
2026-07-12 06:26:23  DEBUG     https://piconnect.flattrade.in:443 "POST /PiConnectAPI/SearchScrip HTTP/1.1" 200 None
2026-07-12 06:26:23  INFO      Resolved  SUZLON           token=12018
2026-07-12 06:26:23  DEBUG     Starting new HTTPS connection (1): piconnect.flattrade.in:443
2026-07-12 06:26:23  DEBUG     https://piconnect.flattrade.in:443 "POST /PiConnectAPI/PositionBook HTTP/1.1" 200 None
2026-07-12 06:26:23  DEBUG     Starting new HTTPS connection (1): piconnect.flattrade.in:443
2026-07-12 06:26:23  DEBUG     https://piconnect.flattrade.in:443 "POST /PiConnectAPI/Limits HTTP/1.1" 200 None
2026-07-12 06:26:23  INFO      *** LIVE MODE  cash=Rs10  deploy(85%)=Rs8  K=2  cap/stock=Rs4 (MIS notional 4x, CNC 1x) ***
2026-07-12 06:26:23  INFO      8 stocks | Rs4/trade | K=2 | EOD 15:00 IST
2026-07-12 06:26:23  INFO      ============================================================
2026-07-12 06:26:23  INFO      Websocket connected
2026-07-12 06:26:24  ERROR     WS ERROR  fin=1 opcode=8 data=b'\x03\xe8'
2026-07-12 06:26:24  ERROR     fin=1 opcode=8 data=b'\x03\xe8' - goodbye
2026-07-12 06:26:24  WARNING   WS DISCONNECTED  code=None  reason=None  trades=0  pnl=Rs+0.00
2026-07-12 06:26:24  INFO      WS CONNECTED  subscribed=8 instruments
2026-07-12 06:26:24  INFO      Ticks -> data/2026-07-12/ticks.jsonl
[Sun Jul 12 06:26:24 UTC 2026] Runner exited, restarting in 10s...
[Sun Jul 12 06:26:34 UTC 2026] Starting runner...
2026-07-12 06:26:34  INFO      ============================================================
2026-07-12 06:26:34  INFO      STARTUP  date=2026-07-12  pid=377418
2026-07-12 06:26:34  INFO      Strategy: Supertrend atr=14 mult=1.5 | 15-min | LIVE mode
2026-07-12 06:26:34  INFO      Resolving NSE tokens...
2026-07-12 06:26:34  DEBUG     Starting new HTTPS connection (1): piconnect.flattrade.in:443
2026-07-12 06:26:34  DEBUG     https://piconnect.flattrade.in:443 "POST /PiConnectAPI/SearchScrip HTTP/1.1" 200 None
2026-07-12 06:26:34  INFO      Resolved  HFCL             token=21951
2026-07-12 06:26:34  DEBUG     Starting new HTTPS connection (1): piconnect.flattrade.in:443
2026-07-12 06:26:34  DEBUG     https://piconnect.flattrade.in:443 "POST /PiConnectAPI/SearchScrip HTTP/1.1" 200 None
2026-07-12 06:26:34  INFO      Resolved  BANKBARODA       token=4668
2026-07-12 06:26:34  DEBUG     Starting new HTTPS connection (1): piconnect.flattrade.in:443
2026-07-12 06:26:34  DEBUG     https://piconnect.flattrade.in:443 "POST /PiConnectAPI/SearchScrip HTTP/1.1" 200 None
2026-07-12 06:26:34  INFO      Resolved  NMDC             token=15332
2026-07-12 06:26:34  DEBUG     Starting new HTTPS connection (1): piconnect.flattrade.in:443
2026-07-12 06:26:35  DEBUG     https://piconnect.flattrade.in:443 "POST /PiConnectAPI/SearchScrip HTTP/1.1" 200 None
2026-07-12 06:26:35  INFO      Resolved  CESC             token=628
2026-07-12 06:26:35  DEBUG     Starting new HTTPS connection (1): piconnect.flattrade.in:443
2026-07-12 06:26:35  DEBUG     https://piconnect.flattrade.in:443 "POST /PiConnectAPI/SearchScrip HTTP/1.1" 200 None
2026-07-12 06:26:35  INFO      Resolved  ZEEL             token=3812
2026-07-12 06:26:35  DEBUG     Starting new HTTPS connection (1): piconnect.flattrade.in:443
2026-07-12 06:26:35  DEBUG     https://piconnect.flattrade.in:443 "POST /PiConnectAPI/SearchScrip HTTP/1.1" 200 None
2026-07-12 06:26:35  INFO      Resolved  BALRAMCHIN       token=341
2026-07-12 06:26:35  DEBUG     Starting new HTTPS connection (1): piconnect.flattrade.in:443
2026-07-12 06:26:35  DEBUG     https://piconnect.flattrade.in:443 "POST /PiConnectAPI/SearchScrip HTTP/1.1" 200 None
2026-07-12 06:26:35  INFO      Resolved  GRANULES         token=11872
2026-07-12 06:26:35  DEBUG     Starting new HTTPS connection (1): piconnect.flattrade.in:443
2026-07-12 06:26:36  DEBUG     https://piconnect.flattrade.in:443 "POST /PiConnectAPI/SearchScrip HTTP/1.1" 200 None
2026-07-12 06:26:36  INFO      Resolved  SUZLON           token=12018
2026-07-12 06:26:36  DEBUG     Starting new HTTPS connection (1): piconnect.flattrade.in:443
2026-07-12 06:26:36  DEBUG     https://piconnect.flattrade.in:443 "POST /PiConnectAPI/PositionBook HTTP/1.1" 200 None
2026-07-12 06:26:36  DEBUG     Starting new HTTPS connection (1): piconnect.flattrade.in:443
2026-07-12 06:26:36  DEBUG     https://piconnect.flattrade.in:443 "POST /PiConnectAPI/Limits HTTP/1.1" 200 None
2026-07-12 06:26:36  INFO      *** LIVE MODE  cash=Rs10  deploy(85%)=Rs8  K=2  cap/stock=Rs4 (MIS notional 4x, CNC 1x) ***
2026-07-12 06:26:36  INFO      8 stocks | Rs4/trade | K=2 | EOD 15:00 IST
2026-07-12 06:26:36  INFO      ============================================================
2026-07-12 06:26:36  INFO      Websocket connected
2026-07-12 06:26:37  ERROR     WS ERROR  fin=1 opcode=8 data=b'\x03\xe8'
2026-07-12 06:26:37  ERROR     fin=1 opcode=8 data=b'\x03\xe8' - goodbye
2026-07-12 06:26:37  WARNING   WS DISCONNECTED  code=None  reason=None  trades=0  pnl=Rs+0.00
2026-07-12 06:26:37  INFO      WS CONNECTED  subscribed=8 instruments
2026-07-12 06:26:37  INFO      Ticks -> data/2026-07-12/ticks.jsonl
[Sun Jul 12 06:26:37 UTC 2026] Runner exited, restarting in 10s...
[Sun Jul 12 06:26:47 UTC 2026] Starting runner...
2026-07-12 06:26:47  INFO      ============================================================
2026-07-12 06:26:47  INFO      STARTUP  date=2026-07-12  pid=377426
2026-07-12 06:26:47  INFO      Strategy: Supertrend atr=14 mult=1.5 | 15-min | LIVE mode
2026-07-12 06:26:47  INFO      Resolving NSE tokens...
2026-07-12 06:26:47  DEBUG     Starting new HTTPS connection (1): piconnect.flattrade.in:443
2026-07-12 06:26:47  DEBUG     https://piconnect.flattrade.in:443 "POST /PiConnectAPI/SearchScrip HTTP/1.1" 200 None
2026-07-12 06:26:47  INFO      Resolved  HFCL             token=21951
2026-07-12 06:26:47  DEBUG     Starting new HTTPS connection (1): piconnect.flattrade.in:443
2026-07-12 06:26:47  DEBUG     https://piconnect.flattrade.in:443 "POST /PiConnectAPI/SearchScrip HTTP/1.1" 200 None
2026-07-12 06:26:47  INFO      Resolved  BANKBARODA       token=4668
2026-07-12 06:26:47  DEBUG     Starting new HTTPS connection (1): piconnect.flattrade.in:443
2026-07-12 06:26:47  DEBUG     https://piconnect.flattrade.in:443 "POST /PiConnectAPI/SearchScrip HTTP/1.1" 200 None
2026-07-12 06:26:47  INFO      Resolved  NMDC             token=15332
2026-07-12 06:26:47  DEBUG     Starting new HTTPS connection (1): piconnect.flattrade.in:443
2026-07-12 06:26:48  DEBUG     https://piconnect.flattrade.in:443 "POST /PiConnectAPI/SearchScrip HTTP/1.1" 200 None
2026-07-12 06:26:48  INFO      Resolved  CESC             token=628
2026-07-12 06:26:48  DEBUG     Starting new HTTPS connection (1): piconnect.flattrade.in:443
2026-07-12 06:26:48  DEBUG     https://piconnect.flattrade.in:443 "POST /PiConnectAPI/SearchScrip HTTP/1.1" 200 None
2026-07-12 06:26:48  INFO      Resolved  ZEEL             token=3812
2026-07-12 06:26:48  DEBUG     Starting new HTTPS connection (1): piconnect.flattrade.in:443
2026-07-12 06:26:48  DEBUG     https://piconnect.flattrade.in:443 "POST /PiConnectAPI/SearchScrip HTTP/1.1" 200 None
2026-07-12 06:26:48  INFO      Resolved  BALRAMCHIN       token=341
2026-07-12 06:26:48  DEBUG     Starting new HTTPS connection (1): piconnect.flattrade.in:443
2026-07-12 06:26:48  DEBUG     https://piconnect.flattrade.in:443 "POST /PiConnectAPI/SearchScrip HTTP/1.1" 200 None
2026-07-12 06:26:48  INFO      Resolved  GRANULES         token=11872
2026-07-12 06:26:48  DEBUG     Starting new HTTPS connection (1): piconnect.flattrade.in:443
2026-07-12 06:26:49  DEBUG     https://piconnect.flattrade.in:443 "POST /PiConnectAPI/SearchScrip HTTP/1.1" 200 None
2026-07-12 06:26:49  INFO      Resolved  SUZLON           token=12018
2026-07-12 06:26:49  DEBUG     Starting new HTTPS connection (1): piconnect.flattrade.in:443
2026-07-12 06:26:49  DEBUG     https://piconnect.flattrade.in:443 "POST /PiConnectAPI/PositionBook HTTP/1.1" 200 None
2026-07-12 06:26:49  DEBUG     Starting new HTTPS connection (1): piconnect.flattrade.in:443
2026-07-12 06:26:49  DEBUG     https://piconnect.flattrade.in:443 "POST /PiConnectAPI/Limits HTTP/1.1" 200 None
2026-07-12 06:26:49  INFO      *** LIVE MODE  cash=Rs10  deploy(85%)=Rs8  K=2  cap/stock=Rs4 (MIS notional 4x, CNC 1x) ***
2026-07-12 06:26:49  INFO      8 stocks | Rs4/trade | K=2 | EOD 15:00 IST
2026-07-12 06:26:49  INFO      ============================================================
2026-07-12 06:26:49  INFO      Websocket connected
2026-07-12 06:26:50  INFO      WS CONNECTED  subscribed=8 instruments
2026-07-12 06:26:50  INFO      Ticks -> data/2026-07-12/ticks.jsonl
2026-07-12 06:26:50  ERROR     WS ERROR  fin=1 opcode=8 data=b'\x03\xe8'
2026-07-12 06:26:50  ERROR     fin=1 opcode=8 data=b'\x03\xe8' - goodbye
2026-07-12 06:26:50  WARNING   WS DISCONNECTED  code=None  reason=None  trades=0  pnl=Rs+0.00
[Sun Jul 12 06:26:50 UTC 2026] Runner exited, restarting in 10s...
[Sun Jul 12 06:27:00 UTC 2026] Starting runner...
2026-07-12 06:27:00  INFO      ============================================================
2026-07-12 06:27:00  INFO      STARTUP  date=2026-07-12  pid=377483
2026-07-12 06:27:00  INFO      Strategy: Supertrend atr=14 mult=1.5 | 15-min | LIVE mode
2026-07-12 06:27:00  INFO      Resolving NSE tokens...
2026-07-12 06:27:00  DEBUG     Starting new HTTPS connection (1): piconnect.flattrade.in:443
2026-07-12 06:27:00  DEBUG     https://piconnect.flattrade.in:443 "POST /PiConnectAPI/SearchScrip HTTP/1.1" 200 None
2026-07-12 06:27:00  INFO      Resolved  HFCL             token=21951
2026-07-12 06:27:00  DEBUG     Starting new HTTPS connection (1): piconnect.flattrade.in:443
2026-07-12 06:27:00  DEBUG     https://piconnect.flattrade.in:443 "POST /PiConnectAPI/SearchScrip HTTP/1.1" 200 None
2026-07-12 06:27:00  INFO      Resolved  BANKBARODA       token=4668
2026-07-12 06:27:00  DEBUG     Starting new HTTPS connection (1): piconnect.flattrade.in:443
2026-07-12 06:27:01  DEBUG     https://piconnect.flattrade.in:443 "POST /PiConnectAPI/SearchScrip HTTP/1.1" 200 None
2026-07-12 06:27:01  INFO      Resolved  NMDC             token=15332
2026-07-12 06:27:01  DEBUG     Starting new HTTPS connection (1): piconnect.flattrade.in:443
2026-07-12 06:27:01  DEBUG     https://piconnect.flattrade.in:443 "POST /PiConnectAPI/SearchScrip HTTP/1.1" 200 None
2026-07-12 06:27:01  INFO      Resolved  CESC             token=628
2026-07-12 06:27:01  DEBUG     Starting new HTTPS connection (1): piconnect.flattrade.in:443
2026-07-12 06:27:01  DEBUG     https://piconnect.flattrade.in:443 "POST /PiConnectAPI/SearchScrip HTTP/1.1" 200 None
2026-07-12 06:27:01  INFO      Resolved  ZEEL             token=3812
2026-07-12 06:27:01  DEBUG     Starting new HTTPS connection (1): piconnect.flattrade.in:443
2026-07-12 06:27:01  DEBUG     https://piconnect.flattrade.in:443 "POST /PiConnectAPI/SearchScrip HTTP/1.1" 200 None
2026-07-12 06:27:01  INFO      Resolved  BALRAMCHIN       token=341
2026-07-12 06:27:01  DEBUG     Starting new HTTPS connection (1): piconnect.flattrade.in:443
2026-07-12 06:27:01  DEBUG     https://piconnect.flattrade.in:443 "POST /PiConnectAPI/SearchScrip HTTP/1.1" 200 None
2026-07-12 06:27:01  INFO      Resolved  GRANULES         token=11872
2026-07-12 06:27:01  DEBUG     Starting new HTTPS connection (1): piconnect.flattrade.in:443
2026-07-12 06:27:02  DEBUG     https://piconnect.flattrade.in:443 "POST /PiConnectAPI/SearchScrip HTTP/1.1" 200 None
2026-07-12 06:27:02  INFO      Resolved  SUZLON           token=12018
2026-07-12 06:27:02  DEBUG     Starting new HTTPS connection (1): piconnect.flattrade.in:443
2026-07-12 06:27:02  DEBUG     https://piconnect.flattrade.in:443 "POST /PiConnectAPI/PositionBook HTTP/1.1" 200 None
2026-07-12 06:27:02  DEBUG     Starting new HTTPS connection (1): piconnect.flattrade.in:443
2026-07-12 06:27:02  DEBUG     https://piconnect.flattrade.in:443 "POST /PiConnectAPI/Limits HTTP/1.1" 200 None
2026-07-12 06:27:02  INFO      *** LIVE MODE  cash=Rs10  deploy(85%)=Rs8  K=2  cap/stock=Rs4 (MIS notional 4x, CNC 1x) ***
2026-07-12 06:27:02  INFO      8 stocks | Rs4/trade | K=2 | EOD 15:00 IST
2026-07-12 06:27:02  INFO      ============================================================
2026-07-12 06:27:02  INFO      Websocket connected
2026-07-12 06:27:02  INFO      WS CONNECTED  subscribed=8 instruments
2026-07-12 06:27:02  INFO      Ticks -> data/2026-07-12/ticks.jsonl
2026-07-12 06:27:02  ERROR     WS ERROR  fin=1 opcode=8 data=b'\x03\xe8'
2026-07-12 06:27:02  ERROR     fin=1 opcode=8 data=b'\x03\xe8' - goodbye
2026-07-12 06:27:02  WARNING   WS DISCONNECTED  code=None  reason=None  trades=0  pnl=Rs+0.00
[Sun Jul 12 06:27:02 UTC 2026] Runner exited, restarting in 10s...
[Sun Jul 12 06:27:12 UTC 2026] Starting runner...
2026-07-12 06:27:13  INFO      ============================================================
2026-07-12 06:27:13  INFO      STARTUP  date=2026-07-12  pid=377491
2026-07-12 06:27:13  INFO      Strategy: Supertrend atr=14 mult=1.5 | 15-min | LIVE mode
2026-07-12 06:27:13  INFO      Resolving NSE tokens...
2026-07-12 06:27:13  DEBUG     Starting new HTTPS connection (1): piconnect.flattrade.in:443
2026-07-12 06:27:13  DEBUG     https://piconnect.flattrade.in:443 "POST /PiConnectAPI/SearchScrip HTTP/1.1" 200 None
2026-07-12 06:27:13  INFO      Resolved  HFCL             token=21951
2026-07-12 06:27:13  DEBUG     Starting new HTTPS connection (1): piconnect.flattrade.in:443
2026-07-12 06:27:13  DEBUG     https://piconnect.flattrade.in:443 "POST /PiConnectAPI/SearchScrip HTTP/1.1" 200 None
2026-07-12 06:27:13  INFO      Resolved  BANKBARODA       token=4668
2026-07-12 06:27:13  DEBUG     Starting new HTTPS connection (1): piconnect.flattrade.in:443
2026-07-12 06:27:13  DEBUG     https://piconnect.flattrade.in:443 "POST /PiConnectAPI/SearchScrip HTTP/1.1" 200 None
2026-07-12 06:27:13  INFO      Resolved  NMDC             token=15332
2026-07-12 06:27:13  DEBUG     Starting new HTTPS connection (1): piconnect.flattrade.in:443
2026-07-12 06:27:13  DEBUG     https://piconnect.flattrade.in:443 "POST /PiConnectAPI/SearchScrip HTTP/1.1" 200 None
2026-07-12 06:27:13  INFO      Resolved  CESC             token=628
2026-07-12 06:27:13  DEBUG     Starting new HTTPS connection (1): piconnect.flattrade.in:443
2026-07-12 06:27:14  DEBUG     https://piconnect.flattrade.in:443 "POST /PiConnectAPI/SearchScrip HTTP/1.1" 200 None
2026-07-12 06:27:14  INFO      Resolved  ZEEL             token=3812
2026-07-12 06:27:14  DEBUG     Starting new HTTPS connection (1): piconnect.flattrade.in:443
2026-07-12 06:27:14  DEBUG     https://piconnect.flattrade.in:443 "POST /PiConnectAPI/SearchScrip HTTP/1.1" 200 None
2026-07-12 06:27:14  INFO      Resolved  BALRAMCHIN       token=341
2026-07-12 06:27:14  DEBUG     Starting new HTTPS connection (1): piconnect.flattrade.in:443
2026-07-12 06:27:14  DEBUG     https://piconnect.flattrade.in:443 "POST /PiConnectAPI/SearchScrip HTTP/1.1" 200 None
2026-07-12 06:27:14  INFO      Resolved  GRANULES         token=11872
2026-07-12 06:27:14  DEBUG     Starting new HTTPS connection (1): piconnect.flattrade.in:443
2026-07-12 06:27:14  DEBUG     https://piconnect.flattrade.in:443 "POST /PiConnectAPI/SearchScrip HTTP/1.1" 200 None
2026-07-12 06:27:14  INFO      Resolved  SUZLON           token=12018
2026-07-12 06:27:14  DEBUG     Starting new HTTPS connection (1): piconnect.flattrade.in:443
2026-07-12 06:27:15  DEBUG     https://piconnect.flattrade.in:443 "POST /PiConnectAPI/PositionBook HTTP/1.1" 200 None
2026-07-12 06:27:15  DEBUG     Starting new HTTPS connection (1): piconnect.flattrade.in:443
2026-07-12 06:27:15  DEBUG     https://piconnect.flattrade.in:443 "POST /PiConnectAPI/Limits HTTP/1.1" 200 None
2026-07-12 06:27:15  INFO      *** LIVE MODE  cash=Rs10  deploy(85%)=Rs8  K=2  cap/stock=Rs4 (MIS notional 4x, CNC 1x) ***
2026-07-12 06:27:15  INFO      8 stocks | Rs4/trade | K=2 | EOD 15:00 IST
2026-07-12 06:27:15  INFO      ============================================================
2026-07-12 06:27:15  INFO      Websocket connected
2026-07-12 06:27:15  INFO      WS CONNECTED  subscribed=8 instruments
2026-07-12 06:27:15  INFO      Ticks -> data/2026-07-12/ticks.jsonl
2026-07-12 06:27:15  ERROR     WS ERROR  fin=1 opcode=8 data=b'\x03\xe8'
2026-07-12 06:27:15  ERROR     fin=1 opcode=8 data=b'\x03\xe8' - goodbye
2026-07-12 06:27:15  WARNING   WS DISCONNECTED  code=None  reason=None  trades=0  pnl=Rs+0.00
[Sun Jul 12 06:27:15 UTC 2026] Runner exited, restarting in 10s...
[Sun Jul 12 06:27:25 UTC 2026] Starting runner...
2026-07-12 06:27:26  INFO      ============================================================
2026-07-12 06:27:26  INFO      STARTUP  date=2026-07-12  pid=377500
2026-07-12 06:27:26  INFO      Strategy: Supertrend atr=14 mult=1.5 | 15-min | LIVE mode
2026-07-12 06:27:26  INFO      Resolving NSE tokens...
2026-07-12 06:27:26  DEBUG     Starting new HTTPS connection (1): piconnect.flattrade.in:443
2026-07-12 06:27:26  DEBUG     https://piconnect.flattrade.in:443 "POST /PiConnectAPI/SearchScrip HTTP/1.1" 200 None
2026-07-12 06:27:26  INFO      Resolved  HFCL             token=21951
2026-07-12 06:27:26  DEBUG     Starting new HTTPS connection (1): piconnect.flattrade.in:443
2026-07-12 06:27:26  DEBUG     https://piconnect.flattrade.in:443 "POST /PiConnectAPI/SearchScrip HTTP/1.1" 200 None
2026-07-12 06:27:26  INFO      Resolved  BANKBARODA       token=4668
2026-07-12 06:27:26  DEBUG     Starting new HTTPS connection (1): piconnect.flattrade.in:443
2026-07-12 06:27:26  DEBUG     https://piconnect.flattrade.in:443 "POST /PiConnectAPI/SearchScrip HTTP/1.1" 200 None
2026-07-12 06:27:26  INFO      Resolved  NMDC             token=15332
2026-07-12 06:27:26  DEBUG     Starting new HTTPS connection (1): piconnect.flattrade.in:443
2026-07-12 06:27:26  DEBUG     https://piconnect.flattrade.in:443 "POST /PiConnectAPI/SearchScrip HTTP/1.1" 200 None
2026-07-12 06:27:26  INFO      Resolved  CESC             token=628
2026-07-12 06:27:26  DEBUG     Starting new HTTPS connection (1): piconnect.flattrade.in:443
2026-07-12 06:27:27  DEBUG     https://piconnect.flattrade.in:443 "POST /PiConnectAPI/SearchScrip HTTP/1.1" 200 None
2026-07-12 06:27:27  INFO      Resolved  ZEEL             token=3812
2026-07-12 06:27:27  DEBUG     Starting new HTTPS connection (1): piconnect.flattrade.in:443
2026-07-12 06:27:27  DEBUG     https://piconnect.flattrade.in:443 "POST /PiConnectAPI/SearchScrip HTTP/1.1" 200 None
2026-07-12 06:27:27  INFO      Resolved  BALRAMCHIN       token=341
2026-07-12 06:27:27  DEBUG     Starting new HTTPS connection (1): piconnect.flattrade.in:443
2026-07-12 06:27:27  DEBUG     https://piconnect.flattrade.in:443 "POST /PiConnectAPI/SearchScrip HTTP/1.1" 200 None
2026-07-12 06:27:27  INFO      Resolved  GRANULES         token=11872
2026-07-12 06:27:27  DEBUG     Starting new HTTPS connection (1): piconnect.flattrade.in:443
2026-07-12 06:27:27  DEBUG     https://piconnect.flattrade.in:443 "POST /PiConnectAPI/SearchScrip HTTP/1.1" 200 None
2026-07-12 06:27:27  INFO      Resolved  SUZLON           token=12018
2026-07-12 06:27:27  DEBUG     Starting new HTTPS connection (1): piconnect.flattrade.in:443
2026-07-12 06:27:28  DEBUG     https://piconnect.flattrade.in:443 "POST /PiConnectAPI/PositionBook HTTP/1.1" 200 None
2026-07-12 06:27:28  DEBUG     Starting new HTTPS connection (1): piconnect.flattrade.in:443
2026-07-12 06:27:28  DEBUG     https://piconnect.flattrade.in:443 "POST /PiConnectAPI/Limits HTTP/1.1" 200 None
2026-07-12 06:27:28  INFO      *** LIVE MODE  cash=Rs10  deploy(85%)=Rs8  K=2  cap/stock=Rs4 (MIS notional 4x, CNC 1x) ***
2026-07-12 06:27:28  INFO      8 stocks | Rs4/trade | K=2 | EOD 15:00 IST
2026-07-12 06:27:28  INFO      ============================================================
2026-07-12 06:27:28  INFO      Websocket connected
2026-07-12 06:27:29  ERROR     WS ERROR  fin=1 opcode=8 data=b'\x03\xe8'
2026-07-12 06:27:29  ERROR     fin=1 opcode=8 data=b'\x03\xe8' - goodbye
2026-07-12 06:27:29  WARNING   WS DISCONNECTED  code=None  reason=None  trades=0  pnl=Rs+0.00
2026-07-12 06:27:29  INFO      WS CONNECTED  subscribed=8 instruments
2026-07-12 06:27:29  INFO      Ticks -> data/2026-07-12/ticks.jsonl
[Sun Jul 12 06:27:29 UTC 2026] Runner exited, restarting in 10s...
[Sun Jul 12 06:27:39 UTC 2026] Starting runner...
2026-07-12 06:27:39  INFO      ============================================================
2026-07-12 06:27:39  INFO      STARTUP  date=2026-07-12  pid=377508
2026-07-12 06:27:39  INFO      Strategy: Supertrend atr=14 mult=1.5 | 15-min | LIVE mode
2026-07-12 06:27:39  INFO      Resolving NSE tokens...
2026-07-12 06:27:39  DEBUG     Starting new HTTPS connection (1): piconnect.flattrade.in:443
2026-07-12 06:27:39  DEBUG     https://piconnect.flattrade.in:443 "POST /PiConnectAPI/SearchScrip HTTP/1.1" 200 None
2026-07-12 06:27:39  INFO      Resolved  HFCL             token=21951
2026-07-12 06:27:39  DEBUG     Starting new HTTPS connection (1): piconnect.flattrade.in:443
2026-07-12 06:27:39  DEBUG     https://piconnect.flattrade.in:443 "POST /PiConnectAPI/SearchScrip HTTP/1.1" 200 None
2026-07-12 06:27:39  INFO      Resolved  BANKBARODA       token=4668
2026-07-12 06:27:39  DEBUG     Starting new HTTPS connection (1): piconnect.flattrade.in:443
2026-07-12 06:27:40  DEBUG     https://piconnect.flattrade.in:443 "POST /PiConnectAPI/SearchScrip HTTP/1.1" 200 None
2026-07-12 06:27:40  INFO      Resolved  NMDC             token=15332
2026-07-12 06:27:40  DEBUG     Starting new HTTPS connection (1): piconnect.flattrade.in:443
2026-07-12 06:27:40  DEBUG     https://piconnect.flattrade.in:443 "POST /PiConnectAPI/SearchScrip HTTP/1.1" 200 None
2026-07-12 06:27:40  INFO      Resolved  CESC             token=628
2026-07-12 06:27:40  DEBUG     Starting new HTTPS connection (1): piconnect.flattrade.in:443
2026-07-12 06:27:40  DEBUG     https://piconnect.flattrade.in:443 "POST /PiConnectAPI/SearchScrip HTTP/1.1" 200 None
2026-07-12 06:27:40  INFO      Resolved  ZEEL             token=3812
2026-07-12 06:27:40  DEBUG     Starting new HTTPS connection (1): piconnect.flattrade.in:443
2026-07-12 06:27:40  DEBUG     https://piconnect.flattrade.in:443 "POST /PiConnectAPI/SearchScrip HTTP/1.1" 200 None
2026-07-12 06:27:40  INFO      Resolved  BALRAMCHIN       token=341
2026-07-12 06:27:40  DEBUG     Starting new HTTPS connection (1): piconnect.flattrade.in:443
2026-07-12 06:27:40  DEBUG     https://piconnect.flattrade.in:443 "POST /PiConnectAPI/SearchScrip HTTP/1.1" 200 None
2026-07-12 06:27:40  INFO      Resolved  GRANULES         token=11872
2026-07-12 06:27:40  DEBUG     Starting new HTTPS connection (1): piconnect.flattrade.in:443
2026-07-12 06:27:41  DEBUG     https://piconnect.flattrade.in:443 "POST /PiConnectAPI/SearchScrip HTTP/1.1" 200 None
2026-07-12 06:27:41  INFO      Resolved  SUZLON           token=12018
2026-07-12 06:27:41  DEBUG     Starting new HTTPS connection (1): piconnect.flattrade.in:443
2026-07-12 06:27:41  DEBUG     https://piconnect.flattrade.in:443 "POST /PiConnectAPI/PositionBook HTTP/1.1" 200 None
2026-07-12 06:27:41  DEBUG     Starting new HTTPS connection (1): piconnect.flattrade.in:443
2026-07-12 06:27:41  DEBUG     https://piconnect.flattrade.in:443 "POST /PiConnectAPI/Limits HTTP/1.1" 200 None
2026-07-12 06:27:41  INFO      *** LIVE MODE  cash=Rs10  deploy(85%)=Rs8  K=2  cap/stock=Rs4 (MIS notional 4x, CNC 1x) ***
2026-07-12 06:27:41  INFO      8 stocks | Rs4/trade | K=2 | EOD 15:00 IST
2026-07-12 06:27:41  INFO      ============================================================
2026-07-12 06:27:41  INFO      Websocket connected
2026-07-12 06:27:42  ERROR     WS ERROR  fin=1 opcode=8 data=b'\x03\xe8'
2026-07-12 06:27:42  ERROR     fin=1 opcode=8 data=b'\x03\xe8' - goodbye
2026-07-12 06:27:42  WARNING   WS DISCONNECTED  code=None  reason=None  trades=0  pnl=Rs+0.00
2026-07-12 06:27:42  INFO      WS CONNECTED  subscribed=8 instruments
2026-07-12 06:27:42  INFO      Ticks -> data/2026-07-12/ticks.jsonl
[Sun Jul 12 06:27:42 UTC 2026] Runner exited, restarting in 10s...
[Sun Jul 12 06:27:52 UTC 2026] Starting runner...
2026-07-12 06:27:52  INFO      ============================================================
2026-07-12 06:27:52  INFO      STARTUP  date=2026-07-12  pid=377517
2026-07-12 06:27:52  INFO      Strategy: Supertrend atr=14 mult=1.5 | 15-min | LIVE mode
2026-07-12 06:27:52  INFO      Resolving NSE tokens...
2026-07-12 06:27:52  DEBUG     Starting new HTTPS connection (1): piconnect.flattrade.in:443
2026-07-12 06:27:52  DEBUG     https://piconnect.flattrade.in:443 "POST /PiConnectAPI/SearchScrip HTTP/1.1" 200 None
2026-07-12 06:27:52  INFO      Resolved  HFCL             token=21951
2026-07-12 06:27:52  DEBUG     Starting new HTTPS connection (1): piconnect.flattrade.in:443
2026-07-12 06:27:52  DEBUG     https://piconnect.flattrade.in:443 "POST /PiConnectAPI/SearchScrip HTTP/1.1" 200 None
2026-07-12 06:27:52  INFO      Resolved  BANKBARODA       token=4668
2026-07-12 06:27:52  DEBUG     Starting new HTTPS connection (1): piconnect.flattrade.in:443
2026-07-12 06:27:52  DEBUG     https://piconnect.flattrade.in:443 "POST /PiConnectAPI/SearchScrip HTTP/1.1" 200 None
2026-07-12 06:27:52  INFO      Resolved  NMDC             token=15332
2026-07-12 06:27:52  DEBUG     Starting new HTTPS connection (1): piconnect.flattrade.in:443
2026-07-12 06:27:53  DEBUG     https://piconnect.flattrade.in:443 "POST /PiConnectAPI/SearchScrip HTTP/1.1" 200 None
2026-07-12 06:27:53  INFO      Resolved  CESC             token=628
2026-07-12 06:27:53  DEBUG     Starting new HTTPS connection (1): piconnect.flattrade.in:443
2026-07-12 06:27:53  DEBUG     https://piconnect.flattrade.in:443 "POST /PiConnectAPI/SearchScrip HTTP/1.1" 200 None
2026-07-12 06:27:53  INFO      Resolved  ZEEL             token=3812
2026-07-12 06:27:53  DEBUG     Starting new HTTPS connection (1): piconnect.flattrade.in:443
2026-07-12 06:27:53  DEBUG     https://piconnect.flattrade.in:443 "POST /PiConnectAPI/SearchScrip HTTP/1.1" 200 None
2026-07-12 06:27:53  INFO      Resolved  BALRAMCHIN       token=341
2026-07-12 06:27:53  DEBUG     Starting new HTTPS connection (1): piconnect.flattrade.in:443
2026-07-12 06:27:53  DEBUG     https://piconnect.flattrade.in:443 "POST /PiConnectAPI/SearchScrip HTTP/1.1" 200 None
2026-07-12 06:27:53  INFO      Resolved  GRANULES         token=11872
2026-07-12 06:27:53  DEBUG     Starting new HTTPS connection (1): piconnect.flattrade.in:443
2026-07-12 06:27:54  DEBUG     https://piconnect.flattrade.in:443 "POST /PiConnectAPI/SearchScrip HTTP/1.1" 200 None
2026-07-12 06:27:54  INFO      Resolved  SUZLON           token=12018
2026-07-12 06:27:54  DEBUG     Starting new HTTPS connection (1): piconnect.flattrade.in:443
2026-07-12 06:27:54  DEBUG     https://piconnect.flattrade.in:443 "POST /PiConnectAPI/PositionBook HTTP/1.1" 200 None
2026-07-12 06:27:54  DEBUG     Starting new HTTPS connection (1): piconnect.flattrade.in:443
2026-07-12 06:27:54  DEBUG     https://piconnect.flattrade.in:443 "POST /PiConnectAPI/Limits HTTP/1.1" 200 None
2026-07-12 06:27:54  INFO      *** LIVE MODE  cash=Rs10  deploy(85%)=Rs8  K=2  cap/stock=Rs4 (MIS notional 4x, CNC 1x) ***
2026-07-12 06:27:54  INFO      8 stocks | Rs4/trade | K=2 | EOD 15:00 IST
2026-07-12 06:27:54  INFO      ============================================================
2026-07-12 06:27:54  INFO      Websocket connected
2026-07-12 06:27:55  INFO      WS CONNECTED  subscribed=8 instruments
2026-07-12 06:27:55  INFO      Ticks -> data/2026-07-12/ticks.jsonl
2026-07-12 06:27:55  ERROR     WS ERROR  fin=1 opcode=8 data=b'\x03\xe8'
2026-07-12 06:27:55  ERROR     fin=1 opcode=8 data=b'\x03\xe8' - goodbye
2026-07-12 06:27:55  WARNING   WS DISCONNECTED  code=None  reason=None  trades=0  pnl=Rs+0.00
[Sun Jul 12 06:27:55 UTC 2026] Runner exited, restarting in 10s...
[Sun Jul 12 06:28:05 UTC 2026] Starting runner...
2026-07-12 06:28:05  INFO      ============================================================
2026-07-12 06:28:05  INFO      STARTUP  date=2026-07-12  pid=377529
2026-07-12 06:28:05  INFO      Strategy: Supertrend atr=14 mult=1.5 | 15-min | LIVE mode
2026-07-12 06:28:05  INFO      Resolving NSE tokens...
2026-07-12 06:28:05  DEBUG     Starting new HTTPS connection (1): piconnect.flattrade.in:443
2026-07-12 06:28:05  DEBUG     https://piconnect.flattrade.in:443 "POST /PiConnectAPI/SearchScrip HTTP/1.1" 200 None
2026-07-12 06:28:05  INFO      Resolved  HFCL             token=21951
2026-07-12 06:28:05  DEBUG     Starting new HTTPS connection (1): piconnect.flattrade.in:443
2026-07-12 06:28:05  DEBUG     https://piconnect.flattrade.in:443 "POST /PiConnectAPI/SearchScrip HTTP/1.1" 200 None
2026-07-12 06:28:05  INFO      Resolved  BANKBARODA       token=4668
2026-07-12 06:28:05  DEBUG     Starting new HTTPS connection (1): piconnect.flattrade.in:443
2026-07-12 06:28:05  DEBUG     https://piconnect.flattrade.in:443 "POST /PiConnectAPI/SearchScrip HTTP/1.1" 200 None
2026-07-12 06:28:05  INFO      Resolved  NMDC             token=15332
2026-07-12 06:28:05  DEBUG     Starting new HTTPS connection (1): piconnect.flattrade.in:443
2026-07-12 06:28:06  DEBUG     https://piconnect.flattrade.in:443 "POST /PiConnectAPI/SearchScrip HTTP/1.1" 200 None
2026-07-12 06:28:06  INFO      Resolved  CESC             token=628
2026-07-12 06:28:06  DEBUG     Starting new HTTPS connection (1): piconnect.flattrade.in:443
2026-07-12 06:28:06  DEBUG     https://piconnect.flattrade.in:443 "POST /PiConnectAPI/SearchScrip HTTP/1.1" 200 None
2026-07-12 06:28:06  INFO      Resolved  ZEEL             token=3812
2026-07-12 06:28:06  DEBUG     Starting new HTTPS connection (1): piconnect.flattrade.in:443
2026-07-12 06:28:06  DEBUG     https://piconnect.flattrade.in:443 "POST /PiConnectAPI/SearchScrip HTTP/1.1" 200 None
2026-07-12 06:28:06  INFO      Resolved  BALRAMCHIN       token=341
2026-07-12 06:28:06  DEBUG     Starting new HTTPS connection (1): piconnect.flattrade.in:443
2026-07-12 06:28:06  DEBUG     https://piconnect.flattrade.in:443 "POST /PiConnectAPI/SearchScrip HTTP/1.1" 200 None
2026-07-12 06:28:06  INFO      Resolved  GRANULES         token=11872
2026-07-12 06:28:06  DEBUG     Starting new HTTPS connection (1): piconnect.flattrade.in:443
2026-07-12 06:28:07  DEBUG     https://piconnect.flattrade.in:443 "POST /PiConnectAPI/SearchScrip HTTP/1.1" 200 None
2026-07-12 06:28:07  INFO      Resolved  SUZLON           token=12018
2026-07-12 06:28:07  DEBUG     Starting new HTTPS connection (1): piconnect.flattrade.in:443
2026-07-12 06:28:07  DEBUG     https://piconnect.flattrade.in:443 "POST /PiConnectAPI/PositionBook HTTP/1.1" 200 None
2026-07-12 06:28:07  DEBUG     Starting new HTTPS connection (1): piconnect.flattrade.in:443
2026-07-12 06:28:07  DEBUG     https://piconnect.flattrade.in:443 "POST /PiConnectAPI/Limits HTTP/1.1" 200 None
2026-07-12 06:28:07  INFO      *** LIVE MODE  cash=Rs10  deploy(85%)=Rs8  K=2  cap/stock=Rs4 (MIS notional 4x, CNC 1x) ***
2026-07-12 06:28:07  INFO      8 stocks | Rs4/trade | K=2 | EOD 15:00 IST
2026-07-12 06:28:07  INFO      ============================================================
2026-07-12 06:28:07  INFO      Websocket connected
2026-07-12 06:28:08  ERROR     WS ERROR  fin=1 opcode=8 data=b'\x03\xe8'
2026-07-12 06:28:08  ERROR     fin=1 opcode=8 data=b'\x03\xe8' - goodbye
2026-07-12 06:28:08  WARNING   WS DISCONNECTED  code=None  reason=None  trades=0  pnl=Rs+0.00
2026-07-12 06:28:08  INFO      WS CONNECTED  subscribed=8 instruments
2026-07-12 06:28:08  INFO      Ticks -> data/2026-07-12/ticks.jsonl
[Sun Jul 12 06:28:08 UTC 2026] Runner exited, restarting in 10s...
[Sun Jul 12 06:28:18 UTC 2026] Starting runner...
2026-07-12 06:28:18  INFO      ============================================================
2026-07-12 06:28:18  INFO      STARTUP  date=2026-07-12  pid=377537
2026-07-12 06:28:18  INFO      Strategy: Supertrend atr=14 mult=1.5 | 15-min | LIVE mode
2026-07-12 06:28:18  INFO      Resolving NSE tokens...
2026-07-12 06:28:18  DEBUG     Starting new HTTPS connection (1): piconnect.flattrade.in:443
2026-07-12 06:28:18  DEBUG     https://piconnect.flattrade.in:443 "POST /PiConnectAPI/SearchScrip HTTP/1.1" 200 None
2026-07-12 06:28:18  INFO      Resolved  HFCL             token=21951
2026-07-12 06:28:18  DEBUG     Starting new HTTPS connection (1): piconnect.flattrade.in:443
2026-07-12 06:28:18  DEBUG     https://piconnect.flattrade.in:443 "POST /PiConnectAPI/SearchScrip HTTP/1.1" 200 None
2026-07-12 06:28:18  INFO      Resolved  BANKBARODA       token=4668
2026-07-12 06:28:18  DEBUG     Starting new HTTPS connection (1): piconnect.flattrade.in:443
2026-07-12 06:28:18  DEBUG     https://piconnect.flattrade.in:443 "POST /PiConnectAPI/SearchScrip HTTP/1.1" 200 None
2026-07-12 06:28:18  INFO      Resolved  NMDC             token=15332
2026-07-12 06:28:18  DEBUG     Starting new HTTPS connection (1): piconnect.flattrade.in:443
2026-07-12 06:28:19  DEBUG     https://piconnect.flattrade.in:443 "POST /PiConnectAPI/SearchScrip HTTP/1.1" 200 None
2026-07-12 06:28:19  INFO      Resolved  CESC             token=628
2026-07-12 06:28:19  DEBUG     Starting new HTTPS connection (1): piconnect.flattrade.in:443
2026-07-12 06:28:19  DEBUG     https://piconnect.flattrade.in:443 "POST /PiConnectAPI/SearchScrip HTTP/1.1" 200 None
2026-07-12 06:28:19  INFO      Resolved  ZEEL             token=3812
2026-07-12 06:28:19  DEBUG     Starting new HTTPS connection (1): piconnect.flattrade.in:443
2026-07-12 06:28:19  DEBUG     https://piconnect.flattrade.in:443 "POST /PiConnectAPI/SearchScrip HTTP/1.1" 200 None
2026-07-12 06:28:19  INFO      Resolved  BALRAMCHIN       token=341
2026-07-12 06:28:19  DEBUG     Starting new HTTPS connection (1): piconnect.flattrade.in:443
2026-07-12 06:28:19  DEBUG     https://piconnect.flattrade.in:443 "POST /PiConnectAPI/SearchScrip HTTP/1.1" 200 None
2026-07-12 06:28:19  INFO      Resolved  GRANULES         token=11872
2026-07-12 06:28:19  DEBUG     Starting new HTTPS connection (1): piconnect.flattrade.in:443
2026-07-12 06:28:20  DEBUG     https://piconnect.flattrade.in:443 "POST /PiConnectAPI/SearchScrip HTTP/1.1" 200 None
2026-07-12 06:28:20  INFO      Resolved  SUZLON           token=12018
2026-07-12 06:28:20  DEBUG     Starting new HTTPS connection (1): piconnect.flattrade.in:443
2026-07-12 06:28:20  DEBUG     https://piconnect.flattrade.in:443 "POST /PiConnectAPI/PositionBook HTTP/1.1" 200 None
2026-07-12 06:28:20  DEBUG     Starting new HTTPS connection (1): piconnect.flattrade.in:443
2026-07-12 06:28:20  DEBUG     https://piconnect.flattrade.in:443 "POST /PiConnectAPI/Limits HTTP/1.1" 200 None
2026-07-12 06:28:20  INFO      *** LIVE MODE  cash=Rs10  deploy(85%)=Rs8  K=2  cap/stock=Rs4 (MIS notional 4x, CNC 1x) ***
2026-07-12 06:28:20  INFO      8 stocks | Rs4/trade | K=2 | EOD 15:00 IST
2026-07-12 06:28:20  INFO      ============================================================
2026-07-12 06:28:20  INFO      Websocket connected
2026-07-12 06:28:21  INFO      WS CONNECTED  subscribed=8 instruments
2026-07-12 06:28:21  ERROR     WS ERROR  fin=1 opcode=8 data=b'\x03\xe8'
2026-07-12 06:28:21  ERROR     fin=1 opcode=8 data=b'\x03\xe8' - goodbye
2026-07-12 06:28:21  INFO      Ticks -> data/2026-07-12/ticks.jsonl
2026-07-12 06:28:21  WARNING   WS DISCONNECTED  code=None  reason=None  trades=0  pnl=Rs+0.00
[Sun Jul 12 06:28:21 UTC 2026] Runner exited, restarting in 10s...
[Sun Jul 12 06:28:31 UTC 2026] Starting runner...
2026-07-12 06:28:31  INFO      ============================================================
2026-07-12 06:28:31  INFO      STARTUP  date=2026-07-12  pid=377545
2026-07-12 06:28:31  INFO      Strategy: Supertrend atr=14 mult=1.5 | 15-min | LIVE mode
2026-07-12 06:28:31  INFO      Resolving NSE tokens...
2026-07-12 06:28:31  DEBUG     Starting new HTTPS connection (1): piconnect.flattrade.in:443
2026-07-12 06:28:31  DEBUG     https://piconnect.flattrade.in:443 "POST /PiConnectAPI/SearchScrip HTTP/1.1" 200 None
2026-07-12 06:28:31  INFO      Resolved  HFCL             token=21951
2026-07-12 06:28:31  DEBUG     Starting new HTTPS connection (1): piconnect.flattrade.in:443
2026-07-12 06:28:31  DEBUG     https://piconnect.flattrade.in:443 "POST /PiConnectAPI/SearchScrip HTTP/1.1" 200 None
2026-07-12 06:28:31  INFO      Resolved  BANKBARODA       token=4668
2026-07-12 06:28:31  DEBUG     Starting new HTTPS connection (1): piconnect.flattrade.in:443
2026-07-12 06:28:31  DEBUG     https://piconnect.flattrade.in:443 "POST /PiConnectAPI/SearchScrip HTTP/1.1" 200 None
2026-07-12 06:28:31  INFO      Resolved  NMDC             token=15332
2026-07-12 06:28:31  DEBUG     Starting new HTTPS connection (1): piconnect.flattrade.in:443
2026-07-12 06:28:32  DEBUG     https://piconnect.flattrade.in:443 "POST /PiConnectAPI/SearchScrip HTTP/1.1" 200 None
2026-07-12 06:28:32  INFO      Resolved  CESC             token=628
2026-07-12 06:28:32  DEBUG     Starting new HTTPS connection (1): piconnect.flattrade.in:443
2026-07-12 06:28:32  DEBUG     https://piconnect.flattrade.in:443 "POST /PiConnectAPI/SearchScrip HTTP/1.1" 200 None
2026-07-12 06:28:32  INFO      Resolved  ZEEL             token=3812
2026-07-12 06:28:32  DEBUG     Starting new HTTPS connection (1): piconnect.flattrade.in:443
2026-07-12 06:28:32  DEBUG     https://piconnect.flattrade.in:443 "POST /PiConnectAPI/SearchScrip HTTP/1.1" 200 None
2026-07-12 06:28:32  INFO      Resolved  BALRAMCHIN       token=341
2026-07-12 06:28:32  DEBUG     Starting new HTTPS connection (1): piconnect.flattrade.in:443
2026-07-12 06:28:32  DEBUG     https://piconnect.flattrade.in:443 "POST /PiConnectAPI/SearchScrip HTTP/1.1" 200 None
2026-07-12 06:28:32  INFO      Resolved  GRANULES         token=11872
2026-07-12 06:28:32  DEBUG     Starting new HTTPS connection (1): piconnect.flattrade.in:443
2026-07-12 06:28:32  DEBUG     https://piconnect.flattrade.in:443 "POST /PiConnectAPI/SearchScrip HTTP/1.1" 200 None
2026-07-12 06:28:32  INFO      Resolved  SUZLON           token=12018
2026-07-12 06:28:32  DEBUG     Starting new HTTPS connection (1): piconnect.flattrade.in:443
2026-07-12 06:28:33  DEBUG     https://piconnect.flattrade.in:443 "POST /PiConnectAPI/PositionBook HTTP/1.1" 200 None
2026-07-12 06:28:33  DEBUG     Starting new HTTPS connection (1): piconnect.flattrade.in:443
2026-07-12 06:28:33  DEBUG     https://piconnect.flattrade.in:443 "POST /PiConnectAPI/Limits HTTP/1.1" 200 None
2026-07-12 06:28:33  INFO      *** LIVE MODE  cash=Rs10  deploy(85%)=Rs8  K=2  cap/stock=Rs4 (MIS notional 4x, CNC 1x) ***
2026-07-12 06:28:33  INFO      8 stocks | Rs4/trade | K=2 | EOD 15:00 IST
2026-07-12 06:28:33  INFO      ============================================================
2026-07-12 06:28:33  INFO      Websocket connected
2026-07-12 06:28:34  ERROR     WS ERROR  fin=1 opcode=8 data=b'\x03\xe8'
2026-07-12 06:28:34  ERROR     fin=1 opcode=8 data=b'\x03\xe8' - goodbye
2026-07-12 06:28:34  INFO      WS CONNECTED  subscribed=8 instruments
2026-07-12 06:28:34  WARNING   WS DISCONNECTED  code=None  reason=None  trades=0  pnl=Rs+0.00
2026-07-12 06:28:34  INFO      Ticks -> data/2026-07-12/ticks.jsonl
[Sun Jul 12 06:28:34 UTC 2026] Runner exited, restarting in 10s...
2026-07-12 06:28:38  INFO      SIGTERM received — saving state and shutting down
2026-07-12 06:28:38  INFO      ────────────────────────────────────────────────────────────
2026-07-12 06:28:38  INFO      EOD SUMMARY  date=2026-07-12  trades=0  total_pnl=Rs0.00
2026-07-12 06:28:38  INFO      All positions flat at EOD
2026-07-12 06:28:38  INFO      Ticks  -> data/2026-07-12/ticks.jsonl
2026-07-12 06:28:38  INFO      Trades -> logs/trades_2026-07-12.csv
2026-07-12 06:28:38  INFO      ────────────────────────────────────────────────────────────
2026-07-12 06:28:38  WARNING   WS DISCONNECTED  code=None  reason=None  trades=0  pnl=Rs+0.00
[Sun Jul 12 06:31:41 UTC 2026] Watchdog started
[Sun Jul 12 06:31:41 UTC 2026] Starting runner...
2026-07-12 06:31:41  INFO      ============================================================
2026-07-12 06:31:41  INFO      STARTUP  date=2026-07-12  pid=377826
2026-07-12 06:31:41  INFO      Strategy: Supertrend atr=14 mult=1.5 | 15-min | LIVE mode
2026-07-12 06:31:41  INFO      Resolving NSE tokens...
2026-07-12 06:31:41  DEBUG     Starting new HTTPS connection (1): piconnect.flattrade.in:443
2026-07-12 06:31:42  DEBUG     https://piconnect.flattrade.in:443 "POST /PiConnectAPI/SearchScrip HTTP/1.1" 200 None
2026-07-12 06:31:42  INFO      Resolved  HFCL             token=21951
2026-07-12 06:31:42  DEBUG     Starting new HTTPS connection (1): piconnect.flattrade.in:443
2026-07-12 06:31:42  DEBUG     https://piconnect.flattrade.in:443 "POST /PiConnectAPI/SearchScrip HTTP/1.1" 200 None
2026-07-12 06:31:42  INFO      Resolved  BANKBARODA       token=4668
2026-07-12 06:31:42  DEBUG     Starting new HTTPS connection (1): piconnect.flattrade.in:443
2026-07-12 06:31:43  DEBUG     https://piconnect.flattrade.in:443 "POST /PiConnectAPI/SearchScrip HTTP/1.1" 200 None
2026-07-12 06:31:43  INFO      Resolved  NMDC             token=15332
2026-07-12 06:31:43  DEBUG     Starting new HTTPS connection (1): piconnect.flattrade.in:443
2026-07-12 06:31:43  DEBUG     https://piconnect.flattrade.in:443 "POST /PiConnectAPI/SearchScrip HTTP/1.1" 200 None
2026-07-12 06:31:43  INFO      Resolved  CESC             token=628
2026-07-12 06:31:43  DEBUG     Starting new HTTPS connection (1): piconnect.flattrade.in:443
2026-07-12 06:31:43  DEBUG     https://piconnect.flattrade.in:443 "POST /PiConnectAPI/SearchScrip HTTP/1.1" 200 None
2026-07-12 06:31:43  INFO      Resolved  ZEEL             token=3812
2026-07-12 06:31:43  DEBUG     Starting new HTTPS connection (1): piconnect.flattrade.in:443
2026-07-12 06:31:43  DEBUG     https://piconnect.flattrade.in:443 "POST /PiConnectAPI/SearchScrip HTTP/1.1" 200 None
2026-07-12 06:31:43  INFO      Resolved  BALRAMCHIN       token=341
2026-07-12 06:31:43  DEBUG     Starting new HTTPS connection (1): piconnect.flattrade.in:443
2026-07-12 06:31:43  DEBUG     https://piconnect.flattrade.in:443 "POST /PiConnectAPI/SearchScrip HTTP/1.1" 200 None
2026-07-12 06:31:43  INFO      Resolved  GRANULES         token=11872
2026-07-12 06:31:43  DEBUG     Starting new HTTPS connection (1): piconnect.flattrade.in:443
2026-07-12 06:31:44  DEBUG     https://piconnect.flattrade.in:443 "POST /PiConnectAPI/SearchScrip HTTP/1.1" 200 None
2026-07-12 06:31:44  INFO      Resolved  SUZLON           token=12018
2026-07-12 06:31:44  DEBUG     Starting new HTTPS connection (1): piconnect.flattrade.in:443
2026-07-12 06:31:44  DEBUG     https://piconnect.flattrade.in:443 "POST /PiConnectAPI/PositionBook HTTP/1.1" 200 None
2026-07-12 06:31:44  DEBUG     Starting new HTTPS connection (1): piconnect.flattrade.in:443
2026-07-12 06:31:44  DEBUG     https://piconnect.flattrade.in:443 "POST /PiConnectAPI/Limits HTTP/1.1" 200 None
2026-07-12 06:31:44  INFO      *** LIVE MODE  cash=Rs10  deploy(85%)=Rs8  K=2  cap/stock=Rs4 (MIS notional 4x, CNC 1x) ***
2026-07-12 06:31:44  INFO      8 stocks | Rs4/trade | K=2 | EOD 15:00 IST
2026-07-12 06:31:44  INFO      ============================================================
[Sun Jul 12 06:31:44 UTC 2026] start_trading.sh: another watchdog already running — exiting
2026-07-12 06:31:45  INFO      Websocket connected
2026-07-12 06:31:45  INFO      WS CONNECTED  subscribed=8 instruments
2026-07-12 06:31:45  INFO      Ticks -> data/2026-07-12/ticks.jsonl
2026-07-12 06:32:02  INFO      SIGINT received — saving state and shutting down
2026-07-12 06:32:02  INFO      ────────────────────────────────────────────────────────────
2026-07-12 06:32:02  INFO      EOD SUMMARY  date=2026-07-12  trades=0  total_pnl=Rs0.00
2026-07-12 06:32:02  INFO      All positions flat at EOD
2026-07-12 06:32:02  INFO      Ticks  -> data/2026-07-12/ticks.jsonl
2026-07-12 06:32:02  INFO      Trades -> logs/trades_2026-07-12.csv
2026-07-12 06:32:02  INFO      ────────────────────────────────────────────────────────────
[Sun Jul 12 06:32:02 UTC 2026] STOP flag set + SIGINT sent — runner stopping, watchdog will not restart
2026-07-12 06:32:03  WARNING   WS DISCONNECTED  code=None  reason=None  trades=0  pnl=Rs+0.00
[Sun Jul 12 06:32:03 UTC 2026] Runner exited, restarting in 10s...
[Sun Jul 12 06:32:13 UTC 2026] STOP flag detected — watchdog exiting, no restart
[Sun Jul 12 10:28:51 UTC 2026] Watchdog started
2026-07-12 10:33:05  INFO      ============================================================
2026-07-12 10:33:05  INFO      STARTUP  date=2026-07-12  pid=385957
2026-07-12 10:33:05  INFO      Strategy: Supertrend atr=14 mult=1.5 | 15-min | LIVE mode
2026-07-12 10:33:05  WARNING   today_basket is stale (date=2026-07-13, today=2026-07-12) — using default basket
2026-07-12 10:33:05  INFO      Using default fixed basket (8 stocks)
2026-07-12 10:33:05  INFO      Resolving NSE tokens...
2026-07-12 10:33:05  DEBUG     Starting new HTTPS connection (1): piconnect.flattrade.in:443
2026-07-12 10:33:06  DEBUG     https://piconnect.flattrade.in:443 "POST /PiConnectAPI/SearchScrip HTTP/1.1" 200 None
2026-07-12 10:33:06  INFO      Resolved  HFCL             token=21951  tick=0.01
2026-07-12 10:33:06  DEBUG     Starting new HTTPS connection (1): piconnect.flattrade.in:443
2026-07-12 10:33:06  DEBUG     https://piconnect.flattrade.in:443 "POST /PiConnectAPI/SearchScrip HTTP/1.1" 200 None
2026-07-12 10:33:06  INFO      Resolved  BANKBARODA       token=4668  tick=0.05
2026-07-12 10:33:06  DEBUG     Starting new HTTPS connection (1): piconnect.flattrade.in:443
2026-07-12 10:33:06  DEBUG     https://piconnect.flattrade.in:443 "POST /PiConnectAPI/SearchScrip HTTP/1.1" 200 None
2026-07-12 10:33:06  INFO      Resolved  NMDC             token=15332  tick=0.01
2026-07-12 10:33:06  DEBUG     Starting new HTTPS connection (1): piconnect.flattrade.in:443
2026-07-12 10:33:07  DEBUG     https://piconnect.flattrade.in:443 "POST /PiConnectAPI/SearchScrip HTTP/1.1" 200 None
2026-07-12 10:33:07  INFO      Resolved  CESC             token=628  tick=0.01
2026-07-12 10:33:07  DEBUG     Starting new HTTPS connection (1): piconnect.flattrade.in:443
2026-07-12 10:33:07  DEBUG     https://piconnect.flattrade.in:443 "POST /PiConnectAPI/SearchScrip HTTP/1.1" 200 None
2026-07-12 10:33:07  INFO      Resolved  ZEEL             token=3812  tick=0.01
2026-07-12 10:33:07  DEBUG     Starting new HTTPS connection (1): piconnect.flattrade.in:443
2026-07-12 10:33:07  DEBUG     https://piconnect.flattrade.in:443 "POST /PiConnectAPI/SearchScrip HTTP/1.1" 200 None
2026-07-12 10:33:07  INFO      Resolved  BALRAMCHIN       token=341  tick=0.05
2026-07-12 10:33:07  DEBUG     Starting new HTTPS connection (1): piconnect.flattrade.in:443
2026-07-12 10:33:07  DEBUG     https://piconnect.flattrade.in:443 "POST /PiConnectAPI/SearchScrip HTTP/1.1" 200 None
2026-07-12 10:33:07  INFO      Resolved  GRANULES         token=11872  tick=0.05
2026-07-12 10:33:07  DEBUG     Starting new HTTPS connection (1): piconnect.flattrade.in:443
2026-07-12 10:33:07  DEBUG     https://piconnect.flattrade.in:443 "POST /PiConnectAPI/SearchScrip HTTP/1.1" 200 None
2026-07-12 10:33:07  INFO      Resolved  SUZLON           token=12018  tick=0.01
2026-07-12 10:33:07  DEBUG     Starting new HTTPS connection (1): piconnect.flattrade.in:443
2026-07-12 10:33:08  DEBUG     https://piconnect.flattrade.in:443 "POST /PiConnectAPI/PositionBook HTTP/1.1" 200 None
2026-07-12 10:33:08  DEBUG     Starting new HTTPS connection (1): piconnect.flattrade.in:443
2026-07-12 10:33:08  DEBUG     https://piconnect.flattrade.in:443 "POST /PiConnectAPI/Limits HTTP/1.1" 200 None
2026-07-12 10:33:08  INFO      *** LIVE MODE  cash=Rs10  deploy(85%)=Rs8  K=2  cap/stock=Rs4 (MIS notional 4x, CNC 1x) ***
2026-07-12 10:33:08  INFO      8 stocks | Rs4/trade | K=2 | EOD 15:00 IST
2026-07-12 10:33:08  INFO      ============================================================
2026-07-12 10:33:08  INFO      Websocket connected
2026-07-12 10:33:08  INFO      WS CONNECTED  subscribed=8 instruments
2026-07-12 10:33:08  INFO      Ticks -> data/2026-07-12/ticks.jsonl
2026-07-12 10:33:25  INFO      SIGTERM received — saving state and shutting down
2026-07-12 10:33:25  INFO      ────────────────────────────────────────────────────────────
2026-07-12 10:33:25  INFO      EOD SUMMARY  date=2026-07-12  trades=0  total_pnl=Rs0.00
2026-07-12 10:33:25  INFO      All positions flat at EOD
2026-07-12 10:33:25  INFO      Ticks  -> data/2026-07-12/ticks.jsonl
2026-07-12 10:33:25  INFO      Trades -> logs/trades_2026-07-12.csv
2026-07-12 10:33:25  INFO      ────────────────────────────────────────────────────────────
2026-07-12 10:33:25  WARNING   WS DISCONNECTED  code=None  reason=None  trades=0  pnl=Rs+0.00
[Sun Jul 12 10:34:11 UTC 2026] STOP flag set + SIGINT sent — runner stopping, watchdog will not restart
2026-07-12 11:01:28  INFO      ============================================================
2026-07-12 11:01:28  INFO      STARTUP  date=2026-07-12  pid=387073
2026-07-12 11:01:28  INFO      Strategy: Supertrend atr=14 mult=1.5 | 15-min | LIVE mode
2026-07-12 11:01:28  WARNING   today_basket is stale (date=2026-07-13, today=2026-07-12) — using default basket
2026-07-12 11:01:28  INFO      Using default fixed basket (8 stocks)
2026-07-12 11:01:28  INFO      Resolving NSE tokens...
2026-07-12 11:01:28  DEBUG     Starting new HTTPS connection (1): piconnect.flattrade.in:443
2026-07-12 11:01:29  DEBUG     https://piconnect.flattrade.in:443 "POST /PiConnectAPI/SearchScrip HTTP/1.1" 200 None
2026-07-12 11:01:29  INFO      Resolved  HFCL             token=21951  tick=0.01
2026-07-12 11:01:29  DEBUG     Starting new HTTPS connection (1): piconnect.flattrade.in:443
2026-07-12 11:01:29  DEBUG     https://piconnect.flattrade.in:443 "POST /PiConnectAPI/SearchScrip HTTP/1.1" 200 None
2026-07-12 11:01:29  INFO      Resolved  BANKBARODA       token=4668  tick=0.05
2026-07-12 11:01:29  DEBUG     Starting new HTTPS connection (1): piconnect.flattrade.in:443
2026-07-12 11:01:29  DEBUG     https://piconnect.flattrade.in:443 "POST /PiConnectAPI/SearchScrip HTTP/1.1" 200 None
2026-07-12 11:01:29  INFO      Resolved  NMDC             token=15332  tick=0.01
2026-07-12 11:01:29  DEBUG     Starting new HTTPS connection (1): piconnect.flattrade.in:443
2026-07-12 11:01:30  DEBUG     https://piconnect.flattrade.in:443 "POST /PiConnectAPI/SearchScrip HTTP/1.1" 200 None
2026-07-12 11:01:30  INFO      Resolved  CESC             token=628  tick=0.01
2026-07-12 11:01:30  DEBUG     Starting new HTTPS connection (1): piconnect.flattrade.in:443
2026-07-12 11:01:30  DEBUG     https://piconnect.flattrade.in:443 "POST /PiConnectAPI/SearchScrip HTTP/1.1" 200 None
2026-07-12 11:01:30  INFO      Resolved  ZEEL             token=3812  tick=0.01
2026-07-12 11:01:30  DEBUG     Starting new HTTPS connection (1): piconnect.flattrade.in:443
2026-07-12 11:01:30  DEBUG     https://piconnect.flattrade.in:443 "POST /PiConnectAPI/SearchScrip HTTP/1.1" 200 None
2026-07-12 11:01:30  INFO      Resolved  BALRAMCHIN       token=341  tick=0.05
2026-07-12 11:01:30  DEBUG     Starting new HTTPS connection (1): piconnect.flattrade.in:443
2026-07-12 11:01:31  DEBUG     https://piconnect.flattrade.in:443 "POST /PiConnectAPI/SearchScrip HTTP/1.1" 200 None
2026-07-12 11:01:31  INFO      Resolved  GRANULES         token=11872  tick=0.05
2026-07-12 11:01:31  DEBUG     Starting new HTTPS connection (1): piconnect.flattrade.in:443
2026-07-12 11:01:31  DEBUG     https://piconnect.flattrade.in:443 "POST /PiConnectAPI/SearchScrip HTTP/1.1" 200 None
2026-07-12 11:01:31  INFO      Resolved  SUZLON           token=12018  tick=0.01
2026-07-12 11:01:31  DEBUG     Starting new HTTPS connection (1): piconnect.flattrade.in:443
2026-07-12 11:01:31  DEBUG     https://piconnect.flattrade.in:443 "POST /PiConnectAPI/PositionBook HTTP/1.1" 200 None
2026-07-12 11:01:31  DEBUG     Starting new HTTPS connection (1): piconnect.flattrade.in:443
2026-07-12 11:01:31  DEBUG     https://piconnect.flattrade.in:443 "POST /PiConnectAPI/Limits HTTP/1.1" 200 None
2026-07-12 11:01:31  INFO      *** LIVE MODE  cash=Rs10  deploy(85%)=Rs8  K=2  cap/stock=Rs4 (MIS notional 4x, CNC 1x) ***
2026-07-12 11:01:31  INFO      8 stocks | Rs4/trade | K=2 | EOD 15:00 IST
2026-07-12 11:01:31  INFO      ============================================================
2026-07-12 11:01:32  INFO      Websocket connected
2026-07-12 11:01:32  INFO      WS CONNECTED  subscribed=8 instruments
2026-07-12 11:01:32  INFO      Ticks -> data/2026-07-12/ticks.jsonl
2026-07-12 11:01:48  INFO      SIGTERM received — saving state and shutting down
2026-07-12 11:01:48  INFO      ────────────────────────────────────────────────────────────
2026-07-12 11:01:48  INFO      EOD SUMMARY  date=2026-07-12  trades=0  total_pnl=Rs0.00
2026-07-12 11:01:48  INFO      All positions flat at EOD
2026-07-12 11:01:48  INFO      Ticks  -> data/2026-07-12/ticks.jsonl
2026-07-12 11:01:48  INFO      Trades -> logs/trades_2026-07-12.csv
2026-07-12 11:01:48  INFO      ────────────────────────────────────────────────────────────
2026-07-12 11:01:48  WARNING   WS DISCONNECTED  code=None  reason=None  trades=0  pnl=Rs+0.00
