[Wed Jun 24 03:15:12 UTC 2026] Watchdog started
[Wed Jun 24 03:15:12 UTC 2026] Starting runner...
2026-06-24 03:15:13  INFO      ============================================================
2026-06-24 03:15:13  INFO      ============================================================
2026-06-24 03:15:13  INFO      STARTUP  date=2026-06-24  pid=75467
2026-06-24 03:15:13  INFO      STARTUP  date=2026-06-24  pid=75467
2026-06-24 03:15:13  INFO      Strategy: Supertrend atr=14 mult=1.5 | 15-min | paper mode
2026-06-24 03:15:13  INFO      Strategy: Supertrend atr=14 mult=1.5 | 15-min | paper mode
2026-06-24 03:15:13  INFO      Resolving NSE tokens...
2026-06-24 03:15:13  INFO      Resolving NSE tokens...
2026-06-24 03:15:13  DEBUG     Starting new HTTPS connection (1): piconnect.flattrade.in:443
2026-06-24 03:15:13  DEBUG     Starting new HTTPS connection (1): piconnect.flattrade.in:443
2026-06-24 03:15:13  DEBUG     https://piconnect.flattrade.in:443 "POST /PiConnectAPI/SearchScrip HTTP/1.1" 200 None
2026-06-24 03:15:13  DEBUG     https://piconnect.flattrade.in:443 "POST /PiConnectAPI/SearchScrip HTTP/1.1" 200 None
2026-06-24 03:15:13  INFO      Resolved  IDEA             token=14366
[ST] IDEA loaded state — atr=0.0699 trend=-1 candles=19
2026-06-24 03:15:13  INFO      Resolved  IDEA             token=14366
2026-06-24 03:15:13  DEBUG     Starting new HTTPS connection (1): piconnect.flattrade.in:443
2026-06-24 03:15:13  DEBUG     Starting new HTTPS connection (1): piconnect.flattrade.in:443
2026-06-24 03:15:14  DEBUG     https://piconnect.flattrade.in:443 "POST /PiConnectAPI/SearchScrip HTTP/1.1" 200 None
2026-06-24 03:15:14  DEBUG     https://piconnect.flattrade.in:443 "POST /PiConnectAPI/SearchScrip HTTP/1.1" 200 None
2026-06-24 03:15:14  INFO      Resolved  SUZLON           token=12018
[ST] SUZLON loaded state — atr=0.2493 trend=1 candles=19
2026-06-24 03:15:14  INFO      Resolved  SUZLON           token=12018
2026-06-24 03:15:14  DEBUG     Starting new HTTPS connection (1): piconnect.flattrade.in:443
2026-06-24 03:15:14  DEBUG     Starting new HTTPS connection (1): piconnect.flattrade.in:443
2026-06-24 03:15:14  DEBUG     https://piconnect.flattrade.in:443 "POST /PiConnectAPI/SearchScrip HTTP/1.1" 200 None
2026-06-24 03:15:14  DEBUG     https://piconnect.flattrade.in:443 "POST /PiConnectAPI/SearchScrip HTTP/1.1" 200 None
2026-06-24 03:15:14  INFO      Resolved  YESBANK          token=11915
[ST] YESBANK loaded state — atr=0.0923 trend=-1 candles=19
2026-06-24 03:15:14  INFO      Resolved  YESBANK          token=11915
2026-06-24 03:15:14  DEBUG     Starting new HTTPS connection (1): piconnect.flattrade.in:443
2026-06-24 03:15:14  DEBUG     Starting new HTTPS connection (1): piconnect.flattrade.in:443
2026-06-24 03:15:14  DEBUG     https://piconnect.flattrade.in:443 "POST /PiConnectAPI/SearchScrip HTTP/1.1" 200 None
2026-06-24 03:15:14  DEBUG     https://piconnect.flattrade.in:443 "POST /PiConnectAPI/SearchScrip HTTP/1.1" 200 None
2026-06-24 03:15:14  INFO      Resolved  NHPC             token=17400
[ST] NHPC loaded state — atr=0.2218 trend=-1 candles=19
2026-06-24 03:15:14  INFO      Resolved  NHPC             token=17400
2026-06-24 03:15:14  DEBUG     Starting new HTTPS connection (1): piconnect.flattrade.in:443
2026-06-24 03:15:14  DEBUG     Starting new HTTPS connection (1): piconnect.flattrade.in:443
2026-06-24 03:15:15  DEBUG     https://piconnect.flattrade.in:443 "POST /PiConnectAPI/SearchScrip HTTP/1.1" 200 None
2026-06-24 03:15:15  DEBUG     https://piconnect.flattrade.in:443 "POST /PiConnectAPI/SearchScrip HTTP/1.1" 200 None
2026-06-24 03:15:15  INFO      Resolved  SAIL             token=2963
[ST] SAIL loaded state — atr=0.9879 trend=1 candles=19
2026-06-24 03:15:15  INFO      Resolved  SAIL             token=2963
2026-06-24 03:15:15  DEBUG     Starting new HTTPS connection (1): piconnect.flattrade.in:443
2026-06-24 03:15:15  DEBUG     Starting new HTTPS connection (1): piconnect.flattrade.in:443
2026-06-24 03:15:15  DEBUG     https://piconnect.flattrade.in:443 "POST /PiConnectAPI/SearchScrip HTTP/1.1" 200 None
2026-06-24 03:15:15  DEBUG     https://piconnect.flattrade.in:443 "POST /PiConnectAPI/SearchScrip HTTP/1.1" 200 None
2026-06-24 03:15:15  INFO      Resolved  PNB              token=10666
[ST] PNB loaded state — atr=0.3394 trend=1 candles=19
2026-06-24 03:15:15  INFO      Resolved  PNB              token=10666
2026-06-24 03:15:15  DEBUG     Starting new HTTPS connection (1): piconnect.flattrade.in:443
2026-06-24 03:15:15  DEBUG     Starting new HTTPS connection (1): piconnect.flattrade.in:443
2026-06-24 03:15:15  DEBUG     https://piconnect.flattrade.in:443 "POST /PiConnectAPI/SearchScrip HTTP/1.1" 200 None
2026-06-24 03:15:15  DEBUG     https://piconnect.flattrade.in:443 "POST /PiConnectAPI/SearchScrip HTTP/1.1" 200 None
2026-06-24 03:15:15  INFO      Resolved  RPOWER           token=15259
[ST] RPOWER loaded state — atr=0.1093 trend=-1 candles=19
2026-06-24 03:15:15  INFO      Resolved  RPOWER           token=15259
2026-06-24 03:15:15  DEBUG     Starting new HTTPS connection (1): piconnect.flattrade.in:443
2026-06-24 03:15:15  DEBUG     Starting new HTTPS connection (1): piconnect.flattrade.in:443
2026-06-24 03:15:15  DEBUG     https://piconnect.flattrade.in:443 "POST /PiConnectAPI/SearchScrip HTTP/1.1" 200 None
2026-06-24 03:15:15  DEBUG     https://piconnect.flattrade.in:443 "POST /PiConnectAPI/SearchScrip HTTP/1.1" 200 None
2026-06-24 03:15:15  INFO      Resolved  TATASTEEL        token=3499
[ST] TATASTEEL loaded state — atr=0.7436 trend=-1 candles=19
2026-06-24 03:15:15  INFO      Resolved  TATASTEEL        token=3499
2026-06-24 03:15:15  DEBUG     Starting new HTTPS connection (1): piconnect.flattrade.in:443
2026-06-24 03:15:15  DEBUG     Starting new HTTPS connection (1): piconnect.flattrade.in:443
2026-06-24 03:15:16  DEBUG     https://piconnect.flattrade.in:443 "POST /PiConnectAPI/SearchScrip HTTP/1.1" 200 None
2026-06-24 03:15:16  DEBUG     https://piconnect.flattrade.in:443 "POST /PiConnectAPI/SearchScrip HTTP/1.1" 200 None
2026-06-24 03:15:16  INFO      Resolved  IDFCFIRSTB       token=11184
[ST] IDFCFIRSTB loaded state — atr=0.4266 trend=-1 candles=19
2026-06-24 03:15:16  INFO      Resolved  IDFCFIRSTB       token=11184
2026-06-24 03:15:16  DEBUG     Starting new HTTPS connection (1): piconnect.flattrade.in:443
2026-06-24 03:15:16  DEBUG     Starting new HTTPS connection (1): piconnect.flattrade.in:443
2026-06-24 03:15:16  DEBUG     https://piconnect.flattrade.in:443 "POST /PiConnectAPI/SearchScrip HTTP/1.1" 200 None
2026-06-24 03:15:16  DEBUG     https://piconnect.flattrade.in:443 "POST /PiConnectAPI/SearchScrip HTTP/1.1" 200 None
2026-06-24 03:15:16  INFO      Resolved  HFCL             token=21951
[ST] HFCL state load failed: 'ts' — starting fresh
2026-06-24 03:15:16  INFO      Resolved  HFCL             token=21951
2026-06-24 03:15:16  DEBUG     Starting new HTTPS connection (1): piconnect.flattrade.in:443
2026-06-24 03:15:16  DEBUG     Starting new HTTPS connection (1): piconnect.flattrade.in:443
2026-06-24 03:15:16  DEBUG     https://piconnect.flattrade.in:443 "POST /PiConnectAPI/SearchScrip HTTP/1.1" 200 None
2026-06-24 03:15:16  DEBUG     https://piconnect.flattrade.in:443 "POST /PiConnectAPI/SearchScrip HTTP/1.1" 200 None
2026-06-24 03:15:16  INFO      Resolved  VEDL             token=3063
[ST] VEDL state load failed: 'ts' — starting fresh
2026-06-24 03:15:16  INFO      Resolved  VEDL             token=3063
2026-06-24 03:15:16  DEBUG     Starting new HTTPS connection (1): piconnect.flattrade.in:443
2026-06-24 03:15:16  DEBUG     Starting new HTTPS connection (1): piconnect.flattrade.in:443
2026-06-24 03:15:16  DEBUG     https://piconnect.flattrade.in:443 "POST /PiConnectAPI/SearchScrip HTTP/1.1" 200 None
2026-06-24 03:15:16  DEBUG     https://piconnect.flattrade.in:443 "POST /PiConnectAPI/SearchScrip HTTP/1.1" 200 None
2026-06-24 03:15:16  INFO      Resolved  COALINDIA        token=20374
[ST] COALINDIA state load failed: 'ts' — starting fresh
2026-06-24 03:15:16  INFO      Resolved  COALINDIA        token=20374
2026-06-24 03:15:16  DEBUG     Starting new HTTPS connection (1): piconnect.flattrade.in:443
2026-06-24 03:15:16  DEBUG     Starting new HTTPS connection (1): piconnect.flattrade.in:443
2026-06-24 03:15:16  DEBUG     https://piconnect.flattrade.in:443 "POST /PiConnectAPI/SearchScrip HTTP/1.1" 200 None
2026-06-24 03:15:16  DEBUG     https://piconnect.flattrade.in:443 "POST /PiConnectAPI/SearchScrip HTTP/1.1" 200 None
2026-06-24 03:15:16  INFO      Resolved  NATIONALUM       token=6364
[ST] NATIONALUM state load failed: 'ts' — starting fresh
2026-06-24 03:15:16  INFO      Resolved  NATIONALUM       token=6364
2026-06-24 03:15:16  DEBUG     Starting new HTTPS connection (1): piconnect.flattrade.in:443
2026-06-24 03:15:16  DEBUG     Starting new HTTPS connection (1): piconnect.flattrade.in:443
2026-06-24 03:15:17  DEBUG     https://piconnect.flattrade.in:443 "POST /PiConnectAPI/SearchScrip HTTP/1.1" 200 None
2026-06-24 03:15:17  DEBUG     https://piconnect.flattrade.in:443 "POST /PiConnectAPI/SearchScrip HTTP/1.1" 200 None
2026-06-24 03:15:17  INFO      Resolved  BANKBARODA       token=4668
[ST] BANKBARODA state load failed: 'ts' — starting fresh
2026-06-24 03:15:17  INFO      Resolved  BANKBARODA       token=4668
2026-06-24 03:15:17  DEBUG     Starting new HTTPS connection (1): piconnect.flattrade.in:443
2026-06-24 03:15:17  DEBUG     Starting new HTTPS connection (1): piconnect.flattrade.in:443
2026-06-24 03:15:17  DEBUG     https://piconnect.flattrade.in:443 "POST /PiConnectAPI/SearchScrip HTTP/1.1" 200 None
2026-06-24 03:15:17  DEBUG     https://piconnect.flattrade.in:443 "POST /PiConnectAPI/SearchScrip HTTP/1.1" 200 None
2026-06-24 03:15:17  INFO      Resolved  UNIONBANK        token=10753
[ST] UNIONBANK state load failed: 'ts' — starting fresh
2026-06-24 03:15:17  INFO      Resolved  UNIONBANK        token=10753
2026-06-24 03:15:17  DEBUG     Starting new HTTPS connection (1): piconnect.flattrade.in:443
2026-06-24 03:15:17  DEBUG     Starting new HTTPS connection (1): piconnect.flattrade.in:443
2026-06-24 03:15:17  DEBUG     https://piconnect.flattrade.in:443 "POST /PiConnectAPI/SearchScrip HTTP/1.1" 200 None
2026-06-24 03:15:17  DEBUG     https://piconnect.flattrade.in:443 "POST /PiConnectAPI/SearchScrip HTTP/1.1" 200 None
2026-06-24 03:15:17  INFO      Resolved  NMDC             token=15332
[ST] NMDC state load failed: 'ts' — starting fresh
2026-06-24 03:15:17  INFO      Resolved  NMDC             token=15332
2026-06-24 03:15:17  DEBUG     Starting new HTTPS connection (1): piconnect.flattrade.in:443
2026-06-24 03:15:17  DEBUG     Starting new HTTPS connection (1): piconnect.flattrade.in:443
2026-06-24 03:15:17  DEBUG     https://piconnect.flattrade.in:443 "POST /PiConnectAPI/SearchScrip HTTP/1.1" 200 None
2026-06-24 03:15:17  DEBUG     https://piconnect.flattrade.in:443 "POST /PiConnectAPI/SearchScrip HTTP/1.1" 200 None
2026-06-24 03:15:17  INFO      Resolved  NTPC             token=11630
[ST] NTPC state load failed: 'ts' — starting fresh
2026-06-24 03:15:17  INFO      Resolved  NTPC             token=11630
2026-06-24 03:15:17  DEBUG     Starting new HTTPS connection (1): piconnect.flattrade.in:443
2026-06-24 03:15:17  DEBUG     Starting new HTTPS connection (1): piconnect.flattrade.in:443
2026-06-24 03:15:17  DEBUG     https://piconnect.flattrade.in:443 "POST /PiConnectAPI/SearchScrip HTTP/1.1" 200 None
2026-06-24 03:15:17  DEBUG     https://piconnect.flattrade.in:443 "POST /PiConnectAPI/SearchScrip HTTP/1.1" 200 None
2026-06-24 03:15:17  INFO      Resolved  ADANIPORTS       token=15083
[ST] ADANIPORTS state load failed: 'ts' — starting fresh
2026-06-24 03:15:17  INFO      Resolved  ADANIPORTS       token=15083
2026-06-24 03:15:17  INFO      18 stocks | Rs10000/stock | EOD 15:00 IST
2026-06-24 03:15:17  INFO      18 stocks | Rs10000/stock | EOD 15:00 IST
2026-06-24 03:15:17  INFO      ============================================================
2026-06-24 03:15:17  INFO      ============================================================
2026-06-24 03:15:18  INFO      Websocket connected
2026-06-24 03:15:18  INFO      Websocket connected
2026-06-24 03:15:18  INFO      WS CONNECTED  subscribed=18 instruments
2026-06-24 03:15:18  INFO      WS CONNECTED  subscribed=18 instruments
2026-06-24 03:15:18  INFO      Ticks -> data/2026-06-24/ticks.jsonl
2026-06-24 03:15:18  INFO      Ticks -> data/2026-06-24/ticks.jsonl
2026-06-24 03:16:18  DEBUG     Sending ping
2026-06-24 03:16:18  DEBUG     Sending ping
2026-06-24 03:16:18  DEBUG     Failed to send ping: socket is already closed.
2026-06-24 03:16:18  DEBUG     Failed to send ping: socket is already closed.
2026-06-24 03:16:18  ERROR     WS ERROR  Connection to remote host was lost.
2026-06-24 03:16:18  ERROR     WS ERROR  Connection to remote host was lost.
2026-06-24 03:16:18  ERROR     Connection to remote host was lost. - goodbye
2026-06-24 03:16:18  ERROR     Connection to remote host was lost. - goodbye
2026-06-24 03:16:18  WARNING   WS DISCONNECTED  code=None  reason=None  trades=0  pnl=Rs+0.00
2026-06-24 03:16:18  WARNING   WS DISCONNECTED  code=None  reason=None  trades=0  pnl=Rs+0.00
[Wed Jun 24 03:16:18 UTC 2026] Runner exited, restarting in 10s...
[Wed Jun 24 03:16:28 UTC 2026] Starting runner...
2026-06-24 03:16:28  INFO      ============================================================
2026-06-24 03:16:28  INFO      ============================================================
2026-06-24 03:16:28  INFO      STARTUP  date=2026-06-24  pid=75477
2026-06-24 03:16:28  INFO      STARTUP  date=2026-06-24  pid=75477
2026-06-24 03:16:28  INFO      Strategy: Supertrend atr=14 mult=1.5 | 15-min | paper mode
2026-06-24 03:16:28  INFO      Strategy: Supertrend atr=14 mult=1.5 | 15-min | paper mode
2026-06-24 03:16:28  INFO      Resolving NSE tokens...
2026-06-24 03:16:28  INFO      Resolving NSE tokens...
2026-06-24 03:16:28  DEBUG     Starting new HTTPS connection (1): piconnect.flattrade.in:443
2026-06-24 03:16:28  DEBUG     Starting new HTTPS connection (1): piconnect.flattrade.in:443
2026-06-24 03:16:28  DEBUG     https://piconnect.flattrade.in:443 "POST /PiConnectAPI/SearchScrip HTTP/1.1" 200 None
2026-06-24 03:16:28  DEBUG     https://piconnect.flattrade.in:443 "POST /PiConnectAPI/SearchScrip HTTP/1.1" 200 None
2026-06-24 03:16:28  INFO      Resolved  IDEA             token=14366
[ST] IDEA loaded state — atr=0.0699 trend=-1 candles=19
2026-06-24 03:16:28  INFO      Resolved  IDEA             token=14366
2026-06-24 03:16:28  DEBUG     Starting new HTTPS connection (1): piconnect.flattrade.in:443
2026-06-24 03:16:28  DEBUG     Starting new HTTPS connection (1): piconnect.flattrade.in:443
2026-06-24 03:16:29  DEBUG     https://piconnect.flattrade.in:443 "POST /PiConnectAPI/SearchScrip HTTP/1.1" 200 None
2026-06-24 03:16:29  DEBUG     https://piconnect.flattrade.in:443 "POST /PiConnectAPI/SearchScrip HTTP/1.1" 200 None
2026-06-24 03:16:29  INFO      Resolved  SUZLON           token=12018
[ST] SUZLON loaded state — atr=0.2493 trend=1 candles=19
2026-06-24 03:16:29  INFO      Resolved  SUZLON           token=12018
2026-06-24 03:16:29  DEBUG     Starting new HTTPS connection (1): piconnect.flattrade.in:443
2026-06-24 03:16:29  DEBUG     Starting new HTTPS connection (1): piconnect.flattrade.in:443
2026-06-24 03:16:29  DEBUG     https://piconnect.flattrade.in:443 "POST /PiConnectAPI/SearchScrip HTTP/1.1" 200 None
2026-06-24 03:16:29  DEBUG     https://piconnect.flattrade.in:443 "POST /PiConnectAPI/SearchScrip HTTP/1.1" 200 None
2026-06-24 03:16:29  INFO      Resolved  YESBANK          token=11915
[ST] YESBANK loaded state — atr=0.0923 trend=-1 candles=19
2026-06-24 03:16:29  INFO      Resolved  YESBANK          token=11915
2026-06-24 03:16:29  DEBUG     Starting new HTTPS connection (1): piconnect.flattrade.in:443
2026-06-24 03:16:29  DEBUG     Starting new HTTPS connection (1): piconnect.flattrade.in:443
2026-06-24 03:16:29  DEBUG     https://piconnect.flattrade.in:443 "POST /PiConnectAPI/SearchScrip HTTP/1.1" 200 None
2026-06-24 03:16:29  DEBUG     https://piconnect.flattrade.in:443 "POST /PiConnectAPI/SearchScrip HTTP/1.1" 200 None
2026-06-24 03:16:29  INFO      Resolved  NHPC             token=17400
[ST] NHPC loaded state — atr=0.2218 trend=-1 candles=19
2026-06-24 03:16:29  INFO      Resolved  NHPC             token=17400
2026-06-24 03:16:29  DEBUG     Starting new HTTPS connection (1): piconnect.flattrade.in:443
2026-06-24 03:16:29  DEBUG     Starting new HTTPS connection (1): piconnect.flattrade.in:443
2026-06-24 03:16:29  DEBUG     https://piconnect.flattrade.in:443 "POST /PiConnectAPI/SearchScrip HTTP/1.1" 200 None
2026-06-24 03:16:29  DEBUG     https://piconnect.flattrade.in:443 "POST /PiConnectAPI/SearchScrip HTTP/1.1" 200 None
2026-06-24 03:16:29  INFO      Resolved  SAIL             token=2963
[ST] SAIL loaded state — atr=0.9879 trend=1 candles=19
2026-06-24 03:16:29  INFO      Resolved  SAIL             token=2963
2026-06-24 03:16:29  DEBUG     Starting new HTTPS connection (1): piconnect.flattrade.in:443
2026-06-24 03:16:29  DEBUG     Starting new HTTPS connection (1): piconnect.flattrade.in:443
2026-06-24 03:16:29  DEBUG     https://piconnect.flattrade.in:443 "POST /PiConnectAPI/SearchScrip HTTP/1.1" 200 None
2026-06-24 03:16:29  DEBUG     https://piconnect.flattrade.in:443 "POST /PiConnectAPI/SearchScrip HTTP/1.1" 200 None
2026-06-24 03:16:29  INFO      Resolved  PNB              token=10666
[ST] PNB loaded state — atr=0.3394 trend=1 candles=19
2026-06-24 03:16:29  INFO      Resolved  PNB              token=10666
2026-06-24 03:16:29  DEBUG     Starting new HTTPS connection (1): piconnect.flattrade.in:443
2026-06-24 03:16:29  DEBUG     Starting new HTTPS connection (1): piconnect.flattrade.in:443
2026-06-24 03:16:30  DEBUG     https://piconnect.flattrade.in:443 "POST /PiConnectAPI/SearchScrip HTTP/1.1" 200 None
2026-06-24 03:16:30  DEBUG     https://piconnect.flattrade.in:443 "POST /PiConnectAPI/SearchScrip HTTP/1.1" 200 None
2026-06-24 03:16:30  INFO      Resolved  RPOWER           token=15259
[ST] RPOWER loaded state — atr=0.1093 trend=-1 candles=19
2026-06-24 03:16:30  INFO      Resolved  RPOWER           token=15259
2026-06-24 03:16:30  DEBUG     Starting new HTTPS connection (1): piconnect.flattrade.in:443
2026-06-24 03:16:30  DEBUG     Starting new HTTPS connection (1): piconnect.flattrade.in:443
2026-06-24 03:16:30  DEBUG     https://piconnect.flattrade.in:443 "POST /PiConnectAPI/SearchScrip HTTP/1.1" 200 None
2026-06-24 03:16:30  DEBUG     https://piconnect.flattrade.in:443 "POST /PiConnectAPI/SearchScrip HTTP/1.1" 200 None
2026-06-24 03:16:30  INFO      Resolved  TATASTEEL        token=3499
[ST] TATASTEEL loaded state — atr=0.7436 trend=-1 candles=19
2026-06-24 03:16:30  INFO      Resolved  TATASTEEL        token=3499
2026-06-24 03:16:30  DEBUG     Starting new HTTPS connection (1): piconnect.flattrade.in:443
2026-06-24 03:16:30  DEBUG     Starting new HTTPS connection (1): piconnect.flattrade.in:443
2026-06-24 03:16:30  DEBUG     https://piconnect.flattrade.in:443 "POST /PiConnectAPI/SearchScrip HTTP/1.1" 200 None
2026-06-24 03:16:30  DEBUG     https://piconnect.flattrade.in:443 "POST /PiConnectAPI/SearchScrip HTTP/1.1" 200 None
2026-06-24 03:16:30  INFO      Resolved  IDFCFIRSTB       token=11184
[ST] IDFCFIRSTB loaded state — atr=0.4266 trend=-1 candles=19
2026-06-24 03:16:30  INFO      Resolved  IDFCFIRSTB       token=11184
2026-06-24 03:16:30  DEBUG     Starting new HTTPS connection (1): piconnect.flattrade.in:443
2026-06-24 03:16:30  DEBUG     Starting new HTTPS connection (1): piconnect.flattrade.in:443
2026-06-24 03:16:30  DEBUG     https://piconnect.flattrade.in:443 "POST /PiConnectAPI/SearchScrip HTTP/1.1" 200 None
2026-06-24 03:16:30  DEBUG     https://piconnect.flattrade.in:443 "POST /PiConnectAPI/SearchScrip HTTP/1.1" 200 None
2026-06-24 03:16:30  INFO      Resolved  HFCL             token=21951
[ST] HFCL state load failed: 'ts' — starting fresh
2026-06-24 03:16:30  INFO      Resolved  HFCL             token=21951
2026-06-24 03:16:30  DEBUG     Starting new HTTPS connection (1): piconnect.flattrade.in:443
2026-06-24 03:16:30  DEBUG     Starting new HTTPS connection (1): piconnect.flattrade.in:443
2026-06-24 03:16:30  DEBUG     https://piconnect.flattrade.in:443 "POST /PiConnectAPI/SearchScrip HTTP/1.1" 200 None
2026-06-24 03:16:30  DEBUG     https://piconnect.flattrade.in:443 "POST /PiConnectAPI/SearchScrip HTTP/1.1" 200 None
2026-06-24 03:16:30  INFO      Resolved  VEDL             token=3063
[ST] VEDL state load failed: 'ts' — starting fresh
2026-06-24 03:16:30  INFO      Resolved  VEDL             token=3063
2026-06-24 03:16:30  DEBUG     Starting new HTTPS connection (1): piconnect.flattrade.in:443
2026-06-24 03:16:30  DEBUG     Starting new HTTPS connection (1): piconnect.flattrade.in:443
2026-06-24 03:16:31  DEBUG     https://piconnect.flattrade.in:443 "POST /PiConnectAPI/SearchScrip HTTP/1.1" 200 None
2026-06-24 03:16:31  DEBUG     https://piconnect.flattrade.in:443 "POST /PiConnectAPI/SearchScrip HTTP/1.1" 200 None
2026-06-24 03:16:31  INFO      Resolved  COALINDIA        token=20374
[ST] COALINDIA state load failed: 'ts' — starting fresh
2026-06-24 03:16:31  INFO      Resolved  COALINDIA        token=20374
2026-06-24 03:16:31  DEBUG     Starting new HTTPS connection (1): piconnect.flattrade.in:443
2026-06-24 03:16:31  DEBUG     Starting new HTTPS connection (1): piconnect.flattrade.in:443
2026-06-24 03:16:31  DEBUG     https://piconnect.flattrade.in:443 "POST /PiConnectAPI/SearchScrip HTTP/1.1" 200 None
2026-06-24 03:16:31  DEBUG     https://piconnect.flattrade.in:443 "POST /PiConnectAPI/SearchScrip HTTP/1.1" 200 None
2026-06-24 03:16:31  INFO      Resolved  NATIONALUM       token=6364
[ST] NATIONALUM state load failed: 'ts' — starting fresh
2026-06-24 03:16:31  INFO      Resolved  NATIONALUM       token=6364
2026-06-24 03:16:31  DEBUG     Starting new HTTPS connection (1): piconnect.flattrade.in:443
2026-06-24 03:16:31  DEBUG     Starting new HTTPS connection (1): piconnect.flattrade.in:443
2026-06-24 03:16:31  DEBUG     https://piconnect.flattrade.in:443 "POST /PiConnectAPI/SearchScrip HTTP/1.1" 200 None
2026-06-24 03:16:31  DEBUG     https://piconnect.flattrade.in:443 "POST /PiConnectAPI/SearchScrip HTTP/1.1" 200 None
2026-06-24 03:16:31  INFO      Resolved  BANKBARODA       token=4668
[ST] BANKBARODA state load failed: 'ts' — starting fresh
2026-06-24 03:16:31  INFO      Resolved  BANKBARODA       token=4668
2026-06-24 03:16:31  DEBUG     Starting new HTTPS connection (1): piconnect.flattrade.in:443
2026-06-24 03:16:31  DEBUG     Starting new HTTPS connection (1): piconnect.flattrade.in:443
2026-06-24 03:16:31  DEBUG     https://piconnect.flattrade.in:443 "POST /PiConnectAPI/SearchScrip HTTP/1.1" 200 None
2026-06-24 03:16:31  DEBUG     https://piconnect.flattrade.in:443 "POST /PiConnectAPI/SearchScrip HTTP/1.1" 200 None
2026-06-24 03:16:31  INFO      Resolved  UNIONBANK        token=10753
[ST] UNIONBANK state load failed: 'ts' — starting fresh
2026-06-24 03:16:31  INFO      Resolved  UNIONBANK        token=10753
2026-06-24 03:16:31  DEBUG     Starting new HTTPS connection (1): piconnect.flattrade.in:443
2026-06-24 03:16:31  DEBUG     Starting new HTTPS connection (1): piconnect.flattrade.in:443
2026-06-24 03:16:31  DEBUG     https://piconnect.flattrade.in:443 "POST /PiConnectAPI/SearchScrip HTTP/1.1" 200 None
2026-06-24 03:16:31  DEBUG     https://piconnect.flattrade.in:443 "POST /PiConnectAPI/SearchScrip HTTP/1.1" 200 None
2026-06-24 03:16:31  INFO      Resolved  NMDC             token=15332
[ST] NMDC state load failed: 'ts' — starting fresh
2026-06-24 03:16:31  INFO      Resolved  NMDC             token=15332
2026-06-24 03:16:31  DEBUG     Starting new HTTPS connection (1): piconnect.flattrade.in:443
2026-06-24 03:16:31  DEBUG     Starting new HTTPS connection (1): piconnect.flattrade.in:443
2026-06-24 03:16:32  DEBUG     https://piconnect.flattrade.in:443 "POST /PiConnectAPI/SearchScrip HTTP/1.1" 200 None
2026-06-24 03:16:32  DEBUG     https://piconnect.flattrade.in:443 "POST /PiConnectAPI/SearchScrip HTTP/1.1" 200 None
2026-06-24 03:16:32  INFO      Resolved  NTPC             token=11630
[ST] NTPC state load failed: 'ts' — starting fresh
2026-06-24 03:16:32  INFO      Resolved  NTPC             token=11630
2026-06-24 03:16:32  DEBUG     Starting new HTTPS connection (1): piconnect.flattrade.in:443
2026-06-24 03:16:32  DEBUG     Starting new HTTPS connection (1): piconnect.flattrade.in:443
2026-06-24 03:16:32  DEBUG     https://piconnect.flattrade.in:443 "POST /PiConnectAPI/SearchScrip HTTP/1.1" 200 None
2026-06-24 03:16:32  DEBUG     https://piconnect.flattrade.in:443 "POST /PiConnectAPI/SearchScrip HTTP/1.1" 200 None
2026-06-24 03:16:32  INFO      Resolved  ADANIPORTS       token=15083
[ST] ADANIPORTS state load failed: 'ts' — starting fresh
2026-06-24 03:16:32  INFO      Resolved  ADANIPORTS       token=15083
2026-06-24 03:16:32  INFO      18 stocks | Rs10000/stock | EOD 15:00 IST
2026-06-24 03:16:32  INFO      18 stocks | Rs10000/stock | EOD 15:00 IST
2026-06-24 03:16:32  INFO      ============================================================
2026-06-24 03:16:32  INFO      ============================================================
2026-06-24 03:16:32  INFO      Websocket connected
2026-06-24 03:16:32  INFO      Websocket connected
2026-06-24 03:16:32  INFO      WS CONNECTED  subscribed=18 instruments
2026-06-24 03:16:32  INFO      WS CONNECTED  subscribed=18 instruments
2026-06-24 03:16:32  INFO      Ticks -> data/2026-06-24/ticks.jsonl
2026-06-24 03:16:32  INFO      Ticks -> data/2026-06-24/ticks.jsonl
2026-06-24 03:17:32  ERROR     WS ERROR  Connection to remote host was lost.
2026-06-24 03:17:32  ERROR     WS ERROR  Connection to remote host was lost.
2026-06-24 03:17:32  ERROR     Connection to remote host was lost. - goodbye
2026-06-24 03:17:32  ERROR     Connection to remote host was lost. - goodbye
2026-06-24 03:17:32  WARNING   WS DISCONNECTED  code=None  reason=None  trades=0  pnl=Rs+0.00
2026-06-24 03:17:32  WARNING   WS DISCONNECTED  code=None  reason=None  trades=0  pnl=Rs+0.00
[Wed Jun 24 03:17:32 UTC 2026] Runner exited, restarting in 10s...
[Wed Jun 24 03:17:42 UTC 2026] Starting runner...
2026-06-24 03:17:42  INFO      ============================================================
2026-06-24 03:17:42  INFO      ============================================================
2026-06-24 03:17:42  INFO      STARTUP  date=2026-06-24  pid=75536
2026-06-24 03:17:42  INFO      STARTUP  date=2026-06-24  pid=75536
2026-06-24 03:17:42  INFO      Strategy: Supertrend atr=14 mult=1.5 | 15-min | paper mode
2026-06-24 03:17:42  INFO      Strategy: Supertrend atr=14 mult=1.5 | 15-min | paper mode
2026-06-24 03:17:42  INFO      Resolving NSE tokens...
2026-06-24 03:17:42  INFO      Resolving NSE tokens...
2026-06-24 03:17:42  DEBUG     Starting new HTTPS connection (1): piconnect.flattrade.in:443
2026-06-24 03:17:42  DEBUG     Starting new HTTPS connection (1): piconnect.flattrade.in:443
2026-06-24 03:17:43  DEBUG     https://piconnect.flattrade.in:443 "POST /PiConnectAPI/SearchScrip HTTP/1.1" 200 None
2026-06-24 03:17:43  DEBUG     https://piconnect.flattrade.in:443 "POST /PiConnectAPI/SearchScrip HTTP/1.1" 200 None
2026-06-24 03:17:43  INFO      Resolved  IDEA             token=14366
[ST] IDEA loaded state — atr=0.0699 trend=-1 candles=19
2026-06-24 03:17:43  INFO      Resolved  IDEA             token=14366
2026-06-24 03:17:43  DEBUG     Starting new HTTPS connection (1): piconnect.flattrade.in:443
2026-06-24 03:17:43  DEBUG     Starting new HTTPS connection (1): piconnect.flattrade.in:443
2026-06-24 03:17:43  DEBUG     https://piconnect.flattrade.in:443 "POST /PiConnectAPI/SearchScrip HTTP/1.1" 200 None
2026-06-24 03:17:43  DEBUG     https://piconnect.flattrade.in:443 "POST /PiConnectAPI/SearchScrip HTTP/1.1" 200 None
2026-06-24 03:17:43  INFO      Resolved  SUZLON           token=12018
[ST] SUZLON loaded state — atr=0.2493 trend=1 candles=19
2026-06-24 03:17:43  INFO      Resolved  SUZLON           token=12018
2026-06-24 03:17:43  DEBUG     Starting new HTTPS connection (1): piconnect.flattrade.in:443
2026-06-24 03:17:43  DEBUG     Starting new HTTPS connection (1): piconnect.flattrade.in:443
2026-06-24 03:17:43  DEBUG     https://piconnect.flattrade.in:443 "POST /PiConnectAPI/SearchScrip HTTP/1.1" 200 None
2026-06-24 03:17:43  DEBUG     https://piconnect.flattrade.in:443 "POST /PiConnectAPI/SearchScrip HTTP/1.1" 200 None
2026-06-24 03:17:43  INFO      Resolved  YESBANK          token=11915
[ST] YESBANK loaded state — atr=0.0923 trend=-1 candles=19
2026-06-24 03:17:43  INFO      Resolved  YESBANK          token=11915
2026-06-24 03:17:43  DEBUG     Starting new HTTPS connection (1): piconnect.flattrade.in:443
2026-06-24 03:17:43  DEBUG     Starting new HTTPS connection (1): piconnect.flattrade.in:443
2026-06-24 03:17:43  DEBUG     https://piconnect.flattrade.in:443 "POST /PiConnectAPI/SearchScrip HTTP/1.1" 200 None
2026-06-24 03:17:43  DEBUG     https://piconnect.flattrade.in:443 "POST /PiConnectAPI/SearchScrip HTTP/1.1" 200 None
2026-06-24 03:17:43  INFO      Resolved  NHPC             token=17400
[ST] NHPC loaded state — atr=0.2218 trend=-1 candles=19
2026-06-24 03:17:43  INFO      Resolved  NHPC             token=17400
2026-06-24 03:17:43  DEBUG     Starting new HTTPS connection (1): piconnect.flattrade.in:443
2026-06-24 03:17:43  DEBUG     Starting new HTTPS connection (1): piconnect.flattrade.in:443
2026-06-24 03:17:43  DEBUG     https://piconnect.flattrade.in:443 "POST /PiConnectAPI/SearchScrip HTTP/1.1" 200 None
2026-06-24 03:17:43  DEBUG     https://piconnect.flattrade.in:443 "POST /PiConnectAPI/SearchScrip HTTP/1.1" 200 None
2026-06-24 03:17:43  INFO      Resolved  SAIL             token=2963
[ST] SAIL loaded state — atr=0.9879 trend=1 candles=19
2026-06-24 03:17:43  INFO      Resolved  SAIL             token=2963
2026-06-24 03:17:43  DEBUG     Starting new HTTPS connection (1): piconnect.flattrade.in:443
2026-06-24 03:17:43  DEBUG     Starting new HTTPS connection (1): piconnect.flattrade.in:443
2026-06-24 03:17:44  DEBUG     https://piconnect.flattrade.in:443 "POST /PiConnectAPI/SearchScrip HTTP/1.1" 200 None
2026-06-24 03:17:44  DEBUG     https://piconnect.flattrade.in:443 "POST /PiConnectAPI/SearchScrip HTTP/1.1" 200 None
2026-06-24 03:17:44  INFO      Resolved  PNB              token=10666
[ST] PNB loaded state — atr=0.3394 trend=1 candles=19
2026-06-24 03:17:44  INFO      Resolved  PNB              token=10666
2026-06-24 03:17:44  DEBUG     Starting new HTTPS connection (1): piconnect.flattrade.in:443
2026-06-24 03:17:44  DEBUG     Starting new HTTPS connection (1): piconnect.flattrade.in:443
2026-06-24 03:17:44  DEBUG     https://piconnect.flattrade.in:443 "POST /PiConnectAPI/SearchScrip HTTP/1.1" 200 None
2026-06-24 03:17:44  DEBUG     https://piconnect.flattrade.in:443 "POST /PiConnectAPI/SearchScrip HTTP/1.1" 200 None
2026-06-24 03:17:44  INFO      Resolved  RPOWER           token=15259
[ST] RPOWER loaded state — atr=0.1093 trend=-1 candles=19
2026-06-24 03:17:44  INFO      Resolved  RPOWER           token=15259
2026-06-24 03:17:44  DEBUG     Starting new HTTPS connection (1): piconnect.flattrade.in:443
2026-06-24 03:17:44  DEBUG     Starting new HTTPS connection (1): piconnect.flattrade.in:443
2026-06-24 03:17:44  DEBUG     https://piconnect.flattrade.in:443 "POST /PiConnectAPI/SearchScrip HTTP/1.1" 200 None
2026-06-24 03:17:44  DEBUG     https://piconnect.flattrade.in:443 "POST /PiConnectAPI/SearchScrip HTTP/1.1" 200 None
2026-06-24 03:17:44  INFO      Resolved  TATASTEEL        token=3499
[ST] TATASTEEL loaded state — atr=0.7436 trend=-1 candles=19
2026-06-24 03:17:44  INFO      Resolved  TATASTEEL        token=3499
2026-06-24 03:17:44  DEBUG     Starting new HTTPS connection (1): piconnect.flattrade.in:443
2026-06-24 03:17:44  DEBUG     Starting new HTTPS connection (1): piconnect.flattrade.in:443
2026-06-24 03:17:44  DEBUG     https://piconnect.flattrade.in:443 "POST /PiConnectAPI/SearchScrip HTTP/1.1" 200 None
2026-06-24 03:17:44  DEBUG     https://piconnect.flattrade.in:443 "POST /PiConnectAPI/SearchScrip HTTP/1.1" 200 None
2026-06-24 03:17:44  INFO      Resolved  IDFCFIRSTB       token=11184
[ST] IDFCFIRSTB loaded state — atr=0.4266 trend=-1 candles=19
2026-06-24 03:17:44  INFO      Resolved  IDFCFIRSTB       token=11184
2026-06-24 03:17:44  DEBUG     Starting new HTTPS connection (1): piconnect.flattrade.in:443
2026-06-24 03:17:44  DEBUG     Starting new HTTPS connection (1): piconnect.flattrade.in:443
2026-06-24 03:17:45  DEBUG     https://piconnect.flattrade.in:443 "POST /PiConnectAPI/SearchScrip HTTP/1.1" 200 None
2026-06-24 03:17:45  DEBUG     https://piconnect.flattrade.in:443 "POST /PiConnectAPI/SearchScrip HTTP/1.1" 200 None
2026-06-24 03:17:45  INFO      Resolved  HFCL             token=21951
[ST] HFCL state load failed: 'ts' — starting fresh
2026-06-24 03:17:45  INFO      Resolved  HFCL             token=21951
2026-06-24 03:17:45  DEBUG     Starting new HTTPS connection (1): piconnect.flattrade.in:443
2026-06-24 03:17:45  DEBUG     Starting new HTTPS connection (1): piconnect.flattrade.in:443
2026-06-24 03:17:45  DEBUG     https://piconnect.flattrade.in:443 "POST /PiConnectAPI/SearchScrip HTTP/1.1" 200 None
2026-06-24 03:17:45  DEBUG     https://piconnect.flattrade.in:443 "POST /PiConnectAPI/SearchScrip HTTP/1.1" 200 None
2026-06-24 03:17:45  INFO      Resolved  VEDL             token=3063
[ST] VEDL state load failed: 'ts' — starting fresh
2026-06-24 03:17:45  INFO      Resolved  VEDL             token=3063
2026-06-24 03:17:45  DEBUG     Starting new HTTPS connection (1): piconnect.flattrade.in:443
2026-06-24 03:17:45  DEBUG     Starting new HTTPS connection (1): piconnect.flattrade.in:443
2026-06-24 03:17:45  DEBUG     https://piconnect.flattrade.in:443 "POST /PiConnectAPI/SearchScrip HTTP/1.1" 200 None
2026-06-24 03:17:45  DEBUG     https://piconnect.flattrade.in:443 "POST /PiConnectAPI/SearchScrip HTTP/1.1" 200 None
2026-06-24 03:17:45  INFO      Resolved  COALINDIA        token=20374
[ST] COALINDIA state load failed: 'ts' — starting fresh
2026-06-24 03:17:45  INFO      Resolved  COALINDIA        token=20374
2026-06-24 03:17:45  DEBUG     Starting new HTTPS connection (1): piconnect.flattrade.in:443
2026-06-24 03:17:45  DEBUG     Starting new HTTPS connection (1): piconnect.flattrade.in:443
2026-06-24 03:17:45  DEBUG     https://piconnect.flattrade.in:443 "POST /PiConnectAPI/SearchScrip HTTP/1.1" 200 None
2026-06-24 03:17:45  DEBUG     https://piconnect.flattrade.in:443 "POST /PiConnectAPI/SearchScrip HTTP/1.1" 200 None
2026-06-24 03:17:45  INFO      Resolved  NATIONALUM       token=6364
[ST] NATIONALUM state load failed: 'ts' — starting fresh
2026-06-24 03:17:45  INFO      Resolved  NATIONALUM       token=6364
2026-06-24 03:17:45  DEBUG     Starting new HTTPS connection (1): piconnect.flattrade.in:443
2026-06-24 03:17:45  DEBUG     Starting new HTTPS connection (1): piconnect.flattrade.in:443
2026-06-24 03:17:45  DEBUG     https://piconnect.flattrade.in:443 "POST /PiConnectAPI/SearchScrip HTTP/1.1" 200 None
2026-06-24 03:17:45  DEBUG     https://piconnect.flattrade.in:443 "POST /PiConnectAPI/SearchScrip HTTP/1.1" 200 None
2026-06-24 03:17:45  INFO      Resolved  BANKBARODA       token=4668
[ST] BANKBARODA state load failed: 'ts' — starting fresh
2026-06-24 03:17:45  INFO      Resolved  BANKBARODA       token=4668
2026-06-24 03:17:45  DEBUG     Starting new HTTPS connection (1): piconnect.flattrade.in:443
2026-06-24 03:17:45  DEBUG     Starting new HTTPS connection (1): piconnect.flattrade.in:443
2026-06-24 03:17:46  DEBUG     https://piconnect.flattrade.in:443 "POST /PiConnectAPI/SearchScrip HTTP/1.1" 200 None
2026-06-24 03:17:46  DEBUG     https://piconnect.flattrade.in:443 "POST /PiConnectAPI/SearchScrip HTTP/1.1" 200 None
2026-06-24 03:17:46  INFO      Resolved  UNIONBANK        token=10753
[ST] UNIONBANK state load failed: 'ts' — starting fresh
2026-06-24 03:17:46  INFO      Resolved  UNIONBANK        token=10753
2026-06-24 03:17:46  DEBUG     Starting new HTTPS connection (1): piconnect.flattrade.in:443
2026-06-24 03:17:46  DEBUG     Starting new HTTPS connection (1): piconnect.flattrade.in:443
2026-06-24 03:17:46  DEBUG     https://piconnect.flattrade.in:443 "POST /PiConnectAPI/SearchScrip HTTP/1.1" 200 None
2026-06-24 03:17:46  DEBUG     https://piconnect.flattrade.in:443 "POST /PiConnectAPI/SearchScrip HTTP/1.1" 200 None
2026-06-24 03:17:46  INFO      Resolved  NMDC             token=15332
[ST] NMDC state load failed: 'ts' — starting fresh
2026-06-24 03:17:46  INFO      Resolved  NMDC             token=15332
2026-06-24 03:17:46  DEBUG     Starting new HTTPS connection (1): piconnect.flattrade.in:443
2026-06-24 03:17:46  DEBUG     Starting new HTTPS connection (1): piconnect.flattrade.in:443
2026-06-24 03:17:46  DEBUG     https://piconnect.flattrade.in:443 "POST /PiConnectAPI/SearchScrip HTTP/1.1" 200 None
2026-06-24 03:17:46  DEBUG     https://piconnect.flattrade.in:443 "POST /PiConnectAPI/SearchScrip HTTP/1.1" 200 None
2026-06-24 03:17:46  INFO      Resolved  NTPC             token=11630
[ST] NTPC state load failed: 'ts' — starting fresh
2026-06-24 03:17:46  INFO      Resolved  NTPC             token=11630
2026-06-24 03:17:46  DEBUG     Starting new HTTPS connection (1): piconnect.flattrade.in:443
2026-06-24 03:17:46  DEBUG     Starting new HTTPS connection (1): piconnect.flattrade.in:443
2026-06-24 03:17:46  DEBUG     https://piconnect.flattrade.in:443 "POST /PiConnectAPI/SearchScrip HTTP/1.1" 200 None
2026-06-24 03:17:46  DEBUG     https://piconnect.flattrade.in:443 "POST /PiConnectAPI/SearchScrip HTTP/1.1" 200 None
2026-06-24 03:17:46  INFO      Resolved  ADANIPORTS       token=15083
[ST] ADANIPORTS state load failed: 'ts' — starting fresh
2026-06-24 03:17:46  INFO      Resolved  ADANIPORTS       token=15083
2026-06-24 03:17:46  INFO      18 stocks | Rs10000/stock | EOD 15:00 IST
2026-06-24 03:17:46  INFO      18 stocks | Rs10000/stock | EOD 15:00 IST
2026-06-24 03:17:46  INFO      ============================================================
2026-06-24 03:17:46  INFO      ============================================================
2026-06-24 03:17:46  INFO      Websocket connected
2026-06-24 03:17:46  INFO      Websocket connected
2026-06-24 03:17:46  INFO      WS CONNECTED  subscribed=18 instruments
2026-06-24 03:17:46  INFO      WS CONNECTED  subscribed=18 instruments
2026-06-24 03:17:46  INFO      Ticks -> data/2026-06-24/ticks.jsonl
2026-06-24 03:17:46  INFO      Ticks -> data/2026-06-24/ticks.jsonl
2026-06-24 03:18:46  ERROR     WS ERROR  Connection to remote host was lost.
2026-06-24 03:18:46  ERROR     WS ERROR  Connection to remote host was lost.
2026-06-24 03:18:46  ERROR     Connection to remote host was lost. - goodbye
2026-06-24 03:18:46  ERROR     Connection to remote host was lost. - goodbye
2026-06-24 03:18:46  WARNING   WS DISCONNECTED  code=None  reason=None  trades=0  pnl=Rs+0.00
2026-06-24 03:18:46  WARNING   WS DISCONNECTED  code=None  reason=None  trades=0  pnl=Rs+0.00
[Wed Jun 24 03:18:46 UTC 2026] Runner exited, restarting in 10s...
[Wed Jun 24 03:18:56 UTC 2026] Starting runner...
2026-06-24 03:18:57  INFO      ============================================================
2026-06-24 03:18:57  INFO      ============================================================
2026-06-24 03:18:57  INFO      STARTUP  date=2026-06-24  pid=75596
2026-06-24 03:18:57  INFO      STARTUP  date=2026-06-24  pid=75596
2026-06-24 03:18:57  INFO      Strategy: Supertrend atr=14 mult=1.5 | 15-min | paper mode
2026-06-24 03:18:57  INFO      Strategy: Supertrend atr=14 mult=1.5 | 15-min | paper mode
2026-06-24 03:18:57  INFO      Resolving NSE tokens...
2026-06-24 03:18:57  INFO      Resolving NSE tokens...
2026-06-24 03:18:57  DEBUG     Starting new HTTPS connection (1): piconnect.flattrade.in:443
2026-06-24 03:18:57  DEBUG     Starting new HTTPS connection (1): piconnect.flattrade.in:443
2026-06-24 03:18:57  DEBUG     https://piconnect.flattrade.in:443 "POST /PiConnectAPI/SearchScrip HTTP/1.1" 200 None
2026-06-24 03:18:57  DEBUG     https://piconnect.flattrade.in:443 "POST /PiConnectAPI/SearchScrip HTTP/1.1" 200 None
2026-06-24 03:18:57  INFO      Resolved  IDEA             token=14366
[ST] IDEA loaded state — atr=0.0699 trend=-1 candles=19
2026-06-24 03:18:57  INFO      Resolved  IDEA             token=14366
2026-06-24 03:18:57  DEBUG     Starting new HTTPS connection (1): piconnect.flattrade.in:443
2026-06-24 03:18:57  DEBUG     Starting new HTTPS connection (1): piconnect.flattrade.in:443
2026-06-24 03:18:57  DEBUG     https://piconnect.flattrade.in:443 "POST /PiConnectAPI/SearchScrip HTTP/1.1" 200 None
2026-06-24 03:18:57  DEBUG     https://piconnect.flattrade.in:443 "POST /PiConnectAPI/SearchScrip HTTP/1.1" 200 None
2026-06-24 03:18:57  INFO      Resolved  SUZLON           token=12018
[ST] SUZLON loaded state — atr=0.2493 trend=1 candles=19
2026-06-24 03:18:57  INFO      Resolved  SUZLON           token=12018
2026-06-24 03:18:57  DEBUG     Starting new HTTPS connection (1): piconnect.flattrade.in:443
2026-06-24 03:18:57  DEBUG     Starting new HTTPS connection (1): piconnect.flattrade.in:443
2026-06-24 03:18:57  DEBUG     https://piconnect.flattrade.in:443 "POST /PiConnectAPI/SearchScrip HTTP/1.1" 200 None
2026-06-24 03:18:57  DEBUG     https://piconnect.flattrade.in:443 "POST /PiConnectAPI/SearchScrip HTTP/1.1" 200 None
2026-06-24 03:18:57  INFO      Resolved  YESBANK          token=11915
[ST] YESBANK loaded state — atr=0.0923 trend=-1 candles=19
2026-06-24 03:18:57  INFO      Resolved  YESBANK          token=11915
2026-06-24 03:18:57  DEBUG     Starting new HTTPS connection (1): piconnect.flattrade.in:443
2026-06-24 03:18:57  DEBUG     Starting new HTTPS connection (1): piconnect.flattrade.in:443
2026-06-24 03:18:57  DEBUG     https://piconnect.flattrade.in:443 "POST /PiConnectAPI/SearchScrip HTTP/1.1" 200 None
2026-06-24 03:18:57  DEBUG     https://piconnect.flattrade.in:443 "POST /PiConnectAPI/SearchScrip HTTP/1.1" 200 None
2026-06-24 03:18:57  INFO      Resolved  NHPC             token=17400
[ST] NHPC loaded state — atr=0.2218 trend=-1 candles=19
2026-06-24 03:18:57  INFO      Resolved  NHPC             token=17400
2026-06-24 03:18:57  DEBUG     Starting new HTTPS connection (1): piconnect.flattrade.in:443
2026-06-24 03:18:57  DEBUG     Starting new HTTPS connection (1): piconnect.flattrade.in:443
2026-06-24 03:18:58  DEBUG     https://piconnect.flattrade.in:443 "POST /PiConnectAPI/SearchScrip HTTP/1.1" 200 None
2026-06-24 03:18:58  DEBUG     https://piconnect.flattrade.in:443 "POST /PiConnectAPI/SearchScrip HTTP/1.1" 200 None
2026-06-24 03:18:58  INFO      Resolved  SAIL             token=2963
[ST] SAIL loaded state — atr=0.9879 trend=1 candles=19
2026-06-24 03:18:58  INFO      Resolved  SAIL             token=2963
2026-06-24 03:18:58  DEBUG     Starting new HTTPS connection (1): piconnect.flattrade.in:443
2026-06-24 03:18:58  DEBUG     Starting new HTTPS connection (1): piconnect.flattrade.in:443
2026-06-24 03:18:58  DEBUG     https://piconnect.flattrade.in:443 "POST /PiConnectAPI/SearchScrip HTTP/1.1" 200 None
2026-06-24 03:18:58  DEBUG     https://piconnect.flattrade.in:443 "POST /PiConnectAPI/SearchScrip HTTP/1.1" 200 None
2026-06-24 03:18:58  INFO      Resolved  PNB              token=10666
[ST] PNB loaded state — atr=0.3394 trend=1 candles=19
2026-06-24 03:18:58  INFO      Resolved  PNB              token=10666
2026-06-24 03:18:58  DEBUG     Starting new HTTPS connection (1): piconnect.flattrade.in:443
2026-06-24 03:18:58  DEBUG     Starting new HTTPS connection (1): piconnect.flattrade.in:443
2026-06-24 03:18:58  DEBUG     https://piconnect.flattrade.in:443 "POST /PiConnectAPI/SearchScrip HTTP/1.1" 200 None
2026-06-24 03:18:58  DEBUG     https://piconnect.flattrade.in:443 "POST /PiConnectAPI/SearchScrip HTTP/1.1" 200 None
2026-06-24 03:18:58  INFO      Resolved  RPOWER           token=15259
[ST] RPOWER loaded state — atr=0.1093 trend=-1 candles=19
2026-06-24 03:18:58  INFO      Resolved  RPOWER           token=15259
2026-06-24 03:18:58  DEBUG     Starting new HTTPS connection (1): piconnect.flattrade.in:443
2026-06-24 03:18:58  DEBUG     Starting new HTTPS connection (1): piconnect.flattrade.in:443
2026-06-24 03:18:58  DEBUG     https://piconnect.flattrade.in:443 "POST /PiConnectAPI/SearchScrip HTTP/1.1" 200 None
2026-06-24 03:18:58  DEBUG     https://piconnect.flattrade.in:443 "POST /PiConnectAPI/SearchScrip HTTP/1.1" 200 None
2026-06-24 03:18:58  INFO      Resolved  TATASTEEL        token=3499
[ST] TATASTEEL loaded state — atr=0.7436 trend=-1 candles=19
2026-06-24 03:18:58  INFO      Resolved  TATASTEEL        token=3499
2026-06-24 03:18:58  DEBUG     Starting new HTTPS connection (1): piconnect.flattrade.in:443
2026-06-24 03:18:58  DEBUG     Starting new HTTPS connection (1): piconnect.flattrade.in:443
2026-06-24 03:18:58  DEBUG     https://piconnect.flattrade.in:443 "POST /PiConnectAPI/SearchScrip HTTP/1.1" 200 None
2026-06-24 03:18:58  DEBUG     https://piconnect.flattrade.in:443 "POST /PiConnectAPI/SearchScrip HTTP/1.1" 200 None
2026-06-24 03:18:58  INFO      Resolved  IDFCFIRSTB       token=11184
[ST] IDFCFIRSTB loaded state — atr=0.4266 trend=-1 candles=19
2026-06-24 03:18:58  INFO      Resolved  IDFCFIRSTB       token=11184
2026-06-24 03:18:58  DEBUG     Starting new HTTPS connection (1): piconnect.flattrade.in:443
2026-06-24 03:18:58  DEBUG     Starting new HTTPS connection (1): piconnect.flattrade.in:443
2026-06-24 03:18:59  DEBUG     https://piconnect.flattrade.in:443 "POST /PiConnectAPI/SearchScrip HTTP/1.1" 200 None
2026-06-24 03:18:59  DEBUG     https://piconnect.flattrade.in:443 "POST /PiConnectAPI/SearchScrip HTTP/1.1" 200 None
2026-06-24 03:18:59  INFO      Resolved  HFCL             token=21951
[ST] HFCL state load failed: 'ts' — starting fresh
2026-06-24 03:18:59  INFO      Resolved  HFCL             token=21951
2026-06-24 03:18:59  DEBUG     Starting new HTTPS connection (1): piconnect.flattrade.in:443
2026-06-24 03:18:59  DEBUG     Starting new HTTPS connection (1): piconnect.flattrade.in:443
2026-06-24 03:18:59  DEBUG     https://piconnect.flattrade.in:443 "POST /PiConnectAPI/SearchScrip HTTP/1.1" 200 None
2026-06-24 03:18:59  DEBUG     https://piconnect.flattrade.in:443 "POST /PiConnectAPI/SearchScrip HTTP/1.1" 200 None
2026-06-24 03:18:59  INFO      Resolved  VEDL             token=3063
[ST] VEDL state load failed: 'ts' — starting fresh
2026-06-24 03:18:59  INFO      Resolved  VEDL             token=3063
2026-06-24 03:18:59  DEBUG     Starting new HTTPS connection (1): piconnect.flattrade.in:443
2026-06-24 03:18:59  DEBUG     Starting new HTTPS connection (1): piconnect.flattrade.in:443
2026-06-24 03:18:59  DEBUG     https://piconnect.flattrade.in:443 "POST /PiConnectAPI/SearchScrip HTTP/1.1" 200 None
2026-06-24 03:18:59  DEBUG     https://piconnect.flattrade.in:443 "POST /PiConnectAPI/SearchScrip HTTP/1.1" 200 None
2026-06-24 03:18:59  INFO      Resolved  COALINDIA        token=20374
[ST] COALINDIA state load failed: 'ts' — starting fresh
2026-06-24 03:18:59  INFO      Resolved  COALINDIA        token=20374
2026-06-24 03:18:59  DEBUG     Starting new HTTPS connection (1): piconnect.flattrade.in:443
2026-06-24 03:18:59  DEBUG     Starting new HTTPS connection (1): piconnect.flattrade.in:443
2026-06-24 03:18:59  DEBUG     https://piconnect.flattrade.in:443 "POST /PiConnectAPI/SearchScrip HTTP/1.1" 200 None
2026-06-24 03:18:59  DEBUG     https://piconnect.flattrade.in:443 "POST /PiConnectAPI/SearchScrip HTTP/1.1" 200 None
2026-06-24 03:18:59  INFO      Resolved  NATIONALUM       token=6364
[ST] NATIONALUM state load failed: 'ts' — starting fresh
2026-06-24 03:18:59  INFO      Resolved  NATIONALUM       token=6364
2026-06-24 03:18:59  DEBUG     Starting new HTTPS connection (1): piconnect.flattrade.in:443
2026-06-24 03:18:59  DEBUG     Starting new HTTPS connection (1): piconnect.flattrade.in:443
2026-06-24 03:18:59  DEBUG     https://piconnect.flattrade.in:443 "POST /PiConnectAPI/SearchScrip HTTP/1.1" 200 None
2026-06-24 03:18:59  DEBUG     https://piconnect.flattrade.in:443 "POST /PiConnectAPI/SearchScrip HTTP/1.1" 200 None
2026-06-24 03:18:59  INFO      Resolved  BANKBARODA       token=4668
[ST] BANKBARODA state load failed: 'ts' — starting fresh
2026-06-24 03:18:59  INFO      Resolved  BANKBARODA       token=4668
2026-06-24 03:18:59  DEBUG     Starting new HTTPS connection (1): piconnect.flattrade.in:443
2026-06-24 03:18:59  DEBUG     Starting new HTTPS connection (1): piconnect.flattrade.in:443
2026-06-24 03:19:00  DEBUG     https://piconnect.flattrade.in:443 "POST /PiConnectAPI/SearchScrip HTTP/1.1" 200 None
2026-06-24 03:19:00  DEBUG     https://piconnect.flattrade.in:443 "POST /PiConnectAPI/SearchScrip HTTP/1.1" 200 None
2026-06-24 03:19:00  INFO      Resolved  UNIONBANK        token=10753
[ST] UNIONBANK state load failed: 'ts' — starting fresh
2026-06-24 03:19:00  INFO      Resolved  UNIONBANK        token=10753
2026-06-24 03:19:00  DEBUG     Starting new HTTPS connection (1): piconnect.flattrade.in:443
2026-06-24 03:19:00  DEBUG     Starting new HTTPS connection (1): piconnect.flattrade.in:443
2026-06-24 03:19:00  DEBUG     https://piconnect.flattrade.in:443 "POST /PiConnectAPI/SearchScrip HTTP/1.1" 200 None
2026-06-24 03:19:00  DEBUG     https://piconnect.flattrade.in:443 "POST /PiConnectAPI/SearchScrip HTTP/1.1" 200 None
2026-06-24 03:19:00  INFO      Resolved  NMDC             token=15332
[ST] NMDC state load failed: 'ts' — starting fresh
2026-06-24 03:19:00  INFO      Resolved  NMDC             token=15332
2026-06-24 03:19:00  DEBUG     Starting new HTTPS connection (1): piconnect.flattrade.in:443
2026-06-24 03:19:00  DEBUG     Starting new HTTPS connection (1): piconnect.flattrade.in:443
2026-06-24 03:19:00  DEBUG     https://piconnect.flattrade.in:443 "POST /PiConnectAPI/SearchScrip HTTP/1.1" 200 None
2026-06-24 03:19:00  DEBUG     https://piconnect.flattrade.in:443 "POST /PiConnectAPI/SearchScrip HTTP/1.1" 200 None
2026-06-24 03:19:00  INFO      Resolved  NTPC             token=11630
[ST] NTPC state load failed: 'ts' — starting fresh
2026-06-24 03:19:00  INFO      Resolved  NTPC             token=11630
2026-06-24 03:19:00  DEBUG     Starting new HTTPS connection (1): piconnect.flattrade.in:443
2026-06-24 03:19:00  DEBUG     Starting new HTTPS connection (1): piconnect.flattrade.in:443
2026-06-24 03:19:00  DEBUG     https://piconnect.flattrade.in:443 "POST /PiConnectAPI/SearchScrip HTTP/1.1" 200 None
2026-06-24 03:19:00  DEBUG     https://piconnect.flattrade.in:443 "POST /PiConnectAPI/SearchScrip HTTP/1.1" 200 None
2026-06-24 03:19:00  INFO      Resolved  ADANIPORTS       token=15083
[ST] ADANIPORTS state load failed: 'ts' — starting fresh
2026-06-24 03:19:00  INFO      Resolved  ADANIPORTS       token=15083
2026-06-24 03:19:00  INFO      18 stocks | Rs10000/stock | EOD 15:00 IST
2026-06-24 03:19:00  INFO      18 stocks | Rs10000/stock | EOD 15:00 IST
2026-06-24 03:19:00  INFO      ============================================================
2026-06-24 03:19:00  INFO      ============================================================
2026-06-24 03:19:01  INFO      Websocket connected
2026-06-24 03:19:01  INFO      Websocket connected
2026-06-24 03:19:01  INFO      WS CONNECTED  subscribed=18 instruments
2026-06-24 03:19:01  INFO      WS CONNECTED  subscribed=18 instruments
2026-06-24 03:19:01  INFO      Ticks -> data/2026-06-24/ticks.jsonl
2026-06-24 03:19:01  INFO      Ticks -> data/2026-06-24/ticks.jsonl
2026-06-24 03:20:01  DEBUG     Sending ping
2026-06-24 03:20:01  DEBUG     Sending ping
2026-06-24 03:20:31  DEBUG     Sending ping
2026-06-24 03:20:31  DEBUG     Sending ping
2026-06-24 03:21:01  DEBUG     Sending ping
2026-06-24 03:21:01  DEBUG     Sending ping
2026-06-24 03:21:31  DEBUG     Sending ping
2026-06-24 03:21:31  DEBUG     Sending ping
2026-06-24 03:22:01  DEBUG     Sending ping
2026-06-24 03:22:01  DEBUG     Sending ping
2026-06-24 03:22:31  DEBUG     Sending ping
2026-06-24 03:22:31  DEBUG     Sending ping
2026-06-24 03:23:01  DEBUG     Sending ping
2026-06-24 03:23:01  DEBUG     Sending ping
2026-06-24 03:23:31  DEBUG     Sending ping
2026-06-24 03:23:31  DEBUG     Sending ping
2026-06-24 03:24:01  DEBUG     Sending ping
2026-06-24 03:24:01  DEBUG     Sending ping
2026-06-24 03:24:31  DEBUG     Sending ping
2026-06-24 03:24:31  DEBUG     Sending ping
2026-06-24 03:25:01  DEBUG     Sending ping
2026-06-24 03:25:01  DEBUG     Sending ping
2026-06-24 03:25:31  DEBUG     Sending ping
2026-06-24 03:25:31  DEBUG     Sending ping
2026-06-24 03:26:01  DEBUG     Sending ping
2026-06-24 03:26:01  DEBUG     Sending ping
2026-06-24 03:26:31  DEBUG     Sending ping
2026-06-24 03:26:31  DEBUG     Sending ping
2026-06-24 03:27:01  DEBUG     Sending ping
2026-06-24 03:27:01  DEBUG     Sending ping
2026-06-24 03:27:31  DEBUG     Sending ping
2026-06-24 03:27:31  DEBUG     Sending ping
2026-06-24 03:28:01  DEBUG     Sending ping
2026-06-24 03:28:01  DEBUG     Sending ping
2026-06-24 03:28:31  DEBUG     Sending ping
2026-06-24 03:28:31  DEBUG     Sending ping
2026-06-24 03:29:01  DEBUG     Sending ping
2026-06-24 03:29:01  DEBUG     Sending ping
2026-06-24 03:29:31  DEBUG     Sending ping
2026-06-24 03:29:31  DEBUG     Sending ping
2026-06-24 03:30:00  DEBUG     CANDLE  PNB           O=107.43  H=107.43  L=107.43  C=107.43
2026-06-24 03:30:00  DEBUG     CANDLE  PNB           O=107.43  H=107.43  L=107.43  C=107.43
2026-06-24 03:30:00  DEBUG     CANDLE  NHPC          O=77.90  H=77.90  L=77.90  C=77.90
2026-06-24 03:30:00  DEBUG     CANDLE  NHPC          O=77.90  H=77.90  L=77.90  C=77.90
2026-06-24 03:30:00  DEBUG     CANDLE  IDEA          O=14.45  H=14.45  L=14.45  C=14.45
2026-06-24 03:30:00  DEBUG     CANDLE  IDEA          O=14.45  H=14.45  L=14.45  C=14.45
2026-06-24 03:30:00  DEBUG     CANDLE  NMDC          O=85.26  H=85.26  L=85.26  C=85.26
2026-06-24 03:30:00  DEBUG     CANDLE  NMDC          O=85.26  H=85.26  L=85.26  C=85.26
2026-06-24 03:30:00  DEBUG     CANDLE  NTPC          O=364.60  H=364.60  L=364.60  C=364.60
2026-06-24 03:30:00  DEBUG     CANDLE  NTPC          O=364.60  H=364.60  L=364.60  C=364.60
2026-06-24 03:30:00  DEBUG     CANDLE  IDFCFIRSTB    O=78.75  H=78.75  L=78.75  C=78.75
2026-06-24 03:30:00  DEBUG     CANDLE  IDFCFIRSTB    O=78.75  H=78.75  L=78.75  C=78.75
2026-06-24 03:30:00  DEBUG     CANDLE  TATASTEEL     O=193.56  H=193.56  L=193.56  C=193.56
2026-06-24 03:30:00  DEBUG     CANDLE  TATASTEEL     O=193.56  H=193.56  L=193.56  C=193.56
2026-06-24 03:30:00  DEBUG     CANDLE  SUZLON        O=58.29  H=58.29  L=58.29  C=58.29
2026-06-24 03:30:00  DEBUG     CANDLE  SUZLON        O=58.29  H=58.29  L=58.29  C=58.29
2026-06-24 03:30:00  DEBUG     CANDLE  NATIONALUM    O=355.40  H=355.40  L=355.40  C=355.40
2026-06-24 03:30:00  DEBUG     CANDLE  NATIONALUM    O=355.40  H=355.40  L=355.40  C=355.40
2026-06-24 03:30:01  DEBUG     CANDLE  YESBANK       O=24.55  H=24.55  L=24.55  C=24.55
2026-06-24 03:30:01  DEBUG     CANDLE  YESBANK       O=24.55  H=24.55  L=24.55  C=24.55
2026-06-24 03:30:01  DEBUG     Sending ping
2026-06-24 03:30:01  DEBUG     Sending ping
2026-06-24 03:30:01  DEBUG     CANDLE  VEDL          O=281.70  H=281.70  L=281.70  C=281.70
2026-06-24 03:30:01  DEBUG     CANDLE  VEDL          O=281.70  H=281.70  L=281.70  C=281.70
2026-06-24 03:30:01  DEBUG     CANDLE  SAIL          O=169.18  H=169.18  L=169.18  C=169.18
2026-06-24 03:30:01  DEBUG     CANDLE  SAIL          O=169.18  H=169.18  L=169.18  C=169.18
2026-06-24 03:30:01  DEBUG     CANDLE  UNIONBANK     O=175.12  H=175.12  L=175.12  C=175.12
2026-06-24 03:30:01  DEBUG     CANDLE  UNIONBANK     O=175.12  H=175.12  L=175.12  C=175.12
2026-06-24 03:30:03  DEBUG     CANDLE  ADANIPORTS    O=1784.00  H=1784.00  L=1784.00  C=1784.00
2026-06-24 03:30:03  DEBUG     CANDLE  ADANIPORTS    O=1784.00  H=1784.00  L=1784.00  C=1784.00
2026-06-24 03:30:03  DEBUG     CANDLE  BANKBARODA    O=277.80  H=277.80  L=277.80  C=277.80
2026-06-24 03:30:03  DEBUG     CANDLE  BANKBARODA    O=277.80  H=277.80  L=277.80  C=277.80
2026-06-24 03:30:04  DEBUG     CANDLE  COALINDIA     O=444.35  H=444.35  L=444.35  C=444.35
2026-06-24 03:30:04  DEBUG     CANDLE  COALINDIA     O=444.35  H=444.35  L=444.35  C=444.35
2026-06-24 03:30:31  DEBUG     Sending ping
2026-06-24 03:30:31  DEBUG     Sending ping
2026-06-24 03:31:01  DEBUG     Sending ping
2026-06-24 03:31:01  DEBUG     Sending ping
2026-06-24 03:31:31  DEBUG     Sending ping
2026-06-24 03:31:31  DEBUG     Sending ping
2026-06-24 03:32:01  DEBUG     Sending ping
2026-06-24 03:32:01  DEBUG     Sending ping
2026-06-24 03:32:31  DEBUG     Sending ping
2026-06-24 03:32:31  DEBUG     Sending ping
2026-06-24 03:33:01  DEBUG     Sending ping
2026-06-24 03:33:01  DEBUG     Sending ping
2026-06-24 03:33:31  DEBUG     Sending ping
2026-06-24 03:33:31  DEBUG     Sending ping
2026-06-24 03:34:01  DEBUG     Sending ping
2026-06-24 03:34:01  DEBUG     Sending ping
2026-06-24 03:34:31  DEBUG     Sending ping
2026-06-24 03:34:31  DEBUG     Sending ping
2026-06-24 03:35:01  DEBUG     Sending ping
2026-06-24 03:35:01  DEBUG     Sending ping
2026-06-24 03:35:31  DEBUG     Sending ping
2026-06-24 03:35:31  DEBUG     Sending ping
2026-06-24 03:36:01  DEBUG     Sending ping
2026-06-24 03:36:01  DEBUG     Sending ping
2026-06-24 03:36:31  DEBUG     Sending ping
2026-06-24 03:36:31  DEBUG     Sending ping
2026-06-24 03:37:01  DEBUG     Sending ping
2026-06-24 03:37:01  DEBUG     Sending ping
2026-06-24 03:37:31  DEBUG     Sending ping
2026-06-24 03:37:31  DEBUG     Sending ping
2026-06-24 03:38:01  DEBUG     Sending ping
2026-06-24 03:38:01  DEBUG     Sending ping
2026-06-24 03:38:31  DEBUG     Sending ping
2026-06-24 03:38:31  DEBUG     Sending ping
2026-06-24 03:39:01  DEBUG     Sending ping
2026-06-24 03:39:01  DEBUG     Sending ping
2026-06-24 03:39:31  DEBUG     Sending ping
2026-06-24 03:39:31  DEBUG     Sending ping
2026-06-24 03:40:01  DEBUG     Sending ping
2026-06-24 03:40:01  DEBUG     Sending ping
2026-06-24 03:40:31  DEBUG     Sending ping
2026-06-24 03:40:31  DEBUG     Sending ping
2026-06-24 03:41:01  DEBUG     Sending ping
2026-06-24 03:41:01  DEBUG     Sending ping
2026-06-24 03:41:31  DEBUG     Sending ping
2026-06-24 03:41:31  DEBUG     Sending ping
2026-06-24 03:42:01  DEBUG     Sending ping
2026-06-24 03:42:01  DEBUG     Sending ping
2026-06-24 03:42:31  DEBUG     Sending ping
2026-06-24 03:42:31  DEBUG     Sending ping
2026-06-24 03:43:01  DEBUG     Sending ping
2026-06-24 03:43:01  DEBUG     Sending ping
2026-06-24 03:43:31  DEBUG     Sending ping
2026-06-24 03:43:31  DEBUG     Sending ping
2026-06-24 03:44:01  DEBUG     Sending ping
2026-06-24 03:44:01  DEBUG     Sending ping
2026-06-24 03:44:31  DEBUG     Sending ping
2026-06-24 03:44:31  DEBUG     Sending ping
2026-06-24 03:45:00  DEBUG     CANDLE  VEDL          O=282.20  H=282.20  L=280.95  C=280.95
2026-06-24 03:45:00  DEBUG     CANDLE  VEDL          O=282.20  H=282.20  L=280.95  C=280.95
2026-06-24 03:45:00  DEBUG     CANDLE  TATASTEEL     O=193.10  H=193.10  L=192.80  C=192.80
2026-06-24 03:45:00  DEBUG     CANDLE  TATASTEEL     O=193.10  H=193.10  L=192.80  C=192.80
2026-06-24 03:45:00  DEBUG     CANDLE  SUZLON        O=58.26  H=58.26  L=58.25  C=58.25
2026-06-24 03:45:00  DEBUG     CANDLE  SUZLON        O=58.26  H=58.26  L=58.25  C=58.25
2026-06-24 03:45:00  DEBUG     CANDLE  YESBANK       O=24.52  H=24.55  L=24.52  C=24.55
2026-06-24 03:45:00  DEBUG     CANDLE  YESBANK       O=24.52  H=24.55  L=24.52  C=24.55
2026-06-24 03:45:00  DEBUG     CANDLE  NATIONALUM    O=355.50  H=355.50  L=353.00  C=353.00
2026-06-24 03:45:00  DEBUG     CANDLE  NATIONALUM    O=355.50  H=355.50  L=353.00  C=353.00
2026-06-24 03:45:00  DEBUG     CANDLE  RPOWER        O=25.86  H=25.90  L=25.86  C=25.90
2026-06-24 03:45:00  DEBUG     CANDLE  RPOWER        O=25.86  H=25.90  L=25.86  C=25.90
2026-06-24 03:45:00  DEBUG     CANDLE  BANKBARODA    O=277.65  H=277.65  L=274.00  C=274.00
2026-06-24 03:45:00  DEBUG     CANDLE  BANKBARODA    O=277.65  H=277.65  L=274.00  C=274.00
2026-06-24 03:45:00  DEBUG     CANDLE  SAIL          O=169.05  H=169.05  L=168.51  C=168.51
2026-06-24 03:45:00  DEBUG     CANDLE  SAIL          O=169.05  H=169.05  L=168.51  C=168.51
2026-06-24 03:45:00  DEBUG     CANDLE  HFCL          O=201.20  H=202.00  L=201.20  C=202.00
2026-06-24 03:45:00  DEBUG     CANDLE  HFCL          O=201.20  H=202.00  L=201.20  C=202.00
2026-06-24 03:45:00  DEBUG     CANDLE  NMDC          O=85.00  H=85.26  L=85.00  C=85.26
2026-06-24 03:45:00  DEBUG     CANDLE  NMDC          O=85.00  H=85.26  L=85.00  C=85.26
2026-06-24 03:45:00  DEBUG     CANDLE  COALINDIA     O=444.65  H=444.65  L=444.35  C=444.35
2026-06-24 03:45:00  DEBUG     CANDLE  COALINDIA     O=444.65  H=444.65  L=444.35  C=444.35
2026-06-24 03:45:00  DEBUG     CANDLE  NHPC          O=77.80  H=77.80  L=77.52  C=77.52
2026-06-24 03:45:00  DEBUG     CANDLE  NHPC          O=77.80  H=77.80  L=77.52  C=77.52
2026-06-24 03:45:00  DEBUG     CANDLE  NTPC          O=363.90  H=363.90  L=362.85  C=362.85
2026-06-24 03:45:00  DEBUG     CANDLE  NTPC          O=363.90  H=363.90  L=362.85  C=362.85
2026-06-24 03:45:00  DEBUG     CANDLE  IDFCFIRSTB    O=78.71  H=78.71  L=78.42  C=78.42
2026-06-24 03:45:00  DEBUG     CANDLE  IDFCFIRSTB    O=78.71  H=78.71  L=78.42  C=78.42
2026-06-24 03:45:00  DEBUG     CANDLE  PNB           O=107.48  H=107.50  L=107.48  C=107.50
2026-06-24 03:45:00  DEBUG     CANDLE  PNB           O=107.48  H=107.50  L=107.48  C=107.50
2026-06-24 03:45:01  DEBUG     Sending ping
2026-06-24 03:45:01  DEBUG     Sending ping
2026-06-24 03:45:01  DEBUG     CANDLE  UNIONBANK     O=175.02  H=175.02  L=175.02  C=175.02
2026-06-24 03:45:01  DEBUG     CANDLE  UNIONBANK     O=175.02  H=175.02  L=175.02  C=175.02
2026-06-24 03:45:01  DEBUG     CANDLE  ADANIPORTS    O=1786.00  H=1786.00  L=1786.00  C=1786.00
2026-06-24 03:45:01  DEBUG     CANDLE  ADANIPORTS    O=1786.00  H=1786.00  L=1786.00  C=1786.00
2026-06-24 03:45:02  DEBUG     CANDLE  IDEA          O=14.44  H=14.47  L=14.44  C=14.47
2026-06-24 03:45:02  DEBUG     CANDLE  IDEA          O=14.44  H=14.47  L=14.44  C=14.47
2026-06-24 03:45:31  DEBUG     Sending ping
2026-06-24 03:45:31  DEBUG     Sending ping
2026-06-24 03:46:01  DEBUG     Sending ping
2026-06-24 03:46:01  DEBUG     Sending ping
2026-06-24 03:46:31  DEBUG     Sending ping
2026-06-24 03:46:31  DEBUG     Sending ping
2026-06-24 03:47:01  DEBUG     Sending ping
2026-06-24 03:47:01  DEBUG     Sending ping
2026-06-24 03:47:31  DEBUG     Sending ping
2026-06-24 03:47:31  DEBUG     Sending ping
2026-06-24 03:48:01  DEBUG     Sending ping
2026-06-24 03:48:01  DEBUG     Sending ping
2026-06-24 03:48:31  DEBUG     Sending ping
2026-06-24 03:48:31  DEBUG     Sending ping
2026-06-24 03:49:01  DEBUG     Sending ping
2026-06-24 03:49:01  DEBUG     Sending ping
2026-06-24 03:49:31  DEBUG     Sending ping
2026-06-24 03:49:31  DEBUG     Sending ping
2026-06-24 03:50:01  DEBUG     Sending ping
2026-06-24 03:50:01  DEBUG     Sending ping
2026-06-24 03:50:31  DEBUG     Sending ping
2026-06-24 03:50:31  DEBUG     Sending ping
2026-06-24 03:51:01  DEBUG     Sending ping
2026-06-24 03:51:01  DEBUG     Sending ping
2026-06-24 03:51:31  DEBUG     Sending ping
2026-06-24 03:51:31  DEBUG     Sending ping
2026-06-24 03:52:01  DEBUG     Sending ping
2026-06-24 03:52:01  DEBUG     Sending ping
2026-06-24 03:52:31  DEBUG     Sending ping
2026-06-24 03:52:31  DEBUG     Sending ping
2026-06-24 03:53:01  DEBUG     Sending ping
2026-06-24 03:53:01  DEBUG     Sending ping
2026-06-24 03:53:31  DEBUG     Sending ping
2026-06-24 03:53:31  DEBUG     Sending ping
2026-06-24 03:54:01  DEBUG     Sending ping
2026-06-24 03:54:01  DEBUG     Sending ping
2026-06-24 03:54:31  DEBUG     Sending ping
2026-06-24 03:54:31  DEBUG     Sending ping
2026-06-24 03:55:01  DEBUG     Sending ping
2026-06-24 03:55:01  DEBUG     Sending ping
2026-06-24 03:55:31  DEBUG     Sending ping
2026-06-24 03:55:31  DEBUG     Sending ping
2026-06-24 03:56:01  DEBUG     Sending ping
2026-06-24 03:56:01  DEBUG     Sending ping
2026-06-24 03:56:31  DEBUG     Sending ping
2026-06-24 03:56:31  DEBUG     Sending ping
2026-06-24 03:57:01  DEBUG     Sending ping
2026-06-24 03:57:01  DEBUG     Sending ping
2026-06-24 03:57:31  DEBUG     Sending ping
2026-06-24 03:57:31  DEBUG     Sending ping
2026-06-24 03:58:01  DEBUG     Sending ping
2026-06-24 03:58:01  DEBUG     Sending ping
2026-06-24 03:58:31  DEBUG     Sending ping
2026-06-24 03:58:31  DEBUG     Sending ping
2026-06-24 03:59:01  DEBUG     Sending ping
2026-06-24 03:59:01  DEBUG     Sending ping
2026-06-24 03:59:31  DEBUG     Sending ping
2026-06-24 03:59:31  DEBUG     Sending ping
2026-06-24 04:00:00  DEBUG     CANDLE  NATIONALUM    O=352.00  H=355.00  L=350.85  C=352.90
2026-06-24 04:00:00  DEBUG     CANDLE  NATIONALUM    O=352.00  H=355.00  L=350.85  C=352.90
2026-06-24 04:00:00  DEBUG     CANDLE  YESBANK       O=24.59  H=25.01  L=24.56  C=24.99
2026-06-24 04:00:00  DEBUG     CANDLE  YESBANK       O=24.59  H=25.01  L=24.56  C=24.99
2026-06-24 04:00:00  INFO      ENTRY #1    YESBANK       LONG   Rs25.00  qty=400  [flip UP | atr=0.12 st=24.61]
2026-06-24 04:00:00  INFO      ENTRY #1    YESBANK       LONG   Rs25.00  qty=400  [flip UP | atr=0.12 st=24.61]
2026-06-24 04:00:00  DEBUG     CANDLE  VEDL          O=280.15  H=284.35  L=278.75  C=283.70
2026-06-24 04:00:00  DEBUG     CANDLE  VEDL          O=280.15  H=284.35  L=278.75  C=283.70
2026-06-24 04:00:00  DEBUG     CANDLE  SAIL          O=168.46  H=168.82  L=167.20  C=167.50
2026-06-24 04:00:00  DEBUG     CANDLE  SAIL          O=168.46  H=168.82  L=167.20  C=167.50
2026-06-24 04:00:00  INFO      ENTRY #2    SAIL          SHORT  Rs167.49  qty=59  [flip DOWN | atr=0.99 st=169.50]
2026-06-24 04:00:00  INFO      ENTRY #2    SAIL          SHORT  Rs167.49  qty=59  [flip DOWN | atr=0.99 st=169.50]
2026-06-24 04:00:00  DEBUG     CANDLE  HFCL          O=201.32  H=204.49  L=198.31  C=199.84
2026-06-24 04:00:00  DEBUG     CANDLE  HFCL          O=201.32  H=204.49  L=198.31  C=199.84
2026-06-24 04:00:00  DEBUG     CANDLE  RPOWER        O=25.91  H=26.01  L=25.63  C=25.73
2026-06-24 04:00:00  DEBUG     CANDLE  RPOWER        O=25.91  H=26.01  L=25.63  C=25.73
2026-06-24 04:00:00  DEBUG     CANDLE  NHPC          O=77.54  H=78.37  L=77.54  C=78.00
2026-06-24 04:00:00  DEBUG     CANDLE  NHPC          O=77.54  H=78.37  L=77.54  C=78.00
2026-06-24 04:00:00  INFO      ENTRY #3    NHPC          LONG   Rs78.01  qty=128  [flip UP | atr=0.27 st=77.56]
2026-06-24 04:00:00  INFO      ENTRY #3    NHPC          LONG   Rs78.01  qty=128  [flip UP | atr=0.27 st=77.56]
2026-06-24 04:00:00  DEBUG     CANDLE  NMDC          O=85.25  H=85.64  L=85.07  C=85.20
2026-06-24 04:00:00  DEBUG     CANDLE  NMDC          O=85.25  H=85.64  L=85.07  C=85.20
2026-06-24 04:00:00  DEBUG     CANDLE  NTPC          O=362.80  H=363.90  L=361.85  C=363.50
2026-06-24 04:00:00  DEBUG     CANDLE  NTPC          O=362.80  H=363.90  L=361.85  C=363.50
2026-06-24 04:00:00  DEBUG     CANDLE  TATASTEEL     O=192.90  H=193.20  L=192.40  C=192.86
2026-06-24 04:00:00  DEBUG     CANDLE  TATASTEEL     O=192.90  H=193.20  L=192.40  C=192.86
2026-06-24 04:00:00  DEBUG     CANDLE  UNIONBANK     O=175.00  H=176.00  L=174.79  C=175.74
2026-06-24 04:00:00  DEBUG     CANDLE  UNIONBANK     O=175.00  H=176.00  L=174.79  C=175.74
2026-06-24 04:00:01  DEBUG     Sending ping
2026-06-24 04:00:01  DEBUG     Sending ping
2026-06-24 04:00:01  DEBUG     CANDLE  SUZLON        O=58.24  H=58.60  L=58.11  C=58.47
2026-06-24 04:00:01  DEBUG     CANDLE  SUZLON        O=58.24  H=58.60  L=58.11  C=58.47
2026-06-24 04:00:02  DEBUG     CANDLE  ADANIPORTS    O=1785.10  H=1800.30  L=1781.80  C=1786.00
2026-06-24 04:00:02  DEBUG     CANDLE  ADANIPORTS    O=1785.10  H=1800.30  L=1781.80  C=1786.00
2026-06-24 04:00:03  DEBUG     CANDLE  BANKBARODA    O=275.35  H=279.25  L=275.35  C=278.75
2026-06-24 04:00:03  DEBUG     CANDLE  BANKBARODA    O=275.35  H=279.25  L=275.35  C=278.75
2026-06-24 04:00:03  DEBUG     CANDLE  COALINDIA     O=444.50  H=447.05  L=443.50  C=444.35
2026-06-24 04:00:03  DEBUG     CANDLE  COALINDIA     O=444.50  H=447.05  L=443.50  C=444.35
2026-06-24 04:00:05  DEBUG     CANDLE  IDEA          O=14.46  H=14.59  L=14.41  C=14.45
2026-06-24 04:00:05  DEBUG     CANDLE  IDEA          O=14.46  H=14.59  L=14.41  C=14.45
2026-06-24 04:00:06  DEBUG     CANDLE  PNB           O=107.35  H=107.83  L=107.25  C=107.54
2026-06-24 04:00:06  DEBUG     CANDLE  PNB           O=107.35  H=107.83  L=107.25  C=107.54
2026-06-24 04:00:07  DEBUG     CANDLE  IDFCFIRSTB    O=78.73  H=79.16  L=78.49  C=78.98
2026-06-24 04:00:07  DEBUG     CANDLE  IDFCFIRSTB    O=78.73  H=79.16  L=78.49  C=78.98
2026-06-24 04:00:31  DEBUG     Sending ping
2026-06-24 04:00:31  DEBUG     Sending ping
2026-06-24 04:01:01  DEBUG     Sending ping
2026-06-24 04:01:01  DEBUG     Sending ping
2026-06-24 04:01:31  DEBUG     Sending ping
2026-06-24 04:01:31  DEBUG     Sending ping
2026-06-24 04:02:01  DEBUG     Sending ping
2026-06-24 04:02:01  DEBUG     Sending ping
2026-06-24 04:02:31  DEBUG     Sending ping
2026-06-24 04:02:31  DEBUG     Sending ping
2026-06-24 04:03:01  DEBUG     Sending ping
2026-06-24 04:03:01  DEBUG     Sending ping
2026-06-24 04:03:31  DEBUG     Sending ping
2026-06-24 04:03:31  DEBUG     Sending ping
2026-06-24 04:04:01  DEBUG     Sending ping
2026-06-24 04:04:01  DEBUG     Sending ping
2026-06-24 04:04:31  DEBUG     Sending ping
2026-06-24 04:04:31  DEBUG     Sending ping
2026-06-24 04:05:01  DEBUG     Sending ping
2026-06-24 04:05:01  DEBUG     Sending ping
2026-06-24 04:05:31  DEBUG     Sending ping
2026-06-24 04:05:31  DEBUG     Sending ping
2026-06-24 04:06:01  DEBUG     Sending ping
2026-06-24 04:06:01  DEBUG     Sending ping
2026-06-24 04:06:31  DEBUG     Sending ping
2026-06-24 04:06:31  DEBUG     Sending ping
2026-06-24 04:07:01  DEBUG     Sending ping
2026-06-24 04:07:01  DEBUG     Sending ping
2026-06-24 04:07:31  DEBUG     Sending ping
2026-06-24 04:07:31  DEBUG     Sending ping
2026-06-24 04:08:01  DEBUG     Sending ping
2026-06-24 04:08:01  DEBUG     Sending ping
2026-06-24 04:08:31  DEBUG     Sending ping
2026-06-24 04:08:31  DEBUG     Sending ping
2026-06-24 04:09:01  DEBUG     Sending ping
2026-06-24 04:09:01  DEBUG     Sending ping
2026-06-24 04:09:31  DEBUG     Sending ping
2026-06-24 04:09:31  DEBUG     Sending ping
2026-06-24 04:10:01  DEBUG     Sending ping
2026-06-24 04:10:01  DEBUG     Sending ping
2026-06-24 04:10:31  DEBUG     Sending ping
2026-06-24 04:10:31  DEBUG     Sending ping
2026-06-24 04:11:01  DEBUG     Sending ping
2026-06-24 04:11:01  DEBUG     Sending ping
2026-06-24 04:11:31  DEBUG     Sending ping
2026-06-24 04:11:31  DEBUG     Sending ping
2026-06-24 04:12:01  DEBUG     Sending ping
2026-06-24 04:12:01  DEBUG     Sending ping
2026-06-24 04:12:31  DEBUG     Sending ping
2026-06-24 04:12:31  DEBUG     Sending ping
2026-06-24 04:13:01  DEBUG     Sending ping
2026-06-24 04:13:01  DEBUG     Sending ping
2026-06-24 04:13:31  DEBUG     Sending ping
2026-06-24 04:13:31  DEBUG     Sending ping
2026-06-24 04:14:01  DEBUG     Sending ping
2026-06-24 04:14:01  DEBUG     Sending ping
2026-06-24 04:14:31  DEBUG     Sending ping
2026-06-24 04:14:31  DEBUG     Sending ping
2026-06-24 04:15:00  DEBUG     CANDLE  HFCL          O=199.86  H=199.95  L=195.99  C=196.06
2026-06-24 04:15:00  DEBUG     CANDLE  HFCL          O=199.86  H=199.95  L=195.99  C=196.06
2026-06-24 04:15:00  DEBUG     CANDLE  IDEA          O=14.44  H=14.45  L=14.23  C=14.24
2026-06-24 04:15:00  DEBUG     CANDLE  IDEA          O=14.44  H=14.45  L=14.23  C=14.24
2026-06-24 04:15:00  DEBUG     CANDLE  RPOWER        O=25.72  H=25.77  L=25.60  C=25.63
2026-06-24 04:15:00  DEBUG     CANDLE  RPOWER        O=25.72  H=25.77  L=25.60  C=25.63
2026-06-24 04:15:00  DEBUG     CANDLE  PNB           O=107.58  H=107.58  L=106.95  C=107.01
2026-06-24 04:15:00  DEBUG     CANDLE  PNB           O=107.58  H=107.58  L=106.95  C=107.01
2026-06-24 04:15:00  INFO      ENTRY #4    PNB           SHORT  Rs107.00  qty=93  [flip DOWN | atr=0.35 st=107.79]
2026-06-24 04:15:00  INFO      ENTRY #4    PNB           SHORT  Rs107.00  qty=93  [flip DOWN | atr=0.35 st=107.79]
2026-06-24 04:15:00  DEBUG     CANDLE  NMDC          O=85.21  H=85.24  L=84.35  C=84.39
2026-06-24 04:15:00  DEBUG     CANDLE  NMDC          O=85.21  H=85.24  L=84.35  C=84.39
2026-06-24 04:15:00  DEBUG     CANDLE  NTPC          O=363.45  H=363.45  L=361.20  C=361.75
2026-06-24 04:15:00  DEBUG     CANDLE  NTPC          O=363.45  H=363.45  L=361.20  C=361.75
2026-06-24 04:15:00  DEBUG     CANDLE  TATASTEEL     O=192.90  H=192.98  L=192.01  C=192.01
2026-06-24 04:15:00  DEBUG     CANDLE  TATASTEEL     O=192.90  H=192.98  L=192.01  C=192.01
2026-06-24 04:15:01  DEBUG     CANDLE  VEDL          O=283.75  H=284.35  L=281.75  C=281.75
2026-06-24 04:15:01  DEBUG     CANDLE  VEDL          O=283.75  H=284.35  L=281.75  C=281.75
2026-06-24 04:15:01  DEBUG     Sending ping
2026-06-24 04:15:01  DEBUG     Sending ping
2026-06-24 04:15:01  DEBUG     CANDLE  ADANIPORTS    O=1785.90  H=1786.70  L=1781.00  C=1781.50
2026-06-24 04:15:01  DEBUG     CANDLE  ADANIPORTS    O=1785.90  H=1786.70  L=1781.00  C=1781.50
2026-06-24 04:15:02  DEBUG     CANDLE  COALINDIA     O=445.30  H=445.45  L=444.45  C=444.60
2026-06-24 04:15:02  DEBUG     CANDLE  COALINDIA     O=445.30  H=445.45  L=444.45  C=444.60
2026-06-24 04:15:03  DEBUG     CANDLE  SAIL          O=167.44  H=167.87  L=166.07  C=166.15
2026-06-24 04:15:03  DEBUG     CANDLE  SAIL          O=167.44  H=167.87  L=166.07  C=166.15
2026-06-24 04:15:05  DEBUG     CANDLE  IDFCFIRSTB    O=78.96  H=78.98  L=78.63  C=78.66
2026-06-24 04:15:05  DEBUG     CANDLE  IDFCFIRSTB    O=78.96  H=78.98  L=78.63  C=78.66
2026-06-24 04:15:05  DEBUG     CANDLE  SUZLON        O=58.48  H=58.51  L=58.12  C=58.12
2026-06-24 04:15:05  DEBUG     CANDLE  SUZLON        O=58.48  H=58.51  L=58.12  C=58.12
2026-06-24 04:15:05  INFO      ENTRY #5    SUZLON        SHORT  Rs58.11  qty=172  [flip DOWN | atr=0.27 st=58.62]
2026-06-24 04:15:05  INFO      ENTRY #5    SUZLON        SHORT  Rs58.11  qty=172  [flip DOWN | atr=0.27 st=58.62]
2026-06-24 04:15:05  DEBUG     CANDLE  NATIONALUM    O=352.65  H=353.20  L=349.35  C=349.40
2026-06-24 04:15:05  DEBUG     CANDLE  NATIONALUM    O=352.65  H=353.20  L=349.35  C=349.40
2026-06-24 04:15:05  DEBUG     CANDLE  YESBANK       O=24.97  H=24.98  L=24.83  C=24.84
2026-06-24 04:15:05  DEBUG     CANDLE  YESBANK       O=24.97  H=24.98  L=24.83  C=24.84
2026-06-24 04:15:06  DEBUG     CANDLE  UNIONBANK     O=175.69  H=175.73  L=174.80  C=174.84
2026-06-24 04:15:06  DEBUG     CANDLE  UNIONBANK     O=175.69  H=175.73  L=174.80  C=174.84
2026-06-24 04:15:08  DEBUG     CANDLE  BANKBARODA    O=278.60  H=278.75  L=276.90  C=277.00
2026-06-24 04:15:08  DEBUG     CANDLE  BANKBARODA    O=278.60  H=278.75  L=276.90  C=277.00
2026-06-24 04:15:19  DEBUG     CANDLE  NHPC          O=78.04  H=78.21  L=77.80  C=78.01
2026-06-24 04:15:19  DEBUG     CANDLE  NHPC          O=78.04  H=78.21  L=77.80  C=78.01
2026-06-24 04:15:31  DEBUG     Sending ping
2026-06-24 04:15:31  DEBUG     Sending ping
2026-06-24 04:16:01  DEBUG     Sending ping
2026-06-24 04:16:01  DEBUG     Sending ping
2026-06-24 04:16:31  DEBUG     Sending ping
2026-06-24 04:16:31  DEBUG     Sending ping
2026-06-24 04:17:01  DEBUG     Sending ping
2026-06-24 04:17:01  DEBUG     Sending ping
2026-06-24 04:17:31  DEBUG     Sending ping
2026-06-24 04:17:31  DEBUG     Sending ping
2026-06-24 04:18:01  DEBUG     Sending ping
2026-06-24 04:18:01  DEBUG     Sending ping
2026-06-24 04:18:31  DEBUG     Sending ping
2026-06-24 04:18:31  DEBUG     Sending ping
2026-06-24 04:19:01  DEBUG     Sending ping
2026-06-24 04:19:01  DEBUG     Sending ping
2026-06-24 04:19:31  DEBUG     Sending ping
2026-06-24 04:19:31  DEBUG     Sending ping
2026-06-24 04:20:01  DEBUG     Sending ping
2026-06-24 04:20:01  DEBUG     Sending ping
2026-06-24 04:20:31  DEBUG     Sending ping
2026-06-24 04:20:31  DEBUG     Sending ping
2026-06-24 04:21:01  DEBUG     Sending ping
2026-06-24 04:21:01  DEBUG     Sending ping
2026-06-24 04:21:31  DEBUG     Sending ping
2026-06-24 04:21:31  DEBUG     Sending ping
2026-06-24 04:22:01  DEBUG     Sending ping
2026-06-24 04:22:01  DEBUG     Sending ping
2026-06-24 04:22:31  DEBUG     Sending ping
2026-06-24 04:22:31  DEBUG     Sending ping
2026-06-24 04:23:01  DEBUG     Sending ping
2026-06-24 04:23:01  DEBUG     Sending ping
2026-06-24 04:23:31  DEBUG     Sending ping
2026-06-24 04:23:31  DEBUG     Sending ping
2026-06-24 04:24:01  DEBUG     Sending ping
2026-06-24 04:24:01  DEBUG     Sending ping
2026-06-24 04:24:31  DEBUG     Sending ping
2026-06-24 04:24:31  DEBUG     Sending ping
2026-06-24 04:25:01  DEBUG     Sending ping
2026-06-24 04:25:01  DEBUG     Sending ping
2026-06-24 04:25:31  DEBUG     Sending ping
2026-06-24 04:25:31  DEBUG     Sending ping
2026-06-24 04:26:01  DEBUG     Sending ping
2026-06-24 04:26:01  DEBUG     Sending ping
2026-06-24 04:26:31  DEBUG     Sending ping
2026-06-24 04:26:31  DEBUG     Sending ping
2026-06-24 04:27:01  DEBUG     Sending ping
2026-06-24 04:27:01  DEBUG     Sending ping
2026-06-24 04:27:31  DEBUG     Sending ping
2026-06-24 04:27:31  DEBUG     Sending ping
2026-06-24 04:28:01  DEBUG     Sending ping
2026-06-24 04:28:01  DEBUG     Sending ping
2026-06-24 04:28:31  DEBUG     Sending ping
2026-06-24 04:28:31  DEBUG     Sending ping
2026-06-24 04:29:01  DEBUG     Sending ping
2026-06-24 04:29:01  DEBUG     Sending ping
2026-06-24 04:29:31  DEBUG     Sending ping
2026-06-24 04:29:31  DEBUG     Sending ping
2026-06-24 04:30:00  DEBUG     CANDLE  PNB           O=107.03  H=107.03  L=106.61  C=106.93
2026-06-24 04:30:00  DEBUG     CANDLE  PNB           O=107.03  H=107.03  L=106.61  C=106.93
2026-06-24 04:30:00  DEBUG     CANDLE  IDFCFIRSTB    O=78.63  H=78.68  L=78.33  C=78.60
2026-06-24 04:30:00  DEBUG     CANDLE  IDFCFIRSTB    O=78.63  H=78.68  L=78.33  C=78.60
2026-06-24 04:30:00  DEBUG     CANDLE  HFCL          O=196.39  H=199.34  L=195.14  C=199.00
2026-06-24 04:30:00  DEBUG     CANDLE  HFCL          O=196.39  H=199.34  L=195.14  C=199.00
2026-06-24 04:30:00  DEBUG     CANDLE  VEDL          O=281.85  H=282.10  L=279.30  C=281.30
2026-06-24 04:30:00  DEBUG     CANDLE  VEDL          O=281.85  H=282.10  L=279.30  C=281.30
2026-06-24 04:30:00  DEBUG     CANDLE  YESBANK       O=24.83  H=24.85  L=24.68  C=24.80
2026-06-24 04:30:00  DEBUG     CANDLE  YESBANK       O=24.83  H=24.85  L=24.68  C=24.80
2026-06-24 04:30:01  DEBUG     CANDLE  NMDC          O=84.40  H=84.41  L=84.01  C=84.34
2026-06-24 04:30:01  DEBUG     CANDLE  NMDC          O=84.40  H=84.41  L=84.01  C=84.34
2026-06-24 04:30:01  DEBUG     CANDLE  SAIL          O=166.11  H=166.93  L=165.37  C=166.68
2026-06-24 04:30:01  DEBUG     CANDLE  SAIL          O=166.11  H=166.93  L=165.37  C=166.68
2026-06-24 04:30:01  DEBUG     Sending ping
2026-06-24 04:30:01  DEBUG     Sending ping
2026-06-24 04:30:01  DEBUG     CANDLE  UNIONBANK     O=174.85  H=174.93  L=174.10  C=174.56
2026-06-24 04:30:01  DEBUG     CANDLE  UNIONBANK     O=174.85  H=174.93  L=174.10  C=174.56
2026-06-24 04:30:01  DEBUG     CANDLE  TATASTEEL     O=192.02  H=192.15  L=190.31  C=190.62
2026-06-24 04:30:01  DEBUG     CANDLE  TATASTEEL     O=192.02  H=192.15  L=190.31  C=190.62
2026-06-24 04:30:03  DEBUG     CANDLE  ADANIPORTS    O=1781.70  H=1784.00  L=1775.30  C=1782.00
2026-06-24 04:30:03  DEBUG     CANDLE  ADANIPORTS    O=1781.70  H=1784.00  L=1775.30  C=1782.00
2026-06-24 04:30:03  DEBUG     CANDLE  BANKBARODA    O=277.05  H=277.15  L=276.40  C=276.80
2026-06-24 04:30:03  DEBUG     CANDLE  BANKBARODA    O=277.05  H=277.15  L=276.40  C=276.80
2026-06-24 04:30:06  DEBUG     CANDLE  RPOWER        O=25.61  H=25.62  L=25.34  C=25.41
2026-06-24 04:30:06  DEBUG     CANDLE  RPOWER        O=25.61  H=25.62  L=25.34  C=25.41
2026-06-24 04:30:06  DEBUG     CANDLE  NHPC          O=78.02  H=78.59  L=78.00  C=78.41
2026-06-24 04:30:06  DEBUG     CANDLE  NHPC          O=78.02  H=78.59  L=78.00  C=78.41
2026-06-24 04:30:06  DEBUG     CANDLE  IDEA          O=14.23  H=14.30  L=14.21  C=14.28
2026-06-24 04:30:06  DEBUG     CANDLE  IDEA          O=14.23  H=14.30  L=14.21  C=14.28
2026-06-24 04:30:06  DEBUG     CANDLE  NTPC          O=361.70  H=361.95  L=360.55  C=361.70
2026-06-24 04:30:06  DEBUG     CANDLE  NTPC          O=361.70  H=361.95  L=360.55  C=361.70
2026-06-24 04:30:06  DEBUG     CANDLE  SUZLON        O=58.16  H=58.19  L=57.65  C=57.90
2026-06-24 04:30:06  DEBUG     CANDLE  SUZLON        O=58.16  H=58.19  L=57.65  C=57.90
2026-06-24 04:30:07  DEBUG     CANDLE  NATIONALUM    O=349.50  H=349.65  L=347.70  C=348.80
2026-06-24 04:30:07  DEBUG     CANDLE  NATIONALUM    O=349.50  H=349.65  L=347.70  C=348.80
2026-06-24 04:30:13  DEBUG     CANDLE  COALINDIA     O=444.50  H=445.45  L=444.45  C=445.05
2026-06-24 04:30:13  DEBUG     CANDLE  COALINDIA     O=444.50  H=445.45  L=444.45  C=445.05
2026-06-24 04:30:31  DEBUG     Sending ping
2026-06-24 04:30:31  DEBUG     Sending ping
2026-06-24 04:31:01  DEBUG     Sending ping
2026-06-24 04:31:01  DEBUG     Sending ping
2026-06-24 04:31:31  DEBUG     Sending ping
2026-06-24 04:31:31  DEBUG     Sending ping
2026-06-24 04:32:01  DEBUG     Sending ping
2026-06-24 04:32:01  DEBUG     Sending ping
2026-06-24 04:32:31  DEBUG     Sending ping
2026-06-24 04:32:31  DEBUG     Sending ping
2026-06-24 04:33:01  DEBUG     Sending ping
2026-06-24 04:33:01  DEBUG     Sending ping
2026-06-24 04:33:31  DEBUG     Sending ping
2026-06-24 04:33:31  DEBUG     Sending ping
2026-06-24 04:34:01  DEBUG     Sending ping
2026-06-24 04:34:01  DEBUG     Sending ping
2026-06-24 04:34:31  DEBUG     Sending ping
2026-06-24 04:34:31  DEBUG     Sending ping
2026-06-24 04:35:01  DEBUG     Sending ping
2026-06-24 04:35:01  DEBUG     Sending ping
2026-06-24 04:35:31  DEBUG     Sending ping
2026-06-24 04:35:31  DEBUG     Sending ping
2026-06-24 04:36:01  DEBUG     Sending ping
2026-06-24 04:36:01  DEBUG     Sending ping
2026-06-24 04:36:31  DEBUG     Sending ping
2026-06-24 04:36:31  DEBUG     Sending ping
2026-06-24 04:37:01  DEBUG     Sending ping
2026-06-24 04:37:01  DEBUG     Sending ping
2026-06-24 04:37:31  DEBUG     Sending ping
2026-06-24 04:37:31  DEBUG     Sending ping
2026-06-24 04:38:01  DEBUG     Sending ping
2026-06-24 04:38:01  DEBUG     Sending ping
2026-06-24 04:38:31  DEBUG     Sending ping
2026-06-24 04:38:31  DEBUG     Sending ping
2026-06-24 04:39:01  DEBUG     Sending ping
2026-06-24 04:39:01  DEBUG     Sending ping
2026-06-24 04:39:31  DEBUG     Sending ping
2026-06-24 04:39:31  DEBUG     Sending ping
2026-06-24 04:40:01  DEBUG     Sending ping
2026-06-24 04:40:01  DEBUG     Sending ping
2026-06-24 04:40:31  DEBUG     Sending ping
2026-06-24 04:40:31  DEBUG     Sending ping
2026-06-24 04:41:01  DEBUG     Sending ping
2026-06-24 04:41:01  DEBUG     Sending ping
2026-06-24 04:41:31  DEBUG     Sending ping
2026-06-24 04:41:31  DEBUG     Sending ping
2026-06-24 04:42:01  DEBUG     Sending ping
2026-06-24 04:42:01  DEBUG     Sending ping
2026-06-24 04:42:31  DEBUG     Sending ping
2026-06-24 04:42:31  DEBUG     Sending ping
2026-06-24 04:43:01  DEBUG     Sending ping
2026-06-24 04:43:01  DEBUG     Sending ping
2026-06-24 04:43:31  DEBUG     Sending ping
2026-06-24 04:43:31  DEBUG     Sending ping
2026-06-24 04:44:01  DEBUG     Sending ping
2026-06-24 04:44:01  DEBUG     Sending ping
2026-06-24 04:44:31  DEBUG     Sending ping
2026-06-24 04:44:31  DEBUG     Sending ping
2026-06-24 04:45:00  DEBUG     CANDLE  NMDC          O=84.33  H=84.56  L=84.24  C=84.33
2026-06-24 04:45:00  DEBUG     CANDLE  NMDC          O=84.33  H=84.56  L=84.24  C=84.33
2026-06-24 04:45:00  DEBUG     CANDLE  HFCL          O=199.04  H=201.07  L=198.98  C=199.70
2026-06-24 04:45:00  DEBUG     CANDLE  HFCL          O=199.04  H=201.07  L=198.98  C=199.70
2026-06-24 04:45:00  DEBUG     CANDLE  RPOWER        O=25.43  H=25.60  L=25.42  C=25.52
2026-06-24 04:45:00  DEBUG     CANDLE  RPOWER        O=25.43  H=25.60  L=25.42  C=25.52
2026-06-24 04:45:00  DEBUG     CANDLE  PNB           O=106.96  H=107.46  L=106.96  C=107.26
2026-06-24 04:45:00  DEBUG     CANDLE  PNB           O=106.96  H=107.46  L=106.96  C=107.26
2026-06-24 04:45:00  DEBUG     CANDLE  NHPC          O=78.43  H=78.74  L=78.40  C=78.69
2026-06-24 04:45:00  DEBUG     CANDLE  NHPC          O=78.43  H=78.74  L=78.40  C=78.69
2026-06-24 04:45:00  DEBUG     CANDLE  IDEA          O=14.27  H=14.30  L=14.25  C=14.26
2026-06-24 04:45:00  DEBUG     CANDLE  IDEA          O=14.27  H=14.30  L=14.25  C=14.26
2026-06-24 04:45:01  DEBUG     CANDLE  IDFCFIRSTB    O=78.59  H=79.13  L=78.59  C=78.99
2026-06-24 04:45:01  DEBUG     CANDLE  IDFCFIRSTB    O=78.59  H=79.13  L=78.59  C=78.99
2026-06-24 04:45:01  DEBUG     CANDLE  SUZLON        O=57.92  H=58.15  L=57.90  C=57.97
2026-06-24 04:45:01  DEBUG     CANDLE  SUZLON        O=57.92  H=58.15  L=57.90  C=57.97
2026-06-24 04:45:01  DEBUG     CANDLE  NATIONALUM    O=348.85  H=349.60  L=348.35  C=348.85
2026-06-24 04:45:01  DEBUG     CANDLE  NATIONALUM    O=348.85  H=349.60  L=348.35  C=348.85
2026-06-24 04:45:01  DEBUG     CANDLE  YESBANK       O=24.81  H=24.99  L=24.80  C=24.91
2026-06-24 04:45:01  DEBUG     CANDLE  YESBANK       O=24.81  H=24.99  L=24.80  C=24.91
2026-06-24 04:45:01  DEBUG     Sending ping
2026-06-24 04:45:01  DEBUG     Sending ping
2026-06-24 04:45:01  DEBUG     CANDLE  VEDL          O=281.40  H=282.30  L=278.15  C=279.20
2026-06-24 04:45:01  DEBUG     CANDLE  VEDL          O=281.40  H=282.30  L=278.15  C=279.20
2026-06-24 04:45:01  DEBUG     CANDLE  UNIONBANK     O=174.52  H=175.32  L=174.52  C=175.25
2026-06-24 04:45:01  DEBUG     CANDLE  UNIONBANK     O=174.52  H=175.32  L=174.52  C=175.25
2026-06-24 04:45:02  DEBUG     CANDLE  TATASTEEL     O=190.68  H=191.38  L=190.63  C=190.95
2026-06-24 04:45:02  DEBUG     CANDLE  TATASTEEL     O=190.68  H=191.38  L=190.63  C=190.95
2026-06-24 04:45:02  DEBUG     CANDLE  ADANIPORTS    O=1781.70  H=1790.20  L=1781.70  C=1789.30
2026-06-24 04:45:02  DEBUG     CANDLE  ADANIPORTS    O=1781.70  H=1790.20  L=1781.70  C=1789.30
2026-06-24 04:45:02  DEBUG     CANDLE  COALINDIA     O=445.15  H=445.60  L=444.55  C=444.90
2026-06-24 04:45:02  DEBUG     CANDLE  COALINDIA     O=445.15  H=445.60  L=444.55  C=444.90
2026-06-24 04:45:05  DEBUG     CANDLE  SAIL          O=166.72  H=167.20  L=166.34  C=166.57
2026-06-24 04:45:05  DEBUG     CANDLE  SAIL          O=166.72  H=167.20  L=166.34  C=166.57
2026-06-24 04:45:08  DEBUG     CANDLE  NTPC          O=361.60  H=362.20  L=361.15  C=361.35
2026-06-24 04:45:08  DEBUG     CANDLE  NTPC          O=361.60  H=362.20  L=361.15  C=361.35
2026-06-24 04:45:15  DEBUG     CANDLE  BANKBARODA    O=276.85  H=277.75  L=276.80  C=277.20
2026-06-24 04:45:15  DEBUG     CANDLE  BANKBARODA    O=276.85  H=277.75  L=276.80  C=277.20
2026-06-24 04:45:31  DEBUG     Sending ping
2026-06-24 04:45:31  DEBUG     Sending ping
2026-06-24 04:46:01  DEBUG     Sending ping
2026-06-24 04:46:01  DEBUG     Sending ping
2026-06-24 04:46:31  DEBUG     Sending ping
2026-06-24 04:46:31  DEBUG     Sending ping
2026-06-24 04:47:01  DEBUG     Sending ping
2026-06-24 04:47:01  DEBUG     Sending ping
2026-06-24 04:47:31  DEBUG     Sending ping
2026-06-24 04:47:31  DEBUG     Sending ping
2026-06-24 04:48:01  DEBUG     Sending ping
2026-06-24 04:48:01  DEBUG     Sending ping
2026-06-24 04:48:31  DEBUG     Sending ping
2026-06-24 04:48:31  DEBUG     Sending ping
2026-06-24 04:49:01  DEBUG     Sending ping
2026-06-24 04:49:01  DEBUG     Sending ping
2026-06-24 04:49:31  DEBUG     Sending ping
2026-06-24 04:49:31  DEBUG     Sending ping
2026-06-24 04:50:01  DEBUG     Sending ping
2026-06-24 04:50:01  DEBUG     Sending ping
2026-06-24 04:50:31  DEBUG     Sending ping
2026-06-24 04:50:31  DEBUG     Sending ping
2026-06-24 04:51:01  DEBUG     Sending ping
2026-06-24 04:51:01  DEBUG     Sending ping
2026-06-24 04:51:31  DEBUG     Sending ping
2026-06-24 04:51:31  DEBUG     Sending ping
2026-06-24 04:52:01  DEBUG     Sending ping
2026-06-24 04:52:01  DEBUG     Sending ping
2026-06-24 04:52:31  DEBUG     Sending ping
2026-06-24 04:52:31  DEBUG     Sending ping
2026-06-24 04:53:01  DEBUG     Sending ping
2026-06-24 04:53:01  DEBUG     Sending ping
2026-06-24 04:53:31  DEBUG     Sending ping
2026-06-24 04:53:31  DEBUG     Sending ping
2026-06-24 04:54:01  DEBUG     Sending ping
2026-06-24 04:54:01  DEBUG     Sending ping
2026-06-24 04:54:31  DEBUG     Sending ping
2026-06-24 04:54:31  DEBUG     Sending ping
2026-06-24 04:55:01  DEBUG     Sending ping
2026-06-24 04:55:01  DEBUG     Sending ping
2026-06-24 04:55:31  DEBUG     Sending ping
2026-06-24 04:55:31  DEBUG     Sending ping
2026-06-24 04:56:01  DEBUG     Sending ping
2026-06-24 04:56:01  DEBUG     Sending ping
2026-06-24 04:56:31  DEBUG     Sending ping
2026-06-24 04:56:31  DEBUG     Sending ping
2026-06-24 04:57:01  DEBUG     Sending ping
2026-06-24 04:57:01  DEBUG     Sending ping
2026-06-24 04:57:31  DEBUG     Sending ping
2026-06-24 04:57:31  DEBUG     Sending ping
2026-06-24 04:58:01  DEBUG     Sending ping
2026-06-24 04:58:01  DEBUG     Sending ping
2026-06-24 04:58:31  DEBUG     Sending ping
2026-06-24 04:58:31  DEBUG     Sending ping
2026-06-24 04:59:01  DEBUG     Sending ping
2026-06-24 04:59:01  DEBUG     Sending ping
2026-06-24 04:59:31  DEBUG     Sending ping
2026-06-24 04:59:31  DEBUG     Sending ping
2026-06-24 05:00:00  DEBUG     CANDLE  HFCL          O=199.68  H=202.40  L=199.00  C=200.08
2026-06-24 05:00:00  DEBUG     CANDLE  HFCL          O=199.68  H=202.40  L=199.00  C=200.08
2026-06-24 05:00:00  DEBUG     CANDLE  TATASTEEL     O=190.94  H=191.45  L=190.87  C=191.00
2026-06-24 05:00:00  DEBUG     CANDLE  TATASTEEL     O=190.94  H=191.45  L=190.87  C=191.00
2026-06-24 05:00:00  DEBUG     CANDLE  ADANIPORTS    O=1789.60  H=1797.90  L=1788.50  C=1794.70
2026-06-24 05:00:00  DEBUG     CANDLE  ADANIPORTS    O=1789.60  H=1797.90  L=1788.50  C=1794.70
2026-06-24 05:00:00  DEBUG     CANDLE  BANKBARODA    O=277.15  H=277.65  L=276.60  C=276.60
2026-06-24 05:00:00  DEBUG     CANDLE  BANKBARODA    O=277.15  H=277.65  L=276.60  C=276.60
2026-06-24 05:00:00  DEBUG     CANDLE  COALINDIA     O=444.95  H=445.20  L=444.00  C=444.00
2026-06-24 05:00:00  DEBUG     CANDLE  COALINDIA     O=444.95  H=445.20  L=444.00  C=444.00
2026-06-24 05:00:00  DEBUG     CANDLE  IDEA          O=14.25  H=14.29  L=14.17  C=14.24
2026-06-24 05:00:00  DEBUG     CANDLE  IDEA          O=14.25  H=14.29  L=14.17  C=14.24
2026-06-24 05:00:00  DEBUG     CANDLE  NTPC          O=361.25  H=361.40  L=360.60  C=361.05
2026-06-24 05:00:00  DEBUG     CANDLE  NTPC          O=361.25  H=361.40  L=360.60  C=361.05
2026-06-24 05:00:00  DEBUG     CANDLE  NATIONALUM    O=348.75  H=351.75  L=348.65  C=351.00
2026-06-24 05:00:00  DEBUG     CANDLE  NATIONALUM    O=348.75  H=351.75  L=348.65  C=351.00
2026-06-24 05:00:00  DEBUG     CANDLE  YESBANK       O=24.93  H=24.94  L=24.77  C=24.85
2026-06-24 05:00:00  DEBUG     CANDLE  YESBANK       O=24.93  H=24.94  L=24.77  C=24.85
2026-06-24 05:00:01  DEBUG     CANDLE  VEDL          O=279.25  H=280.50  L=278.60  C=279.60
2026-06-24 05:00:01  DEBUG     CANDLE  VEDL          O=279.25  H=280.50  L=278.60  C=279.60
2026-06-24 05:00:01  DEBUG     Sending ping
2026-06-24 05:00:01  DEBUG     Sending ping
2026-06-24 05:00:01  DEBUG     CANDLE  UNIONBANK     O=175.28  H=175.34  L=174.83  C=174.88
2026-06-24 05:00:01  DEBUG     CANDLE  UNIONBANK     O=175.28  H=175.34  L=174.83  C=174.88
2026-06-24 05:00:01  DEBUG     CANDLE  SAIL          O=166.56  H=168.41  L=166.41  C=168.10
2026-06-24 05:00:01  DEBUG     CANDLE  SAIL          O=166.56  H=168.41  L=166.41  C=168.10
2026-06-24 05:00:01  INFO      EXIT  #5    SAIL          WIN   Rs+104.43  entry=Rs167.49@09:15  exit=Rs165.72  total=Rs+104.43
2026-06-24 05:00:01  INFO      EXIT  #5    SAIL          WIN   Rs+104.43  entry=Rs167.49@09:15  exit=Rs165.72  total=Rs+104.43
2026-06-24 05:00:01  INFO      ENTRY #6    SAIL          LONG   Rs168.11  qty=59  [flip UP | atr=1.14 st=165.71]
2026-06-24 05:00:01  INFO      ENTRY #6    SAIL          LONG   Rs168.11  qty=59  [flip UP | atr=1.14 st=165.71]
2026-06-24 05:00:02  DEBUG     CANDLE  RPOWER        O=25.54  H=25.59  L=25.48  C=25.50
2026-06-24 05:00:02  DEBUG     CANDLE  RPOWER        O=25.54  H=25.59  L=25.48  C=25.50
2026-06-24 05:00:02  DEBUG     CANDLE  PNB           O=107.30  H=107.40  L=107.14  C=107.15
2026-06-24 05:00:02  DEBUG     CANDLE  PNB           O=107.30  H=107.40  L=107.14  C=107.15
2026-06-24 05:00:02  DEBUG     CANDLE  NHPC          O=78.72  H=78.72  L=78.41  C=78.41
2026-06-24 05:00:02  DEBUG     CANDLE  NHPC          O=78.72  H=78.72  L=78.41  C=78.41
2026-06-24 05:00:02  DEBUG     CANDLE  IDFCFIRSTB    O=78.98  H=79.02  L=78.87  C=78.95
2026-06-24 05:00:02  DEBUG     CANDLE  IDFCFIRSTB    O=78.98  H=79.02  L=78.87  C=78.95
2026-06-24 05:00:06  DEBUG     CANDLE  NMDC          O=84.35  H=84.93  L=84.06  C=84.81
2026-06-24 05:00:06  DEBUG     CANDLE  NMDC          O=84.35  H=84.93  L=84.06  C=84.81
2026-06-24 05:00:06  DEBUG     CANDLE  SUZLON        O=57.95  H=58.08  L=57.86  C=57.98
2026-06-24 05:00:06  DEBUG     CANDLE  SUZLON        O=57.95  H=58.08  L=57.86  C=57.98
2026-06-24 05:00:31  DEBUG     Sending ping
2026-06-24 05:00:31  DEBUG     Sending ping
2026-06-24 05:01:01  DEBUG     Sending ping
2026-06-24 05:01:01  DEBUG     Sending ping
2026-06-24 05:01:31  DEBUG     Sending ping
2026-06-24 05:01:31  DEBUG     Sending ping
2026-06-24 05:02:01  DEBUG     Sending ping
2026-06-24 05:02:01  DEBUG     Sending ping
2026-06-24 05:02:31  DEBUG     Sending ping
2026-06-24 05:02:31  DEBUG     Sending ping
2026-06-24 05:03:01  DEBUG     Sending ping
2026-06-24 05:03:01  DEBUG     Sending ping
2026-06-24 05:03:31  DEBUG     Sending ping
2026-06-24 05:03:31  DEBUG     Sending ping
2026-06-24 05:04:01  DEBUG     Sending ping
2026-06-24 05:04:01  DEBUG     Sending ping
2026-06-24 05:04:31  DEBUG     Sending ping
2026-06-24 05:04:31  DEBUG     Sending ping
2026-06-24 05:05:01  DEBUG     Sending ping
2026-06-24 05:05:01  DEBUG     Sending ping
2026-06-24 05:05:31  DEBUG     Sending ping
2026-06-24 05:05:31  DEBUG     Sending ping
2026-06-24 05:06:01  DEBUG     Sending ping
2026-06-24 05:06:01  DEBUG     Sending ping
2026-06-24 05:06:31  DEBUG     Sending ping
2026-06-24 05:06:31  DEBUG     Sending ping
2026-06-24 05:07:01  DEBUG     Sending ping
2026-06-24 05:07:01  DEBUG     Sending ping
2026-06-24 05:07:31  DEBUG     Sending ping
2026-06-24 05:07:31  DEBUG     Sending ping
2026-06-24 05:08:01  DEBUG     Sending ping
2026-06-24 05:08:01  DEBUG     Sending ping
2026-06-24 05:08:31  DEBUG     Sending ping
2026-06-24 05:08:31  DEBUG     Sending ping
2026-06-24 05:09:01  DEBUG     Sending ping
2026-06-24 05:09:01  DEBUG     Sending ping
2026-06-24 05:09:31  DEBUG     Sending ping
2026-06-24 05:09:31  DEBUG     Sending ping
2026-06-24 05:10:01  DEBUG     Sending ping
2026-06-24 05:10:01  DEBUG     Sending ping
2026-06-24 05:10:31  DEBUG     Sending ping
2026-06-24 05:10:31  DEBUG     Sending ping
2026-06-24 05:11:01  DEBUG     Sending ping
2026-06-24 05:11:01  DEBUG     Sending ping
2026-06-24 05:11:31  DEBUG     Sending ping
2026-06-24 05:11:31  DEBUG     Sending ping
2026-06-24 05:12:01  DEBUG     Sending ping
2026-06-24 05:12:01  DEBUG     Sending ping
2026-06-24 05:12:31  DEBUG     Sending ping
2026-06-24 05:12:31  DEBUG     Sending ping
2026-06-24 05:13:01  DEBUG     Sending ping
2026-06-24 05:13:01  DEBUG     Sending ping
2026-06-24 05:13:31  DEBUG     Sending ping
2026-06-24 05:13:31  DEBUG     Sending ping
2026-06-24 05:14:01  DEBUG     Sending ping
2026-06-24 05:14:01  DEBUG     Sending ping
2026-06-24 05:14:31  DEBUG     Sending ping
2026-06-24 05:14:31  DEBUG     Sending ping
2026-06-24 05:15:00  DEBUG     CANDLE  TATASTEEL     O=191.01  H=191.80  L=190.94  C=191.47
2026-06-24 05:15:00  DEBUG     CANDLE  TATASTEEL     O=191.01  H=191.80  L=190.94  C=191.47
2026-06-24 05:15:01  DEBUG     CANDLE  NATIONALUM    O=351.20  H=353.80  L=351.00  C=353.75
2026-06-24 05:15:01  DEBUG     CANDLE  NATIONALUM    O=351.20  H=353.80  L=351.00  C=353.75
2026-06-24 05:15:01  DEBUG     Sending ping
2026-06-24 05:15:01  DEBUG     Sending ping
2026-06-24 05:15:01  DEBUG     CANDLE  HFCL          O=200.02  H=201.78  L=199.72  C=200.32
2026-06-24 05:15:01  DEBUG     CANDLE  HFCL          O=200.02  H=201.78  L=199.72  C=200.32
2026-06-24 05:15:01  DEBUG     CANDLE  IDEA          O=14.25  H=14.27  L=14.21  C=14.27
2026-06-24 05:15:01  DEBUG     CANDLE  IDEA          O=14.25  H=14.27  L=14.21  C=14.27
2026-06-24 05:15:01  DEBUG     CANDLE  NTPC          O=361.10  H=361.30  L=359.50  C=359.65
2026-06-24 05:15:01  DEBUG     CANDLE  NTPC          O=361.10  H=361.30  L=359.50  C=359.65
2026-06-24 05:15:01  DEBUG     CANDLE  SUZLON        O=57.96  H=58.06  L=57.90  C=57.96
2026-06-24 05:15:01  DEBUG     CANDLE  SUZLON        O=57.96  H=58.06  L=57.90  C=57.96
2026-06-24 05:15:02  DEBUG     CANDLE  ADANIPORTS    O=1794.90  H=1797.50  L=1792.00  C=1795.80
2026-06-24 05:15:02  DEBUG     CANDLE  ADANIPORTS    O=1794.90  H=1797.50  L=1792.00  C=1795.80
2026-06-24 05:15:04  DEBUG     CANDLE  PNB           O=107.16  H=107.23  L=106.86  C=106.90
2026-06-24 05:15:04  DEBUG     CANDLE  PNB           O=107.16  H=107.23  L=106.86  C=106.90
2026-06-24 05:15:04  DEBUG     CANDLE  NHPC          O=78.48  H=78.48  L=78.29  C=78.43
2026-06-24 05:15:04  DEBUG     CANDLE  NHPC          O=78.48  H=78.48  L=78.29  C=78.43
2026-06-24 05:15:04  DEBUG     CANDLE  YESBANK       O=24.84  H=24.85  L=24.78  C=24.80
2026-06-24 05:15:04  DEBUG     CANDLE  YESBANK       O=24.84  H=24.85  L=24.78  C=24.80
2026-06-24 05:15:04  DEBUG     CANDLE  VEDL          O=279.65  H=280.95  L=279.30  C=280.80
2026-06-24 05:15:04  DEBUG     CANDLE  VEDL          O=279.65  H=280.95  L=279.30  C=280.80
2026-06-24 05:15:04  DEBUG     CANDLE  SAIL          O=168.15  H=168.68  L=167.75  C=168.50
2026-06-24 05:15:04  DEBUG     CANDLE  SAIL          O=168.15  H=168.68  L=167.75  C=168.50
2026-06-24 05:15:04  DEBUG     CANDLE  UNIONBANK     O=174.90  H=174.98  L=174.60  C=174.62
2026-06-24 05:15:04  DEBUG     CANDLE  UNIONBANK     O=174.90  H=174.98  L=174.60  C=174.62
2026-06-24 05:15:05  DEBUG     CANDLE  COALINDIA     O=444.05  H=444.75  L=444.05  C=444.30
2026-06-24 05:15:05  DEBUG     CANDLE  COALINDIA     O=444.05  H=444.75  L=444.05  C=444.30
2026-06-24 05:15:06  DEBUG     CANDLE  IDFCFIRSTB    O=78.98  H=79.02  L=78.81  C=78.87
2026-06-24 05:15:06  DEBUG     CANDLE  IDFCFIRSTB    O=78.98  H=79.02  L=78.81  C=78.87
2026-06-24 05:15:08  DEBUG     CANDLE  NMDC          O=84.83  H=84.98  L=84.72  C=84.97
2026-06-24 05:15:08  DEBUG     CANDLE  NMDC          O=84.83  H=84.98  L=84.72  C=84.97
2026-06-24 05:15:09  DEBUG     CANDLE  BANKBARODA    O=276.70  H=276.85  L=276.00  C=276.30
2026-06-24 05:15:09  DEBUG     CANDLE  BANKBARODA    O=276.70  H=276.85  L=276.00  C=276.30
2026-06-24 05:15:24  DEBUG     CANDLE  RPOWER        O=25.48  H=25.55  L=25.46  C=25.50
2026-06-24 05:15:24  DEBUG     CANDLE  RPOWER        O=25.48  H=25.55  L=25.46  C=25.50
2026-06-24 05:15:31  DEBUG     Sending ping
2026-06-24 05:15:31  DEBUG     Sending ping
2026-06-24 05:16:01  DEBUG     Sending ping
2026-06-24 05:16:01  DEBUG     Sending ping
2026-06-24 05:16:31  DEBUG     Sending ping
2026-06-24 05:16:31  DEBUG     Sending ping
2026-06-24 05:17:01  DEBUG     Sending ping
2026-06-24 05:17:01  DEBUG     Sending ping
2026-06-24 05:17:31  DEBUG     Sending ping
2026-06-24 05:17:31  DEBUG     Sending ping
2026-06-24 05:18:01  DEBUG     Sending ping
2026-06-24 05:18:01  DEBUG     Sending ping
2026-06-24 05:18:31  DEBUG     Sending ping
2026-06-24 05:18:31  DEBUG     Sending ping
2026-06-24 05:19:01  DEBUG     Sending ping
2026-06-24 05:19:01  DEBUG     Sending ping
2026-06-24 05:19:31  DEBUG     Sending ping
2026-06-24 05:19:31  DEBUG     Sending ping
2026-06-24 05:20:01  DEBUG     Sending ping
2026-06-24 05:20:01  DEBUG     Sending ping
2026-06-24 05:20:31  DEBUG     Sending ping
2026-06-24 05:20:31  DEBUG     Sending ping
2026-06-24 05:21:01  DEBUG     Sending ping
2026-06-24 05:21:01  DEBUG     Sending ping
2026-06-24 05:21:31  DEBUG     Sending ping
2026-06-24 05:21:31  DEBUG     Sending ping
2026-06-24 05:22:01  DEBUG     Sending ping
2026-06-24 05:22:01  DEBUG     Sending ping
2026-06-24 05:22:31  DEBUG     Sending ping
2026-06-24 05:22:31  DEBUG     Sending ping
2026-06-24 05:23:01  DEBUG     Sending ping
2026-06-24 05:23:01  DEBUG     Sending ping
2026-06-24 05:23:31  DEBUG     Sending ping
2026-06-24 05:23:31  DEBUG     Sending ping
2026-06-24 05:24:01  DEBUG     Sending ping
2026-06-24 05:24:01  DEBUG     Sending ping
2026-06-24 05:24:31  DEBUG     Sending ping
2026-06-24 05:24:31  DEBUG     Sending ping
2026-06-24 05:25:01  DEBUG     Sending ping
2026-06-24 05:25:01  DEBUG     Sending ping
2026-06-24 05:25:31  DEBUG     Sending ping
2026-06-24 05:25:31  DEBUG     Sending ping
2026-06-24 05:26:01  DEBUG     Sending ping
2026-06-24 05:26:01  DEBUG     Sending ping
2026-06-24 05:26:31  DEBUG     Sending ping
2026-06-24 05:26:31  DEBUG     Sending ping
2026-06-24 05:27:01  DEBUG     Sending ping
2026-06-24 05:27:01  DEBUG     Sending ping
2026-06-24 05:27:31  DEBUG     Sending ping
2026-06-24 05:27:31  DEBUG     Sending ping
2026-06-24 05:28:01  DEBUG     Sending ping
2026-06-24 05:28:01  DEBUG     Sending ping
2026-06-24 05:28:31  DEBUG     Sending ping
2026-06-24 05:28:31  DEBUG     Sending ping
2026-06-24 05:29:01  DEBUG     Sending ping
2026-06-24 05:29:01  DEBUG     Sending ping
2026-06-24 05:29:31  DEBUG     Sending ping
2026-06-24 05:29:31  DEBUG     Sending ping
2026-06-24 05:30:00  DEBUG     CANDLE  SAIL          O=168.65  H=169.55  L=168.42  C=168.79
2026-06-24 05:30:00  DEBUG     CANDLE  SAIL          O=168.65  H=169.55  L=168.42  C=168.79
2026-06-24 05:30:00  DEBUG     CANDLE  HFCL          O=200.24  H=201.01  L=200.21  C=200.50
2026-06-24 05:30:00  DEBUG     CANDLE  HFCL          O=200.24  H=201.01  L=200.21  C=200.50
2026-06-24 05:30:00  DEBUG     CANDLE  ADANIPORTS    O=1796.70  H=1799.50  L=1795.80  C=1797.40
2026-06-24 05:30:00  DEBUG     CANDLE  ADANIPORTS    O=1796.70  H=1799.50  L=1795.80  C=1797.40
2026-06-24 05:30:01  DEBUG     CANDLE  BANKBARODA    O=276.20  H=276.80  L=276.15  C=276.35
2026-06-24 05:30:01  DEBUG     CANDLE  BANKBARODA    O=276.20  H=276.80  L=276.15  C=276.35
2026-06-24 05:30:01  DEBUG     CANDLE  COALINDIA     O=444.25  H=445.00  L=443.55  C=443.75
2026-06-24 05:30:01  DEBUG     CANDLE  COALINDIA     O=444.25  H=445.00  L=443.55  C=443.75
2026-06-24 05:30:01  DEBUG     CANDLE  PNB           O=106.86  H=107.07  L=106.86  C=106.99
2026-06-24 05:30:01  DEBUG     CANDLE  PNB           O=106.86  H=107.07  L=106.86  C=106.99
2026-06-24 05:30:01  DEBUG     CANDLE  NMDC          O=84.94  H=85.23  L=84.86  C=84.94
2026-06-24 05:30:01  DEBUG     CANDLE  NMDC          O=84.94  H=85.23  L=84.86  C=84.94
2026-06-24 05:30:01  DEBUG     Sending ping
2026-06-24 05:30:01  DEBUG     Sending ping
2026-06-24 05:30:01  DEBUG     CANDLE  NTPC          O=359.75  H=360.45  L=359.35  C=360.05
2026-06-24 05:30:01  DEBUG     CANDLE  NTPC          O=359.75  H=360.45  L=359.35  C=360.05
2026-06-24 05:30:01  DEBUG     CANDLE  SUZLON        O=57.97  H=58.09  L=57.81  C=57.88
2026-06-24 05:30:01  DEBUG     CANDLE  SUZLON        O=57.97  H=58.09  L=57.81  C=57.88
2026-06-24 05:30:01  DEBUG     CANDLE  NATIONALUM    O=353.80  H=355.90  L=352.65  C=353.85
2026-06-24 05:30:01  DEBUG     CANDLE  NATIONALUM    O=353.80  H=355.90  L=352.65  C=353.85
2026-06-24 05:30:01  DEBUG     CANDLE  YESBANK       O=24.79  H=24.88  L=24.78  C=24.82
2026-06-24 05:30:01  DEBUG     CANDLE  YESBANK       O=24.79  H=24.88  L=24.78  C=24.82
2026-06-24 05:30:01  DEBUG     CANDLE  VEDL          O=280.75  H=281.40  L=280.05  C=280.15
2026-06-24 05:30:01  DEBUG     CANDLE  VEDL          O=280.75  H=281.40  L=280.05  C=280.15
2026-06-24 05:30:01  DEBUG     CANDLE  TATASTEEL     O=191.46  H=192.25  L=191.42  C=191.95
2026-06-24 05:30:01  DEBUG     CANDLE  TATASTEEL     O=191.46  H=192.25  L=191.42  C=191.95
2026-06-24 05:30:02  DEBUG     CANDLE  UNIONBANK     O=174.63  H=174.76  L=174.20  C=174.30
2026-06-24 05:30:02  DEBUG     CANDLE  UNIONBANK     O=174.63  H=174.76  L=174.20  C=174.30
2026-06-24 05:30:04  DEBUG     CANDLE  RPOWER        O=25.49  H=25.55  L=25.43  C=25.43
2026-06-24 05:30:04  DEBUG     CANDLE  RPOWER        O=25.49  H=25.55  L=25.43  C=25.43
2026-06-24 05:30:04  DEBUG     CANDLE  IDEA          O=14.24  H=14.28  L=14.22  C=14.23
2026-06-24 05:30:04  DEBUG     CANDLE  IDEA          O=14.24  H=14.28  L=14.22  C=14.23
2026-06-24 05:30:07  DEBUG     CANDLE  NHPC          O=78.45  H=78.55  L=78.36  C=78.39
2026-06-24 05:30:07  DEBUG     CANDLE  NHPC          O=78.45  H=78.55  L=78.36  C=78.39
2026-06-24 05:30:13  DEBUG     CANDLE  IDFCFIRSTB    O=78.88  H=79.05  L=78.86  C=78.98
2026-06-24 05:30:13  DEBUG     CANDLE  IDFCFIRSTB    O=78.88  H=79.05  L=78.86  C=78.98
2026-06-24 05:30:31  DEBUG     Sending ping
2026-06-24 05:30:31  DEBUG     Sending ping
2026-06-24 05:31:01  DEBUG     Sending ping
2026-06-24 05:31:01  DEBUG     Sending ping
2026-06-24 05:31:31  DEBUG     Sending ping
2026-06-24 05:31:31  DEBUG     Sending ping
2026-06-24 05:32:01  DEBUG     Sending ping
2026-06-24 05:32:01  DEBUG     Sending ping
2026-06-24 05:32:31  DEBUG     Sending ping
2026-06-24 05:32:31  DEBUG     Sending ping
2026-06-24 05:33:01  DEBUG     Sending ping
2026-06-24 05:33:01  DEBUG     Sending ping
2026-06-24 05:33:31  DEBUG     Sending ping
2026-06-24 05:33:31  DEBUG     Sending ping
2026-06-24 05:34:01  DEBUG     Sending ping
2026-06-24 05:34:01  DEBUG     Sending ping
2026-06-24 05:34:31  DEBUG     Sending ping
2026-06-24 05:34:31  DEBUG     Sending ping
2026-06-24 05:35:01  DEBUG     Sending ping
2026-06-24 05:35:01  DEBUG     Sending ping
2026-06-24 05:35:31  DEBUG     Sending ping
2026-06-24 05:35:31  DEBUG     Sending ping
2026-06-24 05:36:01  DEBUG     Sending ping
2026-06-24 05:36:01  DEBUG     Sending ping
2026-06-24 05:36:31  DEBUG     Sending ping
2026-06-24 05:36:31  DEBUG     Sending ping
2026-06-24 05:37:01  DEBUG     Sending ping
2026-06-24 05:37:01  DEBUG     Sending ping
2026-06-24 05:37:31  DEBUG     Sending ping
2026-06-24 05:37:31  DEBUG     Sending ping
2026-06-24 05:38:01  DEBUG     Sending ping
2026-06-24 05:38:01  DEBUG     Sending ping
2026-06-24 05:38:31  DEBUG     Sending ping
2026-06-24 05:38:31  DEBUG     Sending ping
2026-06-24 05:39:01  DEBUG     Sending ping
2026-06-24 05:39:01  DEBUG     Sending ping
2026-06-24 05:39:31  DEBUG     Sending ping
2026-06-24 05:39:31  DEBUG     Sending ping
2026-06-24 05:40:01  DEBUG     Sending ping
2026-06-24 05:40:01  DEBUG     Sending ping
2026-06-24 05:40:31  DEBUG     Sending ping
2026-06-24 05:40:31  DEBUG     Sending ping
2026-06-24 05:41:01  DEBUG     Sending ping
2026-06-24 05:41:01  DEBUG     Sending ping
2026-06-24 05:41:31  DEBUG     Sending ping
2026-06-24 05:41:31  DEBUG     Sending ping
2026-06-24 05:42:01  DEBUG     Sending ping
2026-06-24 05:42:01  DEBUG     Sending ping
2026-06-24 05:42:31  DEBUG     Sending ping
2026-06-24 05:42:31  DEBUG     Sending ping
2026-06-24 05:43:01  DEBUG     Sending ping
2026-06-24 05:43:01  DEBUG     Sending ping
2026-06-24 05:43:31  DEBUG     Sending ping
2026-06-24 05:43:31  DEBUG     Sending ping
2026-06-24 05:44:01  DEBUG     Sending ping
2026-06-24 05:44:01  DEBUG     Sending ping
2026-06-24 05:44:31  DEBUG     Sending ping
2026-06-24 05:44:31  DEBUG     Sending ping
2026-06-24 05:45:00  DEBUG     CANDLE  TATASTEEL     O=191.96  H=192.60  L=191.95  C=192.32
2026-06-24 05:45:00  DEBUG     CANDLE  TATASTEEL     O=191.96  H=192.60  L=191.95  C=192.32
2026-06-24 05:45:00  INFO      ENTRY #7    TATASTEEL     LONG   Rs192.33  qty=51  [flip UP | atr=0.78 st=191.10]
2026-06-24 05:45:00  INFO      ENTRY #7    TATASTEEL     LONG   Rs192.33  qty=51  [flip UP | atr=0.78 st=191.10]
2026-06-24 05:45:00  DEBUG     CANDLE  COALINDIA     O=443.85  H=444.30  L=443.65  C=443.90
2026-06-24 05:45:00  DEBUG     CANDLE  COALINDIA     O=443.85  H=444.30  L=443.65  C=443.90
2026-06-24 05:45:00  DEBUG     CANDLE  ADANIPORTS    O=1798.00  H=1803.70  L=1797.00  C=1799.90
2026-06-24 05:45:00  DEBUG     CANDLE  ADANIPORTS    O=1798.00  H=1803.70  L=1797.00  C=1799.90
2026-06-24 05:45:01  DEBUG     Sending ping
2026-06-24 05:45:01  DEBUG     Sending ping
2026-06-24 05:45:01  DEBUG     CANDLE  IDFCFIRSTB    O=79.00  H=79.06  L=78.67  C=78.76
2026-06-24 05:45:01  DEBUG     CANDLE  IDFCFIRSTB    O=79.00  H=79.06  L=78.67  C=78.76
2026-06-24 05:45:01  DEBUG     CANDLE  SUZLON        O=57.91  H=57.99  L=57.81  C=57.89
2026-06-24 05:45:01  DEBUG     CANDLE  SUZLON        O=57.91  H=57.99  L=57.81  C=57.89
2026-06-24 05:45:01  DEBUG     CANDLE  NATIONALUM    O=354.00  H=354.80  L=353.05  C=353.05
2026-06-24 05:45:01  DEBUG     CANDLE  NATIONALUM    O=354.00  H=354.80  L=353.05  C=353.05
2026-06-24 05:45:01  DEBUG     CANDLE  YESBANK       O=24.83  H=24.88  L=24.81  C=24.83
2026-06-24 05:45:01  DEBUG     CANDLE  YESBANK       O=24.83  H=24.88  L=24.81  C=24.83
2026-06-24 05:45:01  DEBUG     CANDLE  VEDL          O=280.10  H=281.05  L=280.10  C=280.90
2026-06-24 05:45:01  DEBUG     CANDLE  VEDL          O=280.10  H=281.05  L=280.10  C=280.90
2026-06-24 05:45:02  DEBUG     CANDLE  RPOWER        O=25.44  H=25.46  L=25.30  C=25.36
2026-06-24 05:45:02  DEBUG     CANDLE  RPOWER        O=25.44  H=25.46  L=25.30  C=25.36
2026-06-24 05:45:02  DEBUG     CANDLE  PNB           O=106.95  H=107.20  L=106.95  C=107.10
2026-06-24 05:45:02  DEBUG     CANDLE  PNB           O=106.95  H=107.20  L=106.95  C=107.10
2026-06-24 05:45:02  DEBUG     CANDLE  NMDC          O=84.95  H=85.25  L=84.95  C=85.22
2026-06-24 05:45:02  DEBUG     CANDLE  NMDC          O=84.95  H=85.25  L=84.95  C=85.22
2026-06-24 05:45:02  DEBUG     CANDLE  NTPC          O=360.00  H=360.75  L=359.90  C=360.05
2026-06-24 05:45:02  DEBUG     CANDLE  NTPC          O=360.00  H=360.75  L=359.90  C=360.05
2026-06-24 05:45:03  DEBUG     CANDLE  UNIONBANK     O=174.38  H=174.94  L=174.35  C=174.63
2026-06-24 05:45:03  DEBUG     CANDLE  UNIONBANK     O=174.38  H=174.94  L=174.35  C=174.63
2026-06-24 05:45:04  DEBUG     CANDLE  HFCL          O=200.60  H=201.40  L=200.10  C=200.56
2026-06-24 05:45:04  DEBUG     CANDLE  HFCL          O=200.60  H=201.40  L=200.10  C=200.56
2026-06-24 05:45:07  DEBUG     CANDLE  NHPC          O=78.38  H=78.50  L=78.37  C=78.42
2026-06-24 05:45:07  DEBUG     CANDLE  NHPC          O=78.38  H=78.50  L=78.37  C=78.42
2026-06-24 05:45:07  DEBUG     CANDLE  SAIL          O=168.80  H=169.00  L=168.69  C=168.97
2026-06-24 05:45:07  DEBUG     CANDLE  SAIL          O=168.80  H=169.00  L=168.69  C=168.97
2026-06-24 05:45:08  DEBUG     CANDLE  IDEA          O=14.22  H=14.33  L=14.22  C=14.33
2026-06-24 05:45:08  DEBUG     CANDLE  IDEA          O=14.22  H=14.33  L=14.22  C=14.33
2026-06-24 05:45:14  DEBUG     CANDLE  BANKBARODA    O=276.25  H=277.60  L=276.25  C=277.30
2026-06-24 05:45:14  DEBUG     CANDLE  BANKBARODA    O=276.25  H=277.60  L=276.25  C=277.30
2026-06-24 05:45:31  DEBUG     Sending ping
2026-06-24 05:45:31  DEBUG     Sending ping
2026-06-24 05:46:01  DEBUG     Sending ping
2026-06-24 05:46:01  DEBUG     Sending ping
2026-06-24 05:46:31  DEBUG     Sending ping
2026-06-24 05:46:31  DEBUG     Sending ping
2026-06-24 05:47:01  DEBUG     Sending ping
2026-06-24 05:47:01  DEBUG     Sending ping
2026-06-24 05:47:31  DEBUG     Sending ping
2026-06-24 05:47:31  DEBUG     Sending ping
2026-06-24 05:48:01  DEBUG     Sending ping
2026-06-24 05:48:01  DEBUG     Sending ping
2026-06-24 05:48:31  DEBUG     Sending ping
2026-06-24 05:48:31  DEBUG     Sending ping
2026-06-24 05:49:01  DEBUG     Sending ping
2026-06-24 05:49:01  DEBUG     Sending ping
2026-06-24 05:49:31  DEBUG     Sending ping
2026-06-24 05:49:31  DEBUG     Sending ping
2026-06-24 05:50:01  DEBUG     Sending ping
2026-06-24 05:50:01  DEBUG     Sending ping
2026-06-24 05:50:31  DEBUG     Sending ping
2026-06-24 05:50:31  DEBUG     Sending ping
2026-06-24 05:51:01  DEBUG     Sending ping
2026-06-24 05:51:01  DEBUG     Sending ping
2026-06-24 05:51:31  DEBUG     Sending ping
2026-06-24 05:51:31  DEBUG     Sending ping
2026-06-24 05:52:01  DEBUG     Sending ping
2026-06-24 05:52:01  DEBUG     Sending ping
2026-06-24 05:52:31  DEBUG     Sending ping
2026-06-24 05:52:31  DEBUG     Sending ping
2026-06-24 05:53:01  DEBUG     Sending ping
2026-06-24 05:53:01  DEBUG     Sending ping
2026-06-24 05:53:31  DEBUG     Sending ping
2026-06-24 05:53:31  DEBUG     Sending ping
2026-06-24 05:54:01  DEBUG     Sending ping
2026-06-24 05:54:01  DEBUG     Sending ping
2026-06-24 05:54:31  DEBUG     Sending ping
2026-06-24 05:54:31  DEBUG     Sending ping
2026-06-24 05:55:01  DEBUG     Sending ping
2026-06-24 05:55:01  DEBUG     Sending ping
2026-06-24 05:55:31  DEBUG     Sending ping
2026-06-24 05:55:31  DEBUG     Sending ping
2026-06-24 05:56:01  DEBUG     Sending ping
2026-06-24 05:56:01  DEBUG     Sending ping
2026-06-24 05:56:31  DEBUG     Sending ping
2026-06-24 05:56:31  DEBUG     Sending ping
2026-06-24 05:57:01  DEBUG     Sending ping
2026-06-24 05:57:01  DEBUG     Sending ping
2026-06-24 05:57:31  DEBUG     Sending ping
2026-06-24 05:57:31  DEBUG     Sending ping
2026-06-24 05:58:01  DEBUG     Sending ping
2026-06-24 05:58:01  DEBUG     Sending ping
2026-06-24 05:58:31  DEBUG     Sending ping
2026-06-24 05:58:31  DEBUG     Sending ping
2026-06-24 05:59:01  DEBUG     Sending ping
2026-06-24 05:59:01  DEBUG     Sending ping
2026-06-24 05:59:31  DEBUG     Sending ping
2026-06-24 05:59:31  DEBUG     Sending ping
2026-06-24 06:00:00  DEBUG     CANDLE  ADANIPORTS    O=1800.00  H=1800.00  L=1795.60  C=1798.10
2026-06-24 06:00:00  DEBUG     CANDLE  ADANIPORTS    O=1800.00  H=1800.00  L=1795.60  C=1798.10
2026-06-24 06:00:01  DEBUG     Sending ping
2026-06-24 06:00:01  DEBUG     Sending ping
2026-06-24 06:00:01  DEBUG     CANDLE  COALINDIA     O=444.00  H=444.40  L=443.25  C=443.50
2026-06-24 06:00:01  DEBUG     CANDLE  COALINDIA     O=444.00  H=444.40  L=443.25  C=443.50
2026-06-24 06:00:01  DEBUG     CANDLE  SAIL          O=168.95  H=168.99  L=168.70  C=168.92
2026-06-24 06:00:01  DEBUG     CANDLE  SAIL          O=168.95  H=168.99  L=168.70  C=168.92
2026-06-24 06:00:01  DEBUG     CANDLE  HFCL          O=200.60  H=202.70  L=200.34  C=202.64
2026-06-24 06:00:01  DEBUG     CANDLE  HFCL          O=200.60  H=202.70  L=200.34  C=202.64
2026-06-24 06:00:01  DEBUG     CANDLE  PNB           O=107.09  H=107.25  L=107.03  C=107.18
2026-06-24 06:00:01  DEBUG     CANDLE  PNB           O=107.09  H=107.25  L=107.03  C=107.18
2026-06-24 06:00:01  DEBUG     CANDLE  NHPC          O=78.41  H=78.57  L=78.35  C=78.53
2026-06-24 06:00:01  DEBUG     CANDLE  NHPC          O=78.41  H=78.57  L=78.35  C=78.53
2026-06-24 06:00:01  DEBUG     CANDLE  NMDC          O=85.21  H=85.40  L=85.18  C=85.36
2026-06-24 06:00:01  DEBUG     CANDLE  NMDC          O=85.21  H=85.40  L=85.18  C=85.36
2026-06-24 06:00:01  DEBUG     CANDLE  VEDL          O=280.80  H=281.45  L=280.60  C=281.35
2026-06-24 06:00:01  DEBUG     CANDLE  VEDL          O=280.80  H=281.45  L=280.60  C=281.35
2026-06-24 06:00:02  DEBUG     CANDLE  TATASTEEL     O=192.33  H=193.05  L=192.31  C=192.84
2026-06-24 06:00:02  DEBUG     CANDLE  TATASTEEL     O=192.33  H=193.05  L=192.31  C=192.84
2026-06-24 06:00:02  DEBUG     CANDLE  BANKBARODA    O=277.20  H=277.70  L=277.20  C=277.60
2026-06-24 06:00:02  DEBUG     CANDLE  BANKBARODA    O=277.20  H=277.70  L=277.20  C=277.60
2026-06-24 06:00:03  DEBUG     CANDLE  IDEA          O=14.32  H=14.47  L=14.30  C=14.42
2026-06-24 06:00:03  DEBUG     CANDLE  IDEA          O=14.32  H=14.47  L=14.30  C=14.42
2026-06-24 06:00:03  INFO      ENTRY #8    IDEA          LONG   Rs14.43  qty=693  [flip UP | atr=0.09 st=14.25]
2026-06-24 06:00:03  INFO      ENTRY #8    IDEA          LONG   Rs14.43  qty=693  [flip UP | atr=0.09 st=14.25]
2026-06-24 06:00:04  DEBUG     CANDLE  NTPC          O=360.10  H=360.10  L=357.50  C=358.00
2026-06-24 06:00:04  DEBUG     CANDLE  NTPC          O=360.10  H=360.10  L=357.50  C=358.00
2026-06-24 06:00:04  DEBUG     CANDLE  SUZLON        O=57.92  H=57.95  L=57.70  C=57.85
2026-06-24 06:00:04  DEBUG     CANDLE  SUZLON        O=57.92  H=57.95  L=57.70  C=57.85
2026-06-24 06:00:04  DEBUG     CANDLE  NATIONALUM    O=353.10  H=353.55  L=352.55  C=352.80
2026-06-24 06:00:04  DEBUG     CANDLE  NATIONALUM    O=353.10  H=353.55  L=352.55  C=352.80
2026-06-24 06:00:04  DEBUG     CANDLE  YESBANK       O=24.85  H=24.90  L=24.83  C=24.90
2026-06-24 06:00:04  DEBUG     CANDLE  YESBANK       O=24.85  H=24.90  L=24.83  C=24.90
2026-06-24 06:00:04  DEBUG     CANDLE  UNIONBANK     O=174.59  H=174.79  L=174.30  C=174.42
2026-06-24 06:00:04  DEBUG     CANDLE  UNIONBANK     O=174.59  H=174.79  L=174.30  C=174.42
2026-06-24 06:00:07  DEBUG     CANDLE  IDFCFIRSTB    O=78.79  H=78.88  L=78.68  C=78.71
2026-06-24 06:00:07  DEBUG     CANDLE  IDFCFIRSTB    O=78.79  H=78.88  L=78.68  C=78.71
2026-06-24 06:00:19  DEBUG     CANDLE  RPOWER        O=25.37  H=25.38  L=25.28  C=25.30
2026-06-24 06:00:19  DEBUG     CANDLE  RPOWER        O=25.37  H=25.38  L=25.28  C=25.30
2026-06-24 06:00:31  DEBUG     Sending ping
2026-06-24 06:00:31  DEBUG     Sending ping
2026-06-24 06:01:01  DEBUG     Sending ping
2026-06-24 06:01:01  DEBUG     Sending ping
2026-06-24 06:01:31  DEBUG     Sending ping
2026-06-24 06:01:31  DEBUG     Sending ping
2026-06-24 06:02:01  DEBUG     Sending ping
2026-06-24 06:02:01  DEBUG     Sending ping
2026-06-24 06:02:31  DEBUG     Sending ping
2026-06-24 06:02:31  DEBUG     Sending ping
2026-06-24 06:03:01  DEBUG     Sending ping
2026-06-24 06:03:01  DEBUG     Sending ping
2026-06-24 06:03:31  DEBUG     Sending ping
2026-06-24 06:03:31  DEBUG     Sending ping
2026-06-24 06:04:01  DEBUG     Sending ping
2026-06-24 06:04:01  DEBUG     Sending ping
2026-06-24 06:04:31  DEBUG     Sending ping
2026-06-24 06:04:31  DEBUG     Sending ping
2026-06-24 06:05:01  DEBUG     Sending ping
2026-06-24 06:05:01  DEBUG     Sending ping
2026-06-24 06:05:31  DEBUG     Sending ping
2026-06-24 06:05:31  DEBUG     Sending ping
2026-06-24 06:06:01  DEBUG     Sending ping
2026-06-24 06:06:01  DEBUG     Sending ping
2026-06-24 06:06:31  DEBUG     Sending ping
2026-06-24 06:06:31  DEBUG     Sending ping
2026-06-24 06:07:01  DEBUG     Sending ping
2026-06-24 06:07:01  DEBUG     Sending ping
2026-06-24 06:07:31  DEBUG     Sending ping
2026-06-24 06:07:31  DEBUG     Sending ping
2026-06-24 06:08:01  DEBUG     Sending ping
2026-06-24 06:08:01  DEBUG     Sending ping
2026-06-24 06:08:31  DEBUG     Sending ping
2026-06-24 06:08:31  DEBUG     Sending ping
2026-06-24 06:09:01  DEBUG     Sending ping
2026-06-24 06:09:01  DEBUG     Sending ping
2026-06-24 06:09:31  DEBUG     Sending ping
2026-06-24 06:09:31  DEBUG     Sending ping
2026-06-24 06:10:01  DEBUG     Sending ping
2026-06-24 06:10:01  DEBUG     Sending ping
2026-06-24 06:10:31  DEBUG     Sending ping
2026-06-24 06:10:31  DEBUG     Sending ping
2026-06-24 06:11:01  DEBUG     Sending ping
2026-06-24 06:11:01  DEBUG     Sending ping
2026-06-24 06:11:31  DEBUG     Sending ping
2026-06-24 06:11:31  DEBUG     Sending ping
2026-06-24 06:12:01  DEBUG     Sending ping
2026-06-24 06:12:01  DEBUG     Sending ping
2026-06-24 06:12:31  DEBUG     Sending ping
2026-06-24 06:12:31  DEBUG     Sending ping
2026-06-24 06:13:01  DEBUG     Sending ping
2026-06-24 06:13:01  DEBUG     Sending ping
2026-06-24 06:13:31  DEBUG     Sending ping
2026-06-24 06:13:31  DEBUG     Sending ping
2026-06-24 06:14:01  DEBUG     Sending ping
2026-06-24 06:14:01  DEBUG     Sending ping
2026-06-24 06:14:31  DEBUG     Sending ping
2026-06-24 06:14:31  DEBUG     Sending ping
2026-06-24 06:15:00  DEBUG     CANDLE  SUZLON        O=57.84  H=58.70  L=57.75  C=58.60
2026-06-24 06:15:00  DEBUG     CANDLE  SUZLON        O=57.84  H=58.70  L=57.75  C=58.60
2026-06-24 06:15:00  INFO      EXIT  #8    SUZLON        WIN   Rs+58.48  entry=Rs58.11@09:30  exit=Rs57.77  total=Rs+162.91
2026-06-24 06:15:00  INFO      EXIT  #8    SUZLON        WIN   Rs+58.48  entry=Rs58.11@09:30  exit=Rs57.77  total=Rs+162.91
2026-06-24 06:15:00  INFO      ENTRY #9    SUZLON        LONG   Rs58.61  qty=170  [flip UP | atr=0.31 st=57.75]
2026-06-24 06:15:00  INFO      ENTRY #9    SUZLON        LONG   Rs58.61  qty=170  [flip UP | atr=0.31 st=57.75]
2026-06-24 06:15:01  DEBUG     CANDLE  TATASTEEL     O=192.82  H=192.84  L=192.28  C=192.57
2026-06-24 06:15:01  DEBUG     CANDLE  TATASTEEL     O=192.82  H=192.84  L=192.28  C=192.57
2026-06-24 06:15:01  DEBUG     CANDLE  HFCL          O=202.54  H=202.64  L=201.00  C=201.03
2026-06-24 06:15:01  DEBUG     CANDLE  HFCL          O=202.54  H=202.64  L=201.00  C=201.03
2026-06-24 06:15:01  DEBUG     CANDLE  NMDC          O=85.35  H=85.49  L=85.23  C=85.49
2026-06-24 06:15:01  DEBUG     CANDLE  NMDC          O=85.35  H=85.49  L=85.23  C=85.49
2026-06-24 06:15:01  DEBUG     CANDLE  NATIONALUM    O=352.70  H=352.85  L=351.70  C=352.60
2026-06-24 06:15:01  DEBUG     CANDLE  NATIONALUM    O=352.70  H=352.85  L=351.70  C=352.60
2026-06-24 06:15:01  DEBUG     CANDLE  VEDL          O=281.45  H=281.45  L=280.75  C=281.15
2026-06-24 06:15:01  DEBUG     CANDLE  VEDL          O=281.45  H=281.45  L=280.75  C=281.15
2026-06-24 06:15:01  DEBUG     Sending ping
2026-06-24 06:15:01  DEBUG     Sending ping
2026-06-24 06:15:01  DEBUG     CANDLE  PNB           O=107.19  H=107.68  L=107.17  C=107.60
2026-06-24 06:15:01  DEBUG     CANDLE  PNB           O=107.19  H=107.68  L=107.17  C=107.60
2026-06-24 06:15:01  INFO      EXIT  #9    PNB           WIN   Rs+7.44  entry=Rs107.00@09:30  exit=Rs106.92  total=Rs+170.35
2026-06-24 06:15:01  INFO      EXIT  #9    PNB           WIN   Rs+7.44  entry=Rs107.00@09:30  exit=Rs106.92  total=Rs+170.35
2026-06-24 06:15:01  INFO      ENTRY #10   PNB           LONG   Rs107.61  qty=92  [flip UP | atr=0.35 st=106.91]
2026-06-24 06:15:01  INFO      ENTRY #10   PNB           LONG   Rs107.61  qty=92  [flip UP | atr=0.35 st=106.91]
2026-06-24 06:15:02  DEBUG     CANDLE  NTPC          O=358.10  H=359.20  L=357.70  C=358.30
2026-06-24 06:15:02  DEBUG     CANDLE  NTPC          O=358.10  H=359.20  L=357.70  C=358.30
2026-06-24 06:15:02  DEBUG     CANDLE  ADANIPORTS    O=1798.20  H=1804.40  L=1797.50  C=1800.50
2026-06-24 06:15:02  DEBUG     CANDLE  ADANIPORTS    O=1798.20  H=1804.40  L=1797.50  C=1800.50
2026-06-24 06:15:02  DEBUG     CANDLE  SAIL          O=168.90  H=168.90  L=168.40  C=168.75
2026-06-24 06:15:02  DEBUG     CANDLE  SAIL          O=168.90  H=168.90  L=168.40  C=168.75
2026-06-24 06:15:02  DEBUG     CANDLE  UNIONBANK     O=174.45  H=175.19  L=174.25  C=174.82
2026-06-24 06:15:02  DEBUG     CANDLE  UNIONBANK     O=174.45  H=175.19  L=174.25  C=174.82
2026-06-24 06:15:03  DEBUG     CANDLE  RPOWER        O=25.31  H=25.38  L=25.28  C=25.37
2026-06-24 06:15:03  DEBUG     CANDLE  RPOWER        O=25.31  H=25.38  L=25.28  C=25.37
2026-06-24 06:15:03  DEBUG     CANDLE  NHPC          O=78.52  H=78.68  L=78.39  C=78.60
2026-06-24 06:15:03  DEBUG     CANDLE  NHPC          O=78.52  H=78.68  L=78.39  C=78.60
2026-06-24 06:15:03  DEBUG     CANDLE  YESBANK       O=24.89  H=24.94  L=24.87  C=24.94
2026-06-24 06:15:03  DEBUG     CANDLE  YESBANK       O=24.89  H=24.94  L=24.87  C=24.94
2026-06-24 06:15:04  DEBUG     CANDLE  BANKBARODA    O=277.55  H=279.60  L=277.50  C=279.35
2026-06-24 06:15:04  DEBUG     CANDLE  BANKBARODA    O=277.55  H=279.60  L=277.50  C=279.35
2026-06-24 06:15:04  DEBUG     CANDLE  COALINDIA     O=443.55  H=443.95  L=442.75  C=443.55
2026-06-24 06:15:04  DEBUG     CANDLE  COALINDIA     O=443.55  H=443.95  L=442.75  C=443.55
2026-06-24 06:15:05  DEBUG     CANDLE  IDFCFIRSTB    O=78.70  H=78.77  L=78.51  C=78.66
2026-06-24 06:15:05  DEBUG     CANDLE  IDFCFIRSTB    O=78.70  H=78.77  L=78.51  C=78.66
2026-06-24 06:15:07  DEBUG     CANDLE  IDEA          O=14.43  H=14.49  L=14.41  C=14.44
2026-06-24 06:15:07  DEBUG     CANDLE  IDEA          O=14.43  H=14.49  L=14.41  C=14.44
2026-06-24 06:15:31  DEBUG     Sending ping
2026-06-24 06:15:31  DEBUG     Sending ping
2026-06-24 06:16:01  DEBUG     Sending ping
2026-06-24 06:16:01  DEBUG     Sending ping
2026-06-24 06:16:31  DEBUG     Sending ping
2026-06-24 06:16:31  DEBUG     Sending ping
2026-06-24 06:17:01  DEBUG     Sending ping
2026-06-24 06:17:01  DEBUG     Sending ping
2026-06-24 06:17:31  DEBUG     Sending ping
2026-06-24 06:17:31  DEBUG     Sending ping
2026-06-24 06:18:01  DEBUG     Sending ping
2026-06-24 06:18:01  DEBUG     Sending ping
2026-06-24 06:18:31  DEBUG     Sending ping
2026-06-24 06:18:31  DEBUG     Sending ping
2026-06-24 06:19:01  DEBUG     Sending ping
2026-06-24 06:19:01  DEBUG     Sending ping
2026-06-24 06:19:31  DEBUG     Sending ping
2026-06-24 06:19:31  DEBUG     Sending ping
2026-06-24 06:20:01  DEBUG     Sending ping
2026-06-24 06:20:01  DEBUG     Sending ping
2026-06-24 06:20:31  DEBUG     Sending ping
2026-06-24 06:20:31  DEBUG     Sending ping
2026-06-24 06:21:01  DEBUG     Sending ping
2026-06-24 06:21:01  DEBUG     Sending ping
2026-06-24 06:21:31  DEBUG     Sending ping
2026-06-24 06:21:31  DEBUG     Sending ping
2026-06-24 06:22:01  DEBUG     Sending ping
2026-06-24 06:22:01  DEBUG     Sending ping
2026-06-24 06:22:31  DEBUG     Sending ping
2026-06-24 06:22:31  DEBUG     Sending ping
2026-06-24 06:23:01  DEBUG     Sending ping
2026-06-24 06:23:01  DEBUG     Sending ping
2026-06-24 06:23:31  DEBUG     Sending ping
2026-06-24 06:23:31  DEBUG     Sending ping
2026-06-24 06:24:01  DEBUG     Sending ping
2026-06-24 06:24:01  DEBUG     Sending ping
2026-06-24 06:24:31  DEBUG     Sending ping
2026-06-24 06:24:31  DEBUG     Sending ping
2026-06-24 06:25:01  DEBUG     Sending ping
2026-06-24 06:25:01  DEBUG     Sending ping
2026-06-24 06:25:31  DEBUG     Sending ping
2026-06-24 06:25:31  DEBUG     Sending ping
2026-06-24 06:26:01  DEBUG     Sending ping
2026-06-24 06:26:01  DEBUG     Sending ping
2026-06-24 06:26:31  DEBUG     Sending ping
2026-06-24 06:26:31  DEBUG     Sending ping
2026-06-24 06:27:01  DEBUG     Sending ping
2026-06-24 06:27:01  DEBUG     Sending ping
2026-06-24 06:27:31  DEBUG     Sending ping
2026-06-24 06:27:31  DEBUG     Sending ping
2026-06-24 06:28:01  DEBUG     Sending ping
2026-06-24 06:28:01  DEBUG     Sending ping
2026-06-24 06:28:31  DEBUG     Sending ping
2026-06-24 06:28:31  DEBUG     Sending ping
2026-06-24 06:29:01  DEBUG     Sending ping
2026-06-24 06:29:01  DEBUG     Sending ping
2026-06-24 06:29:31  DEBUG     Sending ping
2026-06-24 06:29:31  DEBUG     Sending ping
2026-06-24 06:30:00  DEBUG     CANDLE  HFCL          O=201.10  H=204.20  L=200.35  C=204.02
2026-06-24 06:30:00  DEBUG     CANDLE  HFCL          O=201.10  H=204.20  L=200.35  C=204.02
2026-06-24 06:30:00  DEBUG     CANDLE  NTPC          O=358.20  H=359.00  L=357.50  C=358.50
2026-06-24 06:30:00  DEBUG     CANDLE  NTPC          O=358.20  H=359.00  L=357.50  C=358.50
2026-06-24 06:30:00  DEBUG     CANDLE  PNB           O=107.61  H=107.95  L=107.57  C=107.79
2026-06-24 06:30:00  DEBUG     CANDLE  PNB           O=107.61  H=107.95  L=107.57  C=107.79
2026-06-24 06:30:00  DEBUG     CANDLE  TATASTEEL     O=192.58  H=192.71  L=192.36  C=192.42
2026-06-24 06:30:00  DEBUG     CANDLE  TATASTEEL     O=192.58  H=192.71  L=192.36  C=192.42
2026-06-24 06:30:01  DEBUG     CANDLE  ADANIPORTS    O=1800.70  H=1802.30  L=1797.50  C=1800.40
2026-06-24 06:30:01  DEBUG     CANDLE  ADANIPORTS    O=1800.70  H=1802.30  L=1797.50  C=1800.40
2026-06-24 06:30:01  DEBUG     CANDLE  BANKBARODA    O=279.25  H=280.25  L=278.90  C=280.00
2026-06-24 06:30:01  DEBUG     CANDLE  BANKBARODA    O=279.25  H=280.25  L=278.90  C=280.00
2026-06-24 06:30:01  DEBUG     Sending ping
2026-06-24 06:30:01  DEBUG     Sending ping
2026-06-24 06:30:01  DEBUG     CANDLE  SAIL          O=168.80  H=169.93  L=168.57  C=169.50
2026-06-24 06:30:01  DEBUG     CANDLE  SAIL          O=168.80  H=169.93  L=168.57  C=169.50
2026-06-24 06:30:03  DEBUG     CANDLE  RPOWER        O=25.38  H=25.39  L=25.24  C=25.24
2026-06-24 06:30:03  DEBUG     CANDLE  RPOWER        O=25.38  H=25.39  L=25.24  C=25.24
2026-06-24 06:30:03  DEBUG     CANDLE  IDEA          O=14.45  H=14.53  L=14.43  C=14.51
2026-06-24 06:30:03  DEBUG     CANDLE  IDEA          O=14.45  H=14.53  L=14.43  C=14.51
2026-06-24 06:30:03  DEBUG     CANDLE  SUZLON        O=58.57  H=58.78  L=58.49  C=58.54
2026-06-24 06:30:03  DEBUG     CANDLE  SUZLON        O=58.57  H=58.78  L=58.49  C=58.54
2026-06-24 06:30:04  DEBUG     CANDLE  NHPC          O=78.57  H=78.89  L=78.54  C=78.84
2026-06-24 06:30:04  DEBUG     CANDLE  NHPC          O=78.57  H=78.89  L=78.54  C=78.84
2026-06-24 06:30:04  DEBUG     CANDLE  UNIONBANK     O=174.96  H=175.45  L=174.82  C=175.04
2026-06-24 06:30:04  DEBUG     CANDLE  UNIONBANK     O=174.96  H=175.45  L=174.82  C=175.04
2026-06-24 06:30:04  DEBUG     CANDLE  NATIONALUM    O=352.65  H=353.55  L=351.80  C=352.15
2026-06-24 06:30:04  DEBUG     CANDLE  NATIONALUM    O=352.65  H=353.55  L=351.80  C=352.15
2026-06-24 06:30:04  DEBUG     CANDLE  YESBANK       O=24.93  H=25.03  L=24.90  C=24.96
2026-06-24 06:30:04  DEBUG     CANDLE  YESBANK       O=24.93  H=25.03  L=24.90  C=24.96
2026-06-24 06:30:04  DEBUG     CANDLE  VEDL          O=281.20  H=283.10  L=281.05  C=282.10
2026-06-24 06:30:04  DEBUG     CANDLE  VEDL          O=281.20  H=283.10  L=281.05  C=282.10
2026-06-24 06:30:06  DEBUG     CANDLE  IDFCFIRSTB    O=78.63  H=79.20  L=78.60  C=79.14
2026-06-24 06:30:06  DEBUG     CANDLE  IDFCFIRSTB    O=78.63  H=79.20  L=78.60  C=79.14
2026-06-24 06:30:06  INFO      ENTRY #11   IDFCFIRSTB    LONG   Rs79.15  qty=126  [flip UP | atr=0.38 st=78.41]
2026-06-24 06:30:06  INFO      ENTRY #11   IDFCFIRSTB    LONG   Rs79.15  qty=126  [flip UP | atr=0.38 st=78.41]
2026-06-24 06:30:09  DEBUG     CANDLE  NMDC          O=85.48  H=85.60  L=85.30  C=85.34
2026-06-24 06:30:09  DEBUG     CANDLE  NMDC          O=85.48  H=85.60  L=85.30  C=85.34
2026-06-24 06:30:10  DEBUG     CANDLE  COALINDIA     O=443.40  H=443.65  L=443.00  C=443.45
2026-06-24 06:30:10  DEBUG     CANDLE  COALINDIA     O=443.40  H=443.65  L=443.00  C=443.45
2026-06-24 06:30:31  DEBUG     Sending ping
2026-06-24 06:30:31  DEBUG     Sending ping
2026-06-24 06:31:01  DEBUG     Sending ping
2026-06-24 06:31:01  DEBUG     Sending ping
2026-06-24 06:31:31  DEBUG     Sending ping
2026-06-24 06:31:31  DEBUG     Sending ping
2026-06-24 06:32:01  DEBUG     Sending ping
2026-06-24 06:32:01  DEBUG     Sending ping
2026-06-24 06:32:31  DEBUG     Sending ping
2026-06-24 06:32:31  DEBUG     Sending ping
2026-06-24 06:33:01  DEBUG     Sending ping
2026-06-24 06:33:01  DEBUG     Sending ping
2026-06-24 06:33:31  DEBUG     Sending ping
2026-06-24 06:33:31  DEBUG     Sending ping
2026-06-24 06:34:01  DEBUG     Sending ping
2026-06-24 06:34:01  DEBUG     Sending ping
2026-06-24 06:34:31  DEBUG     Sending ping
2026-06-24 06:34:31  DEBUG     Sending ping
2026-06-24 06:35:01  DEBUG     Sending ping
2026-06-24 06:35:01  DEBUG     Sending ping
2026-06-24 06:35:31  DEBUG     Sending ping
2026-06-24 06:35:31  DEBUG     Sending ping
2026-06-24 06:36:01  DEBUG     Sending ping
2026-06-24 06:36:01  DEBUG     Sending ping
2026-06-24 06:36:31  DEBUG     Sending ping
2026-06-24 06:36:31  DEBUG     Sending ping
2026-06-24 06:37:01  DEBUG     Sending ping
2026-06-24 06:37:01  DEBUG     Sending ping
2026-06-24 06:37:31  DEBUG     Sending ping
2026-06-24 06:37:31  DEBUG     Sending ping
2026-06-24 06:38:01  DEBUG     Sending ping
2026-06-24 06:38:01  DEBUG     Sending ping
2026-06-24 06:38:31  DEBUG     Sending ping
2026-06-24 06:38:31  DEBUG     Sending ping
2026-06-24 06:39:01  DEBUG     Sending ping
2026-06-24 06:39:01  DEBUG     Sending ping
2026-06-24 06:39:31  DEBUG     Sending ping
2026-06-24 06:39:31  DEBUG     Sending ping
2026-06-24 06:40:01  DEBUG     Sending ping
2026-06-24 06:40:01  DEBUG     Sending ping
2026-06-24 06:40:31  DEBUG     Sending ping
2026-06-24 06:40:31  DEBUG     Sending ping
2026-06-24 06:41:01  DEBUG     Sending ping
2026-06-24 06:41:01  DEBUG     Sending ping
2026-06-24 06:41:31  DEBUG     Sending ping
2026-06-24 06:41:31  DEBUG     Sending ping
2026-06-24 06:42:01  DEBUG     Sending ping
2026-06-24 06:42:01  DEBUG     Sending ping
2026-06-24 06:42:31  DEBUG     Sending ping
2026-06-24 06:42:31  DEBUG     Sending ping
2026-06-24 06:43:01  DEBUG     Sending ping
2026-06-24 06:43:01  DEBUG     Sending ping
2026-06-24 06:43:31  DEBUG     Sending ping
2026-06-24 06:43:31  DEBUG     Sending ping
2026-06-24 06:44:01  DEBUG     Sending ping
2026-06-24 06:44:01  DEBUG     Sending ping
2026-06-24 06:44:31  DEBUG     Sending ping
2026-06-24 06:44:31  DEBUG     Sending ping
2026-06-24 06:45:00  DEBUG     CANDLE  TATASTEEL     O=192.44  H=192.60  L=191.80  C=192.05
2026-06-24 06:45:00  DEBUG     CANDLE  TATASTEEL     O=192.44  H=192.60  L=191.80  C=192.05
2026-06-24 06:45:00  DEBUG     CANDLE  PNB           O=107.76  H=107.91  L=107.54  C=107.54
2026-06-24 06:45:00  DEBUG     CANDLE  PNB           O=107.76  H=107.91  L=107.54  C=107.54
2026-06-24 06:45:00  DEBUG     CANDLE  IDEA          O=14.52  H=14.54  L=14.46  C=14.50
2026-06-24 06:45:00  DEBUG     CANDLE  IDEA          O=14.52  H=14.54  L=14.46  C=14.50
2026-06-24 06:45:00  DEBUG     CANDLE  SUZLON        O=58.53  H=58.61  L=58.36  C=58.38
2026-06-24 06:45:00  DEBUG     CANDLE  SUZLON        O=58.53  H=58.61  L=58.36  C=58.38
2026-06-24 06:45:01  DEBUG     Sending ping
2026-06-24 06:45:01  DEBUG     Sending ping
2026-06-24 06:45:01  DEBUG     CANDLE  ADANIPORTS    O=1801.00  H=1802.80  L=1797.00  C=1800.70
2026-06-24 06:45:01  DEBUG     CANDLE  ADANIPORTS    O=1801.00  H=1802.80  L=1797.00  C=1800.70
2026-06-24 06:45:01  DEBUG     CANDLE  COALINDIA     O=443.60  H=443.65  L=442.95  C=443.25
2026-06-24 06:45:01  DEBUG     CANDLE  COALINDIA     O=443.60  H=443.65  L=442.95  C=443.25
2026-06-24 06:45:02  DEBUG     CANDLE  NHPC          O=78.82  H=79.15  L=78.79  C=78.91
2026-06-24 06:45:02  DEBUG     CANDLE  NHPC          O=78.82  H=79.15  L=78.79  C=78.91
2026-06-24 06:45:02  DEBUG     CANDLE  NTPC          O=358.60  H=359.20  L=358.05  C=358.40
2026-06-24 06:45:02  DEBUG     CANDLE  NTPC          O=358.60  H=359.20  L=358.05  C=358.40
2026-06-24 06:45:04  DEBUG     CANDLE  HFCL          O=204.01  H=204.03  L=201.47  C=201.71
2026-06-24 06:45:04  DEBUG     CANDLE  HFCL          O=204.01  H=204.03  L=201.47  C=201.71
2026-06-24 06:45:04  DEBUG     CANDLE  NMDC          O=85.32  H=85.41  L=85.30  C=85.35
2026-06-24 06:45:04  DEBUG     CANDLE  NMDC          O=85.32  H=85.41  L=85.30  C=85.35
2026-06-24 06:45:04  DEBUG     CANDLE  VEDL          O=282.05  H=282.85  L=282.00  C=282.05
2026-06-24 06:45:04  DEBUG     CANDLE  VEDL          O=282.05  H=282.85  L=282.00  C=282.05
2026-06-24 06:45:06  DEBUG     CANDLE  RPOWER        O=25.26  H=25.26  L=25.18  C=25.22
2026-06-24 06:45:06  DEBUG     CANDLE  RPOWER        O=25.26  H=25.26  L=25.18  C=25.22
2026-06-24 06:45:06  DEBUG     CANDLE  IDFCFIRSTB    O=79.13  H=79.36  L=79.05  C=79.05
2026-06-24 06:45:06  DEBUG     CANDLE  IDFCFIRSTB    O=79.13  H=79.36  L=79.05  C=79.05
2026-06-24 06:45:06  DEBUG     CANDLE  BANKBARODA    O=279.85  H=280.60  L=279.65  C=279.85
2026-06-24 06:45:06  DEBUG     CANDLE  BANKBARODA    O=279.85  H=280.60  L=279.65  C=279.85
2026-06-24 06:45:08  DEBUG     CANDLE  YESBANK       O=24.97  H=25.02  L=24.94  C=24.95
2026-06-24 06:45:08  DEBUG     CANDLE  YESBANK       O=24.97  H=25.02  L=24.94  C=24.95
2026-06-24 06:45:10  DEBUG     CANDLE  SAIL          O=169.49  H=169.86  L=168.26  C=168.50
2026-06-24 06:45:10  DEBUG     CANDLE  SAIL          O=169.49  H=169.86  L=168.26  C=168.50
2026-06-24 06:45:16  DEBUG     CANDLE  NATIONALUM    O=352.30  H=352.30  L=350.55  C=350.95
2026-06-24 06:45:16  DEBUG     CANDLE  NATIONALUM    O=352.30  H=352.30  L=350.55  C=350.95
2026-06-24 06:45:17  DEBUG     CANDLE  UNIONBANK     O=175.05  H=175.37  L=175.00  C=175.00
2026-06-24 06:45:17  DEBUG     CANDLE  UNIONBANK     O=175.05  H=175.37  L=175.00  C=175.00
2026-06-24 06:45:31  DEBUG     Sending ping
2026-06-24 06:45:31  DEBUG     Sending ping
2026-06-24 06:46:01  DEBUG     Sending ping
2026-06-24 06:46:01  DEBUG     Sending ping
2026-06-24 06:46:31  DEBUG     Sending ping
2026-06-24 06:46:31  DEBUG     Sending ping
2026-06-24 06:47:01  DEBUG     Sending ping
2026-06-24 06:47:01  DEBUG     Sending ping
2026-06-24 06:47:31  DEBUG     Sending ping
2026-06-24 06:47:31  DEBUG     Sending ping
2026-06-24 06:48:01  DEBUG     Sending ping
2026-06-24 06:48:01  DEBUG     Sending ping
2026-06-24 06:48:31  DEBUG     Sending ping
2026-06-24 06:48:31  DEBUG     Sending ping
2026-06-24 06:49:01  DEBUG     Sending ping
2026-06-24 06:49:01  DEBUG     Sending ping
2026-06-24 06:49:31  DEBUG     Sending ping
2026-06-24 06:49:31  DEBUG     Sending ping
2026-06-24 06:50:01  DEBUG     Sending ping
2026-06-24 06:50:01  DEBUG     Sending ping
2026-06-24 06:50:31  DEBUG     Sending ping
2026-06-24 06:50:31  DEBUG     Sending ping
2026-06-24 06:51:01  DEBUG     Sending ping
2026-06-24 06:51:01  DEBUG     Sending ping
2026-06-24 06:51:31  DEBUG     Sending ping
2026-06-24 06:51:31  DEBUG     Sending ping
2026-06-24 06:52:01  DEBUG     Sending ping
2026-06-24 06:52:01  DEBUG     Sending ping
2026-06-24 06:52:31  DEBUG     Sending ping
2026-06-24 06:52:31  DEBUG     Sending ping
2026-06-24 06:53:01  DEBUG     Sending ping
2026-06-24 06:53:01  DEBUG     Sending ping
2026-06-24 06:53:31  DEBUG     Sending ping
2026-06-24 06:53:31  DEBUG     Sending ping
2026-06-24 06:54:01  DEBUG     Sending ping
2026-06-24 06:54:01  DEBUG     Sending ping
2026-06-24 06:54:31  DEBUG     Sending ping
2026-06-24 06:54:31  DEBUG     Sending ping
2026-06-24 06:55:01  DEBUG     Sending ping
2026-06-24 06:55:01  DEBUG     Sending ping
2026-06-24 06:55:31  DEBUG     Sending ping
2026-06-24 06:55:31  DEBUG     Sending ping
2026-06-24 06:56:01  DEBUG     Sending ping
2026-06-24 06:56:01  DEBUG     Sending ping
2026-06-24 06:56:31  DEBUG     Sending ping
2026-06-24 06:56:31  DEBUG     Sending ping
2026-06-24 06:57:01  DEBUG     Sending ping
2026-06-24 06:57:01  DEBUG     Sending ping
2026-06-24 06:57:31  DEBUG     Sending ping
2026-06-24 06:57:31  DEBUG     Sending ping
2026-06-24 06:58:01  DEBUG     Sending ping
2026-06-24 06:58:01  DEBUG     Sending ping
2026-06-24 06:58:31  DEBUG     Sending ping
2026-06-24 06:58:31  DEBUG     Sending ping
2026-06-24 06:59:01  DEBUG     Sending ping
2026-06-24 06:59:01  DEBUG     Sending ping
2026-06-24 06:59:31  DEBUG     Sending ping
2026-06-24 06:59:31  DEBUG     Sending ping
2026-06-24 07:00:00  DEBUG     CANDLE  SUZLON        O=58.39  H=58.55  L=58.30  C=58.32
2026-06-24 07:00:00  DEBUG     CANDLE  SUZLON        O=58.39  H=58.55  L=58.30  C=58.32
2026-06-24 07:00:00  DEBUG     CANDLE  YESBANK       O=24.96  H=24.97  L=24.92  C=24.94
2026-06-24 07:00:00  DEBUG     CANDLE  YESBANK       O=24.96  H=24.97  L=24.92  C=24.94
2026-06-24 07:00:00  DEBUG     CANDLE  VEDL          O=282.10  H=282.25  L=281.70  C=281.75
2026-06-24 07:00:00  DEBUG     CANDLE  VEDL          O=282.10  H=282.25  L=281.70  C=281.75
2026-06-24 07:00:01  DEBUG     Sending ping
2026-06-24 07:00:01  DEBUG     Sending ping
2026-06-24 07:00:01  DEBUG     CANDLE  IDEA          O=14.49  H=14.53  L=14.48  C=14.49
2026-06-24 07:00:01  DEBUG     CANDLE  IDEA          O=14.49  H=14.53  L=14.48  C=14.49
2026-06-24 07:00:01  DEBUG     CANDLE  NHPC          O=78.95  H=79.18  L=78.91  C=79.12
2026-06-24 07:00:01  DEBUG     CANDLE  NHPC          O=78.95  H=79.18  L=78.91  C=79.12
2026-06-24 07:00:02  DEBUG     CANDLE  SAIL          O=168.49  H=169.08  L=168.48  C=168.75
2026-06-24 07:00:02  DEBUG     CANDLE  SAIL          O=168.49  H=169.08  L=168.48  C=168.75
2026-06-24 07:00:02  DEBUG     CANDLE  HFCL          O=201.72  H=202.00  L=201.10  C=201.14
2026-06-24 07:00:02  DEBUG     CANDLE  HFCL          O=201.72  H=202.00  L=201.10  C=201.14
2026-06-24 07:00:03  DEBUG     CANDLE  ADANIPORTS    O=1800.50  H=1803.20  L=1799.30  C=1801.80
2026-06-24 07:00:03  DEBUG     CANDLE  ADANIPORTS    O=1800.50  H=1803.20  L=1799.30  C=1801.80
2026-06-24 07:00:03  DEBUG     CANDLE  BANKBARODA    O=279.65  H=280.30  L=279.45  C=279.80
2026-06-24 07:00:03  DEBUG     CANDLE  BANKBARODA    O=279.65  H=280.30  L=279.45  C=279.80
2026-06-24 07:00:03  DEBUG     CANDLE  COALINDIA     O=443.35  H=444.70  L=442.90  C=443.00
2026-06-24 07:00:03  DEBUG     CANDLE  COALINDIA     O=443.35  H=444.70  L=442.90  C=443.00
2026-06-24 07:00:03  DEBUG     CANDLE  NTPC          O=358.50  H=358.85  L=358.30  C=358.70
2026-06-24 07:00:03  DEBUG     CANDLE  NTPC          O=358.50  H=358.85  L=358.30  C=358.70
2026-06-24 07:00:03  DEBUG     CANDLE  TATASTEEL     O=192.06  H=192.44  L=192.00  C=192.25
2026-06-24 07:00:03  DEBUG     CANDLE  TATASTEEL     O=192.06  H=192.44  L=192.00  C=192.25
2026-06-24 07:00:03  DEBUG     CANDLE  NATIONALUM    O=350.90  H=351.05  L=350.30  C=350.50
2026-06-24 07:00:03  DEBUG     CANDLE  NATIONALUM    O=350.90  H=351.05  L=350.30  C=350.50
2026-06-24 07:00:06  DEBUG     CANDLE  PNB           O=107.59  H=107.84  L=107.56  C=107.72
2026-06-24 07:00:06  DEBUG     CANDLE  PNB           O=107.59  H=107.84  L=107.56  C=107.72
2026-06-24 07:00:06  DEBUG     CANDLE  IDFCFIRSTB    O=79.09  H=79.22  L=79.02  C=79.07
2026-06-24 07:00:06  DEBUG     CANDLE  IDFCFIRSTB    O=79.09  H=79.22  L=79.02  C=79.07
2026-06-24 07:00:06  DEBUG     CANDLE  RPOWER        O=25.23  H=25.29  L=25.21  C=25.27
2026-06-24 07:00:06  DEBUG     CANDLE  RPOWER        O=25.23  H=25.29  L=25.21  C=25.27
2026-06-24 07:00:09  DEBUG     CANDLE  NMDC          O=85.33  H=85.53  L=85.32  C=85.35
2026-06-24 07:00:09  DEBUG     CANDLE  NMDC          O=85.33  H=85.53  L=85.32  C=85.35
2026-06-24 07:00:09  DEBUG     CANDLE  UNIONBANK     O=175.05  H=175.49  L=175.00  C=175.18
2026-06-24 07:00:09  DEBUG     CANDLE  UNIONBANK     O=175.05  H=175.49  L=175.00  C=175.18
2026-06-24 07:00:31  DEBUG     Sending ping
2026-06-24 07:00:31  DEBUG     Sending ping
2026-06-24 07:01:01  DEBUG     Sending ping
2026-06-24 07:01:01  DEBUG     Sending ping
2026-06-24 07:01:31  DEBUG     Sending ping
2026-06-24 07:01:31  DEBUG     Sending ping
2026-06-24 07:02:01  DEBUG     Sending ping
2026-06-24 07:02:01  DEBUG     Sending ping
2026-06-24 07:02:31  DEBUG     Sending ping
2026-06-24 07:02:31  DEBUG     Sending ping
2026-06-24 07:03:01  DEBUG     Sending ping
2026-06-24 07:03:01  DEBUG     Sending ping
2026-06-24 07:03:31  DEBUG     Sending ping
2026-06-24 07:03:31  DEBUG     Sending ping
2026-06-24 07:04:01  DEBUG     Sending ping
2026-06-24 07:04:01  DEBUG     Sending ping
2026-06-24 07:04:31  DEBUG     Sending ping
2026-06-24 07:04:31  DEBUG     Sending ping
2026-06-24 07:05:01  DEBUG     Sending ping
2026-06-24 07:05:01  DEBUG     Sending ping
2026-06-24 07:05:31  DEBUG     Sending ping
2026-06-24 07:05:31  DEBUG     Sending ping
2026-06-24 07:06:01  DEBUG     Sending ping
2026-06-24 07:06:01  DEBUG     Sending ping
2026-06-24 07:06:31  DEBUG     Sending ping
2026-06-24 07:06:31  DEBUG     Sending ping
2026-06-24 07:07:01  DEBUG     Sending ping
2026-06-24 07:07:01  DEBUG     Sending ping
2026-06-24 07:07:31  DEBUG     Sending ping
2026-06-24 07:07:31  DEBUG     Sending ping
2026-06-24 07:08:01  DEBUG     Sending ping
2026-06-24 07:08:01  DEBUG     Sending ping
2026-06-24 07:08:31  DEBUG     Sending ping
2026-06-24 07:08:31  DEBUG     Sending ping
2026-06-24 07:09:01  DEBUG     Sending ping
2026-06-24 07:09:01  DEBUG     Sending ping
2026-06-24 07:09:31  DEBUG     Sending ping
2026-06-24 07:09:31  DEBUG     Sending ping
2026-06-24 07:10:01  DEBUG     Sending ping
2026-06-24 07:10:01  DEBUG     Sending ping
2026-06-24 07:10:31  DEBUG     Sending ping
2026-06-24 07:10:31  DEBUG     Sending ping
2026-06-24 07:11:01  DEBUG     Sending ping
2026-06-24 07:11:01  DEBUG     Sending ping
2026-06-24 07:11:31  DEBUG     Sending ping
2026-06-24 07:11:31  DEBUG     Sending ping
2026-06-24 07:12:01  DEBUG     Sending ping
2026-06-24 07:12:01  DEBUG     Sending ping
2026-06-24 07:12:31  DEBUG     Sending ping
2026-06-24 07:12:31  DEBUG     Sending ping
2026-06-24 07:13:01  DEBUG     Sending ping
2026-06-24 07:13:01  DEBUG     Sending ping
2026-06-24 07:13:31  DEBUG     Sending ping
2026-06-24 07:13:31  DEBUG     Sending ping
2026-06-24 07:14:01  DEBUG     Sending ping
2026-06-24 07:14:01  DEBUG     Sending ping
2026-06-24 07:14:31  DEBUG     Sending ping
2026-06-24 07:14:31  DEBUG     Sending ping
2026-06-24 07:15:00  DEBUG     CANDLE  NHPC          O=79.16  H=79.35  L=79.11  C=79.14
2026-06-24 07:15:00  DEBUG     CANDLE  NHPC          O=79.16  H=79.35  L=79.11  C=79.14
2026-06-24 07:15:00  DEBUG     CANDLE  RPOWER        O=25.29  H=25.33  L=25.25  C=25.32
2026-06-24 07:15:00  DEBUG     CANDLE  RPOWER        O=25.29  H=25.33  L=25.25  C=25.32
2026-06-24 07:15:01  DEBUG     CANDLE  PNB           O=107.71  H=107.73  L=107.54  C=107.69
2026-06-24 07:15:01  DEBUG     CANDLE  PNB           O=107.71  H=107.73  L=107.54  C=107.69
2026-06-24 07:15:01  DEBUG     CANDLE  NTPC          O=358.75  H=359.50  L=358.00  C=359.45
2026-06-24 07:15:01  DEBUG     CANDLE  NTPC          O=358.75  H=359.50  L=358.00  C=359.45
2026-06-24 07:15:01  DEBUG     CANDLE  IDFCFIRSTB    O=79.08  H=79.14  L=78.80  C=79.14
2026-06-24 07:15:01  DEBUG     CANDLE  IDFCFIRSTB    O=79.08  H=79.14  L=78.80  C=79.14
2026-06-24 07:15:01  DEBUG     CANDLE  TATASTEEL     O=192.23  H=192.67  L=192.03  C=192.45
2026-06-24 07:15:01  DEBUG     CANDLE  TATASTEEL     O=192.23  H=192.67  L=192.03  C=192.45
2026-06-24 07:15:01  DEBUG     CANDLE  NATIONALUM    O=350.55  H=350.60  L=348.70  C=349.25
2026-06-24 07:15:01  DEBUG     CANDLE  NATIONALUM    O=350.55  H=350.60  L=348.70  C=349.25
2026-06-24 07:15:01  DEBUG     CANDLE  YESBANK       O=24.93  H=24.94  L=24.89  C=24.91
2026-06-24 07:15:01  DEBUG     CANDLE  YESBANK       O=24.93  H=24.94  L=24.89  C=24.91
2026-06-24 07:15:01  DEBUG     CANDLE  UNIONBANK     O=175.13  H=175.17  L=174.86  C=174.86
2026-06-24 07:15:01  DEBUG     CANDLE  UNIONBANK     O=175.13  H=175.17  L=174.86  C=174.86
2026-06-24 07:15:01  DEBUG     Sending ping
2026-06-24 07:15:01  DEBUG     Sending ping
2026-06-24 07:15:02  DEBUG     CANDLE  ADANIPORTS    O=1801.90  H=1802.80  L=1799.10  C=1802.70
2026-06-24 07:15:02  DEBUG     CANDLE  ADANIPORTS    O=1801.90  H=1802.80  L=1799.10  C=1802.70
2026-06-24 07:15:04  DEBUG     CANDLE  NMDC          O=85.33  H=85.41  L=85.23  C=85.38
2026-06-24 07:15:04  DEBUG     CANDLE  NMDC          O=85.33  H=85.41  L=85.23  C=85.38
2026-06-24 07:15:04  DEBUG     CANDLE  SUZLON        O=58.31  H=58.39  L=58.23  C=58.38
2026-06-24 07:15:04  DEBUG     CANDLE  SUZLON        O=58.31  H=58.39  L=58.23  C=58.38
2026-06-24 07:15:06  DEBUG     CANDLE  IDEA          O=14.50  H=14.52  L=14.45  C=14.47
2026-06-24 07:15:06  DEBUG     CANDLE  IDEA          O=14.50  H=14.52  L=14.45  C=14.47
2026-06-24 07:15:06  DEBUG     CANDLE  VEDL          O=281.80  H=282.25  L=281.00  C=282.20
2026-06-24 07:15:06  DEBUG     CANDLE  VEDL          O=281.80  H=282.25  L=281.00  C=282.20
2026-06-24 07:15:06  DEBUG     CANDLE  SAIL          O=168.76  H=169.91  L=168.75  C=169.60
2026-06-24 07:15:06  DEBUG     CANDLE  SAIL          O=168.76  H=169.91  L=168.75  C=169.60
2026-06-24 07:15:09  DEBUG     CANDLE  HFCL          O=201.08  H=202.30  L=200.85  C=202.18
2026-06-24 07:15:09  DEBUG     CANDLE  HFCL          O=201.08  H=202.30  L=200.85  C=202.18
2026-06-24 07:15:09  DEBUG     CANDLE  BANKBARODA    O=279.65  H=279.90  L=279.10  C=279.35
2026-06-24 07:15:09  DEBUG     CANDLE  BANKBARODA    O=279.65  H=279.90  L=279.10  C=279.35
2026-06-24 07:15:16  DEBUG     CANDLE  COALINDIA     O=442.90  H=443.55  L=442.75  C=443.10
2026-06-24 07:15:16  DEBUG     CANDLE  COALINDIA     O=442.90  H=443.55  L=442.75  C=443.10
2026-06-24 07:15:31  DEBUG     Sending ping
2026-06-24 07:15:31  DEBUG     Sending ping
2026-06-24 07:16:01  DEBUG     Sending ping
2026-06-24 07:16:01  DEBUG     Sending ping
2026-06-24 07:16:31  DEBUG     Sending ping
2026-06-24 07:16:31  DEBUG     Sending ping
2026-06-24 07:17:01  DEBUG     Sending ping
2026-06-24 07:17:01  DEBUG     Sending ping
2026-06-24 07:17:31  DEBUG     Sending ping
2026-06-24 07:17:31  DEBUG     Sending ping
2026-06-24 07:18:01  DEBUG     Sending ping
2026-06-24 07:18:01  DEBUG     Sending ping
2026-06-24 07:18:31  DEBUG     Sending ping
2026-06-24 07:18:31  DEBUG     Sending ping
2026-06-24 07:19:01  DEBUG     Sending ping
2026-06-24 07:19:01  DEBUG     Sending ping
2026-06-24 07:19:31  DEBUG     Sending ping
2026-06-24 07:19:31  DEBUG     Sending ping
2026-06-24 07:20:01  DEBUG     Sending ping
2026-06-24 07:20:01  DEBUG     Sending ping
2026-06-24 07:20:31  DEBUG     Sending ping
2026-06-24 07:20:31  DEBUG     Sending ping
2026-06-24 07:21:01  DEBUG     Sending ping
2026-06-24 07:21:01  DEBUG     Sending ping
2026-06-24 07:21:31  DEBUG     Sending ping
2026-06-24 07:21:31  DEBUG     Sending ping
2026-06-24 07:22:01  DEBUG     Sending ping
2026-06-24 07:22:01  DEBUG     Sending ping
2026-06-24 07:22:31  DEBUG     Sending ping
2026-06-24 07:22:31  DEBUG     Sending ping
2026-06-24 07:23:01  DEBUG     Sending ping
2026-06-24 07:23:01  DEBUG     Sending ping
2026-06-24 07:23:31  DEBUG     Sending ping
2026-06-24 07:23:31  DEBUG     Sending ping
2026-06-24 07:24:01  DEBUG     Sending ping
2026-06-24 07:24:01  DEBUG     Sending ping
2026-06-24 07:24:31  DEBUG     Sending ping
2026-06-24 07:24:31  DEBUG     Sending ping
2026-06-24 07:25:01  DEBUG     Sending ping
2026-06-24 07:25:01  DEBUG     Sending ping
2026-06-24 07:25:31  DEBUG     Sending ping
2026-06-24 07:25:31  DEBUG     Sending ping
2026-06-24 07:26:01  DEBUG     Sending ping
2026-06-24 07:26:01  DEBUG     Sending ping
2026-06-24 07:26:31  DEBUG     Sending ping
2026-06-24 07:26:31  DEBUG     Sending ping
2026-06-24 07:27:01  DEBUG     Sending ping
2026-06-24 07:27:01  DEBUG     Sending ping
2026-06-24 07:27:31  DEBUG     Sending ping
2026-06-24 07:27:31  DEBUG     Sending ping
2026-06-24 07:28:01  DEBUG     Sending ping
2026-06-24 07:28:01  DEBUG     Sending ping
2026-06-24 07:28:31  DEBUG     Sending ping
2026-06-24 07:28:31  DEBUG     Sending ping
2026-06-24 07:29:01  DEBUG     Sending ping
2026-06-24 07:29:01  DEBUG     Sending ping
2026-06-24 07:29:31  DEBUG     Sending ping
2026-06-24 07:29:31  DEBUG     Sending ping
2026-06-24 07:30:00  DEBUG     CANDLE  UNIONBANK     O=174.89  H=174.94  L=174.35  C=174.80
2026-06-24 07:30:00  DEBUG     CANDLE  UNIONBANK     O=174.89  H=174.94  L=174.35  C=174.80
2026-06-24 07:30:00  DEBUG     CANDLE  NHPC          O=79.15  H=79.74  L=79.10  C=79.69
2026-06-24 07:30:00  DEBUG     CANDLE  NHPC          O=79.15  H=79.74  L=79.10  C=79.69
2026-06-24 07:30:00  DEBUG     CANDLE  PNB           O=107.72  H=107.85  L=107.60  C=107.85
2026-06-24 07:30:00  DEBUG     CANDLE  PNB           O=107.72  H=107.85  L=107.60  C=107.85
2026-06-24 07:30:00  DEBUG     CANDLE  IDEA          O=14.48  H=14.49  L=14.44  C=14.47
2026-06-24 07:30:00  DEBUG     CANDLE  IDEA          O=14.48  H=14.49  L=14.44  C=14.47
2026-06-24 07:30:00  DEBUG     CANDLE  TATASTEEL     O=192.50  H=192.53  L=192.20  C=192.47
2026-06-24 07:30:00  DEBUG     CANDLE  TATASTEEL     O=192.50  H=192.53  L=192.20  C=192.47
2026-06-24 07:30:00  DEBUG     CANDLE  VEDL          O=282.10  H=282.60  L=282.00  C=282.40
2026-06-24 07:30:00  DEBUG     CANDLE  VEDL          O=282.10  H=282.60  L=282.00  C=282.40
2026-06-24 07:30:00  DEBUG     CANDLE  SAIL          O=169.65  H=170.60  L=169.42  C=170.52
2026-06-24 07:30:00  DEBUG     CANDLE  SAIL          O=169.65  H=170.60  L=169.42  C=170.52
2026-06-24 07:30:01  DEBUG     Sending ping
2026-06-24 07:30:01  DEBUG     Sending ping
2026-06-24 07:30:01  DEBUG     CANDLE  ADANIPORTS    O=1803.10  H=1804.90  L=1800.50  C=1803.30
2026-06-24 07:30:01  DEBUG     CANDLE  ADANIPORTS    O=1803.10  H=1804.90  L=1800.50  C=1803.30
2026-06-24 07:30:01  DEBUG     CANDLE  COALINDIA     O=443.15  H=443.25  L=442.60  C=442.95
2026-06-24 07:30:01  DEBUG     CANDLE  COALINDIA     O=443.15  H=443.25  L=442.60  C=442.95
2026-06-24 07:30:03  DEBUG     CANDLE  RPOWER        O=25.33  H=25.44  L=25.27  C=25.40
2026-06-24 07:30:03  DEBUG     CANDLE  RPOWER        O=25.33  H=25.44  L=25.27  C=25.40
2026-06-24 07:30:03  DEBUG     CANDLE  NMDC          O=85.37  H=85.50  L=85.26  C=85.50
2026-06-24 07:30:03  DEBUG     CANDLE  NMDC          O=85.37  H=85.50  L=85.26  C=85.50
2026-06-24 07:30:03  DEBUG     CANDLE  IDFCFIRSTB    O=79.10  H=79.15  L=79.00  C=79.14
2026-06-24 07:30:03  DEBUG     CANDLE  IDFCFIRSTB    O=79.10  H=79.15  L=79.00  C=79.14
2026-06-24 07:30:03  DEBUG     CANDLE  SUZLON        O=58.37  H=58.48  L=58.24  C=58.47
2026-06-24 07:30:03  DEBUG     CANDLE  SUZLON        O=58.37  H=58.48  L=58.24  C=58.47
2026-06-24 07:30:03  DEBUG     CANDLE  NATIONALUM    O=349.30  H=349.85  L=348.30  C=349.85
2026-06-24 07:30:03  DEBUG     CANDLE  NATIONALUM    O=349.30  H=349.85  L=348.30  C=349.85
2026-06-24 07:30:03  DEBUG     CANDLE  YESBANK       O=24.92  H=25.00  L=24.92  C=24.99
2026-06-24 07:30:03  DEBUG     CANDLE  YESBANK       O=24.92  H=25.00  L=24.92  C=24.99
2026-06-24 07:30:04  DEBUG     CANDLE  HFCL          O=202.19  H=202.77  L=201.28  C=201.35
2026-06-24 07:30:04  DEBUG     CANDLE  HFCL          O=202.19  H=202.77  L=201.28  C=201.35
2026-06-24 07:30:04  DEBUG     CANDLE  BANKBARODA    O=279.40  H=280.05  L=279.25  C=279.95
2026-06-24 07:30:04  DEBUG     CANDLE  BANKBARODA    O=279.40  H=280.05  L=279.25  C=279.95
2026-06-24 07:30:19  DEBUG     CANDLE  NTPC          O=359.50  H=360.00  L=359.40  C=359.95
2026-06-24 07:30:19  DEBUG     CANDLE  NTPC          O=359.50  H=360.00  L=359.40  C=359.95
2026-06-24 07:30:19  INFO      ENTRY #12   NTPC          LONG   Rs360.00  qty=27  [flip UP | atr=0.92 st=358.32]
2026-06-24 07:30:19  INFO      ENTRY #12   NTPC          LONG   Rs360.00  qty=27  [flip UP | atr=0.92 st=358.32]
2026-06-24 07:30:31  DEBUG     Sending ping
2026-06-24 07:30:31  DEBUG     Sending ping
2026-06-24 07:31:01  DEBUG     Sending ping
2026-06-24 07:31:01  DEBUG     Sending ping
2026-06-24 07:31:31  DEBUG     Sending ping
2026-06-24 07:31:31  DEBUG     Sending ping
2026-06-24 07:32:01  DEBUG     Sending ping
2026-06-24 07:32:01  DEBUG     Sending ping
2026-06-24 07:32:31  DEBUG     Sending ping
2026-06-24 07:32:31  DEBUG     Sending ping
2026-06-24 07:33:01  DEBUG     Sending ping
2026-06-24 07:33:01  DEBUG     Sending ping
2026-06-24 07:33:31  DEBUG     Sending ping
2026-06-24 07:33:31  DEBUG     Sending ping
2026-06-24 07:34:01  DEBUG     Sending ping
2026-06-24 07:34:01  DEBUG     Sending ping
2026-06-24 07:34:31  DEBUG     Sending ping
2026-06-24 07:34:31  DEBUG     Sending ping
2026-06-24 07:35:01  DEBUG     Sending ping
2026-06-24 07:35:01  DEBUG     Sending ping
2026-06-24 07:35:31  DEBUG     Sending ping
2026-06-24 07:35:31  DEBUG     Sending ping
2026-06-24 07:36:01  DEBUG     Sending ping
2026-06-24 07:36:01  DEBUG     Sending ping
2026-06-24 07:36:31  DEBUG     Sending ping
2026-06-24 07:36:31  DEBUG     Sending ping
2026-06-24 07:37:01  DEBUG     Sending ping
2026-06-24 07:37:01  DEBUG     Sending ping
2026-06-24 07:37:31  DEBUG     Sending ping
2026-06-24 07:37:31  DEBUG     Sending ping
2026-06-24 07:38:01  DEBUG     Sending ping
2026-06-24 07:38:01  DEBUG     Sending ping
2026-06-24 07:38:31  DEBUG     Sending ping
2026-06-24 07:38:31  DEBUG     Sending ping
2026-06-24 07:39:01  DEBUG     Sending ping
2026-06-24 07:39:01  DEBUG     Sending ping
2026-06-24 07:39:31  DEBUG     Sending ping
2026-06-24 07:39:31  DEBUG     Sending ping
2026-06-24 07:40:01  DEBUG     Sending ping
2026-06-24 07:40:01  DEBUG     Sending ping
2026-06-24 07:40:31  DEBUG     Sending ping
2026-06-24 07:40:31  DEBUG     Sending ping
2026-06-24 07:41:01  DEBUG     Sending ping
2026-06-24 07:41:01  DEBUG     Sending ping
2026-06-24 07:41:31  DEBUG     Sending ping
2026-06-24 07:41:31  DEBUG     Sending ping
2026-06-24 07:42:01  DEBUG     Sending ping
2026-06-24 07:42:01  DEBUG     Sending ping
2026-06-24 07:42:31  DEBUG     Sending ping
2026-06-24 07:42:31  DEBUG     Sending ping
2026-06-24 07:43:01  DEBUG     Sending ping
2026-06-24 07:43:01  DEBUG     Sending ping
2026-06-24 07:43:31  DEBUG     Sending ping
2026-06-24 07:43:31  DEBUG     Sending ping
2026-06-24 07:44:01  DEBUG     Sending ping
2026-06-24 07:44:01  DEBUG     Sending ping
2026-06-24 07:44:31  DEBUG     Sending ping
2026-06-24 07:44:31  DEBUG     Sending ping
2026-06-24 07:45:00  DEBUG     CANDLE  TATASTEEL     O=192.50  H=192.77  L=192.44  C=192.70
2026-06-24 07:45:00  DEBUG     CANDLE  TATASTEEL     O=192.50  H=192.77  L=192.44  C=192.70
2026-06-24 07:45:00  DEBUG     CANDLE  HFCL          O=201.25  H=202.97  L=201.21  C=202.56
2026-06-24 07:45:00  DEBUG     CANDLE  HFCL          O=201.25  H=202.97  L=201.21  C=202.56
2026-06-24 07:45:01  DEBUG     Sending ping
2026-06-24 07:45:01  DEBUG     Sending ping
2026-06-24 07:45:01  DEBUG     CANDLE  ADANIPORTS    O=1803.50  H=1803.50  L=1800.20  C=1801.60
2026-06-24 07:45:01  DEBUG     CANDLE  ADANIPORTS    O=1803.50  H=1803.50  L=1800.20  C=1801.60
2026-06-24 07:45:01  DEBUG     CANDLE  COALINDIA     O=443.00  H=443.50  L=442.80  C=443.20
2026-06-24 07:45:01  DEBUG     CANDLE  COALINDIA     O=443.00  H=443.50  L=442.80  C=443.20
2026-06-24 07:45:01  DEBUG     CANDLE  PNB           O=107.83  H=107.94  L=107.65  C=107.81
2026-06-24 07:45:01  DEBUG     CANDLE  PNB           O=107.83  H=107.94  L=107.65  C=107.81
2026-06-24 07:45:01  DEBUG     CANDLE  IDFCFIRSTB    O=79.15  H=79.28  L=78.92  C=79.18
2026-06-24 07:45:01  DEBUG     CANDLE  IDFCFIRSTB    O=79.15  H=79.28  L=78.92  C=79.18
2026-06-24 07:45:01  DEBUG     CANDLE  NATIONALUM    O=350.00  H=350.00  L=349.35  C=349.80
2026-06-24 07:45:01  DEBUG     CANDLE  NATIONALUM    O=350.00  H=350.00  L=349.35  C=349.80
2026-06-24 07:45:01  DEBUG     CANDLE  VEDL          O=282.35  H=282.50  L=281.80  C=282.35
2026-06-24 07:45:01  DEBUG     CANDLE  VEDL          O=282.35  H=282.50  L=281.80  C=282.35
2026-06-24 07:45:02  DEBUG     CANDLE  BANKBARODA    O=280.05  H=280.20  L=279.25  C=280.05
2026-06-24 07:45:02  DEBUG     CANDLE  BANKBARODA    O=280.05  H=280.20  L=279.25  C=280.05
2026-06-24 07:45:03  DEBUG     CANDLE  NTPC          O=359.90  H=360.85  L=359.75  C=360.55
2026-06-24 07:45:03  DEBUG     CANDLE  NTPC          O=359.90  H=360.85  L=359.75  C=360.55
2026-06-24 07:45:03  DEBUG     CANDLE  NHPC          O=79.67  H=79.84  L=79.64  C=79.71
2026-06-24 07:45:03  DEBUG     CANDLE  NHPC          O=79.67  H=79.84  L=79.64  C=79.71
2026-06-24 07:45:03  DEBUG     CANDLE  SUZLON        O=58.44  H=58.64  L=58.44  C=58.62
2026-06-24 07:45:03  DEBUG     CANDLE  SUZLON        O=58.44  H=58.64  L=58.44  C=58.62
2026-06-24 07:45:03  DEBUG     CANDLE  YESBANK       O=25.00  H=25.02  L=24.91  C=24.98
2026-06-24 07:45:03  DEBUG     CANDLE  YESBANK       O=25.00  H=25.02  L=24.91  C=24.98
2026-06-24 07:45:03  DEBUG     CANDLE  SAIL          O=170.57  H=171.00  L=170.47  C=170.92
2026-06-24 07:45:03  DEBUG     CANDLE  SAIL          O=170.57  H=171.00  L=170.47  C=170.92
2026-06-24 07:45:07  DEBUG     CANDLE  IDEA          O=14.46  H=14.47  L=14.45  C=14.46
2026-06-24 07:45:07  DEBUG     CANDLE  IDEA          O=14.46  H=14.47  L=14.45  C=14.46
2026-06-24 07:45:07  DEBUG     CANDLE  NMDC          O=85.49  H=86.10  L=85.41  C=86.00
2026-06-24 07:45:07  DEBUG     CANDLE  NMDC          O=85.49  H=86.10  L=85.41  C=86.00
2026-06-24 07:45:07  INFO      ENTRY #13   NMDC          LONG   Rs86.01  qty=116  [flip UP | atr=0.25 st=85.37]
2026-06-24 07:45:07  INFO      ENTRY #13   NMDC          LONG   Rs86.01  qty=116  [flip UP | atr=0.25 st=85.37]
2026-06-24 07:45:08  DEBUG     CANDLE  UNIONBANK     O=174.76  H=174.89  L=174.39  C=174.50
2026-06-24 07:45:08  DEBUG     CANDLE  UNIONBANK     O=174.76  H=174.89  L=174.39  C=174.50
2026-06-24 07:45:31  DEBUG     Sending ping
2026-06-24 07:45:31  DEBUG     Sending ping
2026-06-24 07:45:31  DEBUG     CANDLE  RPOWER        O=25.42  H=25.42  L=25.34  C=25.38
2026-06-24 07:45:31  DEBUG     CANDLE  RPOWER        O=25.42  H=25.42  L=25.34  C=25.38
2026-06-24 07:46:01  DEBUG     Sending ping
2026-06-24 07:46:01  DEBUG     Sending ping
2026-06-24 07:46:31  DEBUG     Sending ping
2026-06-24 07:46:31  DEBUG     Sending ping
2026-06-24 07:47:01  DEBUG     Sending ping
2026-06-24 07:47:01  DEBUG     Sending ping
2026-06-24 07:47:31  DEBUG     Sending ping
2026-06-24 07:47:31  DEBUG     Sending ping
2026-06-24 07:48:01  DEBUG     Sending ping
2026-06-24 07:48:01  DEBUG     Sending ping
2026-06-24 07:48:31  DEBUG     Sending ping
2026-06-24 07:48:31  DEBUG     Sending ping
2026-06-24 07:49:01  DEBUG     Sending ping
2026-06-24 07:49:01  DEBUG     Sending ping
2026-06-24 07:49:31  DEBUG     Sending ping
2026-06-24 07:49:31  DEBUG     Sending ping
2026-06-24 07:50:01  DEBUG     Sending ping
2026-06-24 07:50:01  DEBUG     Sending ping
2026-06-24 07:50:31  DEBUG     Sending ping
2026-06-24 07:50:31  DEBUG     Sending ping
2026-06-24 07:51:01  DEBUG     Sending ping
2026-06-24 07:51:01  DEBUG     Sending ping
2026-06-24 07:51:31  DEBUG     Sending ping
2026-06-24 07:51:31  DEBUG     Sending ping
2026-06-24 07:52:01  DEBUG     Sending ping
2026-06-24 07:52:01  DEBUG     Sending ping
2026-06-24 07:52:31  DEBUG     Sending ping
2026-06-24 07:52:31  DEBUG     Sending ping
2026-06-24 07:53:01  DEBUG     Sending ping
2026-06-24 07:53:01  DEBUG     Sending ping
2026-06-24 07:53:31  DEBUG     Sending ping
2026-06-24 07:53:31  DEBUG     Sending ping
2026-06-24 07:54:01  DEBUG     Sending ping
2026-06-24 07:54:01  DEBUG     Sending ping
2026-06-24 07:54:31  DEBUG     Sending ping
2026-06-24 07:54:31  DEBUG     Sending ping
2026-06-24 07:55:01  DEBUG     Sending ping
2026-06-24 07:55:01  DEBUG     Sending ping
2026-06-24 07:55:31  DEBUG     Sending ping
2026-06-24 07:55:31  DEBUG     Sending ping
2026-06-24 07:56:01  DEBUG     Sending ping
2026-06-24 07:56:01  DEBUG     Sending ping
2026-06-24 07:56:31  DEBUG     Sending ping
2026-06-24 07:56:31  DEBUG     Sending ping
2026-06-24 07:57:01  DEBUG     Sending ping
2026-06-24 07:57:01  DEBUG     Sending ping
2026-06-24 07:57:31  DEBUG     Sending ping
2026-06-24 07:57:31  DEBUG     Sending ping
2026-06-24 07:58:01  DEBUG     Sending ping
2026-06-24 07:58:01  DEBUG     Sending ping
2026-06-24 07:58:31  DEBUG     Sending ping
2026-06-24 07:58:31  DEBUG     Sending ping
2026-06-24 07:59:01  DEBUG     Sending ping
2026-06-24 07:59:01  DEBUG     Sending ping
2026-06-24 07:59:31  DEBUG     Sending ping
2026-06-24 07:59:31  DEBUG     Sending ping
2026-06-24 08:00:00  DEBUG     CANDLE  TATASTEEL     O=192.75  H=193.10  L=192.68  C=192.86
2026-06-24 08:00:00  DEBUG     CANDLE  TATASTEEL     O=192.75  H=193.10  L=192.68  C=192.86
2026-06-24 08:00:00  DEBUG     CANDLE  ADANIPORTS    O=1801.50  H=1802.70  L=1800.10  C=1801.90
2026-06-24 08:00:00  DEBUG     CANDLE  ADANIPORTS    O=1801.50  H=1802.70  L=1800.10  C=1801.90
2026-06-24 08:00:00  DEBUG     CANDLE  UNIONBANK     O=174.53  H=175.19  L=174.50  C=174.94
2026-06-24 08:00:00  DEBUG     CANDLE  UNIONBANK     O=174.53  H=175.19  L=174.50  C=174.94
2026-06-24 08:00:01  DEBUG     CANDLE  NHPC          O=79.75  H=79.84  L=79.58  C=79.70
2026-06-24 08:00:01  DEBUG     CANDLE  NHPC          O=79.75  H=79.84  L=79.58  C=79.70
2026-06-24 08:00:01  DEBUG     CANDLE  RPOWER        O=25.36  H=25.51  L=25.36  C=25.50
2026-06-24 08:00:01  DEBUG     CANDLE  RPOWER        O=25.36  H=25.51  L=25.36  C=25.50
2026-06-24 08:00:01  INFO      ENTRY #14   RPOWER        LONG   Rs25.51  qty=392  [flip UP | atr=0.13 st=25.25]
2026-06-24 08:00:01  INFO      ENTRY #14   RPOWER        LONG   Rs25.51  qty=392  [flip UP | atr=0.13 st=25.25]
2026-06-24 08:00:01  DEBUG     CANDLE  HFCL          O=202.52  H=203.24  L=202.00  C=202.67
2026-06-24 08:00:01  DEBUG     CANDLE  HFCL          O=202.52  H=203.24  L=202.00  C=202.67
2026-06-24 08:00:01  DEBUG     CANDLE  IDFCFIRSTB    O=79.17  H=79.48  L=79.13  C=79.30
2026-06-24 08:00:01  DEBUG     CANDLE  IDFCFIRSTB    O=79.17  H=79.48  L=79.13  C=79.30
2026-06-24 08:00:01  DEBUG     CANDLE  VEDL          O=282.30  H=282.85  L=282.10  C=282.10
2026-06-24 08:00:01  DEBUG     CANDLE  VEDL          O=282.30  H=282.85  L=282.10  C=282.10
2026-06-24 08:00:01  DEBUG     CANDLE  COALINDIA     O=443.25  H=444.00  L=442.95  C=443.00
2026-06-24 08:00:01  DEBUG     CANDLE  COALINDIA     O=443.25  H=444.00  L=442.95  C=443.00
2026-06-24 08:00:01  DEBUG     Sending ping
2026-06-24 08:00:01  DEBUG     Sending ping
2026-06-24 08:00:02  DEBUG     CANDLE  SAIL          O=170.93  H=172.30  L=170.92  C=172.25
2026-06-24 08:00:02  DEBUG     CANDLE  SAIL          O=170.93  H=172.30  L=170.92  C=172.25
2026-06-24 08:00:03  DEBUG     CANDLE  IDEA          O=14.47  H=14.50  L=14.46  C=14.49
2026-06-24 08:00:03  DEBUG     CANDLE  IDEA          O=14.47  H=14.50  L=14.46  C=14.49
2026-06-24 08:00:03  DEBUG     CANDLE  NMDC          O=85.99  H=86.75  L=85.99  C=86.50
2026-06-24 08:00:03  DEBUG     CANDLE  NMDC          O=85.99  H=86.75  L=85.99  C=86.50
2026-06-24 08:00:04  DEBUG     CANDLE  SUZLON        O=58.61  H=58.79  L=58.58  C=58.76
2026-06-24 08:00:04  DEBUG     CANDLE  SUZLON        O=58.61  H=58.79  L=58.58  C=58.76
2026-06-24 08:00:04  DEBUG     CANDLE  PNB           O=107.82  H=108.09  L=107.78  C=108.00
2026-06-24 08:00:04  DEBUG     CANDLE  PNB           O=107.82  H=108.09  L=107.78  C=108.00
2026-06-24 08:00:04  DEBUG     CANDLE  NTPC          O=360.35  H=361.30  L=360.35  C=360.70
2026-06-24 08:00:04  DEBUG     CANDLE  NTPC          O=360.35  H=361.30  L=360.35  C=360.70
2026-06-24 08:00:05  DEBUG     CANDLE  BANKBARODA    O=280.10  H=281.20  L=280.00  C=281.05
2026-06-24 08:00:05  DEBUG     CANDLE  BANKBARODA    O=280.10  H=281.20  L=280.00  C=281.05
2026-06-24 08:00:05  INFO      ENTRY #15   BANKBARODA    LONG   Rs281.10  qty=35  [flip UP | atr=0.92 st=279.23]
2026-06-24 08:00:05  INFO      ENTRY #15   BANKBARODA    LONG   Rs281.10  qty=35  [flip UP | atr=0.92 st=279.23]
2026-06-24 08:00:08  DEBUG     CANDLE  YESBANK       O=24.96  H=25.07  L=24.96  C=25.07
2026-06-24 08:00:08  DEBUG     CANDLE  YESBANK       O=24.96  H=25.07  L=24.96  C=25.07
2026-06-24 08:00:16  DEBUG     CANDLE  NATIONALUM    O=349.75  H=352.45  L=349.65  C=351.05
2026-06-24 08:00:16  DEBUG     CANDLE  NATIONALUM    O=349.75  H=352.45  L=349.65  C=351.05
2026-06-24 08:00:31  DEBUG     Sending ping
2026-06-24 08:00:31  DEBUG     Sending ping
2026-06-24 08:01:01  DEBUG     Sending ping
2026-06-24 08:01:01  DEBUG     Sending ping
2026-06-24 08:01:31  DEBUG     Sending ping
2026-06-24 08:01:31  DEBUG     Sending ping
2026-06-24 08:02:01  DEBUG     Sending ping
2026-06-24 08:02:01  DEBUG     Sending ping
2026-06-24 08:02:31  DEBUG     Sending ping
2026-06-24 08:02:31  DEBUG     Sending ping
2026-06-24 08:03:01  DEBUG     Sending ping
2026-06-24 08:03:01  DEBUG     Sending ping
2026-06-24 08:03:31  DEBUG     Sending ping
2026-06-24 08:03:31  DEBUG     Sending ping
2026-06-24 08:04:01  DEBUG     Sending ping
2026-06-24 08:04:01  DEBUG     Sending ping
2026-06-24 08:04:31  DEBUG     Sending ping
2026-06-24 08:04:31  DEBUG     Sending ping
2026-06-24 08:05:01  DEBUG     Sending ping
2026-06-24 08:05:01  DEBUG     Sending ping
2026-06-24 08:05:31  DEBUG     Sending ping
2026-06-24 08:05:31  DEBUG     Sending ping
2026-06-24 08:06:01  DEBUG     Sending ping
2026-06-24 08:06:01  DEBUG     Sending ping
2026-06-24 08:06:31  DEBUG     Sending ping
2026-06-24 08:06:31  DEBUG     Sending ping
2026-06-24 08:07:01  DEBUG     Sending ping
2026-06-24 08:07:01  DEBUG     Sending ping
2026-06-24 08:07:31  DEBUG     Sending ping
2026-06-24 08:07:31  DEBUG     Sending ping
2026-06-24 08:08:01  DEBUG     Sending ping
2026-06-24 08:08:01  DEBUG     Sending ping
2026-06-24 08:08:31  DEBUG     Sending ping
2026-06-24 08:08:31  DEBUG     Sending ping
2026-06-24 08:09:01  DEBUG     Sending ping
2026-06-24 08:09:01  DEBUG     Sending ping
2026-06-24 08:09:31  DEBUG     Sending ping
2026-06-24 08:09:31  DEBUG     Sending ping
2026-06-24 08:10:01  DEBUG     Sending ping
2026-06-24 08:10:01  DEBUG     Sending ping
2026-06-24 08:10:31  DEBUG     Sending ping
2026-06-24 08:10:31  DEBUG     Sending ping
2026-06-24 08:11:01  DEBUG     Sending ping
2026-06-24 08:11:01  DEBUG     Sending ping
2026-06-24 08:11:31  DEBUG     Sending ping
2026-06-24 08:11:31  DEBUG     Sending ping
2026-06-24 08:12:01  DEBUG     Sending ping
2026-06-24 08:12:01  DEBUG     Sending ping
2026-06-24 08:12:31  DEBUG     Sending ping
2026-06-24 08:12:31  DEBUG     Sending ping
2026-06-24 08:13:01  DEBUG     Sending ping
2026-06-24 08:13:01  DEBUG     Sending ping
2026-06-24 08:13:31  DEBUG     Sending ping
2026-06-24 08:13:31  DEBUG     Sending ping
2026-06-24 08:14:01  DEBUG     Sending ping
2026-06-24 08:14:01  DEBUG     Sending ping
2026-06-24 08:14:31  DEBUG     Sending ping
2026-06-24 08:14:31  DEBUG     Sending ping
2026-06-24 08:15:00  DEBUG     CANDLE  TATASTEEL     O=192.84  H=193.35  L=192.83  C=192.84
2026-06-24 08:15:00  DEBUG     CANDLE  TATASTEEL     O=192.84  H=193.35  L=192.83  C=192.84
2026-06-24 08:15:00  DEBUG     CANDLE  IDEA          O=14.48  H=14.51  L=14.47  C=14.48
2026-06-24 08:15:00  DEBUG     CANDLE  IDEA          O=14.48  H=14.51  L=14.47  C=14.48
2026-06-24 08:15:00  DEBUG     CANDLE  NTPC          O=360.65  H=361.35  L=360.60  C=361.05
2026-06-24 08:15:00  DEBUG     CANDLE  NTPC          O=360.65  H=361.35  L=360.60  C=361.05
2026-06-24 08:15:00  DEBUG     CANDLE  IDFCFIRSTB    O=79.31  H=79.43  L=79.22  C=79.41
2026-06-24 08:15:00  DEBUG     CANDLE  IDFCFIRSTB    O=79.31  H=79.43  L=79.22  C=79.41
2026-06-24 08:15:00  DEBUG     CANDLE  NATIONALUM    O=351.00  H=352.95  L=350.95  C=352.10
2026-06-24 08:15:00  DEBUG     CANDLE  NATIONALUM    O=351.00  H=352.95  L=350.95  C=352.10
2026-06-24 08:15:00  INFO      ENTRY #16   NATIONALUM    LONG   Rs352.15  qty=28  [flip UP | atr=1.45 st=349.77]
2026-06-24 08:15:00  INFO      ENTRY #16   NATIONALUM    LONG   Rs352.15  qty=28  [flip UP | atr=1.45 st=349.77]
2026-06-24 08:15:00  DEBUG     CANDLE  UNIONBANK     O=174.91  H=175.00  L=174.80  C=174.89
2026-06-24 08:15:00  DEBUG     CANDLE  UNIONBANK     O=174.91  H=175.00  L=174.80  C=174.89
2026-06-24 08:15:00  DEBUG     CANDLE  SAIL          O=172.30  H=174.32  L=172.22  C=173.60
2026-06-24 08:15:00  DEBUG     CANDLE  SAIL          O=172.30  H=174.32  L=172.22  C=173.60
2026-06-24 08:15:00  DEBUG     CANDLE  ADANIPORTS    O=1802.70  H=1808.00  L=1798.20  C=1799.70
2026-06-24 08:15:00  DEBUG     CANDLE  ADANIPORTS    O=1802.70  H=1808.00  L=1798.20  C=1799.70
2026-06-24 08:15:01  DEBUG     CANDLE  COALINDIA     O=443.05  H=443.50  L=442.90  C=443.15
2026-06-24 08:15:01  DEBUG     CANDLE  COALINDIA     O=443.05  H=443.50  L=442.90  C=443.15
2026-06-24 08:15:01  DEBUG     CANDLE  NHPC          O=79.71  H=80.09  L=79.66  C=80.06
2026-06-24 08:15:01  DEBUG     CANDLE  NHPC          O=79.71  H=80.09  L=79.66  C=80.06
2026-06-24 08:15:01  DEBUG     Sending ping
2026-06-24 08:15:01  DEBUG     Sending ping
2026-06-24 08:15:02  DEBUG     CANDLE  HFCL          O=202.70  H=203.40  L=201.37  C=202.24
2026-06-24 08:15:02  DEBUG     CANDLE  HFCL          O=202.70  H=203.40  L=201.37  C=202.24
2026-06-24 08:15:03  DEBUG     CANDLE  RPOWER        O=25.49  H=25.51  L=25.35  C=25.40
2026-06-24 08:15:03  DEBUG     CANDLE  RPOWER        O=25.49  H=25.51  L=25.35  C=25.40
2026-06-24 08:15:03  DEBUG     CANDLE  NMDC          O=86.49  H=86.76  L=86.49  C=86.62
2026-06-24 08:15:03  DEBUG     CANDLE  NMDC          O=86.49  H=86.76  L=86.49  C=86.62
2026-06-24 08:15:04  DEBUG     CANDLE  VEDL          O=282.20  H=282.80  L=281.90  C=281.95
2026-06-24 08:15:04  DEBUG     CANDLE  VEDL          O=282.20  H=282.80  L=281.90  C=281.95
2026-06-24 08:15:06  DEBUG     CANDLE  BANKBARODA    O=281.00  H=281.45  L=280.60  C=281.05
2026-06-24 08:15:06  DEBUG     CANDLE  BANKBARODA    O=281.00  H=281.45  L=280.60  C=281.05
2026-06-24 08:15:06  DEBUG     CANDLE  YESBANK       O=25.06  H=25.07  L=24.99  C=25.02
2026-06-24 08:15:06  DEBUG     CANDLE  YESBANK       O=25.06  H=25.07  L=24.99  C=25.02
2026-06-24 08:15:18  DEBUG     CANDLE  PNB           O=107.99  H=108.09  L=107.98  C=108.05
2026-06-24 08:15:18  DEBUG     CANDLE  PNB           O=107.99  H=108.09  L=107.98  C=108.05
2026-06-24 08:15:21  DEBUG     CANDLE  SUZLON        O=58.77  H=58.77  L=58.57  C=58.60
2026-06-24 08:15:21  DEBUG     CANDLE  SUZLON        O=58.77  H=58.77  L=58.57  C=58.60
2026-06-24 08:15:31  DEBUG     Sending ping
2026-06-24 08:15:31  DEBUG     Sending ping
2026-06-24 08:16:01  DEBUG     Sending ping
2026-06-24 08:16:01  DEBUG     Sending ping
2026-06-24 08:16:31  DEBUG     Sending ping
2026-06-24 08:16:31  DEBUG     Sending ping
2026-06-24 08:17:01  DEBUG     Sending ping
2026-06-24 08:17:01  DEBUG     Sending ping
2026-06-24 08:17:31  DEBUG     Sending ping
2026-06-24 08:17:31  DEBUG     Sending ping
2026-06-24 08:18:01  DEBUG     Sending ping
2026-06-24 08:18:01  DEBUG     Sending ping
2026-06-24 08:18:31  DEBUG     Sending ping
2026-06-24 08:18:31  DEBUG     Sending ping
2026-06-24 08:19:01  DEBUG     Sending ping
2026-06-24 08:19:01  DEBUG     Sending ping
2026-06-24 08:19:31  DEBUG     Sending ping
2026-06-24 08:19:31  DEBUG     Sending ping
2026-06-24 08:20:01  DEBUG     Sending ping
2026-06-24 08:20:01  DEBUG     Sending ping
2026-06-24 08:20:31  DEBUG     Sending ping
2026-06-24 08:20:31  DEBUG     Sending ping
2026-06-24 08:21:01  DEBUG     Sending ping
2026-06-24 08:21:01  DEBUG     Sending ping
2026-06-24 08:21:31  DEBUG     Sending ping
2026-06-24 08:21:31  DEBUG     Sending ping
2026-06-24 08:22:01  DEBUG     Sending ping
2026-06-24 08:22:01  DEBUG     Sending ping
2026-06-24 08:22:31  DEBUG     Sending ping
2026-06-24 08:22:31  DEBUG     Sending ping
2026-06-24 08:23:01  DEBUG     Sending ping
2026-06-24 08:23:01  DEBUG     Sending ping
2026-06-24 08:23:31  DEBUG     Sending ping
2026-06-24 08:23:31  DEBUG     Sending ping
2026-06-24 08:24:01  DEBUG     Sending ping
2026-06-24 08:24:01  DEBUG     Sending ping
2026-06-24 08:24:31  DEBUG     Sending ping
2026-06-24 08:24:31  DEBUG     Sending ping
2026-06-24 08:25:01  DEBUG     Sending ping
2026-06-24 08:25:01  DEBUG     Sending ping
2026-06-24 08:25:31  DEBUG     Sending ping
2026-06-24 08:25:31  DEBUG     Sending ping
2026-06-24 08:26:01  DEBUG     Sending ping
2026-06-24 08:26:01  DEBUG     Sending ping
2026-06-24 08:26:31  DEBUG     Sending ping
2026-06-24 08:26:31  DEBUG     Sending ping
2026-06-24 08:27:01  DEBUG     Sending ping
2026-06-24 08:27:01  DEBUG     Sending ping
2026-06-24 08:27:31  DEBUG     Sending ping
2026-06-24 08:27:31  DEBUG     Sending ping
2026-06-24 08:28:01  DEBUG     Sending ping
2026-06-24 08:28:01  DEBUG     Sending ping
2026-06-24 08:28:31  DEBUG     Sending ping
2026-06-24 08:28:31  DEBUG     Sending ping
2026-06-24 08:29:01  DEBUG     Sending ping
2026-06-24 08:29:01  DEBUG     Sending ping
2026-06-24 08:29:31  DEBUG     Sending ping
2026-06-24 08:29:31  DEBUG     Sending ping
2026-06-24 08:30:00  DEBUG     CANDLE  ADANIPORTS    O=1800.70  H=1804.40  L=1800.10  C=1803.10
2026-06-24 08:30:00  DEBUG     CANDLE  ADANIPORTS    O=1800.70  H=1804.40  L=1800.10  C=1803.10
2026-06-24 08:30:00  DEBUG     CANDLE  BANKBARODA    O=281.00  H=281.40  L=280.50  C=281.40
2026-06-24 08:30:00  DEBUG     CANDLE  BANKBARODA    O=281.00  H=281.40  L=280.50  C=281.40
2026-06-24 08:30:00  DEBUG     CANDLE  COALINDIA     O=443.20  H=443.40  L=442.50  C=443.25
2026-06-24 08:30:00  DEBUG     CANDLE  COALINDIA     O=443.20  H=443.40  L=442.50  C=443.25
2026-06-24 08:30:01  DEBUG     Sending ping
2026-06-24 08:30:01  DEBUG     Sending ping
2026-06-24 08:30:01  DEBUG     CANDLE  NHPC          O=80.07  H=80.35  L=80.02  C=80.29
2026-06-24 08:30:01  DEBUG     CANDLE  NHPC          O=80.07  H=80.35  L=80.02  C=80.29
2026-06-24 08:30:02  DEBUG     CANDLE  HFCL          O=202.26  H=203.56  L=202.01  C=203.30
2026-06-24 08:30:02  DEBUG     CANDLE  HFCL          O=202.26  H=203.56  L=202.01  C=203.30
2026-06-24 08:30:02  DEBUG     CANDLE  IDEA          O=14.47  H=14.48  L=14.45  C=14.45
2026-06-24 08:30:02  DEBUG     CANDLE  IDEA          O=14.47  H=14.48  L=14.45  C=14.45
2026-06-24 08:30:02  DEBUG     CANDLE  IDFCFIRSTB    O=79.42  H=79.48  L=79.30  C=79.39
2026-06-24 08:30:02  DEBUG     CANDLE  IDFCFIRSTB    O=79.42  H=79.48  L=79.30  C=79.39
2026-06-24 08:30:02  DEBUG     CANDLE  TATASTEEL     O=192.85  H=193.03  L=192.60  C=192.62
2026-06-24 08:30:02  DEBUG     CANDLE  TATASTEEL     O=192.85  H=193.03  L=192.60  C=192.62
2026-06-24 08:30:02  DEBUG     CANDLE  NATIONALUM    O=352.05  H=352.80  L=351.00  C=351.20
2026-06-24 08:30:02  DEBUG     CANDLE  NATIONALUM    O=352.05  H=352.80  L=351.00  C=351.20
2026-06-24 08:30:02  DEBUG     CANDLE  YESBANK       O=25.01  H=25.03  L=24.98  C=24.99
2026-06-24 08:30:02  DEBUG     CANDLE  YESBANK       O=25.01  H=25.03  L=24.98  C=24.99
2026-06-24 08:30:03  DEBUG     CANDLE  SAIL          O=173.54  H=173.77  L=172.93  C=173.00
2026-06-24 08:30:03  DEBUG     CANDLE  SAIL          O=173.54  H=173.77  L=172.93  C=173.00
2026-06-24 08:30:04  DEBUG     CANDLE  SUZLON        O=58.62  H=58.78  L=58.54  C=58.60
2026-06-24 08:30:04  DEBUG     CANDLE  SUZLON        O=58.62  H=58.78  L=58.54  C=58.60
2026-06-24 08:30:04  DEBUG     CANDLE  VEDL          O=282.00  H=282.20  L=281.45  C=281.90
2026-06-24 08:30:04  DEBUG     CANDLE  VEDL          O=282.00  H=282.20  L=281.45  C=281.90
2026-06-24 08:30:06  DEBUG     CANDLE  PNB           O=108.07  H=108.13  L=107.95  C=108.02
2026-06-24 08:30:06  DEBUG     CANDLE  PNB           O=108.07  H=108.13  L=107.95  C=108.02
2026-06-24 08:30:07  DEBUG     CANDLE  NMDC          O=86.61  H=86.62  L=86.21  C=86.25
2026-06-24 08:30:07  DEBUG     CANDLE  NMDC          O=86.61  H=86.62  L=86.21  C=86.25
2026-06-24 08:30:07  DEBUG     CANDLE  UNIONBANK     O=174.88  H=175.10  L=174.84  C=174.84
2026-06-24 08:30:07  DEBUG     CANDLE  UNIONBANK     O=174.88  H=175.10  L=174.84  C=174.84
2026-06-24 08:30:14  DEBUG     CANDLE  NTPC          O=361.15  H=361.40  L=360.00  C=360.00
2026-06-24 08:30:14  DEBUG     CANDLE  NTPC          O=361.15  H=361.40  L=360.00  C=360.00
2026-06-24 08:30:31  DEBUG     Sending ping
2026-06-24 08:30:31  DEBUG     Sending ping
2026-06-24 08:30:48  DEBUG     CANDLE  RPOWER        O=25.39  H=25.45  L=25.27  C=25.29
2026-06-24 08:30:48  DEBUG     CANDLE  RPOWER        O=25.39  H=25.45  L=25.27  C=25.29
2026-06-24 08:31:01  DEBUG     Sending ping
2026-06-24 08:31:01  DEBUG     Sending ping
2026-06-24 08:31:31  DEBUG     Sending ping
2026-06-24 08:31:31  DEBUG     Sending ping
2026-06-24 08:32:01  DEBUG     Sending ping
2026-06-24 08:32:01  DEBUG     Sending ping
2026-06-24 08:32:31  DEBUG     Sending ping
2026-06-24 08:32:31  DEBUG     Sending ping
2026-06-24 08:33:01  DEBUG     Sending ping
2026-06-24 08:33:01  DEBUG     Sending ping
2026-06-24 08:33:31  DEBUG     Sending ping
2026-06-24 08:33:31  DEBUG     Sending ping
2026-06-24 08:34:01  DEBUG     Sending ping
2026-06-24 08:34:01  DEBUG     Sending ping
2026-06-24 08:34:31  DEBUG     Sending ping
2026-06-24 08:34:31  DEBUG     Sending ping
2026-06-24 08:35:01  DEBUG     Sending ping
2026-06-24 08:35:01  DEBUG     Sending ping
2026-06-24 08:35:31  DEBUG     Sending ping
2026-06-24 08:35:31  DEBUG     Sending ping
2026-06-24 08:36:01  DEBUG     Sending ping
2026-06-24 08:36:01  DEBUG     Sending ping
2026-06-24 08:36:31  DEBUG     Sending ping
2026-06-24 08:36:31  DEBUG     Sending ping
2026-06-24 08:37:01  DEBUG     Sending ping
2026-06-24 08:37:01  DEBUG     Sending ping
2026-06-24 08:37:31  DEBUG     Sending ping
2026-06-24 08:37:31  DEBUG     Sending ping
2026-06-24 08:38:01  DEBUG     Sending ping
2026-06-24 08:38:01  DEBUG     Sending ping
2026-06-24 08:38:31  DEBUG     Sending ping
2026-06-24 08:38:31  DEBUG     Sending ping
2026-06-24 08:39:01  DEBUG     Sending ping
2026-06-24 08:39:01  DEBUG     Sending ping
2026-06-24 08:39:31  DEBUG     Sending ping
2026-06-24 08:39:31  DEBUG     Sending ping
2026-06-24 08:40:01  DEBUG     Sending ping
2026-06-24 08:40:01  DEBUG     Sending ping
2026-06-24 08:40:31  DEBUG     Sending ping
2026-06-24 08:40:31  DEBUG     Sending ping
2026-06-24 08:41:01  DEBUG     Sending ping
2026-06-24 08:41:01  DEBUG     Sending ping
2026-06-24 08:41:31  DEBUG     Sending ping
2026-06-24 08:41:31  DEBUG     Sending ping
2026-06-24 08:42:01  DEBUG     Sending ping
2026-06-24 08:42:01  DEBUG     Sending ping
2026-06-24 08:42:31  DEBUG     Sending ping
2026-06-24 08:42:31  DEBUG     Sending ping
2026-06-24 08:43:01  DEBUG     Sending ping
2026-06-24 08:43:01  DEBUG     Sending ping
2026-06-24 08:43:31  DEBUG     Sending ping
2026-06-24 08:43:31  DEBUG     Sending ping
2026-06-24 08:44:01  DEBUG     Sending ping
2026-06-24 08:44:01  DEBUG     Sending ping
2026-06-24 08:44:31  DEBUG     Sending ping
2026-06-24 08:44:31  DEBUG     Sending ping
2026-06-24 08:45:00  DEBUG     CANDLE  UNIONBANK     O=174.87  H=174.87  L=174.39  C=174.65
2026-06-24 08:45:00  DEBUG     CANDLE  UNIONBANK     O=174.87  H=174.87  L=174.39  C=174.65
2026-06-24 08:45:00  DEBUG     CANDLE  BANKBARODA    O=281.30  H=282.00  L=280.70  C=281.90
2026-06-24 08:45:00  DEBUG     CANDLE  BANKBARODA    O=281.30  H=282.00  L=280.70  C=281.90
2026-06-24 08:45:01  DEBUG     CANDLE  RPOWER        O=25.28  H=25.36  L=25.26  C=25.30
2026-06-24 08:45:01  DEBUG     CANDLE  RPOWER        O=25.28  H=25.36  L=25.26  C=25.30
2026-06-24 08:45:01  DEBUG     CANDLE  PNB           O=108.00  H=108.02  L=107.78  C=107.97
2026-06-24 08:45:01  DEBUG     CANDLE  PNB           O=108.00  H=108.02  L=107.78  C=107.97
2026-06-24 08:45:01  DEBUG     CANDLE  IDEA          O=14.46  H=14.46  L=14.39  C=14.45
2026-06-24 08:45:01  DEBUG     CANDLE  IDEA          O=14.46  H=14.46  L=14.39  C=14.45
2026-06-24 08:45:01  DEBUG     CANDLE  NTPC          O=360.10  H=360.35  L=359.85  C=360.10
2026-06-24 08:45:01  DEBUG     CANDLE  NTPC          O=360.10  H=360.35  L=359.85  C=360.10
2026-06-24 08:45:01  DEBUG     CANDLE  IDFCFIRSTB    O=79.42  H=79.49  L=79.22  C=79.41
2026-06-24 08:45:01  DEBUG     CANDLE  IDFCFIRSTB    O=79.42  H=79.49  L=79.22  C=79.41
2026-06-24 08:45:01  DEBUG     CANDLE  TATASTEEL     O=192.69  H=192.72  L=192.36  C=192.54
2026-06-24 08:45:01  DEBUG     CANDLE  TATASTEEL     O=192.69  H=192.72  L=192.36  C=192.54
2026-06-24 08:45:01  DEBUG     CANDLE  NATIONALUM    O=351.25  H=351.25  L=349.90  C=350.15
2026-06-24 08:45:01  DEBUG     CANDLE  NATIONALUM    O=351.25  H=351.25  L=349.90  C=350.15
2026-06-24 08:45:01  DEBUG     CANDLE  YESBANK       O=25.00  H=25.00  L=24.93  C=24.98
2026-06-24 08:45:01  DEBUG     CANDLE  YESBANK       O=25.00  H=25.00  L=24.93  C=24.98
2026-06-24 08:45:01  DEBUG     CANDLE  VEDL          O=281.95  H=282.00  L=281.50  C=281.85
2026-06-24 08:45:01  DEBUG     CANDLE  VEDL          O=281.95  H=282.00  L=281.50  C=281.85
2026-06-24 08:45:01  DEBUG     Sending ping
2026-06-24 08:45:01  DEBUG     Sending ping
2026-06-24 08:45:01  DEBUG     CANDLE  ADANIPORTS    O=1803.20  H=1803.60  L=1799.50  C=1802.60
2026-06-24 08:45:01  DEBUG     CANDLE  ADANIPORTS    O=1803.20  H=1803.60  L=1799.50  C=1802.60
2026-06-24 08:45:03  DEBUG     CANDLE  NHPC          O=80.30  H=80.48  L=80.16  C=80.20
2026-06-24 08:45:03  DEBUG     CANDLE  NHPC          O=80.30  H=80.48  L=80.16  C=80.20
2026-06-24 08:45:03  DEBUG     CANDLE  COALINDIA     O=443.30  H=443.50  L=443.00  C=443.40
2026-06-24 08:45:03  DEBUG     CANDLE  COALINDIA     O=443.30  H=443.50  L=443.00  C=443.40
2026-06-24 08:45:04  DEBUG     CANDLE  HFCL          O=203.42  H=204.80  L=203.21  C=204.21
2026-06-24 08:45:04  DEBUG     CANDLE  HFCL          O=203.42  H=204.80  L=203.21  C=204.21
2026-06-24 08:45:04  DEBUG     CANDLE  SUZLON        O=58.57  H=58.60  L=58.41  C=58.48
2026-06-24 08:45:04  DEBUG     CANDLE  SUZLON        O=58.57  H=58.60  L=58.41  C=58.48
2026-06-24 08:45:04  DEBUG     CANDLE  SAIL          O=173.07  H=173.07  L=172.61  C=172.85
2026-06-24 08:45:04  DEBUG     CANDLE  SAIL          O=173.07  H=173.07  L=172.61  C=172.85
2026-06-24 08:45:19  DEBUG     CANDLE  NMDC          O=86.24  H=86.28  L=86.14  C=86.20
2026-06-24 08:45:19  DEBUG     CANDLE  NMDC          O=86.24  H=86.28  L=86.14  C=86.20
2026-06-24 08:45:31  DEBUG     Sending ping
2026-06-24 08:45:31  DEBUG     Sending ping
2026-06-24 08:46:01  DEBUG     Sending ping
2026-06-24 08:46:01  DEBUG     Sending ping
2026-06-24 08:46:31  DEBUG     Sending ping
2026-06-24 08:46:31  DEBUG     Sending ping
2026-06-24 08:47:01  DEBUG     Sending ping
2026-06-24 08:47:01  DEBUG     Sending ping
2026-06-24 08:47:31  DEBUG     Sending ping
2026-06-24 08:47:31  DEBUG     Sending ping
2026-06-24 08:48:01  DEBUG     Sending ping
2026-06-24 08:48:01  DEBUG     Sending ping
2026-06-24 08:48:31  DEBUG     Sending ping
2026-06-24 08:48:31  DEBUG     Sending ping
2026-06-24 08:49:01  DEBUG     Sending ping
2026-06-24 08:49:01  DEBUG     Sending ping
2026-06-24 08:49:31  DEBUG     Sending ping
2026-06-24 08:49:31  DEBUG     Sending ping
2026-06-24 08:50:01  DEBUG     Sending ping
2026-06-24 08:50:01  DEBUG     Sending ping
2026-06-24 08:50:31  DEBUG     Sending ping
2026-06-24 08:50:31  DEBUG     Sending ping
2026-06-24 08:51:01  DEBUG     Sending ping
2026-06-24 08:51:01  DEBUG     Sending ping
2026-06-24 08:51:31  DEBUG     Sending ping
2026-06-24 08:51:31  DEBUG     Sending ping
2026-06-24 08:52:01  DEBUG     Sending ping
2026-06-24 08:52:01  DEBUG     Sending ping
2026-06-24 08:52:31  DEBUG     Sending ping
2026-06-24 08:52:31  DEBUG     Sending ping
2026-06-24 08:53:01  DEBUG     Sending ping
2026-06-24 08:53:01  DEBUG     Sending ping
2026-06-24 08:53:31  DEBUG     Sending ping
2026-06-24 08:53:31  DEBUG     Sending ping
2026-06-24 08:54:01  DEBUG     Sending ping
2026-06-24 08:54:01  DEBUG     Sending ping
2026-06-24 08:54:31  DEBUG     Sending ping
2026-06-24 08:54:31  DEBUG     Sending ping
2026-06-24 08:55:01  DEBUG     Sending ping
2026-06-24 08:55:01  DEBUG     Sending ping
2026-06-24 08:55:31  DEBUG     Sending ping
2026-06-24 08:55:31  DEBUG     Sending ping
2026-06-24 08:56:01  DEBUG     Sending ping
2026-06-24 08:56:01  DEBUG     Sending ping
2026-06-24 08:56:31  DEBUG     Sending ping
2026-06-24 08:56:31  DEBUG     Sending ping
2026-06-24 08:57:01  DEBUG     Sending ping
2026-06-24 08:57:01  DEBUG     Sending ping
2026-06-24 08:57:31  DEBUG     Sending ping
2026-06-24 08:57:31  DEBUG     Sending ping
2026-06-24 08:58:01  DEBUG     Sending ping
2026-06-24 08:58:01  DEBUG     Sending ping
2026-06-24 08:58:31  DEBUG     Sending ping
2026-06-24 08:58:31  DEBUG     Sending ping
2026-06-24 08:59:01  DEBUG     Sending ping
2026-06-24 08:59:01  DEBUG     Sending ping
2026-06-24 08:59:31  DEBUG     Sending ping
2026-06-24 08:59:31  DEBUG     Sending ping
2026-06-24 09:00:00  DEBUG     CANDLE  NHPC          O=80.19  H=80.23  L=79.97  C=79.98
2026-06-24 09:00:00  DEBUG     CANDLE  NHPC          O=80.19  H=80.23  L=79.97  C=79.98
2026-06-24 09:00:00  DEBUG     CANDLE  UNIONBANK     O=174.64  H=174.75  L=174.51  C=174.57
2026-06-24 09:00:00  DEBUG     CANDLE  UNIONBANK     O=174.64  H=174.75  L=174.51  C=174.57
2026-06-24 09:00:00  DEBUG     CANDLE  HFCL          O=204.20  H=204.42  L=203.30  C=203.66
2026-06-24 09:00:00  DEBUG     CANDLE  HFCL          O=204.20  H=204.42  L=203.30  C=203.66
2026-06-24 09:00:00  DEBUG     CANDLE  TATASTEEL     O=192.53  H=192.60  L=192.05  C=192.21
2026-06-24 09:00:00  DEBUG     CANDLE  TATASTEEL     O=192.53  H=192.60  L=192.05  C=192.21
2026-06-24 09:00:00  DEBUG     CANDLE  PNB           O=107.96  H=108.23  L=107.91  C=108.15
2026-06-24 09:00:00  DEBUG     CANDLE  PNB           O=107.96  H=108.23  L=107.91  C=108.15
2026-06-24 09:00:00  DEBUG     CANDLE  IDEA          O=14.44  H=14.45  L=14.41  C=14.43
2026-06-24 09:00:00  DEBUG     CANDLE  IDEA          O=14.44  H=14.45  L=14.41  C=14.43
2026-06-24 09:00:00  DEBUG     CANDLE  NTPC          O=360.15  H=360.35  L=360.00  C=360.20
2026-06-24 09:00:00  DEBUG     CANDLE  NTPC          O=360.15  H=360.35  L=360.00  C=360.20
2026-06-24 09:00:00  DEBUG     CANDLE  IDFCFIRSTB    O=79.40  H=79.59  L=79.40  C=79.45
2026-06-24 09:00:00  DEBUG     CANDLE  IDFCFIRSTB    O=79.40  H=79.59  L=79.40  C=79.45
2026-06-24 09:00:00  DEBUG     CANDLE  SUZLON        O=58.45  H=58.47  L=58.25  C=58.46
2026-06-24 09:00:00  DEBUG     CANDLE  SUZLON        O=58.45  H=58.47  L=58.25  C=58.46
2026-06-24 09:00:00  DEBUG     CANDLE  NATIONALUM    O=350.10  H=350.25  L=349.10  C=349.20
2026-06-24 09:00:00  DEBUG     CANDLE  NATIONALUM    O=350.10  H=350.25  L=349.10  C=349.20
2026-06-24 09:00:00  INFO      EXIT  #16   NATIONALUM    LOSS  Rs-11.20  entry=Rs352.15@13:30  exit=Rs351.75  total=Rs+159.15
2026-06-24 09:00:00  INFO      EXIT  #16   NATIONALUM    LOSS  Rs-11.20  entry=Rs352.15@13:30  exit=Rs351.75  total=Rs+159.15
2026-06-24 09:00:00  INFO      ENTRY #17   NATIONALUM    SHORT  Rs349.15  qty=28  [flip DOWN | atr=1.45 st=351.84]
2026-06-24 09:00:00  INFO      ENTRY #17   NATIONALUM    SHORT  Rs349.15  qty=28  [flip DOWN | atr=1.45 st=351.84]
2026-06-24 09:00:00  DEBUG     CANDLE  VEDL          O=281.80  H=282.15  L=281.00  C=281.15
2026-06-24 09:00:00  DEBUG     CANDLE  VEDL          O=281.80  H=282.15  L=281.00  C=281.15
2026-06-24 09:00:01  DEBUG     CANDLE  ADANIPORTS    O=1802.50  H=1814.70  L=1802.30  C=1812.10
2026-06-24 09:00:01  DEBUG     CANDLE  ADANIPORTS    O=1802.50  H=1814.70  L=1802.30  C=1812.10
2026-06-24 09:00:01  DEBUG     CANDLE  BANKBARODA    O=281.80  H=281.95  L=280.85  C=280.85
2026-06-24 09:00:01  DEBUG     CANDLE  BANKBARODA    O=281.80  H=281.95  L=280.85  C=280.85
2026-06-24 09:00:01  DEBUG     CANDLE  COALINDIA     O=443.50  H=443.50  L=443.05  C=443.20
2026-06-24 09:00:01  DEBUG     CANDLE  COALINDIA     O=443.50  H=443.50  L=443.05  C=443.20
2026-06-24 09:00:01  DEBUG     Sending ping
2026-06-24 09:00:01  DEBUG     Sending ping
2026-06-24 09:00:04  DEBUG     CANDLE  YESBANK       O=24.97  H=24.99  L=24.94  C=24.95
2026-06-24 09:00:04  DEBUG     CANDLE  YESBANK       O=24.97  H=24.99  L=24.94  C=24.95
2026-06-24 09:00:05  DEBUG     CANDLE  SAIL          O=172.84  H=172.93  L=172.00  C=172.02
2026-06-24 09:00:05  DEBUG     CANDLE  SAIL          O=172.84  H=172.93  L=172.00  C=172.02
2026-06-24 09:00:08  DEBUG     CANDLE  NMDC          O=86.19  H=86.20  L=85.94  C=86.02
2026-06-24 09:00:08  DEBUG     CANDLE  NMDC          O=86.19  H=86.20  L=85.94  C=86.02
2026-06-24 09:00:08  INFO      EXIT  #17   NMDC          WIN   Rs+54.52  entry=Rs86.01@13:00  exit=Rs86.48  total=Rs+213.67
2026-06-24 09:00:08  INFO      EXIT  #17   NMDC          WIN   Rs+54.52  entry=Rs86.01@13:00  exit=Rs86.48  total=Rs+213.67
2026-06-24 09:00:08  INFO      ENTRY #18   NMDC          SHORT  Rs86.01  qty=116  [flip DOWN | atr=0.28 st=86.50]
2026-06-24 09:00:08  INFO      ENTRY #18   NMDC          SHORT  Rs86.01  qty=116  [flip DOWN | atr=0.28 st=86.50]
2026-06-24 09:00:20  DEBUG     CANDLE  RPOWER        O=25.29  H=25.30  L=25.22  C=25.26
2026-06-24 09:00:20  DEBUG     CANDLE  RPOWER        O=25.29  H=25.30  L=25.22  C=25.26
2026-06-24 09:00:31  DEBUG     Sending ping
2026-06-24 09:00:31  DEBUG     Sending ping
2026-06-24 09:01:01  DEBUG     Sending ping
2026-06-24 09:01:01  DEBUG     Sending ping
2026-06-24 09:01:31  DEBUG     Sending ping
2026-06-24 09:01:31  DEBUG     Sending ping
2026-06-24 09:02:01  DEBUG     Sending ping
2026-06-24 09:02:01  DEBUG     Sending ping
2026-06-24 09:02:31  DEBUG     Sending ping
2026-06-24 09:02:31  DEBUG     Sending ping
2026-06-24 09:03:01  DEBUG     Sending ping
2026-06-24 09:03:01  DEBUG     Sending ping
2026-06-24 09:03:31  DEBUG     Sending ping
2026-06-24 09:03:31  DEBUG     Sending ping
2026-06-24 09:04:01  DEBUG     Sending ping
2026-06-24 09:04:01  DEBUG     Sending ping
2026-06-24 09:04:31  DEBUG     Sending ping
2026-06-24 09:04:31  DEBUG     Sending ping
2026-06-24 09:05:01  DEBUG     Sending ping
2026-06-24 09:05:01  DEBUG     Sending ping
2026-06-24 09:05:31  DEBUG     Sending ping
2026-06-24 09:05:31  DEBUG     Sending ping
2026-06-24 09:06:01  DEBUG     Sending ping
2026-06-24 09:06:01  DEBUG     Sending ping
2026-06-24 09:06:31  DEBUG     Sending ping
2026-06-24 09:06:31  DEBUG     Sending ping
2026-06-24 09:07:01  DEBUG     Sending ping
2026-06-24 09:07:01  DEBUG     Sending ping
2026-06-24 09:07:31  DEBUG     Sending ping
2026-06-24 09:07:31  DEBUG     Sending ping
2026-06-24 09:08:01  DEBUG     Sending ping
2026-06-24 09:08:01  DEBUG     Sending ping
2026-06-24 09:08:31  DEBUG     Sending ping
2026-06-24 09:08:31  DEBUG     Sending ping
2026-06-24 09:09:01  DEBUG     Sending ping
2026-06-24 09:09:01  DEBUG     Sending ping
2026-06-24 09:09:31  DEBUG     Sending ping
2026-06-24 09:09:31  DEBUG     Sending ping
2026-06-24 09:10:01  DEBUG     Sending ping
2026-06-24 09:10:01  DEBUG     Sending ping
2026-06-24 09:10:31  DEBUG     Sending ping
2026-06-24 09:10:31  DEBUG     Sending ping
2026-06-24 09:11:01  DEBUG     Sending ping
2026-06-24 09:11:01  DEBUG     Sending ping
2026-06-24 09:11:31  DEBUG     Sending ping
2026-06-24 09:11:31  DEBUG     Sending ping
2026-06-24 09:12:01  DEBUG     Sending ping
2026-06-24 09:12:01  DEBUG     Sending ping
2026-06-24 09:12:31  DEBUG     Sending ping
2026-06-24 09:12:31  DEBUG     Sending ping
2026-06-24 09:13:01  DEBUG     Sending ping
2026-06-24 09:13:01  DEBUG     Sending ping
2026-06-24 09:13:31  DEBUG     Sending ping
2026-06-24 09:13:31  DEBUG     Sending ping
2026-06-24 09:14:01  DEBUG     Sending ping
2026-06-24 09:14:01  DEBUG     Sending ping
2026-06-24 09:14:31  DEBUG     Sending ping
2026-06-24 09:14:31  DEBUG     Sending ping
2026-06-24 09:15:00  DEBUG     CANDLE  IDEA          O=14.42  H=14.43  L=14.38  C=14.42
2026-06-24 09:15:00  DEBUG     CANDLE  IDEA          O=14.42  H=14.43  L=14.38  C=14.42
2026-06-24 09:15:00  DEBUG     CANDLE  TATASTEEL     O=192.24  H=192.30  L=189.70  C=190.07
2026-06-24 09:15:00  DEBUG     CANDLE  TATASTEEL     O=192.24  H=192.30  L=189.70  C=190.07
2026-06-24 09:15:00  INFO      EXIT  #18   TATASTEEL     LOSS  Rs-11.73  entry=Rs192.33@11:00  exit=Rs192.10  total=Rs+201.94
2026-06-24 09:15:00  INFO      EXIT  #18   TATASTEEL     LOSS  Rs-11.73  entry=Rs192.33@11:00  exit=Rs192.10  total=Rs+201.94
2026-06-24 09:15:00  INFO      ENTRY #19   TATASTEEL     SHORT  Rs190.06  qty=52  [flip DOWN | atr=0.74 st=192.11]
2026-06-24 09:15:00  INFO      ENTRY #19   TATASTEEL     SHORT  Rs190.06  qty=52  [flip DOWN | atr=0.74 st=192.11]
2026-06-24 09:15:00  DEBUG     CANDLE  ADANIPORTS    O=1811.80  H=1817.80  L=1808.70  C=1813.70
2026-06-24 09:15:00  DEBUG     CANDLE  ADANIPORTS    O=1811.80  H=1817.80  L=1808.70  C=1813.70
2026-06-24 09:15:00  DEBUG     CANDLE  NHPC          O=80.00  H=80.00  L=79.42  C=79.60
2026-06-24 09:15:00  DEBUG     CANDLE  NHPC          O=80.00  H=80.00  L=79.42  C=79.60
2026-06-24 09:15:00  INFO      EXIT  #19   NHPC          WIN   Rs+277.76  entry=Rs78.01@09:15  exit=Rs80.18  total=Rs+479.70
2026-06-24 09:15:00  INFO      EXIT  #19   NHPC          WIN   Rs+277.76  entry=Rs78.01@09:15  exit=Rs80.18  total=Rs+479.70
2026-06-24 09:15:00  INFO      ENTRY #20   NHPC          SHORT  Rs79.59  qty=125  [flip DOWN | atr=0.32 st=80.20]
2026-06-24 09:15:00  INFO      ENTRY #20   NHPC          SHORT  Rs79.59  qty=125  [flip DOWN | atr=0.32 st=80.20]
2026-06-24 09:15:00  DEBUG     CANDLE  UNIONBANK     O=174.58  H=174.95  L=174.50  C=174.76
2026-06-24 09:15:00  DEBUG     CANDLE  UNIONBANK     O=174.58  H=174.95  L=174.50  C=174.76
2026-06-24 09:15:01  DEBUG     Sending ping
2026-06-24 09:15:01  DEBUG     Sending ping
2026-06-24 09:15:01  DEBUG     CANDLE  HFCL          O=203.68  H=204.00  L=202.78  C=202.78
2026-06-24 09:15:01  DEBUG     CANDLE  HFCL          O=203.68  H=204.00  L=202.78  C=202.78
2026-06-24 09:15:01  DEBUG     CANDLE  NTPC          O=360.25  H=360.30  L=359.00  C=359.85
2026-06-24 09:15:01  DEBUG     CANDLE  NTPC          O=360.25  H=360.30  L=359.00  C=359.85
2026-06-24 09:15:01  DEBUG     CANDLE  IDFCFIRSTB    O=79.43  H=79.43  L=79.25  C=79.37
2026-06-24 09:15:01  DEBUG     CANDLE  IDFCFIRSTB    O=79.43  H=79.43  L=79.25  C=79.37
2026-06-24 09:15:01  DEBUG     CANDLE  NATIONALUM    O=349.25  H=349.50  L=348.75  C=349.15
2026-06-24 09:15:01  DEBUG     CANDLE  NATIONALUM    O=349.25  H=349.50  L=348.75  C=349.15
2026-06-24 09:15:01  DEBUG     CANDLE  VEDL          O=281.10  H=281.80  L=281.10  C=281.70
2026-06-24 09:15:01  DEBUG     CANDLE  VEDL          O=281.10  H=281.80  L=281.10  C=281.70
2026-06-24 09:15:04  DEBUG     CANDLE  SAIL          O=172.04  H=172.39  L=171.70  C=172.29
2026-06-24 09:15:04  DEBUG     CANDLE  SAIL          O=172.04  H=172.39  L=171.70  C=172.29
2026-06-24 09:15:04  DEBUG     CANDLE  RPOWER        O=25.25  H=25.27  L=25.21  C=25.24
2026-06-24 09:15:04  DEBUG     CANDLE  RPOWER        O=25.25  H=25.27  L=25.21  C=25.24
2026-06-24 09:15:04  INFO      EXIT  #20   RPOWER        LOSS  Rs-39.20  entry=Rs25.51@13:15  exit=Rs25.41  total=Rs+440.50
2026-06-24 09:15:04  INFO      EXIT  #20   RPOWER        LOSS  Rs-39.20  entry=Rs25.51@13:15  exit=Rs25.41  total=Rs+440.50
2026-06-24 09:15:04  INFO      ENTRY #21   RPOWER        SHORT  Rs25.23  qty=396  [flip DOWN | atr=0.12 st=25.42]
2026-06-24 09:15:04  INFO      ENTRY #21   RPOWER        SHORT  Rs25.23  qty=396  [flip DOWN | atr=0.12 st=25.42]
2026-06-24 09:15:04  DEBUG     CANDLE  PNB           O=108.09  H=108.10  L=107.82  C=107.85
2026-06-24 09:15:04  DEBUG     CANDLE  PNB           O=108.09  H=108.10  L=107.82  C=107.85
2026-06-24 09:15:04  DEBUG     CANDLE  NMDC          O=86.00  H=86.00  L=85.66  C=85.66
2026-06-24 09:15:04  DEBUG     CANDLE  NMDC          O=86.00  H=86.00  L=85.66  C=85.66
2026-06-24 09:15:04  DEBUG     CANDLE  SUZLON        O=58.43  H=58.45  L=58.20  C=58.22
2026-06-24 09:15:04  DEBUG     CANDLE  SUZLON        O=58.43  H=58.45  L=58.20  C=58.22
2026-06-24 09:15:04  INFO      EXIT  #21   SUZLON        WIN   Rs+15.30  entry=Rs58.61@11:30  exit=Rs58.70  total=Rs+455.80
2026-06-24 09:15:04  INFO      EXIT  #21   SUZLON        WIN   Rs+15.30  entry=Rs58.61@11:30  exit=Rs58.70  total=Rs+455.80
2026-06-24 09:15:04  INFO      ENTRY #22   SUZLON        SHORT  Rs58.21  qty=171  [flip DOWN | atr=0.26 st=58.72]
2026-06-24 09:15:04  INFO      ENTRY #22   SUZLON        SHORT  Rs58.21  qty=171  [flip DOWN | atr=0.26 st=58.72]
2026-06-24 09:15:07  DEBUG     CANDLE  BANKBARODA    O=280.75  H=281.00  L=280.05  C=280.20
2026-06-24 09:15:07  DEBUG     CANDLE  BANKBARODA    O=280.75  H=281.00  L=280.05  C=280.20
2026-06-24 09:15:07  DEBUG     CANDLE  YESBANK       O=24.94  H=25.00  L=24.94  C=24.99
2026-06-24 09:15:07  DEBUG     CANDLE  YESBANK       O=24.94  H=25.00  L=24.94  C=24.99
2026-06-24 09:15:18  DEBUG     CANDLE  COALINDIA     O=443.30  H=443.40  L=442.40  C=442.90
2026-06-24 09:15:18  DEBUG     CANDLE  COALINDIA     O=443.30  H=443.40  L=442.40  C=442.90
2026-06-24 09:15:31  DEBUG     Sending ping
2026-06-24 09:15:31  DEBUG     Sending ping
2026-06-24 09:16:01  DEBUG     Sending ping
2026-06-24 09:16:01  DEBUG     Sending ping
2026-06-24 09:16:31  DEBUG     Sending ping
2026-06-24 09:16:31  DEBUG     Sending ping
2026-06-24 09:17:01  DEBUG     Sending ping
2026-06-24 09:17:01  DEBUG     Sending ping
2026-06-24 09:17:31  DEBUG     Sending ping
2026-06-24 09:17:31  DEBUG     Sending ping
2026-06-24 09:18:01  DEBUG     Sending ping
2026-06-24 09:18:01  DEBUG     Sending ping
2026-06-24 09:18:31  DEBUG     Sending ping
2026-06-24 09:18:31  DEBUG     Sending ping
2026-06-24 09:19:01  DEBUG     Sending ping
2026-06-24 09:19:01  DEBUG     Sending ping
2026-06-24 09:19:31  DEBUG     Sending ping
2026-06-24 09:19:31  DEBUG     Sending ping
2026-06-24 09:20:01  DEBUG     Sending ping
2026-06-24 09:20:01  DEBUG     Sending ping
2026-06-24 09:20:31  DEBUG     Sending ping
2026-06-24 09:20:31  DEBUG     Sending ping
2026-06-24 09:21:01  DEBUG     Sending ping
2026-06-24 09:21:01  DEBUG     Sending ping
2026-06-24 09:21:31  DEBUG     Sending ping
2026-06-24 09:21:31  DEBUG     Sending ping
2026-06-24 09:22:01  DEBUG     Sending ping
2026-06-24 09:22:01  DEBUG     Sending ping
2026-06-24 09:22:31  DEBUG     Sending ping
2026-06-24 09:22:31  DEBUG     Sending ping
2026-06-24 09:23:01  DEBUG     Sending ping
2026-06-24 09:23:01  DEBUG     Sending ping
2026-06-24 09:23:31  DEBUG     Sending ping
2026-06-24 09:23:31  DEBUG     Sending ping
2026-06-24 09:24:01  DEBUG     Sending ping
2026-06-24 09:24:01  DEBUG     Sending ping
2026-06-24 09:24:31  DEBUG     Sending ping
2026-06-24 09:24:31  DEBUG     Sending ping
2026-06-24 09:25:01  DEBUG     Sending ping
2026-06-24 09:25:01  DEBUG     Sending ping
2026-06-24 09:25:31  DEBUG     Sending ping
2026-06-24 09:25:31  DEBUG     Sending ping
2026-06-24 09:26:01  DEBUG     Sending ping
2026-06-24 09:26:01  DEBUG     Sending ping
2026-06-24 09:26:31  DEBUG     Sending ping
2026-06-24 09:26:31  DEBUG     Sending ping
2026-06-24 09:27:01  DEBUG     Sending ping
2026-06-24 09:27:01  DEBUG     Sending ping
2026-06-24 09:27:31  DEBUG     Sending ping
2026-06-24 09:27:31  DEBUG     Sending ping
2026-06-24 09:28:01  DEBUG     Sending ping
2026-06-24 09:28:01  DEBUG     Sending ping
2026-06-24 09:28:31  DEBUG     Sending ping
2026-06-24 09:28:31  DEBUG     Sending ping
2026-06-24 09:29:01  DEBUG     Sending ping
2026-06-24 09:29:01  DEBUG     Sending ping
2026-06-24 09:29:31  DEBUG     Sending ping
2026-06-24 09:29:31  DEBUG     Sending ping
2026-06-24 09:30:00  INFO      EOD EXIT  TATASTEEL     Rs-4.68  total=Rs+451.12
2026-06-24 09:30:00  INFO      EOD EXIT  TATASTEEL     Rs-4.68  total=Rs+451.12
2026-06-24 09:30:01  INFO      EOD EXIT  NHPC          Rs+17.50  total=Rs+468.62
2026-06-24 09:30:01  INFO      EOD EXIT  NHPC          Rs+17.50  total=Rs+468.62
2026-06-24 09:30:01  INFO      EOD EXIT  SAIL          Rs+211.81  total=Rs+680.43
2026-06-24 09:30:01  INFO      EOD EXIT  SAIL          Rs+211.81  total=Rs+680.43
2026-06-24 09:30:01  DEBUG     Sending ping
2026-06-24 09:30:01  DEBUG     Sending ping
2026-06-24 09:30:02  INFO      EOD EXIT  PNB           Rs+11.96  total=Rs+692.39
2026-06-24 09:30:02  INFO      EOD EXIT  PNB           Rs+11.96  total=Rs+692.39
2026-06-24 09:30:02  INFO      EOD EXIT  NMDC          Rs-19.72  total=Rs+672.67
2026-06-24 09:30:02  INFO      EOD EXIT  NMDC          Rs-19.72  total=Rs+672.67
2026-06-24 09:30:02  INFO      EOD EXIT  IDFCFIRSTB    Rs+8.82  total=Rs+681.49
2026-06-24 09:30:02  INFO      EOD EXIT  IDFCFIRSTB    Rs+8.82  total=Rs+681.49
2026-06-24 09:30:02  INFO      EOD EXIT  NATIONALUM    Rs+9.80  total=Rs+691.29
2026-06-24 09:30:02  INFO      EOD EXIT  NATIONALUM    Rs+9.80  total=Rs+691.29
2026-06-24 09:30:02  INFO      EOD EXIT  YESBANK       Rs-16.00  total=Rs+675.29
2026-06-24 09:30:02  INFO      EOD EXIT  YESBANK       Rs-16.00  total=Rs+675.29
2026-06-24 09:30:03  INFO      EOD EXIT  BANKBARODA    Rs-40.25  total=Rs+635.04
2026-06-24 09:30:03  INFO      EOD EXIT  BANKBARODA    Rs-40.25  total=Rs+635.04
2026-06-24 09:30:07  INFO      EOD EXIT  IDEA          Rs-34.65  total=Rs+600.39
2026-06-24 09:30:07  INFO      EOD EXIT  IDEA          Rs-34.65  total=Rs+600.39
2026-06-24 09:30:08  INFO      EOD EXIT  SUZLON        Rs+22.23  total=Rs+622.62
2026-06-24 09:30:08  INFO      EOD EXIT  SUZLON        Rs+22.23  total=Rs+622.62
2026-06-24 09:30:09  INFO      EOD EXIT  RPOWER        Rs+15.84  total=Rs+638.46
2026-06-24 09:30:09  INFO      EOD EXIT  RPOWER        Rs+15.84  total=Rs+638.46
2026-06-24 09:30:09  INFO      EOD EXIT  NTPC          Rs-21.60  total=Rs+616.86
2026-06-24 09:30:09  INFO      EOD EXIT  NTPC          Rs-21.60  total=Rs+616.86
2026-06-24 09:30:09  INFO      ────────────────────────────────────────────────────────────
2026-06-24 09:30:09  INFO      ────────────────────────────────────────────────────────────
2026-06-24 09:30:09  INFO      EOD SUMMARY  date=2026-06-24  trades=22  total_pnl=Rs616.86
2026-06-24 09:30:09  INFO      EOD SUMMARY  date=2026-06-24  trades=22  total_pnl=Rs616.86
2026-06-24 09:30:09  INFO      All positions flat at EOD
2026-06-24 09:30:09  INFO      All positions flat at EOD
2026-06-24 09:30:09  INFO      Ticks  -> data/2026-06-24/ticks.jsonl
2026-06-24 09:30:09  INFO      Ticks  -> data/2026-06-24/ticks.jsonl
2026-06-24 09:30:09  INFO      Trades -> logs/trades_2026-06-24.csv
2026-06-24 09:30:09  INFO      Trades -> logs/trades_2026-06-24.csv
2026-06-24 09:30:09  INFO      ────────────────────────────────────────────────────────────
2026-06-24 09:30:09  INFO      ────────────────────────────────────────────────────────────
2026-06-24 09:30:31  DEBUG     Sending ping
2026-06-24 09:30:31  DEBUG     Sending ping
2026-06-24 09:31:01  DEBUG     Sending ping
2026-06-24 09:31:01  DEBUG     Sending ping
2026-06-24 09:31:31  DEBUG     Sending ping
2026-06-24 09:31:31  DEBUG     Sending ping
2026-06-24 09:32:01  DEBUG     Sending ping
2026-06-24 09:32:01  DEBUG     Sending ping
2026-06-24 09:32:31  DEBUG     Sending ping
2026-06-24 09:32:31  DEBUG     Sending ping
2026-06-24 09:33:01  DEBUG     Sending ping
2026-06-24 09:33:01  DEBUG     Sending ping
2026-06-24 09:33:31  DEBUG     Sending ping
2026-06-24 09:33:31  DEBUG     Sending ping
2026-06-24 09:34:01  DEBUG     Sending ping
2026-06-24 09:34:01  DEBUG     Sending ping
2026-06-24 09:34:31  DEBUG     Sending ping
2026-06-24 09:34:31  DEBUG     Sending ping
2026-06-24 09:35:01  INFO      SIGINT received — flushing and shutting down
2026-06-24 09:35:01  INFO      SIGINT received — flushing and shutting down
2026-06-24 09:35:01  INFO      ────────────────────────────────────────────────────────────
2026-06-24 09:35:01  INFO      ────────────────────────────────────────────────────────────
2026-06-24 09:35:01  INFO      EOD SUMMARY  date=2026-06-24  trades=22  total_pnl=Rs616.86
2026-06-24 09:35:01  INFO      EOD SUMMARY  date=2026-06-24  trades=22  total_pnl=Rs616.86
2026-06-24 09:35:01  INFO      All positions flat at EOD
2026-06-24 09:35:01  INFO      All positions flat at EOD
2026-06-24 09:35:01  INFO      Ticks  -> data/2026-06-24/ticks.jsonl
2026-06-24 09:35:01  INFO      Ticks  -> data/2026-06-24/ticks.jsonl
2026-06-24 09:35:01  INFO      Trades -> logs/trades_2026-06-24.csv
2026-06-24 09:35:01  INFO      Trades -> logs/trades_2026-06-24.csv
2026-06-24 09:35:01  INFO      ────────────────────────────────────────────────────────────
2026-06-24 09:35:01  INFO      ────────────────────────────────────────────────────────────
2026-06-24 09:35:01  ERROR     WS ERROR  0
2026-06-24 09:35:01  ERROR     WS ERROR  0
[Wed Jun 24 09:35:01 UTC 2026] Runner stopped
2026-06-24 09:35:01  WARNING   WS DISCONNECTED  code=None  reason=None  trades=22  pnl=Rs+616.86
2026-06-24 09:35:01  WARNING   WS DISCONNECTED  code=None  reason=None  trades=22  pnl=Rs+616.86
2026-06-24 09:35:01  ERROR     error from callback <bound method FlattradeClient._ws_close of <client.FlattradeClient object at 0x7fa81ad8dd30>>: I/O operation on closed file.
2026-06-24 09:35:01  ERROR     error from callback <bound method FlattradeClient._ws_close of <client.FlattradeClient object at 0x7fa81ad8dd30>>: I/O operation on closed file.
2026-06-24 09:35:01  ERROR     WS ERROR  I/O operation on closed file.
2026-06-24 09:35:01  ERROR     WS ERROR  I/O operation on closed file.
[Wed Jun 24 09:35:01 UTC 2026] Runner exited, restarting in 10s...
