[Fri Jul 10 03:15:10 UTC 2026] Watchdog started
[Fri Jul 10 03:15:10 UTC 2026] Starting runner...
2026-07-10 03:15:10  INFO      ============================================================
2026-07-10 03:15:10  INFO      STARTUP  date=2026-07-10  pid=293778
2026-07-10 03:15:10  INFO      Strategy: Supertrend atr=14 mult=1.5 | 15-min | LIVE mode
2026-07-10 03:15:10  INFO      Resolving NSE tokens...
2026-07-10 03:15:10  DEBUG     Starting new HTTPS connection (1): piconnect.flattrade.in:443
2026-07-10 03:15:10  DEBUG     https://piconnect.flattrade.in:443 "POST /PiConnectAPI/SearchScrip HTTP/1.1" 200 None
2026-07-10 03:15:10  INFO      Resolved  HFCL             token=21951
2026-07-10 03:15:10  DEBUG     Starting new HTTPS connection (1): piconnect.flattrade.in:443
2026-07-10 03:15:11  DEBUG     https://piconnect.flattrade.in:443 "POST /PiConnectAPI/SearchScrip HTTP/1.1" 200 None
2026-07-10 03:15:11  INFO      Resolved  BANKBARODA       token=4668
2026-07-10 03:15:11  DEBUG     Starting new HTTPS connection (1): piconnect.flattrade.in:443
2026-07-10 03:15:11  DEBUG     https://piconnect.flattrade.in:443 "POST /PiConnectAPI/SearchScrip HTTP/1.1" 200 None
2026-07-10 03:15:11  INFO      Resolved  NMDC             token=15332
2026-07-10 03:15:11  DEBUG     Starting new HTTPS connection (1): piconnect.flattrade.in:443
2026-07-10 03:15:12  DEBUG     https://piconnect.flattrade.in:443 "POST /PiConnectAPI/SearchScrip HTTP/1.1" 200 None
2026-07-10 03:15:12  INFO      Resolved  CESC             token=628
2026-07-10 03:15:12  DEBUG     Starting new HTTPS connection (1): piconnect.flattrade.in:443
2026-07-10 03:15:12  DEBUG     https://piconnect.flattrade.in:443 "POST /PiConnectAPI/SearchScrip HTTP/1.1" 200 None
2026-07-10 03:15:12  INFO      Resolved  ZEEL             token=3812
2026-07-10 03:15:12  DEBUG     Starting new HTTPS connection (1): piconnect.flattrade.in:443
2026-07-10 03:15:12  DEBUG     https://piconnect.flattrade.in:443 "POST /PiConnectAPI/SearchScrip HTTP/1.1" 200 None
2026-07-10 03:15:12  INFO      Resolved  BALRAMCHIN       token=341
2026-07-10 03:15:12  DEBUG     Starting new HTTPS connection (1): piconnect.flattrade.in:443
2026-07-10 03:15:13  DEBUG     https://piconnect.flattrade.in:443 "POST /PiConnectAPI/SearchScrip HTTP/1.1" 200 None
2026-07-10 03:15:13  INFO      Resolved  GRANULES         token=11872
2026-07-10 03:15:13  DEBUG     Starting new HTTPS connection (1): piconnect.flattrade.in:443
2026-07-10 03:15:13  DEBUG     https://piconnect.flattrade.in:443 "POST /PiConnectAPI/SearchScrip HTTP/1.1" 200 None
2026-07-10 03:15:13  INFO      Resolved  SUZLON           token=12018
2026-07-10 03:15:13  DEBUG     Starting new HTTPS connection (1): piconnect.flattrade.in:443
2026-07-10 03:15:13  DEBUG     https://piconnect.flattrade.in:443 "POST /PiConnectAPI/PositionBook HTTP/1.1" 200 None
2026-07-10 03:15:13  DEBUG     Starting new HTTPS connection (1): piconnect.flattrade.in:443
2026-07-10 03:15:13  DEBUG     https://piconnect.flattrade.in:443 "POST /PiConnectAPI/Limits HTTP/1.1" 200 None
2026-07-10 03:15:13  INFO      *** LIVE MODE  cash=Rs0  4x=Rs0  K=4  per_trade=Rs1000 ***
2026-07-10 03:15:13  INFO      8 stocks | Rs1000/trade | K=4 | EOD 15:00 IST
2026-07-10 03:15:13  INFO      ============================================================
2026-07-10 03:15:14  INFO      Websocket connected
2026-07-10 03:15:14  INFO      WS CONNECTED  subscribed=8 instruments
2026-07-10 03:15:14  INFO      Ticks -> data/2026-07-10/ticks.jsonl
2026-07-10 03:16:14  DEBUG     Sending ping
2026-07-10 03:16:14  ERROR     WS ERROR  Connection to remote host was lost.
2026-07-10 03:16:14  ERROR     Connection to remote host was lost. - goodbye
2026-07-10 03:16:14  WARNING   WS DISCONNECTED  code=None  reason=None  trades=0  pnl=Rs+0.00
[Fri Jul 10 03:16:14 UTC 2026] Runner exited, restarting in 10s...
[Fri Jul 10 03:16:24 UTC 2026] Starting runner...
2026-07-10 03:16:24  INFO      ============================================================
2026-07-10 03:16:24  INFO      STARTUP  date=2026-07-10  pid=293786
2026-07-10 03:16:24  INFO      Strategy: Supertrend atr=14 mult=1.5 | 15-min | LIVE mode
2026-07-10 03:16:24  INFO      Resolving NSE tokens...
2026-07-10 03:16:24  DEBUG     Starting new HTTPS connection (1): piconnect.flattrade.in:443
2026-07-10 03:16:24  DEBUG     https://piconnect.flattrade.in:443 "POST /PiConnectAPI/SearchScrip HTTP/1.1" 200 None
2026-07-10 03:16:24  INFO      Resolved  HFCL             token=21951
2026-07-10 03:16:24  DEBUG     Starting new HTTPS connection (1): piconnect.flattrade.in:443
2026-07-10 03:16:24  DEBUG     https://piconnect.flattrade.in:443 "POST /PiConnectAPI/SearchScrip HTTP/1.1" 200 None
2026-07-10 03:16:24  INFO      Resolved  BANKBARODA       token=4668
2026-07-10 03:16:24  DEBUG     Starting new HTTPS connection (1): piconnect.flattrade.in:443
2026-07-10 03:16:24  DEBUG     https://piconnect.flattrade.in:443 "POST /PiConnectAPI/SearchScrip HTTP/1.1" 200 None
2026-07-10 03:16:24  INFO      Resolved  NMDC             token=15332
2026-07-10 03:16:24  DEBUG     Starting new HTTPS connection (1): piconnect.flattrade.in:443
2026-07-10 03:16:25  DEBUG     https://piconnect.flattrade.in:443 "POST /PiConnectAPI/SearchScrip HTTP/1.1" 200 None
2026-07-10 03:16:25  INFO      Resolved  CESC             token=628
2026-07-10 03:16:25  DEBUG     Starting new HTTPS connection (1): piconnect.flattrade.in:443
2026-07-10 03:16:25  DEBUG     https://piconnect.flattrade.in:443 "POST /PiConnectAPI/SearchScrip HTTP/1.1" 200 None
2026-07-10 03:16:25  INFO      Resolved  ZEEL             token=3812
2026-07-10 03:16:25  DEBUG     Starting new HTTPS connection (1): piconnect.flattrade.in:443
2026-07-10 03:16:25  DEBUG     https://piconnect.flattrade.in:443 "POST /PiConnectAPI/SearchScrip HTTP/1.1" 200 None
2026-07-10 03:16:25  INFO      Resolved  BALRAMCHIN       token=341
2026-07-10 03:16:25  DEBUG     Starting new HTTPS connection (1): piconnect.flattrade.in:443
2026-07-10 03:16:25  DEBUG     https://piconnect.flattrade.in:443 "POST /PiConnectAPI/SearchScrip HTTP/1.1" 200 None
2026-07-10 03:16:25  INFO      Resolved  GRANULES         token=11872
2026-07-10 03:16:25  DEBUG     Starting new HTTPS connection (1): piconnect.flattrade.in:443
2026-07-10 03:16:25  DEBUG     https://piconnect.flattrade.in:443 "POST /PiConnectAPI/SearchScrip HTTP/1.1" 200 None
2026-07-10 03:16:25  INFO      Resolved  SUZLON           token=12018
2026-07-10 03:16:25  DEBUG     Starting new HTTPS connection (1): piconnect.flattrade.in:443
2026-07-10 03:16:26  DEBUG     https://piconnect.flattrade.in:443 "POST /PiConnectAPI/PositionBook HTTP/1.1" 200 None
2026-07-10 03:16:26  DEBUG     Starting new HTTPS connection (1): piconnect.flattrade.in:443
2026-07-10 03:16:26  DEBUG     https://piconnect.flattrade.in:443 "POST /PiConnectAPI/Limits HTTP/1.1" 200 None
2026-07-10 03:16:26  INFO      *** LIVE MODE  cash=Rs0  4x=Rs0  K=4  per_trade=Rs1000 ***
2026-07-10 03:16:26  INFO      8 stocks | Rs1000/trade | K=4 | EOD 15:00 IST
2026-07-10 03:16:26  INFO      ============================================================
2026-07-10 03:16:26  INFO      Websocket connected
2026-07-10 03:16:26  INFO      WS CONNECTED  subscribed=8 instruments
2026-07-10 03:16:26  INFO      Ticks -> data/2026-07-10/ticks.jsonl
2026-07-10 03:17:26  DEBUG     Sending ping
2026-07-10 03:17:26  ERROR     WS ERROR  Connection to remote host was lost.
2026-07-10 03:17:26  ERROR     Connection to remote host was lost. - goodbye
2026-07-10 03:17:26  WARNING   WS DISCONNECTED  code=None  reason=None  trades=0  pnl=Rs+0.00
[Fri Jul 10 03:17:26 UTC 2026] Runner exited, restarting in 10s...
[Fri Jul 10 03:17:36 UTC 2026] Starting runner...
2026-07-10 03:17:36  INFO      ============================================================
2026-07-10 03:17:36  INFO      STARTUP  date=2026-07-10  pid=293845
2026-07-10 03:17:36  INFO      Strategy: Supertrend atr=14 mult=1.5 | 15-min | LIVE mode
2026-07-10 03:17:36  INFO      Resolving NSE tokens...
2026-07-10 03:17:37  DEBUG     Starting new HTTPS connection (1): piconnect.flattrade.in:443
2026-07-10 03:17:37  DEBUG     https://piconnect.flattrade.in:443 "POST /PiConnectAPI/SearchScrip HTTP/1.1" 200 None
2026-07-10 03:17:37  INFO      Resolved  HFCL             token=21951
2026-07-10 03:17:37  DEBUG     Starting new HTTPS connection (1): piconnect.flattrade.in:443
2026-07-10 03:17:37  DEBUG     https://piconnect.flattrade.in:443 "POST /PiConnectAPI/SearchScrip HTTP/1.1" 200 None
2026-07-10 03:17:37  INFO      Resolved  BANKBARODA       token=4668
2026-07-10 03:17:37  DEBUG     Starting new HTTPS connection (1): piconnect.flattrade.in:443
2026-07-10 03:17:37  DEBUG     https://piconnect.flattrade.in:443 "POST /PiConnectAPI/SearchScrip HTTP/1.1" 200 None
2026-07-10 03:17:37  INFO      Resolved  NMDC             token=15332
2026-07-10 03:17:37  DEBUG     Starting new HTTPS connection (1): piconnect.flattrade.in:443
2026-07-10 03:17:37  DEBUG     https://piconnect.flattrade.in:443 "POST /PiConnectAPI/SearchScrip HTTP/1.1" 200 None
2026-07-10 03:17:37  INFO      Resolved  CESC             token=628
2026-07-10 03:17:37  DEBUG     Starting new HTTPS connection (1): piconnect.flattrade.in:443
2026-07-10 03:17:38  DEBUG     https://piconnect.flattrade.in:443 "POST /PiConnectAPI/SearchScrip HTTP/1.1" 200 None
2026-07-10 03:17:38  INFO      Resolved  ZEEL             token=3812
2026-07-10 03:17:38  DEBUG     Starting new HTTPS connection (1): piconnect.flattrade.in:443
2026-07-10 03:17:38  DEBUG     https://piconnect.flattrade.in:443 "POST /PiConnectAPI/SearchScrip HTTP/1.1" 200 None
2026-07-10 03:17:38  INFO      Resolved  BALRAMCHIN       token=341
2026-07-10 03:17:38  DEBUG     Starting new HTTPS connection (1): piconnect.flattrade.in:443
2026-07-10 03:17:38  DEBUG     https://piconnect.flattrade.in:443 "POST /PiConnectAPI/SearchScrip HTTP/1.1" 200 None
2026-07-10 03:17:38  INFO      Resolved  GRANULES         token=11872
2026-07-10 03:17:38  DEBUG     Starting new HTTPS connection (1): piconnect.flattrade.in:443
2026-07-10 03:17:38  DEBUG     https://piconnect.flattrade.in:443 "POST /PiConnectAPI/SearchScrip HTTP/1.1" 200 None
2026-07-10 03:17:38  INFO      Resolved  SUZLON           token=12018
2026-07-10 03:17:38  DEBUG     Starting new HTTPS connection (1): piconnect.flattrade.in:443
2026-07-10 03:17:38  DEBUG     https://piconnect.flattrade.in:443 "POST /PiConnectAPI/PositionBook HTTP/1.1" 200 None
2026-07-10 03:17:38  DEBUG     Starting new HTTPS connection (1): piconnect.flattrade.in:443
2026-07-10 03:17:39  DEBUG     https://piconnect.flattrade.in:443 "POST /PiConnectAPI/Limits HTTP/1.1" 200 None
2026-07-10 03:17:39  INFO      *** LIVE MODE  cash=Rs0  4x=Rs0  K=4  per_trade=Rs1000 ***
2026-07-10 03:17:39  INFO      8 stocks | Rs1000/trade | K=4 | EOD 15:00 IST
2026-07-10 03:17:39  INFO      ============================================================
2026-07-10 03:17:39  INFO      Websocket connected
2026-07-10 03:17:39  INFO      WS CONNECTED  subscribed=8 instruments
2026-07-10 03:17:39  INFO      Ticks -> data/2026-07-10/ticks.jsonl
2026-07-10 03:18:39  ERROR     WS ERROR  Connection to remote host was lost.
2026-07-10 03:18:39  ERROR     Connection to remote host was lost. - goodbye
2026-07-10 03:18:39  WARNING   WS DISCONNECTED  code=None  reason=None  trades=0  pnl=Rs+0.00
[Fri Jul 10 03:18:39 UTC 2026] Runner exited, restarting in 10s...
[Fri Jul 10 03:18:49 UTC 2026] Starting runner...
2026-07-10 03:18:49  INFO      ============================================================
2026-07-10 03:18:49  INFO      STARTUP  date=2026-07-10  pid=293858
2026-07-10 03:18:49  INFO      Strategy: Supertrend atr=14 mult=1.5 | 15-min | LIVE mode
2026-07-10 03:18:49  INFO      Resolving NSE tokens...
2026-07-10 03:18:49  DEBUG     Starting new HTTPS connection (1): piconnect.flattrade.in:443
2026-07-10 03:18:49  DEBUG     https://piconnect.flattrade.in:443 "POST /PiConnectAPI/SearchScrip HTTP/1.1" 200 None
2026-07-10 03:18:49  INFO      Resolved  HFCL             token=21951
2026-07-10 03:18:49  DEBUG     Starting new HTTPS connection (1): piconnect.flattrade.in:443
2026-07-10 03:18:50  DEBUG     https://piconnect.flattrade.in:443 "POST /PiConnectAPI/SearchScrip HTTP/1.1" 200 None
2026-07-10 03:18:50  INFO      Resolved  BANKBARODA       token=4668
2026-07-10 03:18:50  DEBUG     Starting new HTTPS connection (1): piconnect.flattrade.in:443
2026-07-10 03:18:50  DEBUG     https://piconnect.flattrade.in:443 "POST /PiConnectAPI/SearchScrip HTTP/1.1" 200 None
2026-07-10 03:18:50  INFO      Resolved  NMDC             token=15332
2026-07-10 03:18:50  DEBUG     Starting new HTTPS connection (1): piconnect.flattrade.in:443
2026-07-10 03:18:50  DEBUG     https://piconnect.flattrade.in:443 "POST /PiConnectAPI/SearchScrip HTTP/1.1" 200 None
2026-07-10 03:18:50  INFO      Resolved  CESC             token=628
2026-07-10 03:18:50  DEBUG     Starting new HTTPS connection (1): piconnect.flattrade.in:443
2026-07-10 03:18:50  DEBUG     https://piconnect.flattrade.in:443 "POST /PiConnectAPI/SearchScrip HTTP/1.1" 200 None
2026-07-10 03:18:50  INFO      Resolved  ZEEL             token=3812
2026-07-10 03:18:50  DEBUG     Starting new HTTPS connection (1): piconnect.flattrade.in:443
2026-07-10 03:18:50  DEBUG     https://piconnect.flattrade.in:443 "POST /PiConnectAPI/SearchScrip HTTP/1.1" 200 None
2026-07-10 03:18:50  INFO      Resolved  BALRAMCHIN       token=341
2026-07-10 03:18:50  DEBUG     Starting new HTTPS connection (1): piconnect.flattrade.in:443
2026-07-10 03:18:51  DEBUG     https://piconnect.flattrade.in:443 "POST /PiConnectAPI/SearchScrip HTTP/1.1" 200 None
2026-07-10 03:18:51  INFO      Resolved  GRANULES         token=11872
2026-07-10 03:18:51  DEBUG     Starting new HTTPS connection (1): piconnect.flattrade.in:443
2026-07-10 03:18:51  DEBUG     https://piconnect.flattrade.in:443 "POST /PiConnectAPI/SearchScrip HTTP/1.1" 200 None
2026-07-10 03:18:51  INFO      Resolved  SUZLON           token=12018
2026-07-10 03:18:51  DEBUG     Starting new HTTPS connection (1): piconnect.flattrade.in:443
2026-07-10 03:18:51  DEBUG     https://piconnect.flattrade.in:443 "POST /PiConnectAPI/PositionBook HTTP/1.1" 200 None
2026-07-10 03:18:51  DEBUG     Starting new HTTPS connection (1): piconnect.flattrade.in:443
2026-07-10 03:18:51  DEBUG     https://piconnect.flattrade.in:443 "POST /PiConnectAPI/Limits HTTP/1.1" 200 None
2026-07-10 03:18:51  INFO      *** LIVE MODE  cash=Rs0  4x=Rs0  K=4  per_trade=Rs1000 ***
2026-07-10 03:18:51  INFO      8 stocks | Rs1000/trade | K=4 | EOD 15:00 IST
2026-07-10 03:18:51  INFO      ============================================================
2026-07-10 03:18:52  INFO      Websocket connected
2026-07-10 03:18:52  INFO      WS CONNECTED  subscribed=8 instruments
2026-07-10 03:18:52  INFO      Ticks -> data/2026-07-10/ticks.jsonl
2026-07-10 03:19:52  ERROR     WS ERROR  Connection to remote host was lost.
2026-07-10 03:19:52  ERROR     Connection to remote host was lost. - goodbye
2026-07-10 03:19:52  WARNING   WS DISCONNECTED  code=None  reason=None  trades=0  pnl=Rs+0.00
[Fri Jul 10 03:19:52 UTC 2026] Runner exited, restarting in 10s...
[Fri Jul 10 03:20:02 UTC 2026] Starting runner...
2026-07-10 03:20:02  INFO      ============================================================
2026-07-10 03:20:02  INFO      STARTUP  date=2026-07-10  pid=293915
2026-07-10 03:20:02  INFO      Strategy: Supertrend atr=14 mult=1.5 | 15-min | LIVE mode
2026-07-10 03:20:02  INFO      Resolving NSE tokens...
2026-07-10 03:20:02  DEBUG     Starting new HTTPS connection (1): piconnect.flattrade.in:443
2026-07-10 03:20:02  DEBUG     https://piconnect.flattrade.in:443 "POST /PiConnectAPI/SearchScrip HTTP/1.1" 200 None
2026-07-10 03:20:02  INFO      Resolved  HFCL             token=21951
2026-07-10 03:20:02  DEBUG     Starting new HTTPS connection (1): piconnect.flattrade.in:443
2026-07-10 03:20:02  DEBUG     https://piconnect.flattrade.in:443 "POST /PiConnectAPI/SearchScrip HTTP/1.1" 200 None
2026-07-10 03:20:02  INFO      Resolved  BANKBARODA       token=4668
2026-07-10 03:20:02  DEBUG     Starting new HTTPS connection (1): piconnect.flattrade.in:443
2026-07-10 03:20:02  DEBUG     https://piconnect.flattrade.in:443 "POST /PiConnectAPI/SearchScrip HTTP/1.1" 200 None
2026-07-10 03:20:02  INFO      Resolved  NMDC             token=15332
2026-07-10 03:20:02  DEBUG     Starting new HTTPS connection (1): piconnect.flattrade.in:443
2026-07-10 03:20:03  DEBUG     https://piconnect.flattrade.in:443 "POST /PiConnectAPI/SearchScrip HTTP/1.1" 200 None
2026-07-10 03:20:03  INFO      Resolved  CESC             token=628
2026-07-10 03:20:03  DEBUG     Starting new HTTPS connection (1): piconnect.flattrade.in:443
2026-07-10 03:20:03  DEBUG     https://piconnect.flattrade.in:443 "POST /PiConnectAPI/SearchScrip HTTP/1.1" 200 None
2026-07-10 03:20:03  INFO      Resolved  ZEEL             token=3812
2026-07-10 03:20:03  DEBUG     Starting new HTTPS connection (1): piconnect.flattrade.in:443
2026-07-10 03:20:03  DEBUG     https://piconnect.flattrade.in:443 "POST /PiConnectAPI/SearchScrip HTTP/1.1" 200 None
2026-07-10 03:20:03  INFO      Resolved  BALRAMCHIN       token=341
2026-07-10 03:20:03  DEBUG     Starting new HTTPS connection (1): piconnect.flattrade.in:443
2026-07-10 03:20:03  DEBUG     https://piconnect.flattrade.in:443 "POST /PiConnectAPI/SearchScrip HTTP/1.1" 200 None
2026-07-10 03:20:03  INFO      Resolved  GRANULES         token=11872
2026-07-10 03:20:03  DEBUG     Starting new HTTPS connection (1): piconnect.flattrade.in:443
2026-07-10 03:20:03  DEBUG     https://piconnect.flattrade.in:443 "POST /PiConnectAPI/SearchScrip HTTP/1.1" 200 None
2026-07-10 03:20:03  INFO      Resolved  SUZLON           token=12018
2026-07-10 03:20:03  DEBUG     Starting new HTTPS connection (1): piconnect.flattrade.in:443
2026-07-10 03:20:04  DEBUG     https://piconnect.flattrade.in:443 "POST /PiConnectAPI/PositionBook HTTP/1.1" 200 None
2026-07-10 03:20:04  DEBUG     Starting new HTTPS connection (1): piconnect.flattrade.in:443
2026-07-10 03:20:04  DEBUG     https://piconnect.flattrade.in:443 "POST /PiConnectAPI/Limits HTTP/1.1" 200 None
2026-07-10 03:20:04  INFO      *** LIVE MODE  cash=Rs0  4x=Rs0  K=4  per_trade=Rs1000 ***
2026-07-10 03:20:04  INFO      8 stocks | Rs1000/trade | K=4 | EOD 15:00 IST
2026-07-10 03:20:04  INFO      ============================================================
2026-07-10 03:20:04  INFO      Websocket connected
2026-07-10 03:20:04  INFO      WS CONNECTED  subscribed=8 instruments
2026-07-10 03:20:04  INFO      Ticks -> data/2026-07-10/ticks.jsonl
2026-07-10 03:21:04  ERROR     WS ERROR  Connection to remote host was lost.
2026-07-10 03:21:04  ERROR     Connection to remote host was lost. - goodbye
2026-07-10 03:21:04  WARNING   WS DISCONNECTED  code=None  reason=None  trades=0  pnl=Rs+0.00
[Fri Jul 10 03:21:04 UTC 2026] Runner exited, restarting in 10s...
[Fri Jul 10 03:21:14 UTC 2026] Starting runner...
2026-07-10 03:21:14  INFO      ============================================================
2026-07-10 03:21:14  INFO      STARTUP  date=2026-07-10  pid=293976
2026-07-10 03:21:14  INFO      Strategy: Supertrend atr=14 mult=1.5 | 15-min | LIVE mode
2026-07-10 03:21:14  INFO      Resolving NSE tokens...
2026-07-10 03:21:14  DEBUG     Starting new HTTPS connection (1): piconnect.flattrade.in:443
2026-07-10 03:21:15  DEBUG     https://piconnect.flattrade.in:443 "POST /PiConnectAPI/SearchScrip HTTP/1.1" 200 None
2026-07-10 03:21:15  INFO      Resolved  HFCL             token=21951
2026-07-10 03:21:15  DEBUG     Starting new HTTPS connection (1): piconnect.flattrade.in:443
2026-07-10 03:21:15  DEBUG     https://piconnect.flattrade.in:443 "POST /PiConnectAPI/SearchScrip HTTP/1.1" 200 None
2026-07-10 03:21:15  INFO      Resolved  BANKBARODA       token=4668
2026-07-10 03:21:15  DEBUG     Starting new HTTPS connection (1): piconnect.flattrade.in:443
2026-07-10 03:21:15  DEBUG     https://piconnect.flattrade.in:443 "POST /PiConnectAPI/SearchScrip HTTP/1.1" 200 None
2026-07-10 03:21:15  INFO      Resolved  NMDC             token=15332
2026-07-10 03:21:15  DEBUG     Starting new HTTPS connection (1): piconnect.flattrade.in:443
2026-07-10 03:21:15  DEBUG     https://piconnect.flattrade.in:443 "POST /PiConnectAPI/SearchScrip HTTP/1.1" 200 None
2026-07-10 03:21:15  INFO      Resolved  CESC             token=628
2026-07-10 03:21:15  DEBUG     Starting new HTTPS connection (1): piconnect.flattrade.in:443
2026-07-10 03:21:16  DEBUG     https://piconnect.flattrade.in:443 "POST /PiConnectAPI/SearchScrip HTTP/1.1" 200 None
2026-07-10 03:21:16  INFO      Resolved  ZEEL             token=3812
2026-07-10 03:21:16  DEBUG     Starting new HTTPS connection (1): piconnect.flattrade.in:443
2026-07-10 03:21:16  DEBUG     https://piconnect.flattrade.in:443 "POST /PiConnectAPI/SearchScrip HTTP/1.1" 200 None
2026-07-10 03:21:16  INFO      Resolved  BALRAMCHIN       token=341
2026-07-10 03:21:16  DEBUG     Starting new HTTPS connection (1): piconnect.flattrade.in:443
2026-07-10 03:21:16  DEBUG     https://piconnect.flattrade.in:443 "POST /PiConnectAPI/SearchScrip HTTP/1.1" 200 None
2026-07-10 03:21:16  INFO      Resolved  GRANULES         token=11872
2026-07-10 03:21:16  DEBUG     Starting new HTTPS connection (1): piconnect.flattrade.in:443
2026-07-10 03:21:16  DEBUG     https://piconnect.flattrade.in:443 "POST /PiConnectAPI/SearchScrip HTTP/1.1" 200 None
2026-07-10 03:21:16  INFO      Resolved  SUZLON           token=12018
2026-07-10 03:21:16  DEBUG     Starting new HTTPS connection (1): piconnect.flattrade.in:443
2026-07-10 03:21:16  DEBUG     https://piconnect.flattrade.in:443 "POST /PiConnectAPI/PositionBook HTTP/1.1" 200 None
2026-07-10 03:21:16  DEBUG     Starting new HTTPS connection (1): piconnect.flattrade.in:443
2026-07-10 03:21:17  DEBUG     https://piconnect.flattrade.in:443 "POST /PiConnectAPI/Limits HTTP/1.1" 200 None
2026-07-10 03:21:17  INFO      *** LIVE MODE  cash=Rs0  4x=Rs0  K=4  per_trade=Rs1000 ***
2026-07-10 03:21:17  INFO      8 stocks | Rs1000/trade | K=4 | EOD 15:00 IST
2026-07-10 03:21:17  INFO      ============================================================
2026-07-10 03:21:17  INFO      Websocket connected
2026-07-10 03:21:17  INFO      WS CONNECTED  subscribed=8 instruments
2026-07-10 03:21:17  INFO      Ticks -> data/2026-07-10/ticks.jsonl
2026-07-10 03:22:17  ERROR     WS ERROR  Connection to remote host was lost.
2026-07-10 03:22:17  ERROR     Connection to remote host was lost. - goodbye
2026-07-10 03:22:17  WARNING   WS DISCONNECTED  code=None  reason=None  trades=0  pnl=Rs+0.00
[Fri Jul 10 03:22:17 UTC 2026] Runner exited, restarting in 10s...
[Fri Jul 10 03:22:27 UTC 2026] Starting runner...
2026-07-10 03:22:27  INFO      ============================================================
2026-07-10 03:22:27  INFO      STARTUP  date=2026-07-10  pid=294034
2026-07-10 03:22:27  INFO      Strategy: Supertrend atr=14 mult=1.5 | 15-min | LIVE mode
2026-07-10 03:22:27  INFO      Resolving NSE tokens...
2026-07-10 03:22:27  DEBUG     Starting new HTTPS connection (1): piconnect.flattrade.in:443
2026-07-10 03:22:27  DEBUG     https://piconnect.flattrade.in:443 "POST /PiConnectAPI/SearchScrip HTTP/1.1" 200 None
2026-07-10 03:22:27  INFO      Resolved  HFCL             token=21951
2026-07-10 03:22:27  DEBUG     Starting new HTTPS connection (1): piconnect.flattrade.in:443
2026-07-10 03:22:28  DEBUG     https://piconnect.flattrade.in:443 "POST /PiConnectAPI/SearchScrip HTTP/1.1" 200 None
2026-07-10 03:22:28  INFO      Resolved  BANKBARODA       token=4668
2026-07-10 03:22:28  DEBUG     Starting new HTTPS connection (1): piconnect.flattrade.in:443
2026-07-10 03:22:28  DEBUG     https://piconnect.flattrade.in:443 "POST /PiConnectAPI/SearchScrip HTTP/1.1" 200 None
2026-07-10 03:22:28  INFO      Resolved  NMDC             token=15332
2026-07-10 03:22:28  DEBUG     Starting new HTTPS connection (1): piconnect.flattrade.in:443
2026-07-10 03:22:28  DEBUG     https://piconnect.flattrade.in:443 "POST /PiConnectAPI/SearchScrip HTTP/1.1" 200 None
2026-07-10 03:22:28  INFO      Resolved  CESC             token=628
2026-07-10 03:22:28  DEBUG     Starting new HTTPS connection (1): piconnect.flattrade.in:443
2026-07-10 03:22:28  DEBUG     https://piconnect.flattrade.in:443 "POST /PiConnectAPI/SearchScrip HTTP/1.1" 200 None
2026-07-10 03:22:28  INFO      Resolved  ZEEL             token=3812
2026-07-10 03:22:28  DEBUG     Starting new HTTPS connection (1): piconnect.flattrade.in:443
2026-07-10 03:22:28  DEBUG     https://piconnect.flattrade.in:443 "POST /PiConnectAPI/SearchScrip HTTP/1.1" 200 None
2026-07-10 03:22:28  INFO      Resolved  BALRAMCHIN       token=341
2026-07-10 03:22:28  DEBUG     Starting new HTTPS connection (1): piconnect.flattrade.in:443
2026-07-10 03:22:29  DEBUG     https://piconnect.flattrade.in:443 "POST /PiConnectAPI/SearchScrip HTTP/1.1" 200 None
2026-07-10 03:22:29  INFO      Resolved  GRANULES         token=11872
2026-07-10 03:22:29  DEBUG     Starting new HTTPS connection (1): piconnect.flattrade.in:443
2026-07-10 03:22:29  DEBUG     https://piconnect.flattrade.in:443 "POST /PiConnectAPI/SearchScrip HTTP/1.1" 200 None
2026-07-10 03:22:29  INFO      Resolved  SUZLON           token=12018
2026-07-10 03:22:29  DEBUG     Starting new HTTPS connection (1): piconnect.flattrade.in:443
2026-07-10 03:22:29  DEBUG     https://piconnect.flattrade.in:443 "POST /PiConnectAPI/PositionBook HTTP/1.1" 200 None
2026-07-10 03:22:29  DEBUG     Starting new HTTPS connection (1): piconnect.flattrade.in:443
2026-07-10 03:22:30  DEBUG     https://piconnect.flattrade.in:443 "POST /PiConnectAPI/Limits HTTP/1.1" 200 None
2026-07-10 03:22:30  INFO      *** LIVE MODE  cash=Rs0  4x=Rs0  K=4  per_trade=Rs1000 ***
2026-07-10 03:22:30  INFO      8 stocks | Rs1000/trade | K=4 | EOD 15:00 IST
2026-07-10 03:22:30  INFO      ============================================================
2026-07-10 03:22:30  INFO      Websocket connected
2026-07-10 03:22:30  INFO      WS CONNECTED  subscribed=8 instruments
2026-07-10 03:22:30  INFO      Ticks -> data/2026-07-10/ticks.jsonl
2026-07-10 03:23:30  DEBUG     Sending ping
2026-07-10 03:23:30  ERROR     WS ERROR  Connection to remote host was lost.
2026-07-10 03:23:30  ERROR     Connection to remote host was lost. - goodbye
2026-07-10 03:23:30  WARNING   WS DISCONNECTED  code=None  reason=None  trades=0  pnl=Rs+0.00
[Fri Jul 10 03:23:30 UTC 2026] Runner exited, restarting in 10s...
[Fri Jul 10 03:23:40 UTC 2026] Starting runner...
2026-07-10 03:23:40  INFO      ============================================================
2026-07-10 03:23:40  INFO      STARTUP  date=2026-07-10  pid=294044
2026-07-10 03:23:40  INFO      Strategy: Supertrend atr=14 mult=1.5 | 15-min | LIVE mode
2026-07-10 03:23:40  INFO      Resolving NSE tokens...
2026-07-10 03:23:40  DEBUG     Starting new HTTPS connection (1): piconnect.flattrade.in:443
2026-07-10 03:23:40  DEBUG     https://piconnect.flattrade.in:443 "POST /PiConnectAPI/SearchScrip HTTP/1.1" 200 None
2026-07-10 03:23:40  INFO      Resolved  HFCL             token=21951
2026-07-10 03:23:40  DEBUG     Starting new HTTPS connection (1): piconnect.flattrade.in:443
2026-07-10 03:23:41  DEBUG     https://piconnect.flattrade.in:443 "POST /PiConnectAPI/SearchScrip HTTP/1.1" 200 None
2026-07-10 03:23:41  INFO      Resolved  BANKBARODA       token=4668
2026-07-10 03:23:41  DEBUG     Starting new HTTPS connection (1): piconnect.flattrade.in:443
2026-07-10 03:23:41  DEBUG     https://piconnect.flattrade.in:443 "POST /PiConnectAPI/SearchScrip HTTP/1.1" 200 None
2026-07-10 03:23:41  INFO      Resolved  NMDC             token=15332
2026-07-10 03:23:41  DEBUG     Starting new HTTPS connection (1): piconnect.flattrade.in:443
2026-07-10 03:23:41  DEBUG     https://piconnect.flattrade.in:443 "POST /PiConnectAPI/SearchScrip HTTP/1.1" 200 None
2026-07-10 03:23:41  INFO      Resolved  CESC             token=628
2026-07-10 03:23:41  DEBUG     Starting new HTTPS connection (1): piconnect.flattrade.in:443
2026-07-10 03:23:41  DEBUG     https://piconnect.flattrade.in:443 "POST /PiConnectAPI/SearchScrip HTTP/1.1" 200 None
2026-07-10 03:23:41  INFO      Resolved  ZEEL             token=3812
2026-07-10 03:23:41  DEBUG     Starting new HTTPS connection (1): piconnect.flattrade.in:443
2026-07-10 03:23:41  DEBUG     https://piconnect.flattrade.in:443 "POST /PiConnectAPI/SearchScrip HTTP/1.1" 200 None
2026-07-10 03:23:41  INFO      Resolved  BALRAMCHIN       token=341
2026-07-10 03:23:41  DEBUG     Starting new HTTPS connection (1): piconnect.flattrade.in:443
2026-07-10 03:23:42  DEBUG     https://piconnect.flattrade.in:443 "POST /PiConnectAPI/SearchScrip HTTP/1.1" 200 None
2026-07-10 03:23:42  INFO      Resolved  GRANULES         token=11872
2026-07-10 03:23:42  DEBUG     Starting new HTTPS connection (1): piconnect.flattrade.in:443
2026-07-10 03:23:42  DEBUG     https://piconnect.flattrade.in:443 "POST /PiConnectAPI/SearchScrip HTTP/1.1" 200 None
2026-07-10 03:23:42  INFO      Resolved  SUZLON           token=12018
2026-07-10 03:23:42  DEBUG     Starting new HTTPS connection (1): piconnect.flattrade.in:443
2026-07-10 03:23:42  DEBUG     https://piconnect.flattrade.in:443 "POST /PiConnectAPI/PositionBook HTTP/1.1" 200 None
2026-07-10 03:23:42  DEBUG     Starting new HTTPS connection (1): piconnect.flattrade.in:443
2026-07-10 03:23:42  DEBUG     https://piconnect.flattrade.in:443 "POST /PiConnectAPI/Limits HTTP/1.1" 200 None
2026-07-10 03:23:42  INFO      *** LIVE MODE  cash=Rs0  4x=Rs0  K=4  per_trade=Rs1000 ***
2026-07-10 03:23:42  INFO      8 stocks | Rs1000/trade | K=4 | EOD 15:00 IST
2026-07-10 03:23:42  INFO      ============================================================
2026-07-10 03:23:43  INFO      Websocket connected
2026-07-10 03:23:43  INFO      WS CONNECTED  subscribed=8 instruments
2026-07-10 03:23:43  INFO      Ticks -> data/2026-07-10/ticks.jsonl
2026-07-10 03:24:43  DEBUG     Sending ping
2026-07-10 03:24:43  ERROR     WS ERROR  Connection to remote host was lost.
2026-07-10 03:24:43  ERROR     Connection to remote host was lost. - goodbye
2026-07-10 03:24:43  WARNING   WS DISCONNECTED  code=None  reason=None  trades=0  pnl=Rs+0.00
[Fri Jul 10 03:24:43 UTC 2026] Runner exited, restarting in 10s...
[Fri Jul 10 03:24:53 UTC 2026] Starting runner...
2026-07-10 03:24:53  INFO      ============================================================
2026-07-10 03:24:53  INFO      STARTUP  date=2026-07-10  pid=294101
2026-07-10 03:24:53  INFO      Strategy: Supertrend atr=14 mult=1.5 | 15-min | LIVE mode
2026-07-10 03:24:53  INFO      Resolving NSE tokens...
2026-07-10 03:24:53  DEBUG     Starting new HTTPS connection (1): piconnect.flattrade.in:443
2026-07-10 03:24:53  DEBUG     https://piconnect.flattrade.in:443 "POST /PiConnectAPI/SearchScrip HTTP/1.1" 200 None
2026-07-10 03:24:53  INFO      Resolved  HFCL             token=21951
2026-07-10 03:24:53  DEBUG     Starting new HTTPS connection (1): piconnect.flattrade.in:443
2026-07-10 03:24:53  DEBUG     https://piconnect.flattrade.in:443 "POST /PiConnectAPI/SearchScrip HTTP/1.1" 200 None
2026-07-10 03:24:53  INFO      Resolved  BANKBARODA       token=4668
2026-07-10 03:24:53  DEBUG     Starting new HTTPS connection (1): piconnect.flattrade.in:443
2026-07-10 03:24:54  DEBUG     https://piconnect.flattrade.in:443 "POST /PiConnectAPI/SearchScrip HTTP/1.1" 200 None
2026-07-10 03:24:54  INFO      Resolved  NMDC             token=15332
2026-07-10 03:24:54  DEBUG     Starting new HTTPS connection (1): piconnect.flattrade.in:443
2026-07-10 03:24:54  DEBUG     https://piconnect.flattrade.in:443 "POST /PiConnectAPI/SearchScrip HTTP/1.1" 200 None
2026-07-10 03:24:54  INFO      Resolved  CESC             token=628
2026-07-10 03:24:54  DEBUG     Starting new HTTPS connection (1): piconnect.flattrade.in:443
2026-07-10 03:24:54  DEBUG     https://piconnect.flattrade.in:443 "POST /PiConnectAPI/SearchScrip HTTP/1.1" 200 None
2026-07-10 03:24:54  INFO      Resolved  ZEEL             token=3812
2026-07-10 03:24:54  DEBUG     Starting new HTTPS connection (1): piconnect.flattrade.in:443
2026-07-10 03:24:54  DEBUG     https://piconnect.flattrade.in:443 "POST /PiConnectAPI/SearchScrip HTTP/1.1" 200 None
2026-07-10 03:24:54  INFO      Resolved  BALRAMCHIN       token=341
2026-07-10 03:24:54  DEBUG     Starting new HTTPS connection (1): piconnect.flattrade.in:443
2026-07-10 03:24:54  DEBUG     https://piconnect.flattrade.in:443 "POST /PiConnectAPI/SearchScrip HTTP/1.1" 200 None
2026-07-10 03:24:54  INFO      Resolved  GRANULES         token=11872
2026-07-10 03:24:54  DEBUG     Starting new HTTPS connection (1): piconnect.flattrade.in:443
2026-07-10 03:24:55  DEBUG     https://piconnect.flattrade.in:443 "POST /PiConnectAPI/SearchScrip HTTP/1.1" 200 None
2026-07-10 03:24:55  INFO      Resolved  SUZLON           token=12018
2026-07-10 03:24:55  DEBUG     Starting new HTTPS connection (1): piconnect.flattrade.in:443
2026-07-10 03:24:55  DEBUG     https://piconnect.flattrade.in:443 "POST /PiConnectAPI/PositionBook HTTP/1.1" 200 None
2026-07-10 03:24:55  DEBUG     Starting new HTTPS connection (1): piconnect.flattrade.in:443
2026-07-10 03:24:55  DEBUG     https://piconnect.flattrade.in:443 "POST /PiConnectAPI/Limits HTTP/1.1" 200 None
2026-07-10 03:24:55  INFO      *** LIVE MODE  cash=Rs0  4x=Rs0  K=4  per_trade=Rs1000 ***
2026-07-10 03:24:55  INFO      8 stocks | Rs1000/trade | K=4 | EOD 15:00 IST
2026-07-10 03:24:55  INFO      ============================================================
2026-07-10 03:24:55  INFO      Websocket connected
2026-07-10 03:24:56  INFO      WS CONNECTED  subscribed=8 instruments
2026-07-10 03:24:56  INFO      Ticks -> data/2026-07-10/ticks.jsonl
2026-07-10 03:25:55  DEBUG     Sending ping
2026-07-10 03:25:55  ERROR     WS ERROR  Connection to remote host was lost.
2026-07-10 03:25:55  ERROR     Connection to remote host was lost. - goodbye
2026-07-10 03:25:55  WARNING   WS DISCONNECTED  code=None  reason=None  trades=0  pnl=Rs+0.00
[Fri Jul 10 03:25:55 UTC 2026] Runner exited, restarting in 10s...
[Fri Jul 10 03:26:05 UTC 2026] Starting runner...
2026-07-10 03:26:06  INFO      ============================================================
2026-07-10 03:26:06  INFO      STARTUP  date=2026-07-10  pid=294159
2026-07-10 03:26:06  INFO      Strategy: Supertrend atr=14 mult=1.5 | 15-min | LIVE mode
2026-07-10 03:26:06  INFO      Resolving NSE tokens...
2026-07-10 03:26:06  DEBUG     Starting new HTTPS connection (1): piconnect.flattrade.in:443
2026-07-10 03:26:06  DEBUG     https://piconnect.flattrade.in:443 "POST /PiConnectAPI/SearchScrip HTTP/1.1" 200 None
2026-07-10 03:26:06  INFO      Resolved  HFCL             token=21951
2026-07-10 03:26:06  DEBUG     Starting new HTTPS connection (1): piconnect.flattrade.in:443
2026-07-10 03:26:06  DEBUG     https://piconnect.flattrade.in:443 "POST /PiConnectAPI/SearchScrip HTTP/1.1" 200 None
2026-07-10 03:26:06  INFO      Resolved  BANKBARODA       token=4668
2026-07-10 03:26:06  DEBUG     Starting new HTTPS connection (1): piconnect.flattrade.in:443
2026-07-10 03:26:06  DEBUG     https://piconnect.flattrade.in:443 "POST /PiConnectAPI/SearchScrip HTTP/1.1" 200 None
2026-07-10 03:26:06  INFO      Resolved  NMDC             token=15332
2026-07-10 03:26:06  DEBUG     Starting new HTTPS connection (1): piconnect.flattrade.in:443
2026-07-10 03:26:06  DEBUG     https://piconnect.flattrade.in:443 "POST /PiConnectAPI/SearchScrip HTTP/1.1" 200 None
2026-07-10 03:26:06  INFO      Resolved  CESC             token=628
2026-07-10 03:26:06  DEBUG     Starting new HTTPS connection (1): piconnect.flattrade.in:443
2026-07-10 03:26:07  DEBUG     https://piconnect.flattrade.in:443 "POST /PiConnectAPI/SearchScrip HTTP/1.1" 200 None
2026-07-10 03:26:07  INFO      Resolved  ZEEL             token=3812
2026-07-10 03:26:07  DEBUG     Starting new HTTPS connection (1): piconnect.flattrade.in:443
2026-07-10 03:26:07  DEBUG     https://piconnect.flattrade.in:443 "POST /PiConnectAPI/SearchScrip HTTP/1.1" 200 None
2026-07-10 03:26:07  INFO      Resolved  BALRAMCHIN       token=341
2026-07-10 03:26:07  DEBUG     Starting new HTTPS connection (1): piconnect.flattrade.in:443
2026-07-10 03:26:07  DEBUG     https://piconnect.flattrade.in:443 "POST /PiConnectAPI/SearchScrip HTTP/1.1" 200 None
2026-07-10 03:26:07  INFO      Resolved  GRANULES         token=11872
2026-07-10 03:26:07  DEBUG     Starting new HTTPS connection (1): piconnect.flattrade.in:443
2026-07-10 03:26:07  DEBUG     https://piconnect.flattrade.in:443 "POST /PiConnectAPI/SearchScrip HTTP/1.1" 200 None
2026-07-10 03:26:07  INFO      Resolved  SUZLON           token=12018
2026-07-10 03:26:07  DEBUG     Starting new HTTPS connection (1): piconnect.flattrade.in:443
2026-07-10 03:26:07  DEBUG     https://piconnect.flattrade.in:443 "POST /PiConnectAPI/PositionBook HTTP/1.1" 200 None
2026-07-10 03:26:07  DEBUG     Starting new HTTPS connection (1): piconnect.flattrade.in:443
2026-07-10 03:26:08  DEBUG     https://piconnect.flattrade.in:443 "POST /PiConnectAPI/Limits HTTP/1.1" 200 None
2026-07-10 03:26:08  INFO      *** LIVE MODE  cash=Rs0  4x=Rs0  K=4  per_trade=Rs1000 ***
2026-07-10 03:26:08  INFO      8 stocks | Rs1000/trade | K=4 | EOD 15:00 IST
2026-07-10 03:26:08  INFO      ============================================================
2026-07-10 03:26:08  INFO      Websocket connected
2026-07-10 03:26:08  INFO      WS CONNECTED  subscribed=8 instruments
2026-07-10 03:26:08  INFO      Ticks -> data/2026-07-10/ticks.jsonl
2026-07-10 03:27:08  DEBUG     Sending ping
2026-07-10 03:27:08  DEBUG     Failed to send ping: socket is already closed.
2026-07-10 03:27:08  ERROR     WS ERROR  Connection to remote host was lost.
2026-07-10 03:27:08  ERROR     Connection to remote host was lost. - goodbye
2026-07-10 03:27:08  WARNING   WS DISCONNECTED  code=None  reason=None  trades=0  pnl=Rs+0.00
[Fri Jul 10 03:27:08 UTC 2026] Runner exited, restarting in 10s...
[Fri Jul 10 03:27:18 UTC 2026] Starting runner...
2026-07-10 03:27:18  INFO      ============================================================
2026-07-10 03:27:18  INFO      STARTUP  date=2026-07-10  pid=294168
2026-07-10 03:27:18  INFO      Strategy: Supertrend atr=14 mult=1.5 | 15-min | LIVE mode
2026-07-10 03:27:18  INFO      Resolving NSE tokens...
2026-07-10 03:27:18  DEBUG     Starting new HTTPS connection (1): piconnect.flattrade.in:443
2026-07-10 03:27:19  DEBUG     https://piconnect.flattrade.in:443 "POST /PiConnectAPI/SearchScrip HTTP/1.1" 200 None
2026-07-10 03:27:19  INFO      Resolved  HFCL             token=21951
2026-07-10 03:27:19  DEBUG     Starting new HTTPS connection (1): piconnect.flattrade.in:443
2026-07-10 03:27:19  DEBUG     https://piconnect.flattrade.in:443 "POST /PiConnectAPI/SearchScrip HTTP/1.1" 200 None
2026-07-10 03:27:19  INFO      Resolved  BANKBARODA       token=4668
2026-07-10 03:27:19  DEBUG     Starting new HTTPS connection (1): piconnect.flattrade.in:443
2026-07-10 03:27:19  DEBUG     https://piconnect.flattrade.in:443 "POST /PiConnectAPI/SearchScrip HTTP/1.1" 200 None
2026-07-10 03:27:19  INFO      Resolved  NMDC             token=15332
2026-07-10 03:27:19  DEBUG     Starting new HTTPS connection (1): piconnect.flattrade.in:443
2026-07-10 03:27:19  DEBUG     https://piconnect.flattrade.in:443 "POST /PiConnectAPI/SearchScrip HTTP/1.1" 200 None
2026-07-10 03:27:19  INFO      Resolved  CESC             token=628
2026-07-10 03:27:19  DEBUG     Starting new HTTPS connection (1): piconnect.flattrade.in:443
2026-07-10 03:27:19  DEBUG     https://piconnect.flattrade.in:443 "POST /PiConnectAPI/SearchScrip HTTP/1.1" 200 None
2026-07-10 03:27:19  INFO      Resolved  ZEEL             token=3812
2026-07-10 03:27:19  DEBUG     Starting new HTTPS connection (1): piconnect.flattrade.in:443
2026-07-10 03:27:20  DEBUG     https://piconnect.flattrade.in:443 "POST /PiConnectAPI/SearchScrip HTTP/1.1" 200 None
2026-07-10 03:27:20  INFO      Resolved  BALRAMCHIN       token=341
2026-07-10 03:27:20  DEBUG     Starting new HTTPS connection (1): piconnect.flattrade.in:443
2026-07-10 03:27:20  DEBUG     https://piconnect.flattrade.in:443 "POST /PiConnectAPI/SearchScrip HTTP/1.1" 200 None
2026-07-10 03:27:20  INFO      Resolved  GRANULES         token=11872
2026-07-10 03:27:20  DEBUG     Starting new HTTPS connection (1): piconnect.flattrade.in:443
2026-07-10 03:27:20  DEBUG     https://piconnect.flattrade.in:443 "POST /PiConnectAPI/SearchScrip HTTP/1.1" 200 None
2026-07-10 03:27:20  INFO      Resolved  SUZLON           token=12018
2026-07-10 03:27:20  DEBUG     Starting new HTTPS connection (1): piconnect.flattrade.in:443
2026-07-10 03:27:20  DEBUG     https://piconnect.flattrade.in:443 "POST /PiConnectAPI/PositionBook HTTP/1.1" 200 None
2026-07-10 03:27:20  DEBUG     Starting new HTTPS connection (1): piconnect.flattrade.in:443
2026-07-10 03:27:21  DEBUG     https://piconnect.flattrade.in:443 "POST /PiConnectAPI/Limits HTTP/1.1" 200 None
2026-07-10 03:27:21  INFO      *** LIVE MODE  cash=Rs0  4x=Rs0  K=4  per_trade=Rs1000 ***
2026-07-10 03:27:21  INFO      8 stocks | Rs1000/trade | K=4 | EOD 15:00 IST
2026-07-10 03:27:21  INFO      ============================================================
2026-07-10 03:27:21  INFO      Websocket connected
2026-07-10 03:27:21  INFO      WS CONNECTED  subscribed=8 instruments
2026-07-10 03:27:21  INFO      Ticks -> data/2026-07-10/ticks.jsonl
2026-07-10 03:28:21  DEBUG     Sending ping
2026-07-10 03:28:51  DEBUG     Sending ping
2026-07-10 03:29:21  DEBUG     Sending ping
2026-07-10 03:29:51  DEBUG     Sending ping
2026-07-10 03:30:00  DEBUG     CANDLE  BANKBARODA    O=244.60  H=244.60  L=244.60  C=244.60
2026-07-10 03:30:00  DEBUG     CANDLE  SUZLON        O=53.70  H=53.70  L=53.70  C=53.70
2026-07-10 03:30:00  INFO      ORDER  SUZLON        SELL   MIS   qty=18      price=Rs53.69    reason=flip DOWN | atr=0.23 st=54.05 sl=54.05
2026-07-10 03:30:00  DEBUG     Starting new HTTPS connection (1): piconnect.flattrade.in:443
2026-07-10 03:30:01  DEBUG     https://piconnect.flattrade.in:443 "POST /PiConnectAPI/PlaceOrder HTTP/1.1" 200 None
2026-07-10 03:30:01  INFO      ACCEPTED  SUZLON  norenordno=26071000003671
2026-07-10 03:30:01  INFO      CAPITAL  committed=Rs0.00  (released Rs241.60 for MIS SUZLON)
2026-07-10 03:30:01  INFO      ENTRY #1    SUZLON        SHORT  Rs53.70  qty=18  [flip DOWN | atr=0.23 st=54.05 sl=54.05]
2026-07-10 03:30:01  INFO      ORDER UPDATE  NewAck    SUZLON-EQ  norenordno=26071000003671
2026-07-10 03:30:01  ERROR     ORDER REJECTED  SUZLON-EQ  norenordno=26071000003671  reason=RED:Margin Shortfall:INR 236.10 Available:INR 0.00 for C-FZ38545 [KAMBALA]
2026-07-10 03:30:03  DEBUG     CANDLE  NMDC          O=84.42  H=84.42  L=84.42  C=84.42
2026-07-10 03:30:21  DEBUG     Sending ping
2026-07-10 03:30:51  DEBUG     Sending ping
2026-07-10 03:31:21  DEBUG     Sending ping
2026-07-10 03:31:51  DEBUG     Sending ping
2026-07-10 03:32:21  DEBUG     Sending ping
2026-07-10 03:32:51  DEBUG     Sending ping
2026-07-10 03:33:21  DEBUG     Sending ping
2026-07-10 03:33:51  DEBUG     Sending ping
2026-07-10 03:34:21  DEBUG     Sending ping
2026-07-10 03:34:51  DEBUG     Sending ping
2026-07-10 03:35:21  DEBUG     Sending ping
2026-07-10 03:35:51  DEBUG     Sending ping
2026-07-10 03:36:21  DEBUG     Sending ping
2026-07-10 03:36:51  DEBUG     Sending ping
2026-07-10 03:37:21  DEBUG     Sending ping
2026-07-10 03:37:51  DEBUG     Sending ping
2026-07-10 03:38:21  DEBUG     Sending ping
2026-07-10 03:38:51  DEBUG     Sending ping
2026-07-10 03:39:21  DEBUG     Sending ping
2026-07-10 03:39:51  DEBUG     Sending ping
2026-07-10 03:40:21  DEBUG     Sending ping
2026-07-10 03:40:51  DEBUG     Sending ping
2026-07-10 03:41:21  DEBUG     Sending ping
2026-07-10 03:41:51  DEBUG     Sending ping
2026-07-10 03:42:21  DEBUG     Sending ping
2026-07-10 03:42:51  DEBUG     Sending ping
2026-07-10 03:43:21  DEBUG     Sending ping
2026-07-10 03:43:51  DEBUG     Sending ping
2026-07-10 03:44:21  DEBUG     Sending ping
2026-07-10 03:44:51  DEBUG     Sending ping
2026-07-10 03:45:00  DEBUG     CANDLE  SUZLON        O=53.68  H=54.02  L=53.68  C=54.02
2026-07-10 03:45:00  DEBUG     CANDLE  HFCL          O=217.25  H=221.79  L=217.25  C=221.79
2026-07-10 03:45:00  DEBUG     Starting new HTTPS connection (1): piconnect.flattrade.in:443
2026-07-10 03:45:00  DEBUG     https://piconnect.flattrade.in:443 "POST /PiConnectAPI/Limits HTTP/1.1" 200 None
2026-07-10 03:45:00  ERROR     CNC BUY HFCL skipped — no capital left (committed=Rs0.00)
2026-07-10 03:45:00  DEBUG     CANDLE  BANKBARODA    O=244.50  H=245.50  L=244.50  C=245.50
2026-07-10 03:45:03  DEBUG     CANDLE  CESC          O=163.42  H=163.67  L=163.42  C=163.67
2026-07-10 03:45:04  ERROR     WS ERROR  Connection to remote host was lost.
2026-07-10 03:45:04  ERROR     Connection to remote host was lost. - goodbye
2026-07-10 03:45:04  WARNING   WS DISCONNECTED  code=None  reason=None  trades=1  pnl=Rs+0.00
[Fri Jul 10 03:45:04 UTC 2026] Runner exited, restarting in 10s...
[Fri Jul 10 03:45:14 UTC 2026] Starting runner...
2026-07-10 03:45:14  INFO      ============================================================
2026-07-10 03:45:14  INFO      STARTUP  date=2026-07-10  pid=294637
2026-07-10 03:45:14  INFO      Strategy: Supertrend atr=14 mult=1.5 | 15-min | LIVE mode
2026-07-10 03:45:14  INFO      Resolving NSE tokens...
2026-07-10 03:45:14  DEBUG     Starting new HTTPS connection (1): piconnect.flattrade.in:443
2026-07-10 03:45:14  DEBUG     https://piconnect.flattrade.in:443 "POST /PiConnectAPI/SearchScrip HTTP/1.1" 200 None
2026-07-10 03:45:14  INFO      Resolved  HFCL             token=21951
2026-07-10 03:45:14  DEBUG     Starting new HTTPS connection (1): piconnect.flattrade.in:443
2026-07-10 03:45:14  DEBUG     https://piconnect.flattrade.in:443 "POST /PiConnectAPI/SearchScrip HTTP/1.1" 200 None
2026-07-10 03:45:14  INFO      Resolved  BANKBARODA       token=4668
2026-07-10 03:45:14  DEBUG     Starting new HTTPS connection (1): piconnect.flattrade.in:443
2026-07-10 03:45:15  DEBUG     https://piconnect.flattrade.in:443 "POST /PiConnectAPI/SearchScrip HTTP/1.1" 200 None
2026-07-10 03:45:15  INFO      Resolved  NMDC             token=15332
2026-07-10 03:45:15  DEBUG     Starting new HTTPS connection (1): piconnect.flattrade.in:443
2026-07-10 03:45:15  DEBUG     https://piconnect.flattrade.in:443 "POST /PiConnectAPI/SearchScrip HTTP/1.1" 200 None
2026-07-10 03:45:15  INFO      Resolved  CESC             token=628
2026-07-10 03:45:15  DEBUG     Starting new HTTPS connection (1): piconnect.flattrade.in:443
2026-07-10 03:45:16  DEBUG     https://piconnect.flattrade.in:443 "POST /PiConnectAPI/SearchScrip HTTP/1.1" 200 None
2026-07-10 03:45:16  INFO      Resolved  ZEEL             token=3812
2026-07-10 03:45:16  DEBUG     Starting new HTTPS connection (1): piconnect.flattrade.in:443
2026-07-10 03:45:16  DEBUG     https://piconnect.flattrade.in:443 "POST /PiConnectAPI/SearchScrip HTTP/1.1" 200 None
2026-07-10 03:45:16  INFO      Resolved  BALRAMCHIN       token=341
2026-07-10 03:45:16  DEBUG     Starting new HTTPS connection (1): piconnect.flattrade.in:443
2026-07-10 03:45:16  DEBUG     https://piconnect.flattrade.in:443 "POST /PiConnectAPI/SearchScrip HTTP/1.1" 200 None
2026-07-10 03:45:16  INFO      Resolved  GRANULES         token=11872
2026-07-10 03:45:16  DEBUG     Starting new HTTPS connection (1): piconnect.flattrade.in:443
2026-07-10 03:45:16  DEBUG     https://piconnect.flattrade.in:443 "POST /PiConnectAPI/SearchScrip HTTP/1.1" 200 None
2026-07-10 03:45:16  INFO      Resolved  SUZLON           token=12018
2026-07-10 03:45:16  DEBUG     Starting new HTTPS connection (1): piconnect.flattrade.in:443
2026-07-10 03:45:17  DEBUG     https://piconnect.flattrade.in:443 "POST /PiConnectAPI/PositionBook HTTP/1.1" 200 None
2026-07-10 03:45:17  DEBUG     Starting new HTTPS connection (1): piconnect.flattrade.in:443
2026-07-10 03:45:17  DEBUG     https://piconnect.flattrade.in:443 "POST /PiConnectAPI/Limits HTTP/1.1" 200 None
2026-07-10 03:45:17  INFO      *** LIVE MODE  cash=Rs0  4x=Rs0  K=4  per_trade=Rs1000 ***
2026-07-10 03:45:17  INFO      8 stocks | Rs1000/trade | K=4 | EOD 15:00 IST
2026-07-10 03:45:17  INFO      ============================================================
2026-07-10 03:45:17  ERROR     WS ERROR  Handshake status 502 Bad Gateway -+-+- {'date': 'Fri, 10 Jul 2026 03:45:17 GMT', 'content-type': 'text/plain; charset=UTF-8', 'content-length': '15', 'connection': 'keep-alive', 'report-to': '{"endpoints":[{"url":"https:\\/\\/a.nel.cloudflare.com\\/report\\/v4?s=PKyhwRzpSo2WBw8esj9tigLqRmSyNQlN%2BMK8%2FqbQ2iBiF9yBk0ALW6vFE0f788ffprDA3JCwFYnOjlQOPejHCtnfHtogLCBh0JPrF1r4NnPWyuEjDRTMJ1NTRa7JDspvMdq4ivU1JAI%3D"}],"group":"cf-nel","max_age":604800}', 'nel': '{"success_fraction":0,"report_to":"cf-nel","max_age":604800}', 'x-frame-options': 'SAMEORIGIN', 'referrer-policy': 'same-origin', 'cache-control': 'private, max-age=0, no-store, no-cache, must-revalidate, post-check=0, pre-check=0', 'expires': 'Thu, 01 Jan 1970 00:00:01 GMT', 'server': 'cloudflare', 'cf-ray': 'a18c93236a605610-ARN', 'server-timing': 'cfL4;desc="?proto=TCP&rtt=2932&min_rtt=2930&rtt_var=1103&sent=4&recv=6&lost=0&retrans=0&sent_bytes=2825&recv_bytes=835&delivery_rate=982027&cwnd=52&unsent_bytes=0&cid=ca43e0a99ec8e4f1&ts=451&x=0"'} -+-+- b'error code: 502'
2026-07-10 03:45:17  ERROR     Handshake status 502 Bad Gateway -+-+- {'date': 'Fri, 10 Jul 2026 03:45:17 GMT', 'content-type': 'text/plain; charset=UTF-8', 'content-length': '15', 'connection': 'keep-alive', 'report-to': '{"endpoints":[{"url":"https:\\/\\/a.nel.cloudflare.com\\/report\\/v4?s=PKyhwRzpSo2WBw8esj9tigLqRmSyNQlN%2BMK8%2FqbQ2iBiF9yBk0ALW6vFE0f788ffprDA3JCwFYnOjlQOPejHCtnfHtogLCBh0JPrF1r4NnPWyuEjDRTMJ1NTRa7JDspvMdq4ivU1JAI%3D"}],"group":"cf-nel","max_age":604800}', 'nel': '{"success_fraction":0,"report_to":"cf-nel","max_age":604800}', 'x-frame-options': 'SAMEORIGIN', 'referrer-policy': 'same-origin', 'cache-control': 'private, max-age=0, no-store, no-cache, must-revalidate, post-check=0, pre-check=0', 'expires': 'Thu, 01 Jan 1970 00:00:01 GMT', 'server': 'cloudflare', 'cf-ray': 'a18c93236a605610-ARN', 'server-timing': 'cfL4;desc="?proto=TCP&rtt=2932&min_rtt=2930&rtt_var=1103&sent=4&recv=6&lost=0&retrans=0&sent_bytes=2825&recv_bytes=835&delivery_rate=982027&cwnd=52&unsent_bytes=0&cid=ca43e0a99ec8e4f1&ts=451&x=0"'} -+-+- b'error code: 502' - goodbye
2026-07-10 03:45:17  WARNING   WS DISCONNECTED  code=None  reason=None  trades=0  pnl=Rs+0.00
[Fri Jul 10 03:45:17 UTC 2026] Runner exited, restarting in 10s...
[Fri Jul 10 03:45:27 UTC 2026] Starting runner...
2026-07-10 03:45:27  INFO      ============================================================
2026-07-10 03:45:27  INFO      STARTUP  date=2026-07-10  pid=294644
2026-07-10 03:45:27  INFO      Strategy: Supertrend atr=14 mult=1.5 | 15-min | LIVE mode
2026-07-10 03:45:27  INFO      Resolving NSE tokens...
2026-07-10 03:45:27  DEBUG     Starting new HTTPS connection (1): piconnect.flattrade.in:443
2026-07-10 03:45:28  DEBUG     https://piconnect.flattrade.in:443 "POST /PiConnectAPI/SearchScrip HTTP/1.1" 200 None
2026-07-10 03:45:28  INFO      Resolved  HFCL             token=21951
2026-07-10 03:45:28  DEBUG     Starting new HTTPS connection (1): piconnect.flattrade.in:443
2026-07-10 03:45:28  DEBUG     https://piconnect.flattrade.in:443 "POST /PiConnectAPI/SearchScrip HTTP/1.1" 200 None
2026-07-10 03:45:28  INFO      Resolved  BANKBARODA       token=4668
2026-07-10 03:45:28  DEBUG     Starting new HTTPS connection (1): piconnect.flattrade.in:443
2026-07-10 03:45:28  DEBUG     https://piconnect.flattrade.in:443 "POST /PiConnectAPI/SearchScrip HTTP/1.1" 200 None
2026-07-10 03:45:28  INFO      Resolved  NMDC             token=15332
2026-07-10 03:45:28  DEBUG     Starting new HTTPS connection (1): piconnect.flattrade.in:443
2026-07-10 03:45:28  DEBUG     https://piconnect.flattrade.in:443 "POST /PiConnectAPI/SearchScrip HTTP/1.1" 200 None
2026-07-10 03:45:28  INFO      Resolved  CESC             token=628
2026-07-10 03:45:28  DEBUG     Starting new HTTPS connection (1): piconnect.flattrade.in:443
2026-07-10 03:45:29  DEBUG     https://piconnect.flattrade.in:443 "POST /PiConnectAPI/SearchScrip HTTP/1.1" 200 None
2026-07-10 03:45:29  INFO      Resolved  ZEEL             token=3812
2026-07-10 03:45:29  DEBUG     Starting new HTTPS connection (1): piconnect.flattrade.in:443
2026-07-10 03:45:29  DEBUG     https://piconnect.flattrade.in:443 "POST /PiConnectAPI/SearchScrip HTTP/1.1" 200 None
2026-07-10 03:45:29  INFO      Resolved  BALRAMCHIN       token=341
2026-07-10 03:45:29  DEBUG     Starting new HTTPS connection (1): piconnect.flattrade.in:443
2026-07-10 03:45:29  DEBUG     https://piconnect.flattrade.in:443 "POST /PiConnectAPI/SearchScrip HTTP/1.1" 200 None
2026-07-10 03:45:29  INFO      Resolved  GRANULES         token=11872
2026-07-10 03:45:29  DEBUG     Starting new HTTPS connection (1): piconnect.flattrade.in:443
2026-07-10 03:45:29  DEBUG     https://piconnect.flattrade.in:443 "POST /PiConnectAPI/SearchScrip HTTP/1.1" 200 None
2026-07-10 03:45:29  INFO      Resolved  SUZLON           token=12018
2026-07-10 03:45:29  DEBUG     Starting new HTTPS connection (1): piconnect.flattrade.in:443
2026-07-10 03:45:29  DEBUG     https://piconnect.flattrade.in:443 "POST /PiConnectAPI/PositionBook HTTP/1.1" 200 None
2026-07-10 03:45:29  DEBUG     Starting new HTTPS connection (1): piconnect.flattrade.in:443
2026-07-10 03:45:30  DEBUG     https://piconnect.flattrade.in:443 "POST /PiConnectAPI/Limits HTTP/1.1" 200 None
2026-07-10 03:45:30  INFO      *** LIVE MODE  cash=Rs0  4x=Rs0  K=4  per_trade=Rs1000 ***
2026-07-10 03:45:30  INFO      8 stocks | Rs1000/trade | K=4 | EOD 15:00 IST
2026-07-10 03:45:30  INFO      ============================================================
2026-07-10 03:45:30  ERROR     WS ERROR  Handshake status 502 Bad Gateway -+-+- {'date': 'Fri, 10 Jul 2026 03:45:30 GMT', 'content-type': 'text/plain; charset=UTF-8', 'content-length': '15', 'connection': 'keep-alive', 'report-to': '{"endpoints":[{"url":"https:\\/\\/a.nel.cloudflare.com\\/report\\/v4?s=TWspMCtFgouaRB7sDK5RHayb6JUt5%2BMukOqJ2vBoWSUVkzCfdOQZcRs3EoqaWkRm1sgOUUchWxNsNxBwIHT8QDINc6V9qoqowGddSwf%2FXFWuOxYkyiaOtanQ5rKXJLfyYfiu%2FnDaZf0%3D"}],"group":"cf-nel","max_age":604800}', 'nel': '{"success_fraction":0,"report_to":"cf-nel","max_age":604800}', 'x-frame-options': 'SAMEORIGIN', 'referrer-policy': 'same-origin', 'cache-control': 'private, max-age=0, no-store, no-cache, must-revalidate, post-check=0, pre-check=0', 'expires': 'Thu, 01 Jan 1970 00:00:01 GMT', 'server': 'cloudflare', 'cf-ray': 'a18c9374ea31f327-ARN', 'server-timing': 'cfL4;desc="?proto=TCP&rtt=4263&min_rtt=4254&rtt_var=1602&sent=4&recv=6&lost=0&retrans=0&sent_bytes=2825&recv_bytes=835&delivery_rate=680771&cwnd=52&unsent_bytes=0&cid=4df6744c04d40243&ts=450&x=0"'} -+-+- b'error code: 502'
2026-07-10 03:45:30  ERROR     Handshake status 502 Bad Gateway -+-+- {'date': 'Fri, 10 Jul 2026 03:45:30 GMT', 'content-type': 'text/plain; charset=UTF-8', 'content-length': '15', 'connection': 'keep-alive', 'report-to': '{"endpoints":[{"url":"https:\\/\\/a.nel.cloudflare.com\\/report\\/v4?s=TWspMCtFgouaRB7sDK5RHayb6JUt5%2BMukOqJ2vBoWSUVkzCfdOQZcRs3EoqaWkRm1sgOUUchWxNsNxBwIHT8QDINc6V9qoqowGddSwf%2FXFWuOxYkyiaOtanQ5rKXJLfyYfiu%2FnDaZf0%3D"}],"group":"cf-nel","max_age":604800}', 'nel': '{"success_fraction":0,"report_to":"cf-nel","max_age":604800}', 'x-frame-options': 'SAMEORIGIN', 'referrer-policy': 'same-origin', 'cache-control': 'private, max-age=0, no-store, no-cache, must-revalidate, post-check=0, pre-check=0', 'expires': 'Thu, 01 Jan 1970 00:00:01 GMT', 'server': 'cloudflare', 'cf-ray': 'a18c9374ea31f327-ARN', 'server-timing': 'cfL4;desc="?proto=TCP&rtt=4263&min_rtt=4254&rtt_var=1602&sent=4&recv=6&lost=0&retrans=0&sent_bytes=2825&recv_bytes=835&delivery_rate=680771&cwnd=52&unsent_bytes=0&cid=4df6744c04d40243&ts=450&x=0"'} -+-+- b'error code: 502' - goodbye
2026-07-10 03:45:30  WARNING   WS DISCONNECTED  code=None  reason=None  trades=0  pnl=Rs+0.00
[Fri Jul 10 03:45:30 UTC 2026] Runner exited, restarting in 10s...
[Fri Jul 10 03:45:40 UTC 2026] Starting runner...
2026-07-10 03:45:41  INFO      ============================================================
2026-07-10 03:45:41  INFO      STARTUP  date=2026-07-10  pid=294651
2026-07-10 03:45:41  INFO      Strategy: Supertrend atr=14 mult=1.5 | 15-min | LIVE mode
2026-07-10 03:45:41  INFO      Resolving NSE tokens...
2026-07-10 03:45:41  DEBUG     Starting new HTTPS connection (1): piconnect.flattrade.in:443
2026-07-10 03:45:41  DEBUG     https://piconnect.flattrade.in:443 "POST /PiConnectAPI/SearchScrip HTTP/1.1" 200 None
2026-07-10 03:45:41  INFO      Resolved  HFCL             token=21951
2026-07-10 03:45:41  DEBUG     Starting new HTTPS connection (1): piconnect.flattrade.in:443
2026-07-10 03:45:41  DEBUG     https://piconnect.flattrade.in:443 "POST /PiConnectAPI/SearchScrip HTTP/1.1" 200 None
2026-07-10 03:45:41  INFO      Resolved  BANKBARODA       token=4668
2026-07-10 03:45:41  DEBUG     Starting new HTTPS connection (1): piconnect.flattrade.in:443
2026-07-10 03:45:41  DEBUG     https://piconnect.flattrade.in:443 "POST /PiConnectAPI/SearchScrip HTTP/1.1" 200 None
2026-07-10 03:45:41  INFO      Resolved  NMDC             token=15332
2026-07-10 03:45:41  DEBUG     Starting new HTTPS connection (1): piconnect.flattrade.in:443
2026-07-10 03:45:41  DEBUG     https://piconnect.flattrade.in:443 "POST /PiConnectAPI/SearchScrip HTTP/1.1" 200 None
2026-07-10 03:45:41  INFO      Resolved  CESC             token=628
2026-07-10 03:45:41  DEBUG     Starting new HTTPS connection (1): piconnect.flattrade.in:443
2026-07-10 03:45:42  DEBUG     https://piconnect.flattrade.in:443 "POST /PiConnectAPI/SearchScrip HTTP/1.1" 200 None
2026-07-10 03:45:42  INFO      Resolved  ZEEL             token=3812
2026-07-10 03:45:42  DEBUG     Starting new HTTPS connection (1): piconnect.flattrade.in:443
2026-07-10 03:45:42  DEBUG     https://piconnect.flattrade.in:443 "POST /PiConnectAPI/SearchScrip HTTP/1.1" 200 None
2026-07-10 03:45:42  INFO      Resolved  BALRAMCHIN       token=341
2026-07-10 03:45:42  DEBUG     Starting new HTTPS connection (1): piconnect.flattrade.in:443
2026-07-10 03:45:42  DEBUG     https://piconnect.flattrade.in:443 "POST /PiConnectAPI/SearchScrip HTTP/1.1" 200 None
2026-07-10 03:45:42  INFO      Resolved  GRANULES         token=11872
2026-07-10 03:45:42  DEBUG     Starting new HTTPS connection (1): piconnect.flattrade.in:443
2026-07-10 03:45:42  DEBUG     https://piconnect.flattrade.in:443 "POST /PiConnectAPI/SearchScrip HTTP/1.1" 200 None
2026-07-10 03:45:42  INFO      Resolved  SUZLON           token=12018
2026-07-10 03:45:42  DEBUG     Starting new HTTPS connection (1): piconnect.flattrade.in:443
2026-07-10 03:45:42  DEBUG     https://piconnect.flattrade.in:443 "POST /PiConnectAPI/PositionBook HTTP/1.1" 200 None
2026-07-10 03:45:42  DEBUG     Starting new HTTPS connection (1): piconnect.flattrade.in:443
2026-07-10 03:45:43  DEBUG     https://piconnect.flattrade.in:443 "POST /PiConnectAPI/Limits HTTP/1.1" 200 None
2026-07-10 03:45:43  INFO      *** LIVE MODE  cash=Rs0  4x=Rs0  K=4  per_trade=Rs1000 ***
2026-07-10 03:45:43  INFO      8 stocks | Rs1000/trade | K=4 | EOD 15:00 IST
2026-07-10 03:45:43  INFO      ============================================================
2026-07-10 03:45:43  ERROR     WS ERROR  Handshake status 502 Bad Gateway -+-+- {'date': 'Fri, 10 Jul 2026 03:45:43 GMT', 'content-type': 'text/plain; charset=UTF-8', 'content-length': '15', 'connection': 'keep-alive', 'report-to': '{"endpoints":[{"url":"https:\\/\\/a.nel.cloudflare.com\\/report\\/v4?s=XJMIAeuzVYn5wrpCkgbdTki4J4J%2Bt%2FZ9U%2F3wClsPExaG388BCQqwDnfgFavnTAB8aIuEsUqNDdcTVwwn0U5HCpiqWPmkwtEvKSuuyrsrwiwUXDtD0dJv0JXYTM3Ikg%2BW%2Fu1rJuqAjA8%3D"}],"group":"cf-nel","max_age":604800}', 'nel': '{"success_fraction":0,"report_to":"cf-nel","max_age":604800}', 'x-frame-options': 'SAMEORIGIN', 'referrer-policy': 'same-origin', 'cache-control': 'private, max-age=0, no-store, no-cache, must-revalidate, post-check=0, pre-check=0', 'expires': 'Thu, 01 Jan 1970 00:00:01 GMT', 'server': 'cloudflare', 'cf-ray': 'a18c93c43cb8cb47-ARN', 'server-timing': 'cfL4;desc="?proto=TCP&rtt=3122&min_rtt=3065&rtt_var=1190&sent=4&recv=6&lost=0&retrans=0&sent_bytes=2826&recv_bytes=835&delivery_rate=944861&cwnd=52&unsent_bytes=0&cid=d4a3b3cae3df7e35&ts=453&x=0"'} -+-+- b'error code: 502'
2026-07-10 03:45:43  ERROR     Handshake status 502 Bad Gateway -+-+- {'date': 'Fri, 10 Jul 2026 03:45:43 GMT', 'content-type': 'text/plain; charset=UTF-8', 'content-length': '15', 'connection': 'keep-alive', 'report-to': '{"endpoints":[{"url":"https:\\/\\/a.nel.cloudflare.com\\/report\\/v4?s=XJMIAeuzVYn5wrpCkgbdTki4J4J%2Bt%2FZ9U%2F3wClsPExaG388BCQqwDnfgFavnTAB8aIuEsUqNDdcTVwwn0U5HCpiqWPmkwtEvKSuuyrsrwiwUXDtD0dJv0JXYTM3Ikg%2BW%2Fu1rJuqAjA8%3D"}],"group":"cf-nel","max_age":604800}', 'nel': '{"success_fraction":0,"report_to":"cf-nel","max_age":604800}', 'x-frame-options': 'SAMEORIGIN', 'referrer-policy': 'same-origin', 'cache-control': 'private, max-age=0, no-store, no-cache, must-revalidate, post-check=0, pre-check=0', 'expires': 'Thu, 01 Jan 1970 00:00:01 GMT', 'server': 'cloudflare', 'cf-ray': 'a18c93c43cb8cb47-ARN', 'server-timing': 'cfL4;desc="?proto=TCP&rtt=3122&min_rtt=3065&rtt_var=1190&sent=4&recv=6&lost=0&retrans=0&sent_bytes=2826&recv_bytes=835&delivery_rate=944861&cwnd=52&unsent_bytes=0&cid=d4a3b3cae3df7e35&ts=453&x=0"'} -+-+- b'error code: 502' - goodbye
2026-07-10 03:45:43  WARNING   WS DISCONNECTED  code=None  reason=None  trades=0  pnl=Rs+0.00
[Fri Jul 10 03:45:43 UTC 2026] Runner exited, restarting in 10s...
[Fri Jul 10 03:45:53 UTC 2026] Starting runner...
2026-07-10 03:45:53  INFO      ============================================================
2026-07-10 03:45:53  INFO      STARTUP  date=2026-07-10  pid=294707
2026-07-10 03:45:53  INFO      Strategy: Supertrend atr=14 mult=1.5 | 15-min | LIVE mode
2026-07-10 03:45:53  INFO      Resolving NSE tokens...
2026-07-10 03:45:53  DEBUG     Starting new HTTPS connection (1): piconnect.flattrade.in:443
2026-07-10 03:45:53  DEBUG     https://piconnect.flattrade.in:443 "POST /PiConnectAPI/SearchScrip HTTP/1.1" 200 None
2026-07-10 03:45:53  INFO      Resolved  HFCL             token=21951
2026-07-10 03:45:53  DEBUG     Starting new HTTPS connection (1): piconnect.flattrade.in:443
2026-07-10 03:45:54  DEBUG     https://piconnect.flattrade.in:443 "POST /PiConnectAPI/SearchScrip HTTP/1.1" 200 None
2026-07-10 03:45:54  INFO      Resolved  BANKBARODA       token=4668
2026-07-10 03:45:54  DEBUG     Starting new HTTPS connection (1): piconnect.flattrade.in:443
2026-07-10 03:45:54  DEBUG     https://piconnect.flattrade.in:443 "POST /PiConnectAPI/SearchScrip HTTP/1.1" 200 None
2026-07-10 03:45:54  INFO      Resolved  NMDC             token=15332
2026-07-10 03:45:54  DEBUG     Starting new HTTPS connection (1): piconnect.flattrade.in:443
2026-07-10 03:45:54  DEBUG     https://piconnect.flattrade.in:443 "POST /PiConnectAPI/SearchScrip HTTP/1.1" 200 None
2026-07-10 03:45:54  INFO      Resolved  CESC             token=628
2026-07-10 03:45:54  DEBUG     Starting new HTTPS connection (1): piconnect.flattrade.in:443
2026-07-10 03:45:54  DEBUG     https://piconnect.flattrade.in:443 "POST /PiConnectAPI/SearchScrip HTTP/1.1" 200 None
2026-07-10 03:45:54  INFO      Resolved  ZEEL             token=3812
2026-07-10 03:45:54  DEBUG     Starting new HTTPS connection (1): piconnect.flattrade.in:443
2026-07-10 03:45:54  DEBUG     https://piconnect.flattrade.in:443 "POST /PiConnectAPI/SearchScrip HTTP/1.1" 200 None
2026-07-10 03:45:54  INFO      Resolved  BALRAMCHIN       token=341
2026-07-10 03:45:54  DEBUG     Starting new HTTPS connection (1): piconnect.flattrade.in:443
2026-07-10 03:45:55  DEBUG     https://piconnect.flattrade.in:443 "POST /PiConnectAPI/SearchScrip HTTP/1.1" 200 None
2026-07-10 03:45:55  INFO      Resolved  GRANULES         token=11872
2026-07-10 03:45:55  DEBUG     Starting new HTTPS connection (1): piconnect.flattrade.in:443
2026-07-10 03:45:55  DEBUG     https://piconnect.flattrade.in:443 "POST /PiConnectAPI/SearchScrip HTTP/1.1" 200 None
2026-07-10 03:45:55  INFO      Resolved  SUZLON           token=12018
2026-07-10 03:45:55  DEBUG     Starting new HTTPS connection (1): piconnect.flattrade.in:443
2026-07-10 03:45:55  DEBUG     https://piconnect.flattrade.in:443 "POST /PiConnectAPI/PositionBook HTTP/1.1" 200 None
2026-07-10 03:45:55  DEBUG     Starting new HTTPS connection (1): piconnect.flattrade.in:443
2026-07-10 03:45:55  DEBUG     https://piconnect.flattrade.in:443 "POST /PiConnectAPI/Limits HTTP/1.1" 200 None
2026-07-10 03:45:55  INFO      *** LIVE MODE  cash=Rs0  4x=Rs0  K=4  per_trade=Rs1000 ***
2026-07-10 03:45:55  INFO      8 stocks | Rs1000/trade | K=4 | EOD 15:00 IST
2026-07-10 03:45:55  INFO      ============================================================
2026-07-10 03:45:56  ERROR     WS ERROR  Handshake status 502 Bad Gateway -+-+- {'date': 'Fri, 10 Jul 2026 03:45:56 GMT', 'content-type': 'text/plain; charset=UTF-8', 'content-length': '15', 'connection': 'keep-alive', 'report-to': '{"endpoints":[{"url":"https:\\/\\/a.nel.cloudflare.com\\/report\\/v4?s=3agX%2Bio1KKX0HlaxyuC042rjb5%2BBzXv7Jagm9FMJ8SJWdgYtqQyHVr3Z3GkusXbAIt2RlhcgEv52dMwEwgY9K0lEfwRhC5aSSt5Pfxn7jYeLLTUOz3j5eJeYxNOJ4HXHig55FMLTeR8%3D"}],"group":"cf-nel","max_age":604800}', 'nel': '{"success_fraction":0,"report_to":"cf-nel","max_age":604800}', 'x-frame-options': 'SAMEORIGIN', 'referrer-policy': 'same-origin', 'cache-control': 'private, max-age=0, no-store, no-cache, must-revalidate, post-check=0, pre-check=0', 'expires': 'Thu, 01 Jan 1970 00:00:01 GMT', 'server': 'cloudflare', 'cf-ray': 'a18c94134ae25318-ARN', 'server-timing': 'cfL4;desc="?proto=TCP&rtt=2912&min_rtt=2898&rtt_var=1115&sent=4&recv=6&lost=0&retrans=0&sent_bytes=2824&recv_bytes=835&delivery_rate=961168&cwnd=52&unsent_bytes=0&cid=c4ed5515c3d416a9&ts=453&x=0"'} -+-+- b'error code: 502'
2026-07-10 03:45:56  ERROR     Handshake status 502 Bad Gateway -+-+- {'date': 'Fri, 10 Jul 2026 03:45:56 GMT', 'content-type': 'text/plain; charset=UTF-8', 'content-length': '15', 'connection': 'keep-alive', 'report-to': '{"endpoints":[{"url":"https:\\/\\/a.nel.cloudflare.com\\/report\\/v4?s=3agX%2Bio1KKX0HlaxyuC042rjb5%2BBzXv7Jagm9FMJ8SJWdgYtqQyHVr3Z3GkusXbAIt2RlhcgEv52dMwEwgY9K0lEfwRhC5aSSt5Pfxn7jYeLLTUOz3j5eJeYxNOJ4HXHig55FMLTeR8%3D"}],"group":"cf-nel","max_age":604800}', 'nel': '{"success_fraction":0,"report_to":"cf-nel","max_age":604800}', 'x-frame-options': 'SAMEORIGIN', 'referrer-policy': 'same-origin', 'cache-control': 'private, max-age=0, no-store, no-cache, must-revalidate, post-check=0, pre-check=0', 'expires': 'Thu, 01 Jan 1970 00:00:01 GMT', 'server': 'cloudflare', 'cf-ray': 'a18c94134ae25318-ARN', 'server-timing': 'cfL4;desc="?proto=TCP&rtt=2912&min_rtt=2898&rtt_var=1115&sent=4&recv=6&lost=0&retrans=0&sent_bytes=2824&recv_bytes=835&delivery_rate=961168&cwnd=52&unsent_bytes=0&cid=c4ed5515c3d416a9&ts=453&x=0"'} -+-+- b'error code: 502' - goodbye
2026-07-10 03:45:56  WARNING   WS DISCONNECTED  code=None  reason=None  trades=0  pnl=Rs+0.00
[Fri Jul 10 03:45:56 UTC 2026] Runner exited, restarting in 10s...
[Fri Jul 10 03:46:06 UTC 2026] Starting runner...
2026-07-10 03:46:06  INFO      ============================================================
2026-07-10 03:46:06  INFO      STARTUP  date=2026-07-10  pid=294714
2026-07-10 03:46:06  INFO      Strategy: Supertrend atr=14 mult=1.5 | 15-min | LIVE mode
2026-07-10 03:46:06  INFO      Resolving NSE tokens...
2026-07-10 03:46:06  DEBUG     Starting new HTTPS connection (1): piconnect.flattrade.in:443
2026-07-10 03:46:06  DEBUG     https://piconnect.flattrade.in:443 "POST /PiConnectAPI/SearchScrip HTTP/1.1" 200 None
2026-07-10 03:46:06  INFO      Resolved  HFCL             token=21951
2026-07-10 03:46:06  DEBUG     Starting new HTTPS connection (1): piconnect.flattrade.in:443
2026-07-10 03:46:06  DEBUG     https://piconnect.flattrade.in:443 "POST /PiConnectAPI/SearchScrip HTTP/1.1" 200 None
2026-07-10 03:46:06  INFO      Resolved  BANKBARODA       token=4668
2026-07-10 03:46:06  DEBUG     Starting new HTTPS connection (1): piconnect.flattrade.in:443
2026-07-10 03:46:07  DEBUG     https://piconnect.flattrade.in:443 "POST /PiConnectAPI/SearchScrip HTTP/1.1" 200 None
2026-07-10 03:46:07  INFO      Resolved  NMDC             token=15332
2026-07-10 03:46:07  DEBUG     Starting new HTTPS connection (1): piconnect.flattrade.in:443
2026-07-10 03:46:07  DEBUG     https://piconnect.flattrade.in:443 "POST /PiConnectAPI/SearchScrip HTTP/1.1" 200 None
2026-07-10 03:46:07  INFO      Resolved  CESC             token=628
2026-07-10 03:46:07  DEBUG     Starting new HTTPS connection (1): piconnect.flattrade.in:443
2026-07-10 03:46:07  DEBUG     https://piconnect.flattrade.in:443 "POST /PiConnectAPI/SearchScrip HTTP/1.1" 200 None
2026-07-10 03:46:07  INFO      Resolved  ZEEL             token=3812
2026-07-10 03:46:07  DEBUG     Starting new HTTPS connection (1): piconnect.flattrade.in:443
2026-07-10 03:46:07  DEBUG     https://piconnect.flattrade.in:443 "POST /PiConnectAPI/SearchScrip HTTP/1.1" 200 None
2026-07-10 03:46:07  INFO      Resolved  BALRAMCHIN       token=341
2026-07-10 03:46:07  DEBUG     Starting new HTTPS connection (1): piconnect.flattrade.in:443
2026-07-10 03:46:08  DEBUG     https://piconnect.flattrade.in:443 "POST /PiConnectAPI/SearchScrip HTTP/1.1" 200 None
2026-07-10 03:46:08  INFO      Resolved  GRANULES         token=11872
2026-07-10 03:46:08  DEBUG     Starting new HTTPS connection (1): piconnect.flattrade.in:443
2026-07-10 03:46:08  DEBUG     https://piconnect.flattrade.in:443 "POST /PiConnectAPI/SearchScrip HTTP/1.1" 200 None
2026-07-10 03:46:08  INFO      Resolved  SUZLON           token=12018
2026-07-10 03:46:08  DEBUG     Starting new HTTPS connection (1): piconnect.flattrade.in:443
2026-07-10 03:46:08  DEBUG     https://piconnect.flattrade.in:443 "POST /PiConnectAPI/PositionBook HTTP/1.1" 200 None
2026-07-10 03:46:08  DEBUG     Starting new HTTPS connection (1): piconnect.flattrade.in:443
2026-07-10 03:46:08  DEBUG     https://piconnect.flattrade.in:443 "POST /PiConnectAPI/Limits HTTP/1.1" 200 None
2026-07-10 03:46:08  INFO      *** LIVE MODE  cash=Rs0  4x=Rs0  K=4  per_trade=Rs1000 ***
2026-07-10 03:46:08  INFO      8 stocks | Rs1000/trade | K=4 | EOD 15:00 IST
2026-07-10 03:46:08  INFO      ============================================================
2026-07-10 03:46:09  ERROR     WS ERROR  Handshake status 502 Bad Gateway -+-+- {'date': 'Fri, 10 Jul 2026 03:46:09 GMT', 'content-type': 'text/plain; charset=UTF-8', 'content-length': '15', 'connection': 'keep-alive', 'report-to': '{"endpoints":[{"url":"https:\\/\\/a.nel.cloudflare.com\\/report\\/v4?s=79yOr%2FdaNUiO81ylQKi4bWhECI9xd23ZvBLRINz%2FxuvL9O0OpNa9cGrasGDFHzwoVXwck%2FFxVPx9fosw9VT9VRxQoWLjgG1TqnrF5e5rSznMvq02sc%2BHLQTgsuM60BaQ4jAkjkTzIqA%3D"}],"group":"cf-nel","max_age":604800}', 'nel': '{"success_fraction":0,"report_to":"cf-nel","max_age":604800}', 'x-frame-options': 'SAMEORIGIN', 'referrer-policy': 'same-origin', 'cache-control': 'private, max-age=0, no-store, no-cache, must-revalidate, post-check=0, pre-check=0', 'expires': 'Thu, 01 Jan 1970 00:00:01 GMT', 'server': 'cloudflare', 'cf-ray': 'a18c9464193c6a4d-ARN', 'server-timing': 'cfL4;desc="?proto=TCP&rtt=4075&min_rtt=4017&rtt_var=1548&sent=4&recv=6&lost=0&retrans=0&sent_bytes=2825&recv_bytes=835&delivery_rate=720936&cwnd=52&unsent_bytes=0&cid=5738f450217ae861&ts=449&x=0"'} -+-+- b'error code: 502'
2026-07-10 03:46:09  ERROR     Handshake status 502 Bad Gateway -+-+- {'date': 'Fri, 10 Jul 2026 03:46:09 GMT', 'content-type': 'text/plain; charset=UTF-8', 'content-length': '15', 'connection': 'keep-alive', 'report-to': '{"endpoints":[{"url":"https:\\/\\/a.nel.cloudflare.com\\/report\\/v4?s=79yOr%2FdaNUiO81ylQKi4bWhECI9xd23ZvBLRINz%2FxuvL9O0OpNa9cGrasGDFHzwoVXwck%2FFxVPx9fosw9VT9VRxQoWLjgG1TqnrF5e5rSznMvq02sc%2BHLQTgsuM60BaQ4jAkjkTzIqA%3D"}],"group":"cf-nel","max_age":604800}', 'nel': '{"success_fraction":0,"report_to":"cf-nel","max_age":604800}', 'x-frame-options': 'SAMEORIGIN', 'referrer-policy': 'same-origin', 'cache-control': 'private, max-age=0, no-store, no-cache, must-revalidate, post-check=0, pre-check=0', 'expires': 'Thu, 01 Jan 1970 00:00:01 GMT', 'server': 'cloudflare', 'cf-ray': 'a18c9464193c6a4d-ARN', 'server-timing': 'cfL4;desc="?proto=TCP&rtt=4075&min_rtt=4017&rtt_var=1548&sent=4&recv=6&lost=0&retrans=0&sent_bytes=2825&recv_bytes=835&delivery_rate=720936&cwnd=52&unsent_bytes=0&cid=5738f450217ae861&ts=449&x=0"'} -+-+- b'error code: 502' - goodbye
2026-07-10 03:46:09  WARNING   WS DISCONNECTED  code=None  reason=None  trades=0  pnl=Rs+0.00
[Fri Jul 10 03:46:09 UTC 2026] Runner exited, restarting in 10s...
[Fri Jul 10 03:46:19 UTC 2026] Starting runner...
2026-07-10 03:46:19  INFO      ============================================================
2026-07-10 03:46:19  INFO      STARTUP  date=2026-07-10  pid=294721
2026-07-10 03:46:19  INFO      Strategy: Supertrend atr=14 mult=1.5 | 15-min | LIVE mode
2026-07-10 03:46:19  INFO      Resolving NSE tokens...
2026-07-10 03:46:19  DEBUG     Starting new HTTPS connection (1): piconnect.flattrade.in:443
2026-07-10 03:46:19  DEBUG     https://piconnect.flattrade.in:443 "POST /PiConnectAPI/SearchScrip HTTP/1.1" 200 None
2026-07-10 03:46:19  INFO      Resolved  HFCL             token=21951
2026-07-10 03:46:19  DEBUG     Starting new HTTPS connection (1): piconnect.flattrade.in:443
2026-07-10 03:46:19  DEBUG     https://piconnect.flattrade.in:443 "POST /PiConnectAPI/SearchScrip HTTP/1.1" 200 None
2026-07-10 03:46:19  INFO      Resolved  BANKBARODA       token=4668
2026-07-10 03:46:19  DEBUG     Starting new HTTPS connection (1): piconnect.flattrade.in:443
2026-07-10 03:46:19  DEBUG     https://piconnect.flattrade.in:443 "POST /PiConnectAPI/SearchScrip HTTP/1.1" 200 None
2026-07-10 03:46:19  INFO      Resolved  NMDC             token=15332
2026-07-10 03:46:19  DEBUG     Starting new HTTPS connection (1): piconnect.flattrade.in:443
2026-07-10 03:46:20  DEBUG     https://piconnect.flattrade.in:443 "POST /PiConnectAPI/SearchScrip HTTP/1.1" 200 None
2026-07-10 03:46:20  INFO      Resolved  CESC             token=628
2026-07-10 03:46:20  DEBUG     Starting new HTTPS connection (1): piconnect.flattrade.in:443
2026-07-10 03:46:20  DEBUG     https://piconnect.flattrade.in:443 "POST /PiConnectAPI/SearchScrip HTTP/1.1" 200 None
2026-07-10 03:46:20  INFO      Resolved  ZEEL             token=3812
2026-07-10 03:46:20  DEBUG     Starting new HTTPS connection (1): piconnect.flattrade.in:443
2026-07-10 03:46:20  DEBUG     https://piconnect.flattrade.in:443 "POST /PiConnectAPI/SearchScrip HTTP/1.1" 200 None
2026-07-10 03:46:20  INFO      Resolved  BALRAMCHIN       token=341
2026-07-10 03:46:20  DEBUG     Starting new HTTPS connection (1): piconnect.flattrade.in:443
2026-07-10 03:46:20  DEBUG     https://piconnect.flattrade.in:443 "POST /PiConnectAPI/SearchScrip HTTP/1.1" 200 None
2026-07-10 03:46:20  INFO      Resolved  GRANULES         token=11872
2026-07-10 03:46:20  DEBUG     Starting new HTTPS connection (1): piconnect.flattrade.in:443
2026-07-10 03:46:21  DEBUG     https://piconnect.flattrade.in:443 "POST /PiConnectAPI/SearchScrip HTTP/1.1" 200 None
2026-07-10 03:46:21  INFO      Resolved  SUZLON           token=12018
2026-07-10 03:46:21  DEBUG     Starting new HTTPS connection (1): piconnect.flattrade.in:443
2026-07-10 03:46:21  DEBUG     https://piconnect.flattrade.in:443 "POST /PiConnectAPI/PositionBook HTTP/1.1" 200 None
2026-07-10 03:46:21  DEBUG     Starting new HTTPS connection (1): piconnect.flattrade.in:443
2026-07-10 03:46:21  DEBUG     https://piconnect.flattrade.in:443 "POST /PiConnectAPI/Limits HTTP/1.1" 200 None
2026-07-10 03:46:21  INFO      *** LIVE MODE  cash=Rs0  4x=Rs0  K=4  per_trade=Rs1000 ***
2026-07-10 03:46:21  INFO      8 stocks | Rs1000/trade | K=4 | EOD 15:00 IST
2026-07-10 03:46:21  INFO      ============================================================
2026-07-10 03:46:21  INFO      Websocket connected
2026-07-10 03:46:22  INFO      WS CONNECTED  subscribed=8 instruments
2026-07-10 03:46:22  INFO      Ticks -> data/2026-07-10/ticks.jsonl
2026-07-10 03:47:21  DEBUG     Sending ping
2026-07-10 03:47:51  DEBUG     Sending ping
2026-07-10 03:48:21  DEBUG     Sending ping
2026-07-10 03:48:51  DEBUG     Sending ping
2026-07-10 03:49:21  DEBUG     Sending ping
2026-07-10 03:49:51  DEBUG     Sending ping
2026-07-10 03:50:21  DEBUG     Sending ping
2026-07-10 03:50:51  DEBUG     Sending ping
2026-07-10 03:51:21  DEBUG     Sending ping
2026-07-10 03:51:51  DEBUG     Sending ping
2026-07-10 03:52:18  ERROR     WS ERROR  Connection to remote host was lost.
2026-07-10 03:52:18  ERROR     Connection to remote host was lost. - goodbye
2026-07-10 03:52:18  WARNING   WS DISCONNECTED  code=None  reason=None  trades=0  pnl=Rs+0.00
[Fri Jul 10 03:52:18 UTC 2026] Runner exited, restarting in 10s...
[Fri Jul 10 03:52:28 UTC 2026] Starting runner...
2026-07-10 03:52:28  INFO      ============================================================
2026-07-10 03:52:28  INFO      STARTUP  date=2026-07-10  pid=294885
2026-07-10 03:52:28  INFO      Strategy: Supertrend atr=14 mult=1.5 | 15-min | LIVE mode
2026-07-10 03:52:28  INFO      Resolving NSE tokens...
2026-07-10 03:52:28  DEBUG     Starting new HTTPS connection (1): piconnect.flattrade.in:443
2026-07-10 03:52:29  DEBUG     https://piconnect.flattrade.in:443 "POST /PiConnectAPI/SearchScrip HTTP/1.1" 200 None
2026-07-10 03:52:29  INFO      Resolved  HFCL             token=21951
2026-07-10 03:52:29  DEBUG     Starting new HTTPS connection (1): piconnect.flattrade.in:443
2026-07-10 03:52:29  DEBUG     https://piconnect.flattrade.in:443 "POST /PiConnectAPI/SearchScrip HTTP/1.1" 200 None
2026-07-10 03:52:29  INFO      Resolved  BANKBARODA       token=4668
2026-07-10 03:52:29  DEBUG     Starting new HTTPS connection (1): piconnect.flattrade.in:443
2026-07-10 03:52:29  DEBUG     https://piconnect.flattrade.in:443 "POST /PiConnectAPI/SearchScrip HTTP/1.1" 200 None
2026-07-10 03:52:29  INFO      Resolved  NMDC             token=15332
2026-07-10 03:52:29  DEBUG     Starting new HTTPS connection (1): piconnect.flattrade.in:443
2026-07-10 03:52:29  DEBUG     https://piconnect.flattrade.in:443 "POST /PiConnectAPI/SearchScrip HTTP/1.1" 200 None
2026-07-10 03:52:29  INFO      Resolved  CESC             token=628
2026-07-10 03:52:29  DEBUG     Starting new HTTPS connection (1): piconnect.flattrade.in:443
2026-07-10 03:52:30  DEBUG     https://piconnect.flattrade.in:443 "POST /PiConnectAPI/SearchScrip HTTP/1.1" 200 None
2026-07-10 03:52:30  INFO      Resolved  ZEEL             token=3812
2026-07-10 03:52:30  DEBUG     Starting new HTTPS connection (1): piconnect.flattrade.in:443
2026-07-10 03:52:30  DEBUG     https://piconnect.flattrade.in:443 "POST /PiConnectAPI/SearchScrip HTTP/1.1" 200 None
2026-07-10 03:52:30  INFO      Resolved  BALRAMCHIN       token=341
2026-07-10 03:52:30  DEBUG     Starting new HTTPS connection (1): piconnect.flattrade.in:443
2026-07-10 03:52:30  DEBUG     https://piconnect.flattrade.in:443 "POST /PiConnectAPI/SearchScrip HTTP/1.1" 200 None
2026-07-10 03:52:30  INFO      Resolved  GRANULES         token=11872
2026-07-10 03:52:30  DEBUG     Starting new HTTPS connection (1): piconnect.flattrade.in:443
2026-07-10 03:52:30  DEBUG     https://piconnect.flattrade.in:443 "POST /PiConnectAPI/SearchScrip HTTP/1.1" 200 None
2026-07-10 03:52:30  INFO      Resolved  SUZLON           token=12018
2026-07-10 03:52:30  DEBUG     Starting new HTTPS connection (1): piconnect.flattrade.in:443
2026-07-10 03:52:30  DEBUG     https://piconnect.flattrade.in:443 "POST /PiConnectAPI/PositionBook HTTP/1.1" 200 None
2026-07-10 03:52:30  DEBUG     Starting new HTTPS connection (1): piconnect.flattrade.in:443
2026-07-10 03:52:31  DEBUG     https://piconnect.flattrade.in:443 "POST /PiConnectAPI/Limits HTTP/1.1" 200 None
2026-07-10 03:52:31  INFO      *** LIVE MODE  cash=Rs0  4x=Rs0  K=4  per_trade=Rs1000 ***
2026-07-10 03:52:31  INFO      8 stocks | Rs1000/trade | K=4 | EOD 15:00 IST
2026-07-10 03:52:31  INFO      ============================================================
2026-07-10 03:52:31  ERROR     WS ERROR  Handshake status 502 Bad Gateway -+-+- {'date': 'Fri, 10 Jul 2026 03:52:31 GMT', 'content-type': 'text/plain; charset=UTF-8', 'content-length': '15', 'connection': 'keep-alive', 'report-to': '{"endpoints":[{"url":"https:\\/\\/a.nel.cloudflare.com\\/report\\/v4?s=qFHGscsLSPUUp4csA5Fx4qjG8%2FGwEdzknSLZG9Ro8Bxmt9ZFpkywXVSl4GoIdNcsjgIcfPfvCiKaxV%2B4%2Bt7JpLrmR21WGR87kGVj4Va8DNFDOYzDYmAvMcfqyE%2FEQG7EzR%2Ft5PCOthQ%3D"}],"group":"cf-nel","max_age":604800}', 'nel': '{"success_fraction":0,"report_to":"cf-nel","max_age":604800}', 'x-frame-options': 'SAMEORIGIN', 'referrer-policy': 'same-origin', 'cache-control': 'private, max-age=0, no-store, no-cache, must-revalidate, post-check=0, pre-check=0', 'expires': 'Thu, 01 Jan 1970 00:00:01 GMT', 'server': 'cloudflare', 'cf-ray': 'a18c9dba6ae8f430-ARN', 'server-timing': 'cfL4;desc="?proto=TCP&rtt=4003&min_rtt=4003&rtt_var=1502&sent=4&recv=6&lost=0&retrans=0&sent_bytes=2825&recv_bytes=835&delivery_rate=722735&cwnd=52&unsent_bytes=0&cid=442c69c02c9585f3&ts=443&x=0"'} -+-+- b'error code: 502'
2026-07-10 03:52:31  ERROR     Handshake status 502 Bad Gateway -+-+- {'date': 'Fri, 10 Jul 2026 03:52:31 GMT', 'content-type': 'text/plain; charset=UTF-8', 'content-length': '15', 'connection': 'keep-alive', 'report-to': '{"endpoints":[{"url":"https:\\/\\/a.nel.cloudflare.com\\/report\\/v4?s=qFHGscsLSPUUp4csA5Fx4qjG8%2FGwEdzknSLZG9Ro8Bxmt9ZFpkywXVSl4GoIdNcsjgIcfPfvCiKaxV%2B4%2Bt7JpLrmR21WGR87kGVj4Va8DNFDOYzDYmAvMcfqyE%2FEQG7EzR%2Ft5PCOthQ%3D"}],"group":"cf-nel","max_age":604800}', 'nel': '{"success_fraction":0,"report_to":"cf-nel","max_age":604800}', 'x-frame-options': 'SAMEORIGIN', 'referrer-policy': 'same-origin', 'cache-control': 'private, max-age=0, no-store, no-cache, must-revalidate, post-check=0, pre-check=0', 'expires': 'Thu, 01 Jan 1970 00:00:01 GMT', 'server': 'cloudflare', 'cf-ray': 'a18c9dba6ae8f430-ARN', 'server-timing': 'cfL4;desc="?proto=TCP&rtt=4003&min_rtt=4003&rtt_var=1502&sent=4&recv=6&lost=0&retrans=0&sent_bytes=2825&recv_bytes=835&delivery_rate=722735&cwnd=52&unsent_bytes=0&cid=442c69c02c9585f3&ts=443&x=0"'} -+-+- b'error code: 502' - goodbye
2026-07-10 03:52:31  WARNING   WS DISCONNECTED  code=None  reason=None  trades=0  pnl=Rs+0.00
[Fri Jul 10 03:52:31 UTC 2026] Runner exited, restarting in 10s...
[Fri Jul 10 03:52:41 UTC 2026] Starting runner...
2026-07-10 03:52:41  INFO      ============================================================
2026-07-10 03:52:41  INFO      STARTUP  date=2026-07-10  pid=294892
2026-07-10 03:52:41  INFO      Strategy: Supertrend atr=14 mult=1.5 | 15-min | LIVE mode
2026-07-10 03:52:41  INFO      Resolving NSE tokens...
2026-07-10 03:52:41  DEBUG     Starting new HTTPS connection (1): piconnect.flattrade.in:443
2026-07-10 03:52:41  DEBUG     https://piconnect.flattrade.in:443 "POST /PiConnectAPI/SearchScrip HTTP/1.1" 200 None
2026-07-10 03:52:41  INFO      Resolved  HFCL             token=21951
2026-07-10 03:52:41  DEBUG     Starting new HTTPS connection (1): piconnect.flattrade.in:443
2026-07-10 03:52:42  DEBUG     https://piconnect.flattrade.in:443 "POST /PiConnectAPI/SearchScrip HTTP/1.1" 200 None
2026-07-10 03:52:42  INFO      Resolved  BANKBARODA       token=4668
2026-07-10 03:52:42  DEBUG     Starting new HTTPS connection (1): piconnect.flattrade.in:443
2026-07-10 03:52:42  DEBUG     https://piconnect.flattrade.in:443 "POST /PiConnectAPI/SearchScrip HTTP/1.1" 200 None
2026-07-10 03:52:42  INFO      Resolved  NMDC             token=15332
2026-07-10 03:52:42  DEBUG     Starting new HTTPS connection (1): piconnect.flattrade.in:443
2026-07-10 03:52:42  DEBUG     https://piconnect.flattrade.in:443 "POST /PiConnectAPI/SearchScrip HTTP/1.1" 200 None
2026-07-10 03:52:42  INFO      Resolved  CESC             token=628
2026-07-10 03:52:42  DEBUG     Starting new HTTPS connection (1): piconnect.flattrade.in:443
2026-07-10 03:52:43  DEBUG     https://piconnect.flattrade.in:443 "POST /PiConnectAPI/SearchScrip HTTP/1.1" 200 None
2026-07-10 03:52:43  INFO      Resolved  ZEEL             token=3812
2026-07-10 03:52:43  DEBUG     Starting new HTTPS connection (1): piconnect.flattrade.in:443
2026-07-10 03:52:43  DEBUG     https://piconnect.flattrade.in:443 "POST /PiConnectAPI/SearchScrip HTTP/1.1" 200 None
2026-07-10 03:52:43  INFO      Resolved  BALRAMCHIN       token=341
2026-07-10 03:52:43  DEBUG     Starting new HTTPS connection (1): piconnect.flattrade.in:443
2026-07-10 03:52:43  DEBUG     https://piconnect.flattrade.in:443 "POST /PiConnectAPI/SearchScrip HTTP/1.1" 200 None
2026-07-10 03:52:43  INFO      Resolved  GRANULES         token=11872
2026-07-10 03:52:43  DEBUG     Starting new HTTPS connection (1): piconnect.flattrade.in:443
2026-07-10 03:52:43  DEBUG     https://piconnect.flattrade.in:443 "POST /PiConnectAPI/SearchScrip HTTP/1.1" 200 None
2026-07-10 03:52:43  INFO      Resolved  SUZLON           token=12018
2026-07-10 03:52:43  DEBUG     Starting new HTTPS connection (1): piconnect.flattrade.in:443
2026-07-10 03:52:43  DEBUG     https://piconnect.flattrade.in:443 "POST /PiConnectAPI/PositionBook HTTP/1.1" 200 None
2026-07-10 03:52:43  DEBUG     Starting new HTTPS connection (1): piconnect.flattrade.in:443
2026-07-10 03:52:44  DEBUG     https://piconnect.flattrade.in:443 "POST /PiConnectAPI/Limits HTTP/1.1" 200 None
2026-07-10 03:52:44  INFO      *** LIVE MODE  cash=Rs0  4x=Rs0  K=4  per_trade=Rs1000 ***
2026-07-10 03:52:44  INFO      8 stocks | Rs1000/trade | K=4 | EOD 15:00 IST
2026-07-10 03:52:44  INFO      ============================================================
2026-07-10 03:52:44  ERROR     WS ERROR  Handshake status 502 Bad Gateway -+-+- {'date': 'Fri, 10 Jul 2026 03:52:44 GMT', 'content-type': 'text/plain; charset=UTF-8', 'content-length': '15', 'connection': 'keep-alive', 'report-to': '{"endpoints":[{"url":"https:\\/\\/a.nel.cloudflare.com\\/report\\/v4?s=frdsPfJo3PMw9B943dLvwk9aGgizD3wfdtpANmjsNnptbb8i6%2BylNKQYfSFcRDq86c6uw9pkzSSq8cVX9jv9yzmNCcYUg4Xkefw%2BswmIdQjxY7nvv0nyWPp%2FrRndaflK0nlGAsR2d8U%3D"}],"group":"cf-nel","max_age":604800}', 'nel': '{"success_fraction":0,"report_to":"cf-nel","max_age":604800}', 'x-frame-options': 'SAMEORIGIN', 'referrer-policy': 'same-origin', 'cache-control': 'private, max-age=0, no-store, no-cache, must-revalidate, post-check=0, pre-check=0', 'expires': 'Thu, 01 Jan 1970 00:00:01 GMT', 'server': 'cloudflare', 'cf-ray': 'a18c9e0bbf2ff3bd-ARN', 'server-timing': 'cfL4;desc="?proto=TCP&rtt=2914&min_rtt=2912&rtt_var=1096&sent=4&recv=6&lost=0&retrans=0&sent_bytes=2825&recv_bytes=835&delivery_rate=988733&cwnd=52&unsent_bytes=0&cid=c598a2bc19a27242&ts=469&x=0"'} -+-+- b'error code: 502'
2026-07-10 03:52:44  ERROR     Handshake status 502 Bad Gateway -+-+- {'date': 'Fri, 10 Jul 2026 03:52:44 GMT', 'content-type': 'text/plain; charset=UTF-8', 'content-length': '15', 'connection': 'keep-alive', 'report-to': '{"endpoints":[{"url":"https:\\/\\/a.nel.cloudflare.com\\/report\\/v4?s=frdsPfJo3PMw9B943dLvwk9aGgizD3wfdtpANmjsNnptbb8i6%2BylNKQYfSFcRDq86c6uw9pkzSSq8cVX9jv9yzmNCcYUg4Xkefw%2BswmIdQjxY7nvv0nyWPp%2FrRndaflK0nlGAsR2d8U%3D"}],"group":"cf-nel","max_age":604800}', 'nel': '{"success_fraction":0,"report_to":"cf-nel","max_age":604800}', 'x-frame-options': 'SAMEORIGIN', 'referrer-policy': 'same-origin', 'cache-control': 'private, max-age=0, no-store, no-cache, must-revalidate, post-check=0, pre-check=0', 'expires': 'Thu, 01 Jan 1970 00:00:01 GMT', 'server': 'cloudflare', 'cf-ray': 'a18c9e0bbf2ff3bd-ARN', 'server-timing': 'cfL4;desc="?proto=TCP&rtt=2914&min_rtt=2912&rtt_var=1096&sent=4&recv=6&lost=0&retrans=0&sent_bytes=2825&recv_bytes=835&delivery_rate=988733&cwnd=52&unsent_bytes=0&cid=c598a2bc19a27242&ts=469&x=0"'} -+-+- b'error code: 502' - goodbye
2026-07-10 03:52:44  WARNING   WS DISCONNECTED  code=None  reason=None  trades=0  pnl=Rs+0.00
[Fri Jul 10 03:52:44 UTC 2026] Runner exited, restarting in 10s...
[Fri Jul 10 03:52:54 UTC 2026] Starting runner...
2026-07-10 03:52:54  INFO      ============================================================
2026-07-10 03:52:54  INFO      STARTUP  date=2026-07-10  pid=294899
2026-07-10 03:52:54  INFO      Strategy: Supertrend atr=14 mult=1.5 | 15-min | LIVE mode
2026-07-10 03:52:54  INFO      Resolving NSE tokens...
2026-07-10 03:52:54  DEBUG     Starting new HTTPS connection (1): piconnect.flattrade.in:443
2026-07-10 03:52:54  DEBUG     https://piconnect.flattrade.in:443 "POST /PiConnectAPI/SearchScrip HTTP/1.1" 200 None
2026-07-10 03:52:54  INFO      Resolved  HFCL             token=21951
2026-07-10 03:52:54  DEBUG     Starting new HTTPS connection (1): piconnect.flattrade.in:443
2026-07-10 03:52:55  DEBUG     https://piconnect.flattrade.in:443 "POST /PiConnectAPI/SearchScrip HTTP/1.1" 200 None
2026-07-10 03:52:55  INFO      Resolved  BANKBARODA       token=4668
2026-07-10 03:52:55  DEBUG     Starting new HTTPS connection (1): piconnect.flattrade.in:443
2026-07-10 03:52:55  DEBUG     https://piconnect.flattrade.in:443 "POST /PiConnectAPI/SearchScrip HTTP/1.1" 200 None
2026-07-10 03:52:55  INFO      Resolved  NMDC             token=15332
2026-07-10 03:52:55  DEBUG     Starting new HTTPS connection (1): piconnect.flattrade.in:443
2026-07-10 03:52:55  DEBUG     https://piconnect.flattrade.in:443 "POST /PiConnectAPI/SearchScrip HTTP/1.1" 200 None
2026-07-10 03:52:55  INFO      Resolved  CESC             token=628
2026-07-10 03:52:55  DEBUG     Starting new HTTPS connection (1): piconnect.flattrade.in:443
2026-07-10 03:52:55  DEBUG     https://piconnect.flattrade.in:443 "POST /PiConnectAPI/SearchScrip HTTP/1.1" 200 None
2026-07-10 03:52:55  INFO      Resolved  ZEEL             token=3812
2026-07-10 03:52:55  DEBUG     Starting new HTTPS connection (1): piconnect.flattrade.in:443
2026-07-10 03:52:56  DEBUG     https://piconnect.flattrade.in:443 "POST /PiConnectAPI/SearchScrip HTTP/1.1" 200 None
2026-07-10 03:52:56  INFO      Resolved  BALRAMCHIN       token=341
2026-07-10 03:52:56  DEBUG     Starting new HTTPS connection (1): piconnect.flattrade.in:443
2026-07-10 03:52:56  DEBUG     https://piconnect.flattrade.in:443 "POST /PiConnectAPI/SearchScrip HTTP/1.1" 200 None
2026-07-10 03:52:56  INFO      Resolved  GRANULES         token=11872
2026-07-10 03:52:56  DEBUG     Starting new HTTPS connection (1): piconnect.flattrade.in:443
2026-07-10 03:52:56  DEBUG     https://piconnect.flattrade.in:443 "POST /PiConnectAPI/SearchScrip HTTP/1.1" 200 None
2026-07-10 03:52:56  INFO      Resolved  SUZLON           token=12018
2026-07-10 03:52:56  DEBUG     Starting new HTTPS connection (1): piconnect.flattrade.in:443
2026-07-10 03:52:56  DEBUG     https://piconnect.flattrade.in:443 "POST /PiConnectAPI/PositionBook HTTP/1.1" 200 None
2026-07-10 03:52:56  DEBUG     Starting new HTTPS connection (1): piconnect.flattrade.in:443
2026-07-10 03:52:56  DEBUG     https://piconnect.flattrade.in:443 "POST /PiConnectAPI/Limits HTTP/1.1" 200 None
2026-07-10 03:52:56  INFO      *** LIVE MODE  cash=Rs0  4x=Rs0  K=4  per_trade=Rs1000 ***
2026-07-10 03:52:56  INFO      8 stocks | Rs1000/trade | K=4 | EOD 15:00 IST
2026-07-10 03:52:56  INFO      ============================================================
2026-07-10 03:52:57  ERROR     WS ERROR  Handshake status 502 Bad Gateway -+-+- {'date': 'Fri, 10 Jul 2026 03:52:57 GMT', 'content-type': 'text/plain; charset=UTF-8', 'content-length': '15', 'connection': 'keep-alive', 'report-to': '{"endpoints":[{"url":"https:\\/\\/a.nel.cloudflare.com\\/report\\/v4?s=ND3YfJX5dgoTi4%2Fe5hs3I3Qn0GLjwVQRTeZfyUNfAoagEk8%2FocRPoS4nO0PZHLWanxm3eoouPTUnG4l%2BegyXsolAydsjwpNTunkSL5c1Xo9WLxGKOrb0V47Ht3Wpm1moV2ntMbyfyxQ%3D"}],"group":"cf-nel","max_age":604800}', 'nel': '{"success_fraction":0,"report_to":"cf-nel","max_age":604800}', 'x-frame-options': 'SAMEORIGIN', 'referrer-policy': 'same-origin', 'cache-control': 'private, max-age=0, no-store, no-cache, must-revalidate, post-check=0, pre-check=0', 'expires': 'Thu, 01 Jan 1970 00:00:01 GMT', 'server': 'cloudflare', 'cf-ray': 'a18c9e5b2d6b75a1-ARN', 'server-timing': 'cfL4;desc="?proto=TCP&rtt=2905&min_rtt=2905&rtt_var=1090&sent=4&recv=6&lost=0&retrans=0&sent_bytes=2824&recv_bytes=835&delivery_rate=995873&cwnd=52&unsent_bytes=0&cid=a4f36fe026a62030&ts=454&x=0"'} -+-+- b'error code: 502'
2026-07-10 03:52:57  ERROR     Handshake status 502 Bad Gateway -+-+- {'date': 'Fri, 10 Jul 2026 03:52:57 GMT', 'content-type': 'text/plain; charset=UTF-8', 'content-length': '15', 'connection': 'keep-alive', 'report-to': '{"endpoints":[{"url":"https:\\/\\/a.nel.cloudflare.com\\/report\\/v4?s=ND3YfJX5dgoTi4%2Fe5hs3I3Qn0GLjwVQRTeZfyUNfAoagEk8%2FocRPoS4nO0PZHLWanxm3eoouPTUnG4l%2BegyXsolAydsjwpNTunkSL5c1Xo9WLxGKOrb0V47Ht3Wpm1moV2ntMbyfyxQ%3D"}],"group":"cf-nel","max_age":604800}', 'nel': '{"success_fraction":0,"report_to":"cf-nel","max_age":604800}', 'x-frame-options': 'SAMEORIGIN', 'referrer-policy': 'same-origin', 'cache-control': 'private, max-age=0, no-store, no-cache, must-revalidate, post-check=0, pre-check=0', 'expires': 'Thu, 01 Jan 1970 00:00:01 GMT', 'server': 'cloudflare', 'cf-ray': 'a18c9e5b2d6b75a1-ARN', 'server-timing': 'cfL4;desc="?proto=TCP&rtt=2905&min_rtt=2905&rtt_var=1090&sent=4&recv=6&lost=0&retrans=0&sent_bytes=2824&recv_bytes=835&delivery_rate=995873&cwnd=52&unsent_bytes=0&cid=a4f36fe026a62030&ts=454&x=0"'} -+-+- b'error code: 502' - goodbye
2026-07-10 03:52:57  WARNING   WS DISCONNECTED  code=None  reason=None  trades=0  pnl=Rs+0.00
[Fri Jul 10 03:52:57 UTC 2026] Runner exited, restarting in 10s...
[Fri Jul 10 03:53:07 UTC 2026] Starting runner...
2026-07-10 03:53:07  INFO      ============================================================
2026-07-10 03:53:07  INFO      STARTUP  date=2026-07-10  pid=294906
2026-07-10 03:53:07  INFO      Strategy: Supertrend atr=14 mult=1.5 | 15-min | LIVE mode
2026-07-10 03:53:07  INFO      Resolving NSE tokens...
2026-07-10 03:53:07  DEBUG     Starting new HTTPS connection (1): piconnect.flattrade.in:443
2026-07-10 03:53:07  DEBUG     https://piconnect.flattrade.in:443 "POST /PiConnectAPI/SearchScrip HTTP/1.1" 200 None
2026-07-10 03:53:07  INFO      Resolved  HFCL             token=21951
2026-07-10 03:53:07  DEBUG     Starting new HTTPS connection (1): piconnect.flattrade.in:443
2026-07-10 03:53:07  DEBUG     https://piconnect.flattrade.in:443 "POST /PiConnectAPI/SearchScrip HTTP/1.1" 200 None
2026-07-10 03:53:07  INFO      Resolved  BANKBARODA       token=4668
2026-07-10 03:53:07  DEBUG     Starting new HTTPS connection (1): piconnect.flattrade.in:443
2026-07-10 03:53:08  DEBUG     https://piconnect.flattrade.in:443 "POST /PiConnectAPI/SearchScrip HTTP/1.1" 200 None
2026-07-10 03:53:08  INFO      Resolved  NMDC             token=15332
2026-07-10 03:53:08  DEBUG     Starting new HTTPS connection (1): piconnect.flattrade.in:443
2026-07-10 03:53:08  DEBUG     https://piconnect.flattrade.in:443 "POST /PiConnectAPI/SearchScrip HTTP/1.1" 200 None
2026-07-10 03:53:08  INFO      Resolved  CESC             token=628
2026-07-10 03:53:08  DEBUG     Starting new HTTPS connection (1): piconnect.flattrade.in:443
2026-07-10 03:53:08  DEBUG     https://piconnect.flattrade.in:443 "POST /PiConnectAPI/SearchScrip HTTP/1.1" 200 None
2026-07-10 03:53:08  INFO      Resolved  ZEEL             token=3812
2026-07-10 03:53:08  DEBUG     Starting new HTTPS connection (1): piconnect.flattrade.in:443
2026-07-10 03:53:08  DEBUG     https://piconnect.flattrade.in:443 "POST /PiConnectAPI/SearchScrip HTTP/1.1" 200 None
2026-07-10 03:53:08  INFO      Resolved  BALRAMCHIN       token=341
2026-07-10 03:53:08  DEBUG     Starting new HTTPS connection (1): piconnect.flattrade.in:443
2026-07-10 03:53:09  DEBUG     https://piconnect.flattrade.in:443 "POST /PiConnectAPI/SearchScrip HTTP/1.1" 200 None
2026-07-10 03:53:09  INFO      Resolved  GRANULES         token=11872
2026-07-10 03:53:09  DEBUG     Starting new HTTPS connection (1): piconnect.flattrade.in:443
2026-07-10 03:53:09  DEBUG     https://piconnect.flattrade.in:443 "POST /PiConnectAPI/SearchScrip HTTP/1.1" 200 None
2026-07-10 03:53:09  INFO      Resolved  SUZLON           token=12018
2026-07-10 03:53:09  DEBUG     Starting new HTTPS connection (1): piconnect.flattrade.in:443
2026-07-10 03:53:09  DEBUG     https://piconnect.flattrade.in:443 "POST /PiConnectAPI/PositionBook HTTP/1.1" 200 None
2026-07-10 03:53:09  DEBUG     Starting new HTTPS connection (1): piconnect.flattrade.in:443
2026-07-10 03:53:09  DEBUG     https://piconnect.flattrade.in:443 "POST /PiConnectAPI/Limits HTTP/1.1" 200 None
2026-07-10 03:53:09  INFO      *** LIVE MODE  cash=Rs0  4x=Rs0  K=4  per_trade=Rs1000 ***
2026-07-10 03:53:09  INFO      8 stocks | Rs1000/trade | K=4 | EOD 15:00 IST
2026-07-10 03:53:09  INFO      ============================================================
2026-07-10 03:53:10  ERROR     WS ERROR  Handshake status 502 Bad Gateway -+-+- {'date': 'Fri, 10 Jul 2026 03:53:10 GMT', 'content-type': 'text/plain; charset=UTF-8', 'content-length': '15', 'connection': 'keep-alive', 'report-to': '{"endpoints":[{"url":"https:\\/\\/a.nel.cloudflare.com\\/report\\/v4?s=w1KxR4P9HNRkheBLGhXfuFtJwRI%2FcphkkQpTs32FjZrVbGcq4a8Bq3i5uOVXPlvtPFTEtsWHGZ8Kus3GnCYueRTW%2B2UVhPLO1tdW8du0xlrkyDX7DKtqrICO7XvnwUqfFWIrKzGUm7I%3D"}],"group":"cf-nel","max_age":604800}', 'nel': '{"success_fraction":0,"report_to":"cf-nel","max_age":604800}', 'x-frame-options': 'SAMEORIGIN', 'referrer-policy': 'same-origin', 'cache-control': 'private, max-age=0, no-store, no-cache, must-revalidate, post-check=0, pre-check=0', 'expires': 'Thu, 01 Jan 1970 00:00:01 GMT', 'server': 'cloudflare', 'cf-ray': 'a18c9eac3d1db6a1-ARN', 'server-timing': 'cfL4;desc="?proto=TCP&rtt=4036&min_rtt=3972&rtt_var=1535&sent=4&recv=6&lost=0&retrans=0&sent_bytes=2825&recv_bytes=835&delivery_rate=729103&cwnd=52&unsent_bytes=0&cid=e119e9ae62df20b7&ts=449&x=0"'} -+-+- b'error code: 502'
2026-07-10 03:53:10  ERROR     Handshake status 502 Bad Gateway -+-+- {'date': 'Fri, 10 Jul 2026 03:53:10 GMT', 'content-type': 'text/plain; charset=UTF-8', 'content-length': '15', 'connection': 'keep-alive', 'report-to': '{"endpoints":[{"url":"https:\\/\\/a.nel.cloudflare.com\\/report\\/v4?s=w1KxR4P9HNRkheBLGhXfuFtJwRI%2FcphkkQpTs32FjZrVbGcq4a8Bq3i5uOVXPlvtPFTEtsWHGZ8Kus3GnCYueRTW%2B2UVhPLO1tdW8du0xlrkyDX7DKtqrICO7XvnwUqfFWIrKzGUm7I%3D"}],"group":"cf-nel","max_age":604800}', 'nel': '{"success_fraction":0,"report_to":"cf-nel","max_age":604800}', 'x-frame-options': 'SAMEORIGIN', 'referrer-policy': 'same-origin', 'cache-control': 'private, max-age=0, no-store, no-cache, must-revalidate, post-check=0, pre-check=0', 'expires': 'Thu, 01 Jan 1970 00:00:01 GMT', 'server': 'cloudflare', 'cf-ray': 'a18c9eac3d1db6a1-ARN', 'server-timing': 'cfL4;desc="?proto=TCP&rtt=4036&min_rtt=3972&rtt_var=1535&sent=4&recv=6&lost=0&retrans=0&sent_bytes=2825&recv_bytes=835&delivery_rate=729103&cwnd=52&unsent_bytes=0&cid=e119e9ae62df20b7&ts=449&x=0"'} -+-+- b'error code: 502' - goodbye
2026-07-10 03:53:10  WARNING   WS DISCONNECTED  code=None  reason=None  trades=0  pnl=Rs+0.00
[Fri Jul 10 03:53:10 UTC 2026] Runner exited, restarting in 10s...
[Fri Jul 10 03:53:20 UTC 2026] Starting runner...
2026-07-10 03:53:20  INFO      ============================================================
2026-07-10 03:53:20  INFO      STARTUP  date=2026-07-10  pid=294913
2026-07-10 03:53:20  INFO      Strategy: Supertrend atr=14 mult=1.5 | 15-min | LIVE mode
2026-07-10 03:53:20  INFO      Resolving NSE tokens...
2026-07-10 03:53:20  DEBUG     Starting new HTTPS connection (1): piconnect.flattrade.in:443
2026-07-10 03:53:20  DEBUG     https://piconnect.flattrade.in:443 "POST /PiConnectAPI/SearchScrip HTTP/1.1" 200 None
2026-07-10 03:53:20  INFO      Resolved  HFCL             token=21951
2026-07-10 03:53:20  DEBUG     Starting new HTTPS connection (1): piconnect.flattrade.in:443
2026-07-10 03:53:20  DEBUG     https://piconnect.flattrade.in:443 "POST /PiConnectAPI/SearchScrip HTTP/1.1" 200 None
2026-07-10 03:53:20  INFO      Resolved  BANKBARODA       token=4668
2026-07-10 03:53:20  DEBUG     Starting new HTTPS connection (1): piconnect.flattrade.in:443
2026-07-10 03:53:21  DEBUG     https://piconnect.flattrade.in:443 "POST /PiConnectAPI/SearchScrip HTTP/1.1" 200 None
2026-07-10 03:53:21  INFO      Resolved  NMDC             token=15332
2026-07-10 03:53:21  DEBUG     Starting new HTTPS connection (1): piconnect.flattrade.in:443
2026-07-10 03:53:21  DEBUG     https://piconnect.flattrade.in:443 "POST /PiConnectAPI/SearchScrip HTTP/1.1" 200 None
2026-07-10 03:53:21  INFO      Resolved  CESC             token=628
2026-07-10 03:53:21  DEBUG     Starting new HTTPS connection (1): piconnect.flattrade.in:443
2026-07-10 03:53:21  DEBUG     https://piconnect.flattrade.in:443 "POST /PiConnectAPI/SearchScrip HTTP/1.1" 200 None
2026-07-10 03:53:21  INFO      Resolved  ZEEL             token=3812
2026-07-10 03:53:21  DEBUG     Starting new HTTPS connection (1): piconnect.flattrade.in:443
2026-07-10 03:53:21  DEBUG     https://piconnect.flattrade.in:443 "POST /PiConnectAPI/SearchScrip HTTP/1.1" 200 None
2026-07-10 03:53:21  INFO      Resolved  BALRAMCHIN       token=341
2026-07-10 03:53:21  DEBUG     Starting new HTTPS connection (1): piconnect.flattrade.in:443
2026-07-10 03:53:21  DEBUG     https://piconnect.flattrade.in:443 "POST /PiConnectAPI/SearchScrip HTTP/1.1" 200 None
2026-07-10 03:53:21  INFO      Resolved  GRANULES         token=11872
2026-07-10 03:53:21  DEBUG     Starting new HTTPS connection (1): piconnect.flattrade.in:443
2026-07-10 03:53:22  DEBUG     https://piconnect.flattrade.in:443 "POST /PiConnectAPI/SearchScrip HTTP/1.1" 200 None
2026-07-10 03:53:22  INFO      Resolved  SUZLON           token=12018
2026-07-10 03:53:22  DEBUG     Starting new HTTPS connection (1): piconnect.flattrade.in:443
2026-07-10 03:53:22  DEBUG     https://piconnect.flattrade.in:443 "POST /PiConnectAPI/PositionBook HTTP/1.1" 200 None
2026-07-10 03:53:22  DEBUG     Starting new HTTPS connection (1): piconnect.flattrade.in:443
2026-07-10 03:53:22  DEBUG     https://piconnect.flattrade.in:443 "POST /PiConnectAPI/Limits HTTP/1.1" 200 None
2026-07-10 03:53:22  INFO      *** LIVE MODE  cash=Rs0  4x=Rs0  K=4  per_trade=Rs1000 ***
2026-07-10 03:53:22  INFO      8 stocks | Rs1000/trade | K=4 | EOD 15:00 IST
2026-07-10 03:53:22  INFO      ============================================================
2026-07-10 03:53:22  INFO      Websocket connected
2026-07-10 03:53:23  INFO      WS CONNECTED  subscribed=8 instruments
2026-07-10 03:53:23  INFO      Ticks -> data/2026-07-10/ticks.jsonl
2026-07-10 03:54:22  DEBUG     Sending ping
2026-07-10 03:54:30  ERROR     WS ERROR  Connection to remote host was lost.
2026-07-10 03:54:30  ERROR     Connection to remote host was lost. - goodbye
2026-07-10 03:54:30  WARNING   WS DISCONNECTED  code=None  reason=None  trades=0  pnl=Rs+0.00
[Fri Jul 10 03:54:30 UTC 2026] Runner exited, restarting in 10s...
[Fri Jul 10 03:54:40 UTC 2026] Starting runner...
2026-07-10 03:54:40  INFO      ============================================================
2026-07-10 03:54:40  INFO      STARTUP  date=2026-07-10  pid=294971
2026-07-10 03:54:40  INFO      Strategy: Supertrend atr=14 mult=1.5 | 15-min | LIVE mode
2026-07-10 03:54:40  INFO      Resolving NSE tokens...
2026-07-10 03:54:40  DEBUG     Starting new HTTPS connection (1): piconnect.flattrade.in:443
2026-07-10 03:54:40  DEBUG     https://piconnect.flattrade.in:443 "POST /PiConnectAPI/SearchScrip HTTP/1.1" 200 None
2026-07-10 03:54:40  INFO      Resolved  HFCL             token=21951
2026-07-10 03:54:40  DEBUG     Starting new HTTPS connection (1): piconnect.flattrade.in:443
2026-07-10 03:54:41  DEBUG     https://piconnect.flattrade.in:443 "POST /PiConnectAPI/SearchScrip HTTP/1.1" 200 None
2026-07-10 03:54:41  INFO      Resolved  BANKBARODA       token=4668
2026-07-10 03:54:41  DEBUG     Starting new HTTPS connection (1): piconnect.flattrade.in:443
2026-07-10 03:54:41  DEBUG     https://piconnect.flattrade.in:443 "POST /PiConnectAPI/SearchScrip HTTP/1.1" 200 None
2026-07-10 03:54:41  INFO      Resolved  NMDC             token=15332
2026-07-10 03:54:41  DEBUG     Starting new HTTPS connection (1): piconnect.flattrade.in:443
2026-07-10 03:54:41  DEBUG     https://piconnect.flattrade.in:443 "POST /PiConnectAPI/SearchScrip HTTP/1.1" 200 None
2026-07-10 03:54:41  INFO      Resolved  CESC             token=628
2026-07-10 03:54:41  DEBUG     Starting new HTTPS connection (1): piconnect.flattrade.in:443
2026-07-10 03:54:41  DEBUG     https://piconnect.flattrade.in:443 "POST /PiConnectAPI/SearchScrip HTTP/1.1" 200 None
2026-07-10 03:54:41  INFO      Resolved  ZEEL             token=3812
2026-07-10 03:54:41  DEBUG     Starting new HTTPS connection (1): piconnect.flattrade.in:443
2026-07-10 03:54:41  DEBUG     https://piconnect.flattrade.in:443 "POST /PiConnectAPI/SearchScrip HTTP/1.1" 200 None
2026-07-10 03:54:41  INFO      Resolved  BALRAMCHIN       token=341
2026-07-10 03:54:41  DEBUG     Starting new HTTPS connection (1): piconnect.flattrade.in:443
2026-07-10 03:54:42  DEBUG     https://piconnect.flattrade.in:443 "POST /PiConnectAPI/SearchScrip HTTP/1.1" 200 None
2026-07-10 03:54:42  INFO      Resolved  GRANULES         token=11872
2026-07-10 03:54:42  DEBUG     Starting new HTTPS connection (1): piconnect.flattrade.in:443
2026-07-10 03:54:42  DEBUG     https://piconnect.flattrade.in:443 "POST /PiConnectAPI/SearchScrip HTTP/1.1" 200 None
2026-07-10 03:54:42  INFO      Resolved  SUZLON           token=12018
2026-07-10 03:54:42  DEBUG     Starting new HTTPS connection (1): piconnect.flattrade.in:443
2026-07-10 03:54:42  DEBUG     https://piconnect.flattrade.in:443 "POST /PiConnectAPI/PositionBook HTTP/1.1" 200 None
2026-07-10 03:54:42  DEBUG     Starting new HTTPS connection (1): piconnect.flattrade.in:443
2026-07-10 03:54:42  DEBUG     https://piconnect.flattrade.in:443 "POST /PiConnectAPI/Limits HTTP/1.1" 200 None
2026-07-10 03:54:42  INFO      *** LIVE MODE  cash=Rs0  4x=Rs0  K=4  per_trade=Rs1000 ***
2026-07-10 03:54:42  INFO      8 stocks | Rs1000/trade | K=4 | EOD 15:00 IST
2026-07-10 03:54:42  INFO      ============================================================
2026-07-10 03:54:43  ERROR     WS ERROR  Handshake status 502 Bad Gateway -+-+- {'date': 'Fri, 10 Jul 2026 03:54:43 GMT', 'content-type': 'text/plain; charset=UTF-8', 'content-length': '15', 'connection': 'keep-alive', 'report-to': '{"endpoints":[{"url":"https:\\/\\/a.nel.cloudflare.com\\/report\\/v4?s=d1cztd5qfcmDZyfV1YsMaFe3BXVGI1RsO9vIeS2po9KZRkNXHAl8DfwPG5tBZGKdUu24V31XEt79So7IuR%2B4w4egXdGGgz%2F1COJopQ80fEZf93ZH3qXS0qoKubTvxOroq%2Flo%2Fkb%2Boo0%3D"}],"group":"cf-nel","max_age":604800}', 'nel': '{"success_fraction":0,"report_to":"cf-nel","max_age":604800}', 'x-frame-options': 'SAMEORIGIN', 'referrer-policy': 'same-origin', 'cache-control': 'private, max-age=0, no-store, no-cache, must-revalidate, post-check=0, pre-check=0', 'expires': 'Thu, 01 Jan 1970 00:00:01 GMT', 'server': 'cloudflare', 'cf-ray': 'a18ca0f149ab5abe-ARN', 'server-timing': 'cfL4;desc="?proto=TCP&rtt=2919&min_rtt=2898&rtt_var=1101&sent=4&recv=6&lost=0&retrans=0&sent_bytes=2825&recv_bytes=835&delivery_rate=999309&cwnd=52&unsent_bytes=0&cid=0573bc8d3373ea32&ts=456&x=0"'} -+-+- b'error code: 502'
2026-07-10 03:54:43  ERROR     Handshake status 502 Bad Gateway -+-+- {'date': 'Fri, 10 Jul 2026 03:54:43 GMT', 'content-type': 'text/plain; charset=UTF-8', 'content-length': '15', 'connection': 'keep-alive', 'report-to': '{"endpoints":[{"url":"https:\\/\\/a.nel.cloudflare.com\\/report\\/v4?s=d1cztd5qfcmDZyfV1YsMaFe3BXVGI1RsO9vIeS2po9KZRkNXHAl8DfwPG5tBZGKdUu24V31XEt79So7IuR%2B4w4egXdGGgz%2F1COJopQ80fEZf93ZH3qXS0qoKubTvxOroq%2Flo%2Fkb%2Boo0%3D"}],"group":"cf-nel","max_age":604800}', 'nel': '{"success_fraction":0,"report_to":"cf-nel","max_age":604800}', 'x-frame-options': 'SAMEORIGIN', 'referrer-policy': 'same-origin', 'cache-control': 'private, max-age=0, no-store, no-cache, must-revalidate, post-check=0, pre-check=0', 'expires': 'Thu, 01 Jan 1970 00:00:01 GMT', 'server': 'cloudflare', 'cf-ray': 'a18ca0f149ab5abe-ARN', 'server-timing': 'cfL4;desc="?proto=TCP&rtt=2919&min_rtt=2898&rtt_var=1101&sent=4&recv=6&lost=0&retrans=0&sent_bytes=2825&recv_bytes=835&delivery_rate=999309&cwnd=52&unsent_bytes=0&cid=0573bc8d3373ea32&ts=456&x=0"'} -+-+- b'error code: 502' - goodbye
2026-07-10 03:54:43  WARNING   WS DISCONNECTED  code=None  reason=None  trades=0  pnl=Rs+0.00
[Fri Jul 10 03:54:43 UTC 2026] Runner exited, restarting in 10s...
[Fri Jul 10 03:54:53 UTC 2026] Starting runner...
2026-07-10 03:54:53  INFO      ============================================================
2026-07-10 03:54:53  INFO      STARTUP  date=2026-07-10  pid=294979
2026-07-10 03:54:53  INFO      Strategy: Supertrend atr=14 mult=1.5 | 15-min | LIVE mode
2026-07-10 03:54:53  INFO      Resolving NSE tokens...
2026-07-10 03:54:53  DEBUG     Starting new HTTPS connection (1): piconnect.flattrade.in:443
2026-07-10 03:54:53  DEBUG     https://piconnect.flattrade.in:443 "POST /PiConnectAPI/SearchScrip HTTP/1.1" 200 None
2026-07-10 03:54:53  INFO      Resolved  HFCL             token=21951
2026-07-10 03:54:53  DEBUG     Starting new HTTPS connection (1): piconnect.flattrade.in:443
2026-07-10 03:54:53  DEBUG     https://piconnect.flattrade.in:443 "POST /PiConnectAPI/SearchScrip HTTP/1.1" 200 None
2026-07-10 03:54:53  INFO      Resolved  BANKBARODA       token=4668
2026-07-10 03:54:53  DEBUG     Starting new HTTPS connection (1): piconnect.flattrade.in:443
2026-07-10 03:54:54  DEBUG     https://piconnect.flattrade.in:443 "POST /PiConnectAPI/SearchScrip HTTP/1.1" 200 None
2026-07-10 03:54:54  INFO      Resolved  NMDC             token=15332
2026-07-10 03:54:54  DEBUG     Starting new HTTPS connection (1): piconnect.flattrade.in:443
2026-07-10 03:54:54  DEBUG     https://piconnect.flattrade.in:443 "POST /PiConnectAPI/SearchScrip HTTP/1.1" 200 None
2026-07-10 03:54:54  INFO      Resolved  CESC             token=628
2026-07-10 03:54:54  DEBUG     Starting new HTTPS connection (1): piconnect.flattrade.in:443
2026-07-10 03:54:54  DEBUG     https://piconnect.flattrade.in:443 "POST /PiConnectAPI/SearchScrip HTTP/1.1" 200 None
2026-07-10 03:54:54  INFO      Resolved  ZEEL             token=3812
2026-07-10 03:54:54  DEBUG     Starting new HTTPS connection (1): piconnect.flattrade.in:443
2026-07-10 03:54:54  DEBUG     https://piconnect.flattrade.in:443 "POST /PiConnectAPI/SearchScrip HTTP/1.1" 200 None
2026-07-10 03:54:54  INFO      Resolved  BALRAMCHIN       token=341
2026-07-10 03:54:54  DEBUG     Starting new HTTPS connection (1): piconnect.flattrade.in:443
2026-07-10 03:54:54  DEBUG     https://piconnect.flattrade.in:443 "POST /PiConnectAPI/SearchScrip HTTP/1.1" 200 None
2026-07-10 03:54:54  INFO      Resolved  GRANULES         token=11872
2026-07-10 03:54:54  DEBUG     Starting new HTTPS connection (1): piconnect.flattrade.in:443
2026-07-10 03:54:55  DEBUG     https://piconnect.flattrade.in:443 "POST /PiConnectAPI/SearchScrip HTTP/1.1" 200 None
2026-07-10 03:54:55  INFO      Resolved  SUZLON           token=12018
2026-07-10 03:54:55  DEBUG     Starting new HTTPS connection (1): piconnect.flattrade.in:443
2026-07-10 03:54:55  DEBUG     https://piconnect.flattrade.in:443 "POST /PiConnectAPI/PositionBook HTTP/1.1" 200 None
2026-07-10 03:54:55  DEBUG     Starting new HTTPS connection (1): piconnect.flattrade.in:443
2026-07-10 03:54:55  DEBUG     https://piconnect.flattrade.in:443 "POST /PiConnectAPI/Limits HTTP/1.1" 200 None
2026-07-10 03:54:55  INFO      *** LIVE MODE  cash=Rs0  4x=Rs0  K=4  per_trade=Rs1000 ***
2026-07-10 03:54:55  INFO      8 stocks | Rs1000/trade | K=4 | EOD 15:00 IST
2026-07-10 03:54:55  INFO      ============================================================
2026-07-10 03:54:55  ERROR     WS ERROR  Handshake status 502 Bad Gateway -+-+- {'date': 'Fri, 10 Jul 2026 03:54:55 GMT', 'content-type': 'text/plain; charset=UTF-8', 'content-length': '15', 'connection': 'keep-alive', 'report-to': '{"endpoints":[{"url":"https:\\/\\/a.nel.cloudflare.com\\/report\\/v4?s=5wcLQETpg%2B4aHXhN9HGPG5LZs3KgTNKEj29Jb7T7uPu%2FeTnP8ngA76pXumLvVG2SO57fZriHyZ3LIZZMWNjSvBj6ej8czb5KmMn8%2F04DUVrFSbQRYWWBoqJRX9TG7ygUitWMJRLc8c0%3D"}],"group":"cf-nel","max_age":604800}', 'nel': '{"success_fraction":0,"report_to":"cf-nel","max_age":604800}', 'x-frame-options': 'SAMEORIGIN', 'referrer-policy': 'same-origin', 'cache-control': 'private, max-age=0, no-store, no-cache, must-revalidate, post-check=0, pre-check=0', 'expires': 'Thu, 01 Jan 1970 00:00:01 GMT', 'server': 'cloudflare', 'cf-ray': 'a18ca14109c570d7-ARN', 'server-timing': 'cfL4;desc="?proto=TCP&rtt=4024&min_rtt=4005&rtt_var=1515&sent=4&recv=6&lost=0&retrans=0&sent_bytes=2824&recv_bytes=835&delivery_rate=723096&cwnd=52&unsent_bytes=0&cid=fc349c50c3e037ea&ts=463&x=0"'} -+-+- b'error code: 502'
2026-07-10 03:54:55  ERROR     Handshake status 502 Bad Gateway -+-+- {'date': 'Fri, 10 Jul 2026 03:54:55 GMT', 'content-type': 'text/plain; charset=UTF-8', 'content-length': '15', 'connection': 'keep-alive', 'report-to': '{"endpoints":[{"url":"https:\\/\\/a.nel.cloudflare.com\\/report\\/v4?s=5wcLQETpg%2B4aHXhN9HGPG5LZs3KgTNKEj29Jb7T7uPu%2FeTnP8ngA76pXumLvVG2SO57fZriHyZ3LIZZMWNjSvBj6ej8czb5KmMn8%2F04DUVrFSbQRYWWBoqJRX9TG7ygUitWMJRLc8c0%3D"}],"group":"cf-nel","max_age":604800}', 'nel': '{"success_fraction":0,"report_to":"cf-nel","max_age":604800}', 'x-frame-options': 'SAMEORIGIN', 'referrer-policy': 'same-origin', 'cache-control': 'private, max-age=0, no-store, no-cache, must-revalidate, post-check=0, pre-check=0', 'expires': 'Thu, 01 Jan 1970 00:00:01 GMT', 'server': 'cloudflare', 'cf-ray': 'a18ca14109c570d7-ARN', 'server-timing': 'cfL4;desc="?proto=TCP&rtt=4024&min_rtt=4005&rtt_var=1515&sent=4&recv=6&lost=0&retrans=0&sent_bytes=2824&recv_bytes=835&delivery_rate=723096&cwnd=52&unsent_bytes=0&cid=fc349c50c3e037ea&ts=463&x=0"'} -+-+- b'error code: 502' - goodbye
2026-07-10 03:54:55  WARNING   WS DISCONNECTED  code=None  reason=None  trades=0  pnl=Rs+0.00
[Fri Jul 10 03:54:56 UTC 2026] Runner exited, restarting in 10s...
[Fri Jul 10 03:55:06 UTC 2026] Starting runner...
2026-07-10 03:55:06  INFO      ============================================================
2026-07-10 03:55:06  INFO      STARTUP  date=2026-07-10  pid=294986
2026-07-10 03:55:06  INFO      Strategy: Supertrend atr=14 mult=1.5 | 15-min | LIVE mode
2026-07-10 03:55:06  INFO      Resolving NSE tokens...
2026-07-10 03:55:06  DEBUG     Starting new HTTPS connection (1): piconnect.flattrade.in:443
2026-07-10 03:55:06  DEBUG     https://piconnect.flattrade.in:443 "POST /PiConnectAPI/SearchScrip HTTP/1.1" 200 None
2026-07-10 03:55:06  INFO      Resolved  HFCL             token=21951
2026-07-10 03:55:06  DEBUG     Starting new HTTPS connection (1): piconnect.flattrade.in:443
2026-07-10 03:55:06  DEBUG     https://piconnect.flattrade.in:443 "POST /PiConnectAPI/SearchScrip HTTP/1.1" 200 None
2026-07-10 03:55:06  INFO      Resolved  BANKBARODA       token=4668
2026-07-10 03:55:06  DEBUG     Starting new HTTPS connection (1): piconnect.flattrade.in:443
2026-07-10 03:55:06  DEBUG     https://piconnect.flattrade.in:443 "POST /PiConnectAPI/SearchScrip HTTP/1.1" 200 None
2026-07-10 03:55:06  INFO      Resolved  NMDC             token=15332
2026-07-10 03:55:06  DEBUG     Starting new HTTPS connection (1): piconnect.flattrade.in:443
2026-07-10 03:55:07  DEBUG     https://piconnect.flattrade.in:443 "POST /PiConnectAPI/SearchScrip HTTP/1.1" 200 None
2026-07-10 03:55:07  INFO      Resolved  CESC             token=628
2026-07-10 03:55:07  DEBUG     Starting new HTTPS connection (1): piconnect.flattrade.in:443
2026-07-10 03:55:07  DEBUG     https://piconnect.flattrade.in:443 "POST /PiConnectAPI/SearchScrip HTTP/1.1" 200 None
2026-07-10 03:55:07  INFO      Resolved  ZEEL             token=3812
2026-07-10 03:55:07  DEBUG     Starting new HTTPS connection (1): piconnect.flattrade.in:443
2026-07-10 03:55:07  DEBUG     https://piconnect.flattrade.in:443 "POST /PiConnectAPI/SearchScrip HTTP/1.1" 200 None
2026-07-10 03:55:07  INFO      Resolved  BALRAMCHIN       token=341
2026-07-10 03:55:07  DEBUG     Starting new HTTPS connection (1): piconnect.flattrade.in:443
2026-07-10 03:55:07  DEBUG     https://piconnect.flattrade.in:443 "POST /PiConnectAPI/SearchScrip HTTP/1.1" 200 None
2026-07-10 03:55:07  INFO      Resolved  GRANULES         token=11872
2026-07-10 03:55:07  DEBUG     Starting new HTTPS connection (1): piconnect.flattrade.in:443
2026-07-10 03:55:07  DEBUG     https://piconnect.flattrade.in:443 "POST /PiConnectAPI/SearchScrip HTTP/1.1" 200 None
2026-07-10 03:55:07  INFO      Resolved  SUZLON           token=12018
2026-07-10 03:55:07  DEBUG     Starting new HTTPS connection (1): piconnect.flattrade.in:443
2026-07-10 03:55:08  DEBUG     https://piconnect.flattrade.in:443 "POST /PiConnectAPI/PositionBook HTTP/1.1" 200 None
2026-07-10 03:55:08  DEBUG     Starting new HTTPS connection (1): piconnect.flattrade.in:443
2026-07-10 03:55:08  DEBUG     https://piconnect.flattrade.in:443 "POST /PiConnectAPI/Limits HTTP/1.1" 200 None
2026-07-10 03:55:08  INFO      *** LIVE MODE  cash=Rs0  4x=Rs0  K=4  per_trade=Rs1000 ***
2026-07-10 03:55:08  INFO      8 stocks | Rs1000/trade | K=4 | EOD 15:00 IST
2026-07-10 03:55:08  INFO      ============================================================
2026-07-10 03:55:08  ERROR     WS ERROR  Handshake status 502 Bad Gateway -+-+- {'date': 'Fri, 10 Jul 2026 03:55:08 GMT', 'content-type': 'text/plain; charset=UTF-8', 'content-length': '15', 'connection': 'keep-alive', 'report-to': '{"endpoints":[{"url":"https:\\/\\/a.nel.cloudflare.com\\/report\\/v4?s=Mfy80kZHAOeLbGEVUDJ84GDR7KjC3B4z47hwN3z4yn6hKdbLA%2FKxrXWlwMXMaE5Wf8Ro7fwj4PqyEmYOg1GIPzjF2ZHldotdhVuzPbvSnCqt8e5iCknGdSCMQOuQJbsBp%2B%2FlFBPf%2FaE%3D"}],"group":"cf-nel","max_age":604800}', 'nel': '{"success_fraction":0,"report_to":"cf-nel","max_age":604800}', 'x-frame-options': 'SAMEORIGIN', 'referrer-policy': 'same-origin', 'cache-control': 'private, max-age=0, no-store, no-cache, must-revalidate, post-check=0, pre-check=0', 'expires': 'Thu, 01 Jan 1970 00:00:01 GMT', 'server': 'cloudflare', 'cf-ray': 'a18ca1905d5382be-ARN', 'server-timing': 'cfL4;desc="?proto=TCP&rtt=3133&min_rtt=3077&rtt_var=1194&sent=4&recv=6&lost=0&retrans=0&sent_bytes=2824&recv_bytes=835&delivery_rate=941176&cwnd=52&unsent_bytes=0&cid=dabae9fe58141f08&ts=448&x=0"'} -+-+- b'error code: 502'
2026-07-10 03:55:08  ERROR     Handshake status 502 Bad Gateway -+-+- {'date': 'Fri, 10 Jul 2026 03:55:08 GMT', 'content-type': 'text/plain; charset=UTF-8', 'content-length': '15', 'connection': 'keep-alive', 'report-to': '{"endpoints":[{"url":"https:\\/\\/a.nel.cloudflare.com\\/report\\/v4?s=Mfy80kZHAOeLbGEVUDJ84GDR7KjC3B4z47hwN3z4yn6hKdbLA%2FKxrXWlwMXMaE5Wf8Ro7fwj4PqyEmYOg1GIPzjF2ZHldotdhVuzPbvSnCqt8e5iCknGdSCMQOuQJbsBp%2B%2FlFBPf%2FaE%3D"}],"group":"cf-nel","max_age":604800}', 'nel': '{"success_fraction":0,"report_to":"cf-nel","max_age":604800}', 'x-frame-options': 'SAMEORIGIN', 'referrer-policy': 'same-origin', 'cache-control': 'private, max-age=0, no-store, no-cache, must-revalidate, post-check=0, pre-check=0', 'expires': 'Thu, 01 Jan 1970 00:00:01 GMT', 'server': 'cloudflare', 'cf-ray': 'a18ca1905d5382be-ARN', 'server-timing': 'cfL4;desc="?proto=TCP&rtt=3133&min_rtt=3077&rtt_var=1194&sent=4&recv=6&lost=0&retrans=0&sent_bytes=2824&recv_bytes=835&delivery_rate=941176&cwnd=52&unsent_bytes=0&cid=dabae9fe58141f08&ts=448&x=0"'} -+-+- b'error code: 502' - goodbye
2026-07-10 03:55:08  WARNING   WS DISCONNECTED  code=None  reason=None  trades=0  pnl=Rs+0.00
[Fri Jul 10 03:55:08 UTC 2026] Runner exited, restarting in 10s...
[Fri Jul 10 03:55:18 UTC 2026] Starting runner...
2026-07-10 03:55:18  INFO      ============================================================
2026-07-10 03:55:18  INFO      STARTUP  date=2026-07-10  pid=294993
2026-07-10 03:55:18  INFO      Strategy: Supertrend atr=14 mult=1.5 | 15-min | LIVE mode
2026-07-10 03:55:18  INFO      Resolving NSE tokens...
2026-07-10 03:55:18  DEBUG     Starting new HTTPS connection (1): piconnect.flattrade.in:443
2026-07-10 03:55:19  DEBUG     https://piconnect.flattrade.in:443 "POST /PiConnectAPI/SearchScrip HTTP/1.1" 200 None
2026-07-10 03:55:19  INFO      Resolved  HFCL             token=21951
2026-07-10 03:55:19  DEBUG     Starting new HTTPS connection (1): piconnect.flattrade.in:443
2026-07-10 03:55:19  DEBUG     https://piconnect.flattrade.in:443 "POST /PiConnectAPI/SearchScrip HTTP/1.1" 200 None
2026-07-10 03:55:19  INFO      Resolved  BANKBARODA       token=4668
2026-07-10 03:55:19  DEBUG     Starting new HTTPS connection (1): piconnect.flattrade.in:443
2026-07-10 03:55:19  DEBUG     https://piconnect.flattrade.in:443 "POST /PiConnectAPI/SearchScrip HTTP/1.1" 200 None
2026-07-10 03:55:19  INFO      Resolved  NMDC             token=15332
2026-07-10 03:55:19  DEBUG     Starting new HTTPS connection (1): piconnect.flattrade.in:443
2026-07-10 03:55:19  DEBUG     https://piconnect.flattrade.in:443 "POST /PiConnectAPI/SearchScrip HTTP/1.1" 200 None
2026-07-10 03:55:19  INFO      Resolved  CESC             token=628
2026-07-10 03:55:19  DEBUG     Starting new HTTPS connection (1): piconnect.flattrade.in:443
2026-07-10 03:55:19  DEBUG     https://piconnect.flattrade.in:443 "POST /PiConnectAPI/SearchScrip HTTP/1.1" 200 None
2026-07-10 03:55:19  INFO      Resolved  ZEEL             token=3812
2026-07-10 03:55:19  DEBUG     Starting new HTTPS connection (1): piconnect.flattrade.in:443
2026-07-10 03:55:20  DEBUG     https://piconnect.flattrade.in:443 "POST /PiConnectAPI/SearchScrip HTTP/1.1" 200 None
2026-07-10 03:55:20  INFO      Resolved  BALRAMCHIN       token=341
2026-07-10 03:55:20  DEBUG     Starting new HTTPS connection (1): piconnect.flattrade.in:443
2026-07-10 03:55:20  DEBUG     https://piconnect.flattrade.in:443 "POST /PiConnectAPI/SearchScrip HTTP/1.1" 200 None
2026-07-10 03:55:20  INFO      Resolved  GRANULES         token=11872
2026-07-10 03:55:20  DEBUG     Starting new HTTPS connection (1): piconnect.flattrade.in:443
2026-07-10 03:55:20  DEBUG     https://piconnect.flattrade.in:443 "POST /PiConnectAPI/SearchScrip HTTP/1.1" 200 None
2026-07-10 03:55:20  INFO      Resolved  SUZLON           token=12018
2026-07-10 03:55:20  DEBUG     Starting new HTTPS connection (1): piconnect.flattrade.in:443
2026-07-10 03:55:20  DEBUG     https://piconnect.flattrade.in:443 "POST /PiConnectAPI/PositionBook HTTP/1.1" 200 None
2026-07-10 03:55:20  DEBUG     Starting new HTTPS connection (1): piconnect.flattrade.in:443
2026-07-10 03:55:20  DEBUG     https://piconnect.flattrade.in:443 "POST /PiConnectAPI/Limits HTTP/1.1" 200 None
2026-07-10 03:55:20  INFO      *** LIVE MODE  cash=Rs0  4x=Rs0  K=4  per_trade=Rs1000 ***
2026-07-10 03:55:20  INFO      8 stocks | Rs1000/trade | K=4 | EOD 15:00 IST
2026-07-10 03:55:20  INFO      ============================================================
2026-07-10 03:55:21  INFO      Websocket connected
2026-07-10 03:55:21  INFO      WS CONNECTED  subscribed=8 instruments
2026-07-10 03:55:21  INFO      Ticks -> data/2026-07-10/ticks.jsonl
2026-07-10 03:56:21  DEBUG     Sending ping
2026-07-10 03:56:51  DEBUG     Sending ping
2026-07-10 03:57:21  DEBUG     Sending ping
2026-07-10 03:57:36  ERROR     WS ERROR  Connection to remote host was lost.
2026-07-10 03:57:36  ERROR     Connection to remote host was lost. - goodbye
2026-07-10 03:57:36  WARNING   WS DISCONNECTED  code=None  reason=None  trades=0  pnl=Rs+0.00
[Fri Jul 10 03:57:36 UTC 2026] Runner exited, restarting in 10s...
[Fri Jul 10 03:57:46 UTC 2026] Starting runner...
2026-07-10 03:57:46  INFO      ============================================================
2026-07-10 03:57:46  INFO      STARTUP  date=2026-07-10  pid=295052
2026-07-10 03:57:46  INFO      Strategy: Supertrend atr=14 mult=1.5 | 15-min | LIVE mode
2026-07-10 03:57:46  INFO      Resolving NSE tokens...
2026-07-10 03:57:46  DEBUG     Starting new HTTPS connection (1): piconnect.flattrade.in:443
2026-07-10 03:57:46  DEBUG     https://piconnect.flattrade.in:443 "POST /PiConnectAPI/SearchScrip HTTP/1.1" 200 None
2026-07-10 03:57:46  INFO      Resolved  HFCL             token=21951
2026-07-10 03:57:46  DEBUG     Starting new HTTPS connection (1): piconnect.flattrade.in:443
2026-07-10 03:57:46  DEBUG     https://piconnect.flattrade.in:443 "POST /PiConnectAPI/SearchScrip HTTP/1.1" 200 None
2026-07-10 03:57:46  INFO      Resolved  BANKBARODA       token=4668
2026-07-10 03:57:46  DEBUG     Starting new HTTPS connection (1): piconnect.flattrade.in:443
2026-07-10 03:57:46  DEBUG     https://piconnect.flattrade.in:443 "POST /PiConnectAPI/SearchScrip HTTP/1.1" 200 None
2026-07-10 03:57:46  INFO      Resolved  NMDC             token=15332
2026-07-10 03:57:46  DEBUG     Starting new HTTPS connection (1): piconnect.flattrade.in:443
2026-07-10 03:57:47  DEBUG     https://piconnect.flattrade.in:443 "POST /PiConnectAPI/SearchScrip HTTP/1.1" 200 None
2026-07-10 03:57:47  INFO      Resolved  CESC             token=628
2026-07-10 03:57:47  DEBUG     Starting new HTTPS connection (1): piconnect.flattrade.in:443
2026-07-10 03:57:47  DEBUG     https://piconnect.flattrade.in:443 "POST /PiConnectAPI/SearchScrip HTTP/1.1" 200 None
2026-07-10 03:57:47  INFO      Resolved  ZEEL             token=3812
2026-07-10 03:57:47  DEBUG     Starting new HTTPS connection (1): piconnect.flattrade.in:443
2026-07-10 03:57:47  DEBUG     https://piconnect.flattrade.in:443 "POST /PiConnectAPI/SearchScrip HTTP/1.1" 200 None
2026-07-10 03:57:47  INFO      Resolved  BALRAMCHIN       token=341
2026-07-10 03:57:47  DEBUG     Starting new HTTPS connection (1): piconnect.flattrade.in:443
2026-07-10 03:57:47  DEBUG     https://piconnect.flattrade.in:443 "POST /PiConnectAPI/SearchScrip HTTP/1.1" 200 None
2026-07-10 03:57:47  INFO      Resolved  GRANULES         token=11872
2026-07-10 03:57:47  DEBUG     Starting new HTTPS connection (1): piconnect.flattrade.in:443
2026-07-10 03:57:47  DEBUG     https://piconnect.flattrade.in:443 "POST /PiConnectAPI/SearchScrip HTTP/1.1" 200 None
2026-07-10 03:57:48  INFO      Resolved  SUZLON           token=12018
2026-07-10 03:57:48  DEBUG     Starting new HTTPS connection (1): piconnect.flattrade.in:443
2026-07-10 03:57:48  DEBUG     https://piconnect.flattrade.in:443 "POST /PiConnectAPI/PositionBook HTTP/1.1" 200 None
2026-07-10 03:57:48  DEBUG     Starting new HTTPS connection (1): piconnect.flattrade.in:443
2026-07-10 03:57:48  DEBUG     https://piconnect.flattrade.in:443 "POST /PiConnectAPI/Limits HTTP/1.1" 200 None
2026-07-10 03:57:48  INFO      *** LIVE MODE  cash=Rs0  4x=Rs0  K=4  per_trade=Rs1000 ***
2026-07-10 03:57:48  INFO      8 stocks | Rs1000/trade | K=4 | EOD 15:00 IST
2026-07-10 03:57:48  INFO      ============================================================
2026-07-10 03:57:48  ERROR     WS ERROR  Handshake status 502 Bad Gateway -+-+- {'date': 'Fri, 10 Jul 2026 03:57:48 GMT', 'content-type': 'text/plain; charset=UTF-8', 'content-length': '15', 'connection': 'keep-alive', 'report-to': '{"endpoints":[{"url":"https:\\/\\/a.nel.cloudflare.com\\/report\\/v4?s=c39uzpVXVWbUZ82sefFyYicyQ7iK3DOkJOBbZNOnSsHj74Grlb4yh07NDCYAsPbsRQJ3C5iNpNnXpMKKNgBe%2Ftmbzk925NJxQnF0a5BirJ8OHtovdrZZAulHpno7HvsmNqg6RCku9Mg%3D"}],"group":"cf-nel","max_age":604800}', 'nel': '{"success_fraction":0,"report_to":"cf-nel","max_age":604800}', 'x-frame-options': 'SAMEORIGIN', 'referrer-policy': 'same-origin', 'cache-control': 'private, max-age=0, no-store, no-cache, must-revalidate, post-check=0, pre-check=0', 'expires': 'Thu, 01 Jan 1970 00:00:01 GMT', 'server': 'cloudflare', 'cf-ray': 'a18ca5796aa91dcf-ARN', 'server-timing': 'cfL4;desc="?proto=TCP&rtt=2943&min_rtt=2891&rtt_var=1188&sent=4&recv=6&lost=0&retrans=0&sent_bytes=2826&recv_bytes=835&delivery_rate=875188&cwnd=52&unsent_bytes=0&cid=a669ba5144315385&ts=448&x=0"'} -+-+- b'error code: 502'
2026-07-10 03:57:48  ERROR     Handshake status 502 Bad Gateway -+-+- {'date': 'Fri, 10 Jul 2026 03:57:48 GMT', 'content-type': 'text/plain; charset=UTF-8', 'content-length': '15', 'connection': 'keep-alive', 'report-to': '{"endpoints":[{"url":"https:\\/\\/a.nel.cloudflare.com\\/report\\/v4?s=c39uzpVXVWbUZ82sefFyYicyQ7iK3DOkJOBbZNOnSsHj74Grlb4yh07NDCYAsPbsRQJ3C5iNpNnXpMKKNgBe%2Ftmbzk925NJxQnF0a5BirJ8OHtovdrZZAulHpno7HvsmNqg6RCku9Mg%3D"}],"group":"cf-nel","max_age":604800}', 'nel': '{"success_fraction":0,"report_to":"cf-nel","max_age":604800}', 'x-frame-options': 'SAMEORIGIN', 'referrer-policy': 'same-origin', 'cache-control': 'private, max-age=0, no-store, no-cache, must-revalidate, post-check=0, pre-check=0', 'expires': 'Thu, 01 Jan 1970 00:00:01 GMT', 'server': 'cloudflare', 'cf-ray': 'a18ca5796aa91dcf-ARN', 'server-timing': 'cfL4;desc="?proto=TCP&rtt=2943&min_rtt=2891&rtt_var=1188&sent=4&recv=6&lost=0&retrans=0&sent_bytes=2826&recv_bytes=835&delivery_rate=875188&cwnd=52&unsent_bytes=0&cid=a669ba5144315385&ts=448&x=0"'} -+-+- b'error code: 502' - goodbye
2026-07-10 03:57:48  WARNING   WS DISCONNECTED  code=None  reason=None  trades=0  pnl=Rs+0.00
[Fri Jul 10 03:57:48 UTC 2026] Runner exited, restarting in 10s...
[Fri Jul 10 03:57:58 UTC 2026] Starting runner...
2026-07-10 03:57:59  INFO      ============================================================
2026-07-10 03:57:59  INFO      STARTUP  date=2026-07-10  pid=295107
2026-07-10 03:57:59  INFO      Strategy: Supertrend atr=14 mult=1.5 | 15-min | LIVE mode
2026-07-10 03:57:59  INFO      Resolving NSE tokens...
2026-07-10 03:57:59  DEBUG     Starting new HTTPS connection (1): piconnect.flattrade.in:443
2026-07-10 03:57:59  DEBUG     https://piconnect.flattrade.in:443 "POST /PiConnectAPI/SearchScrip HTTP/1.1" 200 None
2026-07-10 03:57:59  INFO      Resolved  HFCL             token=21951
2026-07-10 03:57:59  DEBUG     Starting new HTTPS connection (1): piconnect.flattrade.in:443
2026-07-10 03:57:59  DEBUG     https://piconnect.flattrade.in:443 "POST /PiConnectAPI/SearchScrip HTTP/1.1" 200 None
2026-07-10 03:57:59  INFO      Resolved  BANKBARODA       token=4668
2026-07-10 03:57:59  DEBUG     Starting new HTTPS connection (1): piconnect.flattrade.in:443
2026-07-10 03:57:59  DEBUG     https://piconnect.flattrade.in:443 "POST /PiConnectAPI/SearchScrip HTTP/1.1" 200 None
2026-07-10 03:57:59  INFO      Resolved  NMDC             token=15332
2026-07-10 03:57:59  DEBUG     Starting new HTTPS connection (1): piconnect.flattrade.in:443
2026-07-10 03:57:59  DEBUG     https://piconnect.flattrade.in:443 "POST /PiConnectAPI/SearchScrip HTTP/1.1" 200 None
2026-07-10 03:57:59  INFO      Resolved  CESC             token=628
2026-07-10 03:57:59  DEBUG     Starting new HTTPS connection (1): piconnect.flattrade.in:443
2026-07-10 03:58:00  DEBUG     https://piconnect.flattrade.in:443 "POST /PiConnectAPI/SearchScrip HTTP/1.1" 200 None
2026-07-10 03:58:00  INFO      Resolved  ZEEL             token=3812
2026-07-10 03:58:00  DEBUG     Starting new HTTPS connection (1): piconnect.flattrade.in:443
2026-07-10 03:58:00  DEBUG     https://piconnect.flattrade.in:443 "POST /PiConnectAPI/SearchScrip HTTP/1.1" 200 None
2026-07-10 03:58:00  INFO      Resolved  BALRAMCHIN       token=341
2026-07-10 03:58:00  DEBUG     Starting new HTTPS connection (1): piconnect.flattrade.in:443
2026-07-10 03:58:00  DEBUG     https://piconnect.flattrade.in:443 "POST /PiConnectAPI/SearchScrip HTTP/1.1" 200 None
2026-07-10 03:58:00  INFO      Resolved  GRANULES         token=11872
2026-07-10 03:58:00  DEBUG     Starting new HTTPS connection (1): piconnect.flattrade.in:443
2026-07-10 03:58:00  DEBUG     https://piconnect.flattrade.in:443 "POST /PiConnectAPI/SearchScrip HTTP/1.1" 200 None
2026-07-10 03:58:00  INFO      Resolved  SUZLON           token=12018
2026-07-10 03:58:00  DEBUG     Starting new HTTPS connection (1): piconnect.flattrade.in:443
2026-07-10 03:58:01  DEBUG     https://piconnect.flattrade.in:443 "POST /PiConnectAPI/PositionBook HTTP/1.1" 200 None
2026-07-10 03:58:01  DEBUG     Starting new HTTPS connection (1): piconnect.flattrade.in:443
2026-07-10 03:58:01  DEBUG     https://piconnect.flattrade.in:443 "POST /PiConnectAPI/Limits HTTP/1.1" 200 None
2026-07-10 03:58:01  INFO      *** LIVE MODE  cash=Rs0  4x=Rs0  K=4  per_trade=Rs1000 ***
2026-07-10 03:58:01  INFO      8 stocks | Rs1000/trade | K=4 | EOD 15:00 IST
2026-07-10 03:58:01  INFO      ============================================================
2026-07-10 03:58:01  ERROR     WS ERROR  Handshake status 502 Bad Gateway -+-+- {'date': 'Fri, 10 Jul 2026 03:58:01 GMT', 'content-type': 'text/plain; charset=UTF-8', 'content-length': '15', 'connection': 'keep-alive', 'report-to': '{"endpoints":[{"url":"https:\\/\\/a.nel.cloudflare.com\\/report\\/v4?s=o2ulhpCp1XYaE1aZYrxNf1SMGeB9erWOISZRDKVUxcAyp3Mzg5NxHuNAMqzYCdbGDKG5isTJUErao7vnHZhq927IkpY2TXgWW79IvrvmXTOZH%2BBOhft0yl35O7VUtAKpBeThvmmffco%3D"}],"group":"cf-nel","max_age":604800}', 'nel': '{"success_fraction":0,"report_to":"cf-nel","max_age":604800}', 'x-frame-options': 'SAMEORIGIN', 'referrer-policy': 'same-origin', 'cache-control': 'private, max-age=0, no-store, no-cache, must-revalidate, post-check=0, pre-check=0', 'expires': 'Thu, 01 Jan 1970 00:00:01 GMT', 'server': 'cloudflare', 'cf-ray': 'a18ca5c9eaeeb8a4-ARN', 'server-timing': 'cfL4;desc="?proto=TCP&rtt=3942&min_rtt=3934&rtt_var=1492&sent=4&recv=6&lost=0&retrans=0&sent_bytes=2824&recv_bytes=835&delivery_rate=723276&cwnd=52&unsent_bytes=0&cid=3de543a82e186eca&ts=461&x=0"'} -+-+- b'error code: 502'
2026-07-10 03:58:01  ERROR     Handshake status 502 Bad Gateway -+-+- {'date': 'Fri, 10 Jul 2026 03:58:01 GMT', 'content-type': 'text/plain; charset=UTF-8', 'content-length': '15', 'connection': 'keep-alive', 'report-to': '{"endpoints":[{"url":"https:\\/\\/a.nel.cloudflare.com\\/report\\/v4?s=o2ulhpCp1XYaE1aZYrxNf1SMGeB9erWOISZRDKVUxcAyp3Mzg5NxHuNAMqzYCdbGDKG5isTJUErao7vnHZhq927IkpY2TXgWW79IvrvmXTOZH%2BBOhft0yl35O7VUtAKpBeThvmmffco%3D"}],"group":"cf-nel","max_age":604800}', 'nel': '{"success_fraction":0,"report_to":"cf-nel","max_age":604800}', 'x-frame-options': 'SAMEORIGIN', 'referrer-policy': 'same-origin', 'cache-control': 'private, max-age=0, no-store, no-cache, must-revalidate, post-check=0, pre-check=0', 'expires': 'Thu, 01 Jan 1970 00:00:01 GMT', 'server': 'cloudflare', 'cf-ray': 'a18ca5c9eaeeb8a4-ARN', 'server-timing': 'cfL4;desc="?proto=TCP&rtt=3942&min_rtt=3934&rtt_var=1492&sent=4&recv=6&lost=0&retrans=0&sent_bytes=2824&recv_bytes=835&delivery_rate=723276&cwnd=52&unsent_bytes=0&cid=3de543a82e186eca&ts=461&x=0"'} -+-+- b'error code: 502' - goodbye
2026-07-10 03:58:01  WARNING   WS DISCONNECTED  code=None  reason=None  trades=0  pnl=Rs+0.00
[Fri Jul 10 03:58:01 UTC 2026] Runner exited, restarting in 10s...
[Fri Jul 10 03:58:11 UTC 2026] Starting runner...
2026-07-10 03:58:11  INFO      ============================================================
2026-07-10 03:58:11  INFO      STARTUP  date=2026-07-10  pid=295114
2026-07-10 03:58:11  INFO      Strategy: Supertrend atr=14 mult=1.5 | 15-min | LIVE mode
2026-07-10 03:58:11  INFO      Resolving NSE tokens...
2026-07-10 03:58:11  DEBUG     Starting new HTTPS connection (1): piconnect.flattrade.in:443
2026-07-10 03:58:12  DEBUG     https://piconnect.flattrade.in:443 "POST /PiConnectAPI/SearchScrip HTTP/1.1" 200 None
2026-07-10 03:58:12  INFO      Resolved  HFCL             token=21951
2026-07-10 03:58:12  DEBUG     Starting new HTTPS connection (1): piconnect.flattrade.in:443
2026-07-10 03:58:12  DEBUG     https://piconnect.flattrade.in:443 "POST /PiConnectAPI/SearchScrip HTTP/1.1" 200 None
2026-07-10 03:58:12  INFO      Resolved  BANKBARODA       token=4668
2026-07-10 03:58:12  DEBUG     Starting new HTTPS connection (1): piconnect.flattrade.in:443
2026-07-10 03:58:12  DEBUG     https://piconnect.flattrade.in:443 "POST /PiConnectAPI/SearchScrip HTTP/1.1" 200 None
2026-07-10 03:58:12  INFO      Resolved  NMDC             token=15332
2026-07-10 03:58:12  DEBUG     Starting new HTTPS connection (1): piconnect.flattrade.in:443
2026-07-10 03:58:12  DEBUG     https://piconnect.flattrade.in:443 "POST /PiConnectAPI/SearchScrip HTTP/1.1" 200 None
2026-07-10 03:58:12  INFO      Resolved  CESC             token=628
2026-07-10 03:58:12  DEBUG     Starting new HTTPS connection (1): piconnect.flattrade.in:443
2026-07-10 03:58:12  DEBUG     https://piconnect.flattrade.in:443 "POST /PiConnectAPI/SearchScrip HTTP/1.1" 200 None
2026-07-10 03:58:12  INFO      Resolved  ZEEL             token=3812
2026-07-10 03:58:12  DEBUG     Starting new HTTPS connection (1): piconnect.flattrade.in:443
2026-07-10 03:58:13  DEBUG     https://piconnect.flattrade.in:443 "POST /PiConnectAPI/SearchScrip HTTP/1.1" 200 None
2026-07-10 03:58:13  INFO      Resolved  BALRAMCHIN       token=341
2026-07-10 03:58:13  DEBUG     Starting new HTTPS connection (1): piconnect.flattrade.in:443
2026-07-10 03:58:13  DEBUG     https://piconnect.flattrade.in:443 "POST /PiConnectAPI/SearchScrip HTTP/1.1" 200 None
2026-07-10 03:58:13  INFO      Resolved  GRANULES         token=11872
2026-07-10 03:58:13  DEBUG     Starting new HTTPS connection (1): piconnect.flattrade.in:443
2026-07-10 03:58:13  DEBUG     https://piconnect.flattrade.in:443 "POST /PiConnectAPI/SearchScrip HTTP/1.1" 200 None
2026-07-10 03:58:13  INFO      Resolved  SUZLON           token=12018
2026-07-10 03:58:13  DEBUG     Starting new HTTPS connection (1): piconnect.flattrade.in:443
2026-07-10 03:58:13  DEBUG     https://piconnect.flattrade.in:443 "POST /PiConnectAPI/PositionBook HTTP/1.1" 200 None
2026-07-10 03:58:13  DEBUG     Starting new HTTPS connection (1): piconnect.flattrade.in:443
2026-07-10 03:58:14  DEBUG     https://piconnect.flattrade.in:443 "POST /PiConnectAPI/Limits HTTP/1.1" 200 None
2026-07-10 03:58:14  INFO      *** LIVE MODE  cash=Rs0  4x=Rs0  K=4  per_trade=Rs1000 ***
2026-07-10 03:58:14  INFO      8 stocks | Rs1000/trade | K=4 | EOD 15:00 IST
2026-07-10 03:58:14  INFO      ============================================================
2026-07-10 03:58:14  INFO      Websocket connected
2026-07-10 03:58:14  INFO      WS CONNECTED  subscribed=8 instruments
2026-07-10 03:58:14  INFO      Ticks -> data/2026-07-10/ticks.jsonl
2026-07-10 03:59:14  DEBUG     Sending ping
2026-07-10 03:59:44  DEBUG     Sending ping
2026-07-10 04:00:01  DEBUG     CANDLE  ZEEL          O=100.20  H=100.20  L=100.00  C=100.01
2026-07-10 04:00:01  DEBUG     Starting new HTTPS connection (1): piconnect.flattrade.in:443
2026-07-10 04:00:01  DEBUG     https://piconnect.flattrade.in:443 "POST /PiConnectAPI/Holdings HTTP/1.1" 200 2
2026-07-10 04:00:01  ERROR     CNC SELL ZEEL skipped — no holdings found in demat
2026-07-10 04:00:01  DEBUG     CANDLE  BANKBARODA    O=247.00  H=247.05  L=246.90  C=246.95
2026-07-10 04:00:02  DEBUG     CANDLE  SUZLON        O=54.21  H=54.21  L=54.13  C=54.14
2026-07-10 04:00:02  DEBUG     CANDLE  BALRAMCHIN    O=565.85  H=566.25  L=565.55  C=565.75
2026-07-10 04:00:02  DEBUG     Starting new HTTPS connection (1): piconnect.flattrade.in:443
2026-07-10 04:00:02  DEBUG     https://piconnect.flattrade.in:443 "POST /PiConnectAPI/Holdings HTTP/1.1" 200 2
2026-07-10 04:00:02  ERROR     CNC SELL BALRAMCHIN skipped — no holdings found in demat
2026-07-10 04:00:03  DEBUG     CANDLE  HFCL          O=219.25  H=219.32  L=218.80  C=218.80
2026-07-10 04:00:03  DEBUG     Starting new HTTPS connection (1): piconnect.flattrade.in:443
2026-07-10 04:00:03  DEBUG     https://piconnect.flattrade.in:443 "POST /PiConnectAPI/Limits HTTP/1.1" 200 None
2026-07-10 04:00:03  ERROR     CNC BUY HFCL skipped — no capital left (committed=Rs0.00)
2026-07-10 04:00:03  DEBUG     CANDLE  CESC          O=165.15  H=165.15  L=165.00  C=165.02
2026-07-10 04:00:05  DEBUG     CANDLE  NMDC          O=85.50  H=85.54  L=85.43  C=85.52
2026-07-10 04:00:11  DEBUG     CANDLE  GRANULES      O=889.05  H=889.85  L=885.80  C=885.80
2026-07-10 04:00:14  DEBUG     Sending ping
2026-07-10 04:00:44  DEBUG     Sending ping
2026-07-10 04:01:14  DEBUG     Sending ping
2026-07-10 04:01:44  DEBUG     Sending ping
2026-07-10 04:01:56  ERROR     WS ERROR  Connection to remote host was lost.
2026-07-10 04:01:56  ERROR     Connection to remote host was lost. - goodbye
2026-07-10 04:01:56  WARNING   WS DISCONNECTED  code=None  reason=None  trades=0  pnl=Rs+0.00
[Fri Jul 10 04:01:56 UTC 2026] Runner exited, restarting in 10s...
[Fri Jul 10 04:02:06 UTC 2026] Starting runner...
2026-07-10 04:02:06  INFO      ============================================================
2026-07-10 04:02:06  INFO      STARTUP  date=2026-07-10  pid=295235
2026-07-10 04:02:06  INFO      Strategy: Supertrend atr=14 mult=1.5 | 15-min | LIVE mode
2026-07-10 04:02:06  INFO      Resolving NSE tokens...
2026-07-10 04:02:06  DEBUG     Starting new HTTPS connection (1): piconnect.flattrade.in:443
2026-07-10 04:02:06  DEBUG     https://piconnect.flattrade.in:443 "POST /PiConnectAPI/SearchScrip HTTP/1.1" 200 None
2026-07-10 04:02:06  INFO      Resolved  HFCL             token=21951
2026-07-10 04:02:06  DEBUG     Starting new HTTPS connection (1): piconnect.flattrade.in:443
2026-07-10 04:02:06  DEBUG     https://piconnect.flattrade.in:443 "POST /PiConnectAPI/SearchScrip HTTP/1.1" 200 None
2026-07-10 04:02:06  INFO      Resolved  BANKBARODA       token=4668
2026-07-10 04:02:06  DEBUG     Starting new HTTPS connection (1): piconnect.flattrade.in:443
2026-07-10 04:02:07  DEBUG     https://piconnect.flattrade.in:443 "POST /PiConnectAPI/SearchScrip HTTP/1.1" 200 None
2026-07-10 04:02:07  INFO      Resolved  NMDC             token=15332
2026-07-10 04:02:07  DEBUG     Starting new HTTPS connection (1): piconnect.flattrade.in:443
2026-07-10 04:02:07  DEBUG     https://piconnect.flattrade.in:443 "POST /PiConnectAPI/SearchScrip HTTP/1.1" 200 None
2026-07-10 04:02:07  INFO      Resolved  CESC             token=628
2026-07-10 04:02:07  DEBUG     Starting new HTTPS connection (1): piconnect.flattrade.in:443
2026-07-10 04:02:07  DEBUG     https://piconnect.flattrade.in:443 "POST /PiConnectAPI/SearchScrip HTTP/1.1" 200 None
2026-07-10 04:02:07  INFO      Resolved  ZEEL             token=3812
2026-07-10 04:02:07  DEBUG     Starting new HTTPS connection (1): piconnect.flattrade.in:443
2026-07-10 04:02:07  DEBUG     https://piconnect.flattrade.in:443 "POST /PiConnectAPI/SearchScrip HTTP/1.1" 200 None
2026-07-10 04:02:07  INFO      Resolved  BALRAMCHIN       token=341
2026-07-10 04:02:07  DEBUG     Starting new HTTPS connection (1): piconnect.flattrade.in:443
2026-07-10 04:02:07  DEBUG     https://piconnect.flattrade.in:443 "POST /PiConnectAPI/SearchScrip HTTP/1.1" 200 None
2026-07-10 04:02:07  INFO      Resolved  GRANULES         token=11872
2026-07-10 04:02:07  DEBUG     Starting new HTTPS connection (1): piconnect.flattrade.in:443
2026-07-10 04:02:08  DEBUG     https://piconnect.flattrade.in:443 "POST /PiConnectAPI/SearchScrip HTTP/1.1" 200 None
2026-07-10 04:02:08  INFO      Resolved  SUZLON           token=12018
2026-07-10 04:02:08  DEBUG     Starting new HTTPS connection (1): piconnect.flattrade.in:443
2026-07-10 04:02:08  DEBUG     https://piconnect.flattrade.in:443 "POST /PiConnectAPI/PositionBook HTTP/1.1" 200 None
2026-07-10 04:02:08  DEBUG     Starting new HTTPS connection (1): piconnect.flattrade.in:443
2026-07-10 04:02:08  DEBUG     https://piconnect.flattrade.in:443 "POST /PiConnectAPI/Limits HTTP/1.1" 200 None
2026-07-10 04:02:08  INFO      *** LIVE MODE  cash=Rs0  4x=Rs0  K=4  per_trade=Rs1000 ***
2026-07-10 04:02:08  INFO      8 stocks | Rs1000/trade | K=4 | EOD 15:00 IST
2026-07-10 04:02:08  INFO      ============================================================
2026-07-10 04:02:08  ERROR     WS ERROR  Handshake status 502 Bad Gateway -+-+- {'date': 'Fri, 10 Jul 2026 04:02:08 GMT', 'content-type': 'text/plain; charset=UTF-8', 'content-length': '15', 'connection': 'keep-alive', 'report-to': '{"endpoints":[{"url":"https:\\/\\/a.nel.cloudflare.com\\/report\\/v4?s=S5pEfdrBjC2u4l5u2k8elS8RT3hIqS2RsqpojPD3vB5%2FSlvOETrJMSxCimkmHLq4Jj23iIplUlNcId1T64lybDZtn0fKyvDohRbJknJCTu1nDQdxKcCbFrZr0vfUzWvuXOtmuUgdZ3c%3D"}],"group":"cf-nel","max_age":604800}', 'nel': '{"success_fraction":0,"report_to":"cf-nel","max_age":604800}', 'x-frame-options': 'SAMEORIGIN', 'referrer-policy': 'same-origin', 'cache-control': 'private, max-age=0, no-store, no-cache, must-revalidate, post-check=0, pre-check=0', 'expires': 'Thu, 01 Jan 1970 00:00:01 GMT', 'server': 'cloudflare', 'cf-ray': 'a18cabd33feb4673-ARN', 'server-timing': 'cfL4;desc="?proto=TCP&rtt=3947&min_rtt=3947&rtt_var=1481&sent=4&recv=6&lost=0&retrans=0&sent_bytes=2825&recv_bytes=835&delivery_rate=732608&cwnd=52&unsent_bytes=0&cid=3be4e10e8f79339c&ts=444&x=0"'} -+-+- b'error code: 502'
2026-07-10 04:02:08  ERROR     Handshake status 502 Bad Gateway -+-+- {'date': 'Fri, 10 Jul 2026 04:02:08 GMT', 'content-type': 'text/plain; charset=UTF-8', 'content-length': '15', 'connection': 'keep-alive', 'report-to': '{"endpoints":[{"url":"https:\\/\\/a.nel.cloudflare.com\\/report\\/v4?s=S5pEfdrBjC2u4l5u2k8elS8RT3hIqS2RsqpojPD3vB5%2FSlvOETrJMSxCimkmHLq4Jj23iIplUlNcId1T64lybDZtn0fKyvDohRbJknJCTu1nDQdxKcCbFrZr0vfUzWvuXOtmuUgdZ3c%3D"}],"group":"cf-nel","max_age":604800}', 'nel': '{"success_fraction":0,"report_to":"cf-nel","max_age":604800}', 'x-frame-options': 'SAMEORIGIN', 'referrer-policy': 'same-origin', 'cache-control': 'private, max-age=0, no-store, no-cache, must-revalidate, post-check=0, pre-check=0', 'expires': 'Thu, 01 Jan 1970 00:00:01 GMT', 'server': 'cloudflare', 'cf-ray': 'a18cabd33feb4673-ARN', 'server-timing': 'cfL4;desc="?proto=TCP&rtt=3947&min_rtt=3947&rtt_var=1481&sent=4&recv=6&lost=0&retrans=0&sent_bytes=2825&recv_bytes=835&delivery_rate=732608&cwnd=52&unsent_bytes=0&cid=3be4e10e8f79339c&ts=444&x=0"'} -+-+- b'error code: 502' - goodbye
2026-07-10 04:02:08  WARNING   WS DISCONNECTED  code=None  reason=None  trades=0  pnl=Rs+0.00
[Fri Jul 10 04:02:08 UTC 2026] Runner exited, restarting in 10s...
[Fri Jul 10 04:02:18 UTC 2026] Starting runner...
2026-07-10 04:02:19  INFO      ============================================================
2026-07-10 04:02:19  INFO      STARTUP  date=2026-07-10  pid=295242
2026-07-10 04:02:19  INFO      Strategy: Supertrend atr=14 mult=1.5 | 15-min | LIVE mode
2026-07-10 04:02:19  INFO      Resolving NSE tokens...
2026-07-10 04:02:19  DEBUG     Starting new HTTPS connection (1): piconnect.flattrade.in:443
2026-07-10 04:02:19  DEBUG     https://piconnect.flattrade.in:443 "POST /PiConnectAPI/SearchScrip HTTP/1.1" 200 None
2026-07-10 04:02:19  INFO      Resolved  HFCL             token=21951
2026-07-10 04:02:19  DEBUG     Starting new HTTPS connection (1): piconnect.flattrade.in:443
2026-07-10 04:02:19  DEBUG     https://piconnect.flattrade.in:443 "POST /PiConnectAPI/SearchScrip HTTP/1.1" 200 None
2026-07-10 04:02:19  INFO      Resolved  BANKBARODA       token=4668
2026-07-10 04:02:19  DEBUG     Starting new HTTPS connection (1): piconnect.flattrade.in:443
2026-07-10 04:02:19  DEBUG     https://piconnect.flattrade.in:443 "POST /PiConnectAPI/SearchScrip HTTP/1.1" 200 None
2026-07-10 04:02:19  INFO      Resolved  NMDC             token=15332
2026-07-10 04:02:19  DEBUG     Starting new HTTPS connection (1): piconnect.flattrade.in:443
2026-07-10 04:02:20  DEBUG     https://piconnect.flattrade.in:443 "POST /PiConnectAPI/SearchScrip HTTP/1.1" 200 None
2026-07-10 04:02:20  INFO      Resolved  CESC             token=628
2026-07-10 04:02:20  DEBUG     Starting new HTTPS connection (1): piconnect.flattrade.in:443
2026-07-10 04:02:20  DEBUG     https://piconnect.flattrade.in:443 "POST /PiConnectAPI/SearchScrip HTTP/1.1" 200 None
2026-07-10 04:02:20  INFO      Resolved  ZEEL             token=3812
2026-07-10 04:02:20  DEBUG     Starting new HTTPS connection (1): piconnect.flattrade.in:443
2026-07-10 04:02:20  DEBUG     https://piconnect.flattrade.in:443 "POST /PiConnectAPI/SearchScrip HTTP/1.1" 200 None
2026-07-10 04:02:20  INFO      Resolved  BALRAMCHIN       token=341
2026-07-10 04:02:20  DEBUG     Starting new HTTPS connection (1): piconnect.flattrade.in:443
2026-07-10 04:02:20  DEBUG     https://piconnect.flattrade.in:443 "POST /PiConnectAPI/SearchScrip HTTP/1.1" 200 None
2026-07-10 04:02:20  INFO      Resolved  GRANULES         token=11872
2026-07-10 04:02:20  DEBUG     Starting new HTTPS connection (1): piconnect.flattrade.in:443
2026-07-10 04:02:20  DEBUG     https://piconnect.flattrade.in:443 "POST /PiConnectAPI/SearchScrip HTTP/1.1" 200 None
2026-07-10 04:02:20  INFO      Resolved  SUZLON           token=12018
2026-07-10 04:02:20  DEBUG     Starting new HTTPS connection (1): piconnect.flattrade.in:443
2026-07-10 04:02:21  DEBUG     https://piconnect.flattrade.in:443 "POST /PiConnectAPI/PositionBook HTTP/1.1" 200 None
2026-07-10 04:02:21  DEBUG     Starting new HTTPS connection (1): piconnect.flattrade.in:443
2026-07-10 04:02:21  DEBUG     https://piconnect.flattrade.in:443 "POST /PiConnectAPI/Limits HTTP/1.1" 200 None
2026-07-10 04:02:21  INFO      *** LIVE MODE  cash=Rs0  4x=Rs0  K=4  per_trade=Rs1000 ***
2026-07-10 04:02:21  INFO      8 stocks | Rs1000/trade | K=4 | EOD 15:00 IST
2026-07-10 04:02:21  INFO      ============================================================
2026-07-10 04:02:21  INFO      Websocket connected
2026-07-10 04:02:21  INFO      WS CONNECTED  subscribed=8 instruments
2026-07-10 04:02:21  INFO      Ticks -> data/2026-07-10/ticks.jsonl
2026-07-10 04:03:21  DEBUG     Sending ping
2026-07-10 04:03:51  DEBUG     Sending ping
2026-07-10 04:04:21  DEBUG     Sending ping
2026-07-10 04:04:51  DEBUG     Sending ping
2026-07-10 04:05:21  DEBUG     Sending ping
2026-07-10 04:05:51  DEBUG     Sending ping
2026-07-10 04:06:07  ERROR     WS ERROR  Connection to remote host was lost.
2026-07-10 04:06:07  ERROR     Connection to remote host was lost. - goodbye
2026-07-10 04:06:07  WARNING   WS DISCONNECTED  code=None  reason=None  trades=0  pnl=Rs+0.00
[Fri Jul 10 04:06:07 UTC 2026] Runner exited, restarting in 10s...
[Fri Jul 10 04:06:17 UTC 2026] Starting runner...
2026-07-10 04:06:17  INFO      ============================================================
2026-07-10 04:06:17  INFO      STARTUP  date=2026-07-10  pid=295352
2026-07-10 04:06:17  INFO      Strategy: Supertrend atr=14 mult=1.5 | 15-min | LIVE mode
2026-07-10 04:06:17  INFO      Resolving NSE tokens...
2026-07-10 04:06:17  DEBUG     Starting new HTTPS connection (1): piconnect.flattrade.in:443
2026-07-10 04:06:18  DEBUG     https://piconnect.flattrade.in:443 "POST /PiConnectAPI/SearchScrip HTTP/1.1" 200 None
2026-07-10 04:06:18  INFO      Resolved  HFCL             token=21951
2026-07-10 04:06:18  DEBUG     Starting new HTTPS connection (1): piconnect.flattrade.in:443
2026-07-10 04:06:18  DEBUG     https://piconnect.flattrade.in:443 "POST /PiConnectAPI/SearchScrip HTTP/1.1" 200 None
2026-07-10 04:06:18  INFO      Resolved  BANKBARODA       token=4668
2026-07-10 04:06:18  DEBUG     Starting new HTTPS connection (1): piconnect.flattrade.in:443
2026-07-10 04:06:18  DEBUG     https://piconnect.flattrade.in:443 "POST /PiConnectAPI/SearchScrip HTTP/1.1" 200 None
2026-07-10 04:06:18  INFO      Resolved  NMDC             token=15332
2026-07-10 04:06:18  DEBUG     Starting new HTTPS connection (1): piconnect.flattrade.in:443
2026-07-10 04:06:18  DEBUG     https://piconnect.flattrade.in:443 "POST /PiConnectAPI/SearchScrip HTTP/1.1" 200 None
2026-07-10 04:06:18  INFO      Resolved  CESC             token=628
2026-07-10 04:06:18  DEBUG     Starting new HTTPS connection (1): piconnect.flattrade.in:443
2026-07-10 04:06:18  DEBUG     https://piconnect.flattrade.in:443 "POST /PiConnectAPI/SearchScrip HTTP/1.1" 200 None
2026-07-10 04:06:18  INFO      Resolved  ZEEL             token=3812
2026-07-10 04:06:18  DEBUG     Starting new HTTPS connection (1): piconnect.flattrade.in:443
2026-07-10 04:06:19  DEBUG     https://piconnect.flattrade.in:443 "POST /PiConnectAPI/SearchScrip HTTP/1.1" 200 None
2026-07-10 04:06:19  INFO      Resolved  BALRAMCHIN       token=341
2026-07-10 04:06:19  DEBUG     Starting new HTTPS connection (1): piconnect.flattrade.in:443
2026-07-10 04:06:19  DEBUG     https://piconnect.flattrade.in:443 "POST /PiConnectAPI/SearchScrip HTTP/1.1" 200 None
2026-07-10 04:06:19  INFO      Resolved  GRANULES         token=11872
2026-07-10 04:06:19  DEBUG     Starting new HTTPS connection (1): piconnect.flattrade.in:443
2026-07-10 04:06:19  DEBUG     https://piconnect.flattrade.in:443 "POST /PiConnectAPI/SearchScrip HTTP/1.1" 200 None
2026-07-10 04:06:19  INFO      Resolved  SUZLON           token=12018
2026-07-10 04:06:19  DEBUG     Starting new HTTPS connection (1): piconnect.flattrade.in:443
2026-07-10 04:06:19  DEBUG     https://piconnect.flattrade.in:443 "POST /PiConnectAPI/PositionBook HTTP/1.1" 200 None
2026-07-10 04:06:19  DEBUG     Starting new HTTPS connection (1): piconnect.flattrade.in:443
2026-07-10 04:06:19  DEBUG     https://piconnect.flattrade.in:443 "POST /PiConnectAPI/Limits HTTP/1.1" 200 None
2026-07-10 04:06:19  INFO      *** LIVE MODE  cash=Rs0  4x=Rs0  K=4  per_trade=Rs1000 ***
2026-07-10 04:06:19  INFO      8 stocks | Rs1000/trade | K=4 | EOD 15:00 IST
2026-07-10 04:06:19  INFO      ============================================================
2026-07-10 04:06:20  ERROR     WS ERROR  Handshake status 502 Bad Gateway -+-+- {'date': 'Fri, 10 Jul 2026 04:06:20 GMT', 'content-type': 'text/plain; charset=UTF-8', 'content-length': '15', 'connection': 'keep-alive', 'report-to': '{"endpoints":[{"url":"https:\\/\\/a.nel.cloudflare.com\\/report\\/v4?s=2jEeURyb9v0oXxlSFRIm1f9trUJdCxbElptsieKUMRLk1oLxLbmrgpdXww3KtqwE4fWj6%2BivwqtDDkcy3Oa50MswEWRa%2FQOEplHFfRXCmaJGDWC8SnBCNhhDiv5sq7l2KFGTDEcDP5E%3D"}],"group":"cf-nel","max_age":604800}', 'nel': '{"success_fraction":0,"report_to":"cf-nel","max_age":604800}', 'x-frame-options': 'SAMEORIGIN', 'referrer-policy': 'same-origin', 'cache-control': 'private, max-age=0, no-store, no-cache, must-revalidate, post-check=0, pre-check=0', 'expires': 'Thu, 01 Jan 1970 00:00:01 GMT', 'server': 'cloudflare', 'cf-ray': 'a18cb1f6bf03eff0-ARN', 'server-timing': 'cfL4;desc="?proto=TCP&rtt=2954&min_rtt=2936&rtt_var=1114&sent=4&recv=6&lost=0&retrans=0&sent_bytes=2825&recv_bytes=835&delivery_rate=986376&cwnd=52&unsent_bytes=0&cid=429d2c86f3c23f2c&ts=439&x=0"'} -+-+- b'error code: 502'
2026-07-10 04:06:20  ERROR     Handshake status 502 Bad Gateway -+-+- {'date': 'Fri, 10 Jul 2026 04:06:20 GMT', 'content-type': 'text/plain; charset=UTF-8', 'content-length': '15', 'connection': 'keep-alive', 'report-to': '{"endpoints":[{"url":"https:\\/\\/a.nel.cloudflare.com\\/report\\/v4?s=2jEeURyb9v0oXxlSFRIm1f9trUJdCxbElptsieKUMRLk1oLxLbmrgpdXww3KtqwE4fWj6%2BivwqtDDkcy3Oa50MswEWRa%2FQOEplHFfRXCmaJGDWC8SnBCNhhDiv5sq7l2KFGTDEcDP5E%3D"}],"group":"cf-nel","max_age":604800}', 'nel': '{"success_fraction":0,"report_to":"cf-nel","max_age":604800}', 'x-frame-options': 'SAMEORIGIN', 'referrer-policy': 'same-origin', 'cache-control': 'private, max-age=0, no-store, no-cache, must-revalidate, post-check=0, pre-check=0', 'expires': 'Thu, 01 Jan 1970 00:00:01 GMT', 'server': 'cloudflare', 'cf-ray': 'a18cb1f6bf03eff0-ARN', 'server-timing': 'cfL4;desc="?proto=TCP&rtt=2954&min_rtt=2936&rtt_var=1114&sent=4&recv=6&lost=0&retrans=0&sent_bytes=2825&recv_bytes=835&delivery_rate=986376&cwnd=52&unsent_bytes=0&cid=429d2c86f3c23f2c&ts=439&x=0"'} -+-+- b'error code: 502' - goodbye
2026-07-10 04:06:20  WARNING   WS DISCONNECTED  code=None  reason=None  trades=0  pnl=Rs+0.00
[Fri Jul 10 04:06:20 UTC 2026] Runner exited, restarting in 10s...
[Fri Jul 10 04:06:30 UTC 2026] Starting runner...
2026-07-10 04:06:30  INFO      ============================================================
2026-07-10 04:06:30  INFO      STARTUP  date=2026-07-10  pid=295359
2026-07-10 04:06:30  INFO      Strategy: Supertrend atr=14 mult=1.5 | 15-min | LIVE mode
2026-07-10 04:06:30  INFO      Resolving NSE tokens...
2026-07-10 04:06:30  DEBUG     Starting new HTTPS connection (1): piconnect.flattrade.in:443
2026-07-10 04:06:30  DEBUG     https://piconnect.flattrade.in:443 "POST /PiConnectAPI/SearchScrip HTTP/1.1" 200 None
2026-07-10 04:06:30  INFO      Resolved  HFCL             token=21951
2026-07-10 04:06:30  DEBUG     Starting new HTTPS connection (1): piconnect.flattrade.in:443
2026-07-10 04:06:31  DEBUG     https://piconnect.flattrade.in:443 "POST /PiConnectAPI/SearchScrip HTTP/1.1" 200 None
2026-07-10 04:06:31  INFO      Resolved  BANKBARODA       token=4668
2026-07-10 04:06:31  DEBUG     Starting new HTTPS connection (1): piconnect.flattrade.in:443
2026-07-10 04:06:31  DEBUG     https://piconnect.flattrade.in:443 "POST /PiConnectAPI/SearchScrip HTTP/1.1" 200 None
2026-07-10 04:06:31  INFO      Resolved  NMDC             token=15332
2026-07-10 04:06:31  DEBUG     Starting new HTTPS connection (1): piconnect.flattrade.in:443
2026-07-10 04:06:31  DEBUG     https://piconnect.flattrade.in:443 "POST /PiConnectAPI/SearchScrip HTTP/1.1" 200 None
2026-07-10 04:06:31  INFO      Resolved  CESC             token=628
2026-07-10 04:06:31  DEBUG     Starting new HTTPS connection (1): piconnect.flattrade.in:443
2026-07-10 04:06:31  DEBUG     https://piconnect.flattrade.in:443 "POST /PiConnectAPI/SearchScrip HTTP/1.1" 200 None
2026-07-10 04:06:31  INFO      Resolved  ZEEL             token=3812
2026-07-10 04:06:31  DEBUG     Starting new HTTPS connection (1): piconnect.flattrade.in:443
2026-07-10 04:06:31  DEBUG     https://piconnect.flattrade.in:443 "POST /PiConnectAPI/SearchScrip HTTP/1.1" 200 None
2026-07-10 04:06:31  INFO      Resolved  BALRAMCHIN       token=341
2026-07-10 04:06:31  DEBUG     Starting new HTTPS connection (1): piconnect.flattrade.in:443
2026-07-10 04:06:32  DEBUG     https://piconnect.flattrade.in:443 "POST /PiConnectAPI/SearchScrip HTTP/1.1" 200 None
2026-07-10 04:06:32  INFO      Resolved  GRANULES         token=11872
2026-07-10 04:06:32  DEBUG     Starting new HTTPS connection (1): piconnect.flattrade.in:443
2026-07-10 04:06:32  DEBUG     https://piconnect.flattrade.in:443 "POST /PiConnectAPI/SearchScrip HTTP/1.1" 200 None
2026-07-10 04:06:32  INFO      Resolved  SUZLON           token=12018
2026-07-10 04:06:32  DEBUG     Starting new HTTPS connection (1): piconnect.flattrade.in:443
2026-07-10 04:06:32  DEBUG     https://piconnect.flattrade.in:443 "POST /PiConnectAPI/PositionBook HTTP/1.1" 200 None
2026-07-10 04:06:32  DEBUG     Starting new HTTPS connection (1): piconnect.flattrade.in:443
2026-07-10 04:06:32  DEBUG     https://piconnect.flattrade.in:443 "POST /PiConnectAPI/Limits HTTP/1.1" 200 None
2026-07-10 04:06:32  INFO      *** LIVE MODE  cash=Rs0  4x=Rs0  K=4  per_trade=Rs1000 ***
2026-07-10 04:06:32  INFO      8 stocks | Rs1000/trade | K=4 | EOD 15:00 IST
2026-07-10 04:06:32  INFO      ============================================================
2026-07-10 04:06:33  ERROR     WS ERROR  Handshake status 502 Bad Gateway -+-+- {'date': 'Fri, 10 Jul 2026 04:06:33 GMT', 'content-type': 'text/plain; charset=UTF-8', 'content-length': '15', 'connection': 'keep-alive', 'report-to': '{"endpoints":[{"url":"https:\\/\\/a.nel.cloudflare.com\\/report\\/v4?s=KaW05slmXVEslNwn2nMMrK%2FlFFYjBLk03ZD60V%2B8togGpdLJ%2FwIzc%2BW7IoAEubAfU6cMUcMn94V4QOfDUrQ9GdaPJA79sLO8vCZRV2nmDkW8GQ9gkAyuhJaLgrdk9uXLG2z3EImDoN8%3D"}],"group":"cf-nel","max_age":604800}', 'nel': '{"success_fraction":0,"report_to":"cf-nel","max_age":604800}', 'x-frame-options': 'SAMEORIGIN', 'referrer-policy': 'same-origin', 'cache-control': 'private, max-age=0, no-store, no-cache, must-revalidate, post-check=0, pre-check=0', 'expires': 'Thu, 01 Jan 1970 00:00:01 GMT', 'server': 'cloudflare', 'cf-ray': 'a18cb2462f668bde-ARN', 'server-timing': 'cfL4;desc="?proto=TCP&rtt=3857&min_rtt=3855&rtt_var=1450&sent=4&recv=6&lost=0&retrans=0&sent_bytes=2825&recv_bytes=835&delivery_rate=747547&cwnd=52&unsent_bytes=0&cid=8974e202bee56a23&ts=446&x=0"'} -+-+- b'error code: 502'
2026-07-10 04:06:33  ERROR     Handshake status 502 Bad Gateway -+-+- {'date': 'Fri, 10 Jul 2026 04:06:33 GMT', 'content-type': 'text/plain; charset=UTF-8', 'content-length': '15', 'connection': 'keep-alive', 'report-to': '{"endpoints":[{"url":"https:\\/\\/a.nel.cloudflare.com\\/report\\/v4?s=KaW05slmXVEslNwn2nMMrK%2FlFFYjBLk03ZD60V%2B8togGpdLJ%2FwIzc%2BW7IoAEubAfU6cMUcMn94V4QOfDUrQ9GdaPJA79sLO8vCZRV2nmDkW8GQ9gkAyuhJaLgrdk9uXLG2z3EImDoN8%3D"}],"group":"cf-nel","max_age":604800}', 'nel': '{"success_fraction":0,"report_to":"cf-nel","max_age":604800}', 'x-frame-options': 'SAMEORIGIN', 'referrer-policy': 'same-origin', 'cache-control': 'private, max-age=0, no-store, no-cache, must-revalidate, post-check=0, pre-check=0', 'expires': 'Thu, 01 Jan 1970 00:00:01 GMT', 'server': 'cloudflare', 'cf-ray': 'a18cb2462f668bde-ARN', 'server-timing': 'cfL4;desc="?proto=TCP&rtt=3857&min_rtt=3855&rtt_var=1450&sent=4&recv=6&lost=0&retrans=0&sent_bytes=2825&recv_bytes=835&delivery_rate=747547&cwnd=52&unsent_bytes=0&cid=8974e202bee56a23&ts=446&x=0"'} -+-+- b'error code: 502' - goodbye
2026-07-10 04:06:33  WARNING   WS DISCONNECTED  code=None  reason=None  trades=0  pnl=Rs+0.00
[Fri Jul 10 04:06:33 UTC 2026] Runner exited, restarting in 10s...
[Fri Jul 10 04:06:43 UTC 2026] Starting runner...
2026-07-10 04:06:43  INFO      ============================================================
2026-07-10 04:06:43  INFO      STARTUP  date=2026-07-10  pid=295366
2026-07-10 04:06:43  INFO      Strategy: Supertrend atr=14 mult=1.5 | 15-min | LIVE mode
2026-07-10 04:06:43  INFO      Resolving NSE tokens...
2026-07-10 04:06:43  DEBUG     Starting new HTTPS connection (1): piconnect.flattrade.in:443
2026-07-10 04:06:43  DEBUG     https://piconnect.flattrade.in:443 "POST /PiConnectAPI/SearchScrip HTTP/1.1" 200 None
2026-07-10 04:06:43  INFO      Resolved  HFCL             token=21951
2026-07-10 04:06:43  DEBUG     Starting new HTTPS connection (1): piconnect.flattrade.in:443
2026-07-10 04:06:43  DEBUG     https://piconnect.flattrade.in:443 "POST /PiConnectAPI/SearchScrip HTTP/1.1" 200 None
2026-07-10 04:06:43  INFO      Resolved  BANKBARODA       token=4668
2026-07-10 04:06:43  DEBUG     Starting new HTTPS connection (1): piconnect.flattrade.in:443
2026-07-10 04:06:43  DEBUG     https://piconnect.flattrade.in:443 "POST /PiConnectAPI/SearchScrip HTTP/1.1" 200 None
2026-07-10 04:06:43  INFO      Resolved  NMDC             token=15332
2026-07-10 04:06:43  DEBUG     Starting new HTTPS connection (1): piconnect.flattrade.in:443
2026-07-10 04:06:44  DEBUG     https://piconnect.flattrade.in:443 "POST /PiConnectAPI/SearchScrip HTTP/1.1" 200 None
2026-07-10 04:06:44  INFO      Resolved  CESC             token=628
2026-07-10 04:06:44  DEBUG     Starting new HTTPS connection (1): piconnect.flattrade.in:443
2026-07-10 04:06:44  DEBUG     https://piconnect.flattrade.in:443 "POST /PiConnectAPI/SearchScrip HTTP/1.1" 200 None
2026-07-10 04:06:44  INFO      Resolved  ZEEL             token=3812
2026-07-10 04:06:44  DEBUG     Starting new HTTPS connection (1): piconnect.flattrade.in:443
2026-07-10 04:06:44  DEBUG     https://piconnect.flattrade.in:443 "POST /PiConnectAPI/SearchScrip HTTP/1.1" 200 None
2026-07-10 04:06:44  INFO      Resolved  BALRAMCHIN       token=341
2026-07-10 04:06:44  DEBUG     Starting new HTTPS connection (1): piconnect.flattrade.in:443
2026-07-10 04:06:44  DEBUG     https://piconnect.flattrade.in:443 "POST /PiConnectAPI/SearchScrip HTTP/1.1" 200 None
2026-07-10 04:06:44  INFO      Resolved  GRANULES         token=11872
2026-07-10 04:06:44  DEBUG     Starting new HTTPS connection (1): piconnect.flattrade.in:443
2026-07-10 04:06:45  DEBUG     https://piconnect.flattrade.in:443 "POST /PiConnectAPI/SearchScrip HTTP/1.1" 200 None
2026-07-10 04:06:45  INFO      Resolved  SUZLON           token=12018
2026-07-10 04:06:45  DEBUG     Starting new HTTPS connection (1): piconnect.flattrade.in:443
2026-07-10 04:06:45  DEBUG     https://piconnect.flattrade.in:443 "POST /PiConnectAPI/PositionBook HTTP/1.1" 200 None
2026-07-10 04:06:45  DEBUG     Starting new HTTPS connection (1): piconnect.flattrade.in:443
2026-07-10 04:06:45  DEBUG     https://piconnect.flattrade.in:443 "POST /PiConnectAPI/Limits HTTP/1.1" 200 None
2026-07-10 04:06:45  INFO      *** LIVE MODE  cash=Rs0  4x=Rs0  K=4  per_trade=Rs1000 ***
2026-07-10 04:06:45  INFO      8 stocks | Rs1000/trade | K=4 | EOD 15:00 IST
2026-07-10 04:06:45  INFO      ============================================================
2026-07-10 04:06:45  ERROR     WS ERROR  Handshake status 502 Bad Gateway -+-+- {'date': 'Fri, 10 Jul 2026 04:06:45 GMT', 'content-type': 'text/plain; charset=UTF-8', 'content-length': '15', 'connection': 'keep-alive', 'report-to': '{"endpoints":[{"url":"https:\\/\\/a.nel.cloudflare.com\\/report\\/v4?s=e%2FLXc6iHg59lFXuKZVElKBgDJc4MyiKvhhI4TDLjQpNyv4qGWQ77dqN6tf3KwAumOCNSrOKXsgzRp1AyEBC0tsYS0MtDIlXs1p66s5htxkhybwTmkOW%2Bl99JRVO6v0TgQo8UhNyfp2g%3D"}],"group":"cf-nel","max_age":604800}', 'nel': '{"success_fraction":0,"report_to":"cf-nel","max_age":604800}', 'x-frame-options': 'SAMEORIGIN', 'referrer-policy': 'same-origin', 'cache-control': 'private, max-age=0, no-store, no-cache, must-revalidate, post-check=0, pre-check=0', 'expires': 'Thu, 01 Jan 1970 00:00:01 GMT', 'server': 'cloudflare', 'cf-ray': 'a18cb29589b11f50-ARN', 'server-timing': 'cfL4;desc="?proto=TCP&rtt=2940&min_rtt=2905&rtt_var=1114&sent=4&recv=6&lost=0&retrans=0&sent_bytes=2823&recv_bytes=835&delivery_rate=996901&cwnd=52&unsent_bytes=0&cid=d91efeb7b4982881&ts=438&x=0"'} -+-+- b'error code: 502'
2026-07-10 04:06:45  ERROR     Handshake status 502 Bad Gateway -+-+- {'date': 'Fri, 10 Jul 2026 04:06:45 GMT', 'content-type': 'text/plain; charset=UTF-8', 'content-length': '15', 'connection': 'keep-alive', 'report-to': '{"endpoints":[{"url":"https:\\/\\/a.nel.cloudflare.com\\/report\\/v4?s=e%2FLXc6iHg59lFXuKZVElKBgDJc4MyiKvhhI4TDLjQpNyv4qGWQ77dqN6tf3KwAumOCNSrOKXsgzRp1AyEBC0tsYS0MtDIlXs1p66s5htxkhybwTmkOW%2Bl99JRVO6v0TgQo8UhNyfp2g%3D"}],"group":"cf-nel","max_age":604800}', 'nel': '{"success_fraction":0,"report_to":"cf-nel","max_age":604800}', 'x-frame-options': 'SAMEORIGIN', 'referrer-policy': 'same-origin', 'cache-control': 'private, max-age=0, no-store, no-cache, must-revalidate, post-check=0, pre-check=0', 'expires': 'Thu, 01 Jan 1970 00:00:01 GMT', 'server': 'cloudflare', 'cf-ray': 'a18cb29589b11f50-ARN', 'server-timing': 'cfL4;desc="?proto=TCP&rtt=2940&min_rtt=2905&rtt_var=1114&sent=4&recv=6&lost=0&retrans=0&sent_bytes=2823&recv_bytes=835&delivery_rate=996901&cwnd=52&unsent_bytes=0&cid=d91efeb7b4982881&ts=438&x=0"'} -+-+- b'error code: 502' - goodbye
2026-07-10 04:06:45  WARNING   WS DISCONNECTED  code=None  reason=None  trades=0  pnl=Rs+0.00
[Fri Jul 10 04:06:45 UTC 2026] Runner exited, restarting in 10s...
[Fri Jul 10 04:06:55 UTC 2026] Starting runner...
2026-07-10 04:06:55  INFO      ============================================================
2026-07-10 04:06:55  INFO      STARTUP  date=2026-07-10  pid=295374
2026-07-10 04:06:55  INFO      Strategy: Supertrend atr=14 mult=1.5 | 15-min | LIVE mode
2026-07-10 04:06:55  INFO      Resolving NSE tokens...
2026-07-10 04:06:55  DEBUG     Starting new HTTPS connection (1): piconnect.flattrade.in:443
2026-07-10 04:06:56  DEBUG     https://piconnect.flattrade.in:443 "POST /PiConnectAPI/SearchScrip HTTP/1.1" 200 None
2026-07-10 04:06:56  INFO      Resolved  HFCL             token=21951
2026-07-10 04:06:56  DEBUG     Starting new HTTPS connection (1): piconnect.flattrade.in:443
2026-07-10 04:06:56  DEBUG     https://piconnect.flattrade.in:443 "POST /PiConnectAPI/SearchScrip HTTP/1.1" 200 None
2026-07-10 04:06:56  INFO      Resolved  BANKBARODA       token=4668
2026-07-10 04:06:56  DEBUG     Starting new HTTPS connection (1): piconnect.flattrade.in:443
2026-07-10 04:06:56  DEBUG     https://piconnect.flattrade.in:443 "POST /PiConnectAPI/SearchScrip HTTP/1.1" 200 None
2026-07-10 04:06:56  INFO      Resolved  NMDC             token=15332
2026-07-10 04:06:56  DEBUG     Starting new HTTPS connection (1): piconnect.flattrade.in:443
2026-07-10 04:06:56  DEBUG     https://piconnect.flattrade.in:443 "POST /PiConnectAPI/SearchScrip HTTP/1.1" 200 None
2026-07-10 04:06:56  INFO      Resolved  CESC             token=628
2026-07-10 04:06:56  DEBUG     Starting new HTTPS connection (1): piconnect.flattrade.in:443
2026-07-10 04:06:57  DEBUG     https://piconnect.flattrade.in:443 "POST /PiConnectAPI/SearchScrip HTTP/1.1" 200 None
2026-07-10 04:06:57  INFO      Resolved  ZEEL             token=3812
2026-07-10 04:06:57  DEBUG     Starting new HTTPS connection (1): piconnect.flattrade.in:443
2026-07-10 04:06:57  DEBUG     https://piconnect.flattrade.in:443 "POST /PiConnectAPI/SearchScrip HTTP/1.1" 200 None
2026-07-10 04:06:57  INFO      Resolved  BALRAMCHIN       token=341
2026-07-10 04:06:57  DEBUG     Starting new HTTPS connection (1): piconnect.flattrade.in:443
2026-07-10 04:06:57  DEBUG     https://piconnect.flattrade.in:443 "POST /PiConnectAPI/SearchScrip HTTP/1.1" 200 None
2026-07-10 04:06:57  INFO      Resolved  GRANULES         token=11872
2026-07-10 04:06:57  DEBUG     Starting new HTTPS connection (1): piconnect.flattrade.in:443
2026-07-10 04:06:57  DEBUG     https://piconnect.flattrade.in:443 "POST /PiConnectAPI/SearchScrip HTTP/1.1" 200 None
2026-07-10 04:06:57  INFO      Resolved  SUZLON           token=12018
2026-07-10 04:06:57  DEBUG     Starting new HTTPS connection (1): piconnect.flattrade.in:443
2026-07-10 04:06:57  DEBUG     https://piconnect.flattrade.in:443 "POST /PiConnectAPI/PositionBook HTTP/1.1" 200 None
2026-07-10 04:06:57  DEBUG     Starting new HTTPS connection (1): piconnect.flattrade.in:443
2026-07-10 04:06:58  DEBUG     https://piconnect.flattrade.in:443 "POST /PiConnectAPI/Limits HTTP/1.1" 200 None
2026-07-10 04:06:58  INFO      *** LIVE MODE  cash=Rs0  4x=Rs0  K=4  per_trade=Rs1000 ***
2026-07-10 04:06:58  INFO      8 stocks | Rs1000/trade | K=4 | EOD 15:00 IST
2026-07-10 04:06:58  INFO      ============================================================
2026-07-10 04:06:58  ERROR     WS ERROR  Handshake status 502 Bad Gateway -+-+- {'date': 'Fri, 10 Jul 2026 04:06:58 GMT', 'content-type': 'text/plain; charset=UTF-8', 'content-length': '15', 'connection': 'keep-alive', 'report-to': '{"endpoints":[{"url":"https:\\/\\/a.nel.cloudflare.com\\/report\\/v4?s=UTsXHbrk1qxwjZi%2B58IzhNO7HGykB9TAGMx9LhTHQxN8BGFUnHQ8evTVl8ZKwUxgDuPsmfQp2LIoAnra51E8o%2FAgPtLhKn%2BQzQW6xcdwhwG%2BpO6jdHB0uYnwEZ7o0mUQNNVkld5vqzQ%3D"}],"group":"cf-nel","max_age":604800}', 'nel': '{"success_fraction":0,"report_to":"cf-nel","max_age":604800}', 'x-frame-options': 'SAMEORIGIN', 'referrer-policy': 'same-origin', 'cache-control': 'private, max-age=0, no-store, no-cache, must-revalidate, post-check=0, pre-check=0', 'expires': 'Thu, 01 Jan 1970 00:00:01 GMT', 'server': 'cloudflare', 'cf-ray': 'a18cb2e4fcf39a3e-ARN', 'server-timing': 'cfL4;desc="?proto=TCP&rtt=2912&min_rtt=2876&rtt_var=1104&sent=4&recv=6&lost=0&retrans=0&sent_bytes=2825&recv_bytes=835&delivery_rate=1006954&cwnd=52&unsent_bytes=0&cid=4de67beedad76141&ts=452&x=0"'} -+-+- b'error code: 502'
2026-07-10 04:06:58  ERROR     Handshake status 502 Bad Gateway -+-+- {'date': 'Fri, 10 Jul 2026 04:06:58 GMT', 'content-type': 'text/plain; charset=UTF-8', 'content-length': '15', 'connection': 'keep-alive', 'report-to': '{"endpoints":[{"url":"https:\\/\\/a.nel.cloudflare.com\\/report\\/v4?s=UTsXHbrk1qxwjZi%2B58IzhNO7HGykB9TAGMx9LhTHQxN8BGFUnHQ8evTVl8ZKwUxgDuPsmfQp2LIoAnra51E8o%2FAgPtLhKn%2BQzQW6xcdwhwG%2BpO6jdHB0uYnwEZ7o0mUQNNVkld5vqzQ%3D"}],"group":"cf-nel","max_age":604800}', 'nel': '{"success_fraction":0,"report_to":"cf-nel","max_age":604800}', 'x-frame-options': 'SAMEORIGIN', 'referrer-policy': 'same-origin', 'cache-control': 'private, max-age=0, no-store, no-cache, must-revalidate, post-check=0, pre-check=0', 'expires': 'Thu, 01 Jan 1970 00:00:01 GMT', 'server': 'cloudflare', 'cf-ray': 'a18cb2e4fcf39a3e-ARN', 'server-timing': 'cfL4;desc="?proto=TCP&rtt=2912&min_rtt=2876&rtt_var=1104&sent=4&recv=6&lost=0&retrans=0&sent_bytes=2825&recv_bytes=835&delivery_rate=1006954&cwnd=52&unsent_bytes=0&cid=4de67beedad76141&ts=452&x=0"'} -+-+- b'error code: 502' - goodbye
2026-07-10 04:06:58  WARNING   WS DISCONNECTED  code=None  reason=None  trades=0  pnl=Rs+0.00
[Fri Jul 10 04:06:58 UTC 2026] Runner exited, restarting in 10s...
[Fri Jul 10 04:07:08 UTC 2026] Starting runner...
2026-07-10 04:07:08  INFO      ============================================================
2026-07-10 04:07:08  INFO      STARTUP  date=2026-07-10  pid=295381
2026-07-10 04:07:08  INFO      Strategy: Supertrend atr=14 mult=1.5 | 15-min | LIVE mode
2026-07-10 04:07:08  INFO      Resolving NSE tokens...
2026-07-10 04:07:08  DEBUG     Starting new HTTPS connection (1): piconnect.flattrade.in:443
2026-07-10 04:07:08  DEBUG     https://piconnect.flattrade.in:443 "POST /PiConnectAPI/SearchScrip HTTP/1.1" 200 None
2026-07-10 04:07:08  INFO      Resolved  HFCL             token=21951
2026-07-10 04:07:08  DEBUG     Starting new HTTPS connection (1): piconnect.flattrade.in:443
2026-07-10 04:07:09  DEBUG     https://piconnect.flattrade.in:443 "POST /PiConnectAPI/SearchScrip HTTP/1.1" 200 None
2026-07-10 04:07:09  INFO      Resolved  BANKBARODA       token=4668
2026-07-10 04:07:09  DEBUG     Starting new HTTPS connection (1): piconnect.flattrade.in:443
2026-07-10 04:07:09  DEBUG     https://piconnect.flattrade.in:443 "POST /PiConnectAPI/SearchScrip HTTP/1.1" 200 None
2026-07-10 04:07:09  INFO      Resolved  NMDC             token=15332
2026-07-10 04:07:09  DEBUG     Starting new HTTPS connection (1): piconnect.flattrade.in:443
2026-07-10 04:07:09  DEBUG     https://piconnect.flattrade.in:443 "POST /PiConnectAPI/SearchScrip HTTP/1.1" 200 None
2026-07-10 04:07:09  INFO      Resolved  CESC             token=628
2026-07-10 04:07:09  DEBUG     Starting new HTTPS connection (1): piconnect.flattrade.in:443
2026-07-10 04:07:09  DEBUG     https://piconnect.flattrade.in:443 "POST /PiConnectAPI/SearchScrip HTTP/1.1" 200 None
2026-07-10 04:07:09  INFO      Resolved  ZEEL             token=3812
2026-07-10 04:07:09  DEBUG     Starting new HTTPS connection (1): piconnect.flattrade.in:443
2026-07-10 04:07:09  DEBUG     https://piconnect.flattrade.in:443 "POST /PiConnectAPI/SearchScrip HTTP/1.1" 200 None
2026-07-10 04:07:09  INFO      Resolved  BALRAMCHIN       token=341
2026-07-10 04:07:09  DEBUG     Starting new HTTPS connection (1): piconnect.flattrade.in:443
2026-07-10 04:07:10  DEBUG     https://piconnect.flattrade.in:443 "POST /PiConnectAPI/SearchScrip HTTP/1.1" 200 None
2026-07-10 04:07:10  INFO      Resolved  GRANULES         token=11872
2026-07-10 04:07:10  DEBUG     Starting new HTTPS connection (1): piconnect.flattrade.in:443
2026-07-10 04:07:10  DEBUG     https://piconnect.flattrade.in:443 "POST /PiConnectAPI/SearchScrip HTTP/1.1" 200 None
2026-07-10 04:07:10  INFO      Resolved  SUZLON           token=12018
2026-07-10 04:07:10  DEBUG     Starting new HTTPS connection (1): piconnect.flattrade.in:443
2026-07-10 04:07:10  DEBUG     https://piconnect.flattrade.in:443 "POST /PiConnectAPI/PositionBook HTTP/1.1" 200 None
2026-07-10 04:07:10  DEBUG     Starting new HTTPS connection (1): piconnect.flattrade.in:443
2026-07-10 04:07:10  DEBUG     https://piconnect.flattrade.in:443 "POST /PiConnectAPI/Limits HTTP/1.1" 200 None
2026-07-10 04:07:10  INFO      *** LIVE MODE  cash=Rs0  4x=Rs0  K=4  per_trade=Rs1000 ***
2026-07-10 04:07:10  INFO      8 stocks | Rs1000/trade | K=4 | EOD 15:00 IST
2026-07-10 04:07:10  INFO      ============================================================
2026-07-10 04:07:11  INFO      Websocket connected
2026-07-10 04:07:11  INFO      WS CONNECTED  subscribed=8 instruments
2026-07-10 04:07:11  INFO      Ticks -> data/2026-07-10/ticks.jsonl
2026-07-10 04:08:11  DEBUG     Sending ping
2026-07-10 04:08:41  DEBUG     Sending ping
2026-07-10 04:09:11  DEBUG     Sending ping
2026-07-10 04:09:41  DEBUG     Sending ping
2026-07-10 04:10:11  DEBUG     Sending ping
2026-07-10 04:10:41  DEBUG     Sending ping
2026-07-10 04:11:11  DEBUG     Sending ping
2026-07-10 04:11:41  DEBUG     Sending ping
2026-07-10 04:11:59  ERROR     WS ERROR  Connection to remote host was lost.
2026-07-10 04:11:59  ERROR     Connection to remote host was lost. - goodbye
2026-07-10 04:11:59  WARNING   WS DISCONNECTED  code=None  reason=None  trades=0  pnl=Rs+0.00
[Fri Jul 10 04:11:59 UTC 2026] Runner exited, restarting in 10s...
[Fri Jul 10 04:12:09 UTC 2026] Starting runner...
2026-07-10 04:12:09  INFO      ============================================================
2026-07-10 04:12:09  INFO      STARTUP  date=2026-07-10  pid=295541
2026-07-10 04:12:09  INFO      Strategy: Supertrend atr=14 mult=1.5 | 15-min | LIVE mode
2026-07-10 04:12:09  INFO      Resolving NSE tokens...
2026-07-10 04:12:09  DEBUG     Starting new HTTPS connection (1): piconnect.flattrade.in:443
2026-07-10 04:12:09  DEBUG     https://piconnect.flattrade.in:443 "POST /PiConnectAPI/SearchScrip HTTP/1.1" 200 None
2026-07-10 04:12:09  INFO      Resolved  HFCL             token=21951
2026-07-10 04:12:09  DEBUG     Starting new HTTPS connection (1): piconnect.flattrade.in:443
2026-07-10 04:12:10  DEBUG     https://piconnect.flattrade.in:443 "POST /PiConnectAPI/SearchScrip HTTP/1.1" 200 None
2026-07-10 04:12:10  INFO      Resolved  BANKBARODA       token=4668
2026-07-10 04:12:10  DEBUG     Starting new HTTPS connection (1): piconnect.flattrade.in:443
2026-07-10 04:12:10  DEBUG     https://piconnect.flattrade.in:443 "POST /PiConnectAPI/SearchScrip HTTP/1.1" 200 None
2026-07-10 04:12:10  INFO      Resolved  NMDC             token=15332
2026-07-10 04:12:10  DEBUG     Starting new HTTPS connection (1): piconnect.flattrade.in:443
2026-07-10 04:12:10  DEBUG     https://piconnect.flattrade.in:443 "POST /PiConnectAPI/SearchScrip HTTP/1.1" 200 None
2026-07-10 04:12:10  INFO      Resolved  CESC             token=628
2026-07-10 04:12:10  DEBUG     Starting new HTTPS connection (1): piconnect.flattrade.in:443
2026-07-10 04:12:10  DEBUG     https://piconnect.flattrade.in:443 "POST /PiConnectAPI/SearchScrip HTTP/1.1" 200 None
2026-07-10 04:12:10  INFO      Resolved  ZEEL             token=3812
2026-07-10 04:12:10  DEBUG     Starting new HTTPS connection (1): piconnect.flattrade.in:443
2026-07-10 04:12:10  DEBUG     https://piconnect.flattrade.in:443 "POST /PiConnectAPI/SearchScrip HTTP/1.1" 200 None
2026-07-10 04:12:10  INFO      Resolved  BALRAMCHIN       token=341
2026-07-10 04:12:10  DEBUG     Starting new HTTPS connection (1): piconnect.flattrade.in:443
2026-07-10 04:12:11  DEBUG     https://piconnect.flattrade.in:443 "POST /PiConnectAPI/SearchScrip HTTP/1.1" 200 None
2026-07-10 04:12:11  INFO      Resolved  GRANULES         token=11872
2026-07-10 04:12:11  DEBUG     Starting new HTTPS connection (1): piconnect.flattrade.in:443
2026-07-10 04:12:11  DEBUG     https://piconnect.flattrade.in:443 "POST /PiConnectAPI/SearchScrip HTTP/1.1" 200 None
2026-07-10 04:12:11  INFO      Resolved  SUZLON           token=12018
2026-07-10 04:12:11  DEBUG     Starting new HTTPS connection (1): piconnect.flattrade.in:443
2026-07-10 04:12:11  DEBUG     https://piconnect.flattrade.in:443 "POST /PiConnectAPI/PositionBook HTTP/1.1" 200 None
2026-07-10 04:12:11  DEBUG     Starting new HTTPS connection (1): piconnect.flattrade.in:443
2026-07-10 04:12:12  DEBUG     https://piconnect.flattrade.in:443 "POST /PiConnectAPI/Limits HTTP/1.1" 200 None
2026-07-10 04:12:12  INFO      *** LIVE MODE  cash=Rs0  4x=Rs0  K=4  per_trade=Rs1000 ***
2026-07-10 04:12:12  INFO      8 stocks | Rs1000/trade | K=4 | EOD 15:00 IST
2026-07-10 04:12:12  INFO      ============================================================
2026-07-10 04:12:12  INFO      Websocket connected
2026-07-10 04:12:12  INFO      WS CONNECTED  subscribed=8 instruments
2026-07-10 04:12:12  INFO      Ticks -> data/2026-07-10/ticks.jsonl
2026-07-10 04:13:12  DEBUG     Sending ping
2026-07-10 04:13:42  DEBUG     Sending ping
2026-07-10 04:14:12  DEBUG     Sending ping
2026-07-10 04:14:42  DEBUG     Sending ping
2026-07-10 04:15:00  DEBUG     CANDLE  ZEEL          O=100.15  H=100.44  L=100.15  C=100.35
2026-07-10 04:15:00  DEBUG     CANDLE  SUZLON        O=54.19  H=54.32  L=54.17  C=54.26
2026-07-10 04:15:01  DEBUG     CANDLE  HFCL          O=217.36  H=217.50  L=217.10  C=217.30
2026-07-10 04:15:01  DEBUG     Starting new HTTPS connection (1): piconnect.flattrade.in:443
2026-07-10 04:15:02  DEBUG     https://piconnect.flattrade.in:443 "POST /PiConnectAPI/Limits HTTP/1.1" 200 None
2026-07-10 04:15:02  ERROR     CNC BUY HFCL skipped — no capital left (committed=Rs0.00)
2026-07-10 04:15:02  DEBUG     CANDLE  NMDC          O=85.48  H=85.48  L=85.22  C=85.24
2026-07-10 04:15:06  DEBUG     CANDLE  CESC          O=165.22  H=165.35  L=165.21  C=165.23
2026-07-10 04:15:06  DEBUG     CANDLE  BALRAMCHIN    O=566.40  H=566.40  L=565.60  C=565.95
2026-07-10 04:15:06  DEBUG     Starting new HTTPS connection (1): piconnect.flattrade.in:443
2026-07-10 04:15:07  DEBUG     https://piconnect.flattrade.in:443 "POST /PiConnectAPI/Holdings HTTP/1.1" 200 2
2026-07-10 04:15:07  ERROR     CNC SELL BALRAMCHIN skipped — no holdings found in demat
2026-07-10 04:15:10  DEBUG     CANDLE  BANKBARODA    O=246.55  H=246.65  L=246.30  C=246.35
2026-07-10 04:15:12  DEBUG     Sending ping
2026-07-10 04:15:16  DEBUG     CANDLE  GRANULES      O=891.30  H=892.00  L=890.35  C=891.20
2026-07-10 04:15:42  DEBUG     Sending ping
2026-07-10 04:16:12  DEBUG     Sending ping
2026-07-10 04:16:42  DEBUG     Sending ping
2026-07-10 04:17:09  ERROR     WS ERROR  Connection to remote host was lost.
2026-07-10 04:17:09  ERROR     Connection to remote host was lost. - goodbye
2026-07-10 04:17:09  WARNING   WS DISCONNECTED  code=None  reason=None  trades=0  pnl=Rs+0.00
[Fri Jul 10 04:17:09 UTC 2026] Runner exited, restarting in 10s...
[Fri Jul 10 04:17:19 UTC 2026] Starting runner...
2026-07-10 04:17:19  INFO      ============================================================
2026-07-10 04:17:19  INFO      STARTUP  date=2026-07-10  pid=295652
2026-07-10 04:17:19  INFO      Strategy: Supertrend atr=14 mult=1.5 | 15-min | LIVE mode
2026-07-10 04:17:19  INFO      Resolving NSE tokens...
2026-07-10 04:17:19  DEBUG     Starting new HTTPS connection (1): piconnect.flattrade.in:443
2026-07-10 04:17:19  DEBUG     https://piconnect.flattrade.in:443 "POST /PiConnectAPI/SearchScrip HTTP/1.1" 200 None
2026-07-10 04:17:19  INFO      Resolved  HFCL             token=21951
2026-07-10 04:17:19  DEBUG     Starting new HTTPS connection (1): piconnect.flattrade.in:443
2026-07-10 04:17:20  DEBUG     https://piconnect.flattrade.in:443 "POST /PiConnectAPI/SearchScrip HTTP/1.1" 200 None
2026-07-10 04:17:20  INFO      Resolved  BANKBARODA       token=4668
2026-07-10 04:17:20  DEBUG     Starting new HTTPS connection (1): piconnect.flattrade.in:443
2026-07-10 04:17:20  DEBUG     https://piconnect.flattrade.in:443 "POST /PiConnectAPI/SearchScrip HTTP/1.1" 200 None
2026-07-10 04:17:20  INFO      Resolved  NMDC             token=15332
2026-07-10 04:17:20  DEBUG     Starting new HTTPS connection (1): piconnect.flattrade.in:443
2026-07-10 04:17:20  DEBUG     https://piconnect.flattrade.in:443 "POST /PiConnectAPI/SearchScrip HTTP/1.1" 200 None
2026-07-10 04:17:20  INFO      Resolved  CESC             token=628
2026-07-10 04:17:20  DEBUG     Starting new HTTPS connection (1): piconnect.flattrade.in:443
2026-07-10 04:17:20  DEBUG     https://piconnect.flattrade.in:443 "POST /PiConnectAPI/SearchScrip HTTP/1.1" 200 None
2026-07-10 04:17:20  INFO      Resolved  ZEEL             token=3812
2026-07-10 04:17:20  DEBUG     Starting new HTTPS connection (1): piconnect.flattrade.in:443
2026-07-10 04:17:20  DEBUG     https://piconnect.flattrade.in:443 "POST /PiConnectAPI/SearchScrip HTTP/1.1" 200 None
2026-07-10 04:17:20  INFO      Resolved  BALRAMCHIN       token=341
2026-07-10 04:17:20  DEBUG     Starting new HTTPS connection (1): piconnect.flattrade.in:443
2026-07-10 04:17:21  DEBUG     https://piconnect.flattrade.in:443 "POST /PiConnectAPI/SearchScrip HTTP/1.1" 200 None
2026-07-10 04:17:21  INFO      Resolved  GRANULES         token=11872
2026-07-10 04:17:21  DEBUG     Starting new HTTPS connection (1): piconnect.flattrade.in:443
2026-07-10 04:17:21  DEBUG     https://piconnect.flattrade.in:443 "POST /PiConnectAPI/SearchScrip HTTP/1.1" 200 None
2026-07-10 04:17:21  INFO      Resolved  SUZLON           token=12018
2026-07-10 04:17:21  DEBUG     Starting new HTTPS connection (1): piconnect.flattrade.in:443
2026-07-10 04:17:21  DEBUG     https://piconnect.flattrade.in:443 "POST /PiConnectAPI/PositionBook HTTP/1.1" 200 None
2026-07-10 04:17:21  DEBUG     Starting new HTTPS connection (1): piconnect.flattrade.in:443
2026-07-10 04:17:21  DEBUG     https://piconnect.flattrade.in:443 "POST /PiConnectAPI/Limits HTTP/1.1" 200 None
2026-07-10 04:17:21  INFO      *** LIVE MODE  cash=Rs0  4x=Rs0  K=4  per_trade=Rs1000 ***
2026-07-10 04:17:21  INFO      8 stocks | Rs1000/trade | K=4 | EOD 15:00 IST
2026-07-10 04:17:21  INFO      ============================================================
2026-07-10 04:17:22  ERROR     WS ERROR  Handshake status 502 Bad Gateway -+-+- {'date': 'Fri, 10 Jul 2026 04:17:22 GMT', 'content-type': 'text/plain; charset=UTF-8', 'content-length': '15', 'connection': 'keep-alive', 'report-to': '{"endpoints":[{"url":"https:\\/\\/a.nel.cloudflare.com\\/report\\/v4?s=hNZbQsFnB179Qgn2LX2Z1KNDbSqi%2BOL0jM6sMdThNfS7jc4L1Q3bQFb951wNVHkJ%2F3fyOS%2BYrxGmxZRaVz%2BLP5lDdQo89oQ7vBJOz272wCw7hXVfl1RiwVjWvcqq3aRLW4Pl1BFfY4k%3D"}],"group":"cf-nel","max_age":604800}', 'nel': '{"success_fraction":0,"report_to":"cf-nel","max_age":604800}', 'x-frame-options': 'SAMEORIGIN', 'referrer-policy': 'same-origin', 'cache-control': 'private, max-age=0, no-store, no-cache, must-revalidate, post-check=0, pre-check=0', 'expires': 'Thu, 01 Jan 1970 00:00:01 GMT', 'server': 'cloudflare', 'cf-ray': 'a18cc21e8a59bc80-ARN', 'server-timing': 'cfL4;desc="?proto=TCP&rtt=2937&min_rtt=2883&rtt_var=1120&sent=4&recv=6&lost=0&retrans=0&sent_bytes=2825&recv_bytes=835&delivery_rate=1004509&cwnd=52&unsent_bytes=0&cid=cf8f974a3ebc5b64&ts=445&x=0"'} -+-+- b'error code: 502'
2026-07-10 04:17:22  ERROR     Handshake status 502 Bad Gateway -+-+- {'date': 'Fri, 10 Jul 2026 04:17:22 GMT', 'content-type': 'text/plain; charset=UTF-8', 'content-length': '15', 'connection': 'keep-alive', 'report-to': '{"endpoints":[{"url":"https:\\/\\/a.nel.cloudflare.com\\/report\\/v4?s=hNZbQsFnB179Qgn2LX2Z1KNDbSqi%2BOL0jM6sMdThNfS7jc4L1Q3bQFb951wNVHkJ%2F3fyOS%2BYrxGmxZRaVz%2BLP5lDdQo89oQ7vBJOz272wCw7hXVfl1RiwVjWvcqq3aRLW4Pl1BFfY4k%3D"}],"group":"cf-nel","max_age":604800}', 'nel': '{"success_fraction":0,"report_to":"cf-nel","max_age":604800}', 'x-frame-options': 'SAMEORIGIN', 'referrer-policy': 'same-origin', 'cache-control': 'private, max-age=0, no-store, no-cache, must-revalidate, post-check=0, pre-check=0', 'expires': 'Thu, 01 Jan 1970 00:00:01 GMT', 'server': 'cloudflare', 'cf-ray': 'a18cc21e8a59bc80-ARN', 'server-timing': 'cfL4;desc="?proto=TCP&rtt=2937&min_rtt=2883&rtt_var=1120&sent=4&recv=6&lost=0&retrans=0&sent_bytes=2825&recv_bytes=835&delivery_rate=1004509&cwnd=52&unsent_bytes=0&cid=cf8f974a3ebc5b64&ts=445&x=0"'} -+-+- b'error code: 502' - goodbye
2026-07-10 04:17:22  WARNING   WS DISCONNECTED  code=None  reason=None  trades=0  pnl=Rs+0.00
[Fri Jul 10 04:17:22 UTC 2026] Runner exited, restarting in 10s...
[Fri Jul 10 04:17:32 UTC 2026] Starting runner...
2026-07-10 04:17:32  INFO      ============================================================
2026-07-10 04:17:32  INFO      STARTUP  date=2026-07-10  pid=295659
2026-07-10 04:17:32  INFO      Strategy: Supertrend atr=14 mult=1.5 | 15-min | LIVE mode
2026-07-10 04:17:32  INFO      Resolving NSE tokens...
2026-07-10 04:17:32  DEBUG     Starting new HTTPS connection (1): piconnect.flattrade.in:443
2026-07-10 04:17:32  DEBUG     https://piconnect.flattrade.in:443 "POST /PiConnectAPI/SearchScrip HTTP/1.1" 200 None
2026-07-10 04:17:32  INFO      Resolved  HFCL             token=21951
2026-07-10 04:17:32  DEBUG     Starting new HTTPS connection (1): piconnect.flattrade.in:443
2026-07-10 04:17:32  DEBUG     https://piconnect.flattrade.in:443 "POST /PiConnectAPI/SearchScrip HTTP/1.1" 200 None
2026-07-10 04:17:32  INFO      Resolved  BANKBARODA       token=4668
2026-07-10 04:17:32  DEBUG     Starting new HTTPS connection (1): piconnect.flattrade.in:443
2026-07-10 04:17:32  DEBUG     https://piconnect.flattrade.in:443 "POST /PiConnectAPI/SearchScrip HTTP/1.1" 200 None
2026-07-10 04:17:32  INFO      Resolved  NMDC             token=15332
2026-07-10 04:17:32  DEBUG     Starting new HTTPS connection (1): piconnect.flattrade.in:443
2026-07-10 04:17:33  DEBUG     https://piconnect.flattrade.in:443 "POST /PiConnectAPI/SearchScrip HTTP/1.1" 200 None
2026-07-10 04:17:33  INFO      Resolved  CESC             token=628
2026-07-10 04:17:33  DEBUG     Starting new HTTPS connection (1): piconnect.flattrade.in:443
2026-07-10 04:17:33  DEBUG     https://piconnect.flattrade.in:443 "POST /PiConnectAPI/SearchScrip HTTP/1.1" 200 None
2026-07-10 04:17:33  INFO      Resolved  ZEEL             token=3812
2026-07-10 04:17:33  DEBUG     Starting new HTTPS connection (1): piconnect.flattrade.in:443
2026-07-10 04:17:33  DEBUG     https://piconnect.flattrade.in:443 "POST /PiConnectAPI/SearchScrip HTTP/1.1" 200 None
2026-07-10 04:17:33  INFO      Resolved  BALRAMCHIN       token=341
2026-07-10 04:17:33  DEBUG     Starting new HTTPS connection (1): piconnect.flattrade.in:443
2026-07-10 04:17:33  DEBUG     https://piconnect.flattrade.in:443 "POST /PiConnectAPI/SearchScrip HTTP/1.1" 200 None
2026-07-10 04:17:33  INFO      Resolved  GRANULES         token=11872
2026-07-10 04:17:33  DEBUG     Starting new HTTPS connection (1): piconnect.flattrade.in:443
2026-07-10 04:17:34  DEBUG     https://piconnect.flattrade.in:443 "POST /PiConnectAPI/SearchScrip HTTP/1.1" 200 None
2026-07-10 04:17:34  INFO      Resolved  SUZLON           token=12018
2026-07-10 04:17:34  DEBUG     Starting new HTTPS connection (1): piconnect.flattrade.in:443
2026-07-10 04:17:34  DEBUG     https://piconnect.flattrade.in:443 "POST /PiConnectAPI/PositionBook HTTP/1.1" 200 None
2026-07-10 04:17:34  DEBUG     Starting new HTTPS connection (1): piconnect.flattrade.in:443
2026-07-10 04:17:34  DEBUG     https://piconnect.flattrade.in:443 "POST /PiConnectAPI/Limits HTTP/1.1" 200 None
2026-07-10 04:17:34  INFO      *** LIVE MODE  cash=Rs0  4x=Rs0  K=4  per_trade=Rs1000 ***
2026-07-10 04:17:34  INFO      8 stocks | Rs1000/trade | K=4 | EOD 15:00 IST
2026-07-10 04:17:34  INFO      ============================================================
2026-07-10 04:17:34  ERROR     WS ERROR  Handshake status 502 Bad Gateway -+-+- {'date': 'Fri, 10 Jul 2026 04:17:34 GMT', 'content-type': 'text/plain; charset=UTF-8', 'content-length': '15', 'connection': 'keep-alive', 'report-to': '{"endpoints":[{"url":"https:\\/\\/a.nel.cloudflare.com\\/report\\/v4?s=SIqTANQ0WmTWWn1FshonFq%2B2RNGczqxaqrP0j%2FWFgf9X53mgcfgau8XIpHReObEa%2FkyxZsvrl9PsQ5bw%2Fcve7HWBW92pKabUhVaUQsB7MiNzrctx%2BjeW292MjG0oSmRtvw3MYqQKyrg%3D"}],"group":"cf-nel","max_age":604800}', 'nel': '{"success_fraction":0,"report_to":"cf-nel","max_age":604800}', 'x-frame-options': 'SAMEORIGIN', 'referrer-policy': 'same-origin', 'cache-control': 'private, max-age=0, no-store, no-cache, must-revalidate, post-check=0, pre-check=0', 'expires': 'Thu, 01 Jan 1970 00:00:01 GMT', 'server': 'cloudflare', 'cf-ray': 'a18cc26ded5abe8f-ARN', 'server-timing': 'cfL4;desc="?proto=TCP&rtt=2930&min_rtt=2928&rtt_var=1102&sent=4&recv=6&lost=0&retrans=0&sent_bytes=2825&recv_bytes=835&delivery_rate=983361&cwnd=52&unsent_bytes=0&cid=f6ade8345169e329&ts=439&x=0"'} -+-+- b'error code: 502'
2026-07-10 04:17:34  ERROR     Handshake status 502 Bad Gateway -+-+- {'date': 'Fri, 10 Jul 2026 04:17:34 GMT', 'content-type': 'text/plain; charset=UTF-8', 'content-length': '15', 'connection': 'keep-alive', 'report-to': '{"endpoints":[{"url":"https:\\/\\/a.nel.cloudflare.com\\/report\\/v4?s=SIqTANQ0WmTWWn1FshonFq%2B2RNGczqxaqrP0j%2FWFgf9X53mgcfgau8XIpHReObEa%2FkyxZsvrl9PsQ5bw%2Fcve7HWBW92pKabUhVaUQsB7MiNzrctx%2BjeW292MjG0oSmRtvw3MYqQKyrg%3D"}],"group":"cf-nel","max_age":604800}', 'nel': '{"success_fraction":0,"report_to":"cf-nel","max_age":604800}', 'x-frame-options': 'SAMEORIGIN', 'referrer-policy': 'same-origin', 'cache-control': 'private, max-age=0, no-store, no-cache, must-revalidate, post-check=0, pre-check=0', 'expires': 'Thu, 01 Jan 1970 00:00:01 GMT', 'server': 'cloudflare', 'cf-ray': 'a18cc26ded5abe8f-ARN', 'server-timing': 'cfL4;desc="?proto=TCP&rtt=2930&min_rtt=2928&rtt_var=1102&sent=4&recv=6&lost=0&retrans=0&sent_bytes=2825&recv_bytes=835&delivery_rate=983361&cwnd=52&unsent_bytes=0&cid=f6ade8345169e329&ts=439&x=0"'} -+-+- b'error code: 502' - goodbye
2026-07-10 04:17:34  WARNING   WS DISCONNECTED  code=None  reason=None  trades=0  pnl=Rs+0.00
[Fri Jul 10 04:17:34 UTC 2026] Runner exited, restarting in 10s...
[Fri Jul 10 04:17:44 UTC 2026] Starting runner...
2026-07-10 04:17:45  INFO      ============================================================
2026-07-10 04:17:45  INFO      STARTUP  date=2026-07-10  pid=295666
2026-07-10 04:17:45  INFO      Strategy: Supertrend atr=14 mult=1.5 | 15-min | LIVE mode
2026-07-10 04:17:45  INFO      Resolving NSE tokens...
2026-07-10 04:17:45  DEBUG     Starting new HTTPS connection (1): piconnect.flattrade.in:443
2026-07-10 04:17:45  DEBUG     https://piconnect.flattrade.in:443 "POST /PiConnectAPI/SearchScrip HTTP/1.1" 200 None
2026-07-10 04:17:45  INFO      Resolved  HFCL             token=21951
2026-07-10 04:17:45  DEBUG     Starting new HTTPS connection (1): piconnect.flattrade.in:443
2026-07-10 04:17:45  DEBUG     https://piconnect.flattrade.in:443 "POST /PiConnectAPI/SearchScrip HTTP/1.1" 200 None
2026-07-10 04:17:45  INFO      Resolved  BANKBARODA       token=4668
2026-07-10 04:17:45  DEBUG     Starting new HTTPS connection (1): piconnect.flattrade.in:443
2026-07-10 04:17:45  DEBUG     https://piconnect.flattrade.in:443 "POST /PiConnectAPI/SearchScrip HTTP/1.1" 200 None
2026-07-10 04:17:45  INFO      Resolved  NMDC             token=15332
2026-07-10 04:17:45  DEBUG     Starting new HTTPS connection (1): piconnect.flattrade.in:443
2026-07-10 04:17:45  DEBUG     https://piconnect.flattrade.in:443 "POST /PiConnectAPI/SearchScrip HTTP/1.1" 200 None
2026-07-10 04:17:45  INFO      Resolved  CESC             token=628
2026-07-10 04:17:45  DEBUG     Starting new HTTPS connection (1): piconnect.flattrade.in:443
2026-07-10 04:17:46  DEBUG     https://piconnect.flattrade.in:443 "POST /PiConnectAPI/SearchScrip HTTP/1.1" 200 None
2026-07-10 04:17:46  INFO      Resolved  ZEEL             token=3812
2026-07-10 04:17:46  DEBUG     Starting new HTTPS connection (1): piconnect.flattrade.in:443
2026-07-10 04:17:46  DEBUG     https://piconnect.flattrade.in:443 "POST /PiConnectAPI/SearchScrip HTTP/1.1" 200 None
2026-07-10 04:17:46  INFO      Resolved  BALRAMCHIN       token=341
2026-07-10 04:17:46  DEBUG     Starting new HTTPS connection (1): piconnect.flattrade.in:443
2026-07-10 04:17:46  DEBUG     https://piconnect.flattrade.in:443 "POST /PiConnectAPI/SearchScrip HTTP/1.1" 200 None
2026-07-10 04:17:46  INFO      Resolved  GRANULES         token=11872
2026-07-10 04:17:46  DEBUG     Starting new HTTPS connection (1): piconnect.flattrade.in:443
2026-07-10 04:17:46  DEBUG     https://piconnect.flattrade.in:443 "POST /PiConnectAPI/SearchScrip HTTP/1.1" 200 None
2026-07-10 04:17:46  INFO      Resolved  SUZLON           token=12018
2026-07-10 04:17:46  DEBUG     Starting new HTTPS connection (1): piconnect.flattrade.in:443
2026-07-10 04:17:46  DEBUG     https://piconnect.flattrade.in:443 "POST /PiConnectAPI/PositionBook HTTP/1.1" 200 None
2026-07-10 04:17:46  DEBUG     Starting new HTTPS connection (1): piconnect.flattrade.in:443
2026-07-10 04:17:47  DEBUG     https://piconnect.flattrade.in:443 "POST /PiConnectAPI/Limits HTTP/1.1" 200 None
2026-07-10 04:17:47  INFO      *** LIVE MODE  cash=Rs0  4x=Rs0  K=4  per_trade=Rs1000 ***
2026-07-10 04:17:47  INFO      8 stocks | Rs1000/trade | K=4 | EOD 15:00 IST
2026-07-10 04:17:47  INFO      ============================================================
2026-07-10 04:17:47  ERROR     WS ERROR  Handshake status 502 Bad Gateway -+-+- {'date': 'Fri, 10 Jul 2026 04:17:47 GMT', 'content-type': 'text/plain; charset=UTF-8', 'content-length': '15', 'connection': 'keep-alive', 'report-to': '{"endpoints":[{"url":"https:\\/\\/a.nel.cloudflare.com\\/report\\/v4?s=QPCqzak4QHv8bMqTBSqCgvD19XsIkGxBMYt953lWs7UypXNhqSylX0MSwSmy%2Bma1LNvF8X8sxoxcrnsf01DkDtMCn%2F5TjuYQ1VxDeYyy1tY5nnv9MHByMj8eTQsCsK4%2Bu3AaLgkE0vs%3D"}],"group":"cf-nel","max_age":604800}', 'nel': '{"success_fraction":0,"report_to":"cf-nel","max_age":604800}', 'x-frame-options': 'SAMEORIGIN', 'referrer-policy': 'same-origin', 'cache-control': 'private, max-age=0, no-store, no-cache, must-revalidate, post-check=0, pre-check=0', 'expires': 'Thu, 01 Jan 1970 00:00:01 GMT', 'server': 'cloudflare', 'cf-ray': 'a18cc2bd591b8b20-ARN', 'server-timing': 'cfL4;desc="?proto=TCP&rtt=3881&min_rtt=3879&rtt_var=1459&sent=4&recv=6&lost=0&retrans=0&sent_bytes=2825&recv_bytes=835&delivery_rate=743135&cwnd=52&unsent_bytes=0&cid=10fac48e99834a80&ts=159&x=0"'} -+-+- b'error code: 502'
2026-07-10 04:17:47  ERROR     Handshake status 502 Bad Gateway -+-+- {'date': 'Fri, 10 Jul 2026 04:17:47 GMT', 'content-type': 'text/plain; charset=UTF-8', 'content-length': '15', 'connection': 'keep-alive', 'report-to': '{"endpoints":[{"url":"https:\\/\\/a.nel.cloudflare.com\\/report\\/v4?s=QPCqzak4QHv8bMqTBSqCgvD19XsIkGxBMYt953lWs7UypXNhqSylX0MSwSmy%2Bma1LNvF8X8sxoxcrnsf01DkDtMCn%2F5TjuYQ1VxDeYyy1tY5nnv9MHByMj8eTQsCsK4%2Bu3AaLgkE0vs%3D"}],"group":"cf-nel","max_age":604800}', 'nel': '{"success_fraction":0,"report_to":"cf-nel","max_age":604800}', 'x-frame-options': 'SAMEORIGIN', 'referrer-policy': 'same-origin', 'cache-control': 'private, max-age=0, no-store, no-cache, must-revalidate, post-check=0, pre-check=0', 'expires': 'Thu, 01 Jan 1970 00:00:01 GMT', 'server': 'cloudflare', 'cf-ray': 'a18cc2bd591b8b20-ARN', 'server-timing': 'cfL4;desc="?proto=TCP&rtt=3881&min_rtt=3879&rtt_var=1459&sent=4&recv=6&lost=0&retrans=0&sent_bytes=2825&recv_bytes=835&delivery_rate=743135&cwnd=52&unsent_bytes=0&cid=10fac48e99834a80&ts=159&x=0"'} -+-+- b'error code: 502' - goodbye
2026-07-10 04:17:47  WARNING   WS DISCONNECTED  code=None  reason=None  trades=0  pnl=Rs+0.00
[Fri Jul 10 04:17:47 UTC 2026] Runner exited, restarting in 10s...
[Fri Jul 10 04:17:57 UTC 2026] Starting runner...
2026-07-10 04:17:57  INFO      ============================================================
2026-07-10 04:17:57  INFO      STARTUP  date=2026-07-10  pid=295721
2026-07-10 04:17:57  INFO      Strategy: Supertrend atr=14 mult=1.5 | 15-min | LIVE mode
2026-07-10 04:17:57  INFO      Resolving NSE tokens...
2026-07-10 04:17:57  DEBUG     Starting new HTTPS connection (1): piconnect.flattrade.in:443
2026-07-10 04:17:57  DEBUG     https://piconnect.flattrade.in:443 "POST /PiConnectAPI/SearchScrip HTTP/1.1" 200 None
2026-07-10 04:17:57  INFO      Resolved  HFCL             token=21951
2026-07-10 04:17:57  DEBUG     Starting new HTTPS connection (1): piconnect.flattrade.in:443
2026-07-10 04:17:57  DEBUG     https://piconnect.flattrade.in:443 "POST /PiConnectAPI/SearchScrip HTTP/1.1" 200 None
2026-07-10 04:17:57  INFO      Resolved  BANKBARODA       token=4668
2026-07-10 04:17:57  DEBUG     Starting new HTTPS connection (1): piconnect.flattrade.in:443
2026-07-10 04:17:58  DEBUG     https://piconnect.flattrade.in:443 "POST /PiConnectAPI/SearchScrip HTTP/1.1" 200 None
2026-07-10 04:17:58  INFO      Resolved  NMDC             token=15332
2026-07-10 04:17:58  DEBUG     Starting new HTTPS connection (1): piconnect.flattrade.in:443
2026-07-10 04:17:58  DEBUG     https://piconnect.flattrade.in:443 "POST /PiConnectAPI/SearchScrip HTTP/1.1" 200 None
2026-07-10 04:17:58  INFO      Resolved  CESC             token=628
2026-07-10 04:17:58  DEBUG     Starting new HTTPS connection (1): piconnect.flattrade.in:443
2026-07-10 04:17:58  DEBUG     https://piconnect.flattrade.in:443 "POST /PiConnectAPI/SearchScrip HTTP/1.1" 200 None
2026-07-10 04:17:58  INFO      Resolved  ZEEL             token=3812
2026-07-10 04:17:58  DEBUG     Starting new HTTPS connection (1): piconnect.flattrade.in:443
2026-07-10 04:17:58  DEBUG     https://piconnect.flattrade.in:443 "POST /PiConnectAPI/SearchScrip HTTP/1.1" 200 None
2026-07-10 04:17:58  INFO      Resolved  BALRAMCHIN       token=341
2026-07-10 04:17:58  DEBUG     Starting new HTTPS connection (1): piconnect.flattrade.in:443
2026-07-10 04:17:58  DEBUG     https://piconnect.flattrade.in:443 "POST /PiConnectAPI/SearchScrip HTTP/1.1" 200 None
2026-07-10 04:17:58  INFO      Resolved  GRANULES         token=11872
2026-07-10 04:17:58  DEBUG     Starting new HTTPS connection (1): piconnect.flattrade.in:443
2026-07-10 04:17:59  DEBUG     https://piconnect.flattrade.in:443 "POST /PiConnectAPI/SearchScrip HTTP/1.1" 200 None
2026-07-10 04:17:59  INFO      Resolved  SUZLON           token=12018
2026-07-10 04:17:59  DEBUG     Starting new HTTPS connection (1): piconnect.flattrade.in:443
2026-07-10 04:17:59  DEBUG     https://piconnect.flattrade.in:443 "POST /PiConnectAPI/PositionBook HTTP/1.1" 200 None
2026-07-10 04:17:59  DEBUG     Starting new HTTPS connection (1): piconnect.flattrade.in:443
2026-07-10 04:17:59  DEBUG     https://piconnect.flattrade.in:443 "POST /PiConnectAPI/Limits HTTP/1.1" 200 None
2026-07-10 04:17:59  INFO      *** LIVE MODE  cash=Rs0  4x=Rs0  K=4  per_trade=Rs1000 ***
2026-07-10 04:17:59  INFO      8 stocks | Rs1000/trade | K=4 | EOD 15:00 IST
2026-07-10 04:17:59  INFO      ============================================================
2026-07-10 04:17:59  ERROR     WS ERROR  Handshake status 502 Bad Gateway -+-+- {'date': 'Fri, 10 Jul 2026 04:17:59 GMT', 'content-type': 'text/plain; charset=UTF-8', 'content-length': '15', 'connection': 'keep-alive', 'report-to': '{"endpoints":[{"url":"https:\\/\\/a.nel.cloudflare.com\\/report\\/v4?s=V4ie6KFjq8IcH0LGnkow902srkp1GTeizJ%2BL3bASzjNCEkHfoZUlfk%2BVQR8q1qn2Kxk%2FE3n6X9M8ppvPvBF1J9PBi9QajWZk1PeYSwsVWsKP0bl5l5vRb0d81zAjelinkX%2BC2ncnY7k%3D"}],"group":"cf-nel","max_age":604800}', 'nel': '{"success_fraction":0,"report_to":"cf-nel","max_age":604800}', 'x-frame-options': 'SAMEORIGIN', 'referrer-policy': 'same-origin', 'cache-control': 'private, max-age=0, no-store, no-cache, must-revalidate, post-check=0, pre-check=0', 'expires': 'Thu, 01 Jan 1970 00:00:01 GMT', 'server': 'cloudflare', 'cf-ray': 'a18cc30aedce9921-ARN', 'server-timing': 'cfL4;desc="?proto=TCP&rtt=3092&min_rtt=3031&rtt_var=1180&sent=4&recv=6&lost=0&retrans=0&sent_bytes=2824&recv_bytes=835&delivery_rate=955460&cwnd=52&unsent_bytes=0&cid=0d2ecde5f7432053&ts=453&x=0"'} -+-+- b'error code: 502'
2026-07-10 04:17:59  ERROR     Handshake status 502 Bad Gateway -+-+- {'date': 'Fri, 10 Jul 2026 04:17:59 GMT', 'content-type': 'text/plain; charset=UTF-8', 'content-length': '15', 'connection': 'keep-alive', 'report-to': '{"endpoints":[{"url":"https:\\/\\/a.nel.cloudflare.com\\/report\\/v4?s=V4ie6KFjq8IcH0LGnkow902srkp1GTeizJ%2BL3bASzjNCEkHfoZUlfk%2BVQR8q1qn2Kxk%2FE3n6X9M8ppvPvBF1J9PBi9QajWZk1PeYSwsVWsKP0bl5l5vRb0d81zAjelinkX%2BC2ncnY7k%3D"}],"group":"cf-nel","max_age":604800}', 'nel': '{"success_fraction":0,"report_to":"cf-nel","max_age":604800}', 'x-frame-options': 'SAMEORIGIN', 'referrer-policy': 'same-origin', 'cache-control': 'private, max-age=0, no-store, no-cache, must-revalidate, post-check=0, pre-check=0', 'expires': 'Thu, 01 Jan 1970 00:00:01 GMT', 'server': 'cloudflare', 'cf-ray': 'a18cc30aedce9921-ARN', 'server-timing': 'cfL4;desc="?proto=TCP&rtt=3092&min_rtt=3031&rtt_var=1180&sent=4&recv=6&lost=0&retrans=0&sent_bytes=2824&recv_bytes=835&delivery_rate=955460&cwnd=52&unsent_bytes=0&cid=0d2ecde5f7432053&ts=453&x=0"'} -+-+- b'error code: 502' - goodbye
2026-07-10 04:17:59  WARNING   WS DISCONNECTED  code=None  reason=None  trades=0  pnl=Rs+0.00
[Fri Jul 10 04:17:59 UTC 2026] Runner exited, restarting in 10s...
[Fri Jul 10 04:18:09 UTC 2026] Starting runner...
2026-07-10 04:18:10  INFO      ============================================================
2026-07-10 04:18:10  INFO      STARTUP  date=2026-07-10  pid=295728
2026-07-10 04:18:10  INFO      Strategy: Supertrend atr=14 mult=1.5 | 15-min | LIVE mode
2026-07-10 04:18:10  INFO      Resolving NSE tokens...
2026-07-10 04:18:10  DEBUG     Starting new HTTPS connection (1): piconnect.flattrade.in:443
2026-07-10 04:18:10  DEBUG     https://piconnect.flattrade.in:443 "POST /PiConnectAPI/SearchScrip HTTP/1.1" 200 None
2026-07-10 04:18:10  INFO      Resolved  HFCL             token=21951
2026-07-10 04:18:10  DEBUG     Starting new HTTPS connection (1): piconnect.flattrade.in:443
2026-07-10 04:18:10  DEBUG     https://piconnect.flattrade.in:443 "POST /PiConnectAPI/SearchScrip HTTP/1.1" 200 None
2026-07-10 04:18:10  INFO      Resolved  BANKBARODA       token=4668
2026-07-10 04:18:10  DEBUG     Starting new HTTPS connection (1): piconnect.flattrade.in:443
2026-07-10 04:18:10  DEBUG     https://piconnect.flattrade.in:443 "POST /PiConnectAPI/SearchScrip HTTP/1.1" 200 None
2026-07-10 04:18:10  INFO      Resolved  NMDC             token=15332
2026-07-10 04:18:10  DEBUG     Starting new HTTPS connection (1): piconnect.flattrade.in:443
2026-07-10 04:18:11  DEBUG     https://piconnect.flattrade.in:443 "POST /PiConnectAPI/SearchScrip HTTP/1.1" 200 None
2026-07-10 04:18:11  INFO      Resolved  CESC             token=628
2026-07-10 04:18:11  DEBUG     Starting new HTTPS connection (1): piconnect.flattrade.in:443
2026-07-10 04:18:11  DEBUG     https://piconnect.flattrade.in:443 "POST /PiConnectAPI/SearchScrip HTTP/1.1" 200 None
2026-07-10 04:18:11  INFO      Resolved  ZEEL             token=3812
2026-07-10 04:18:11  DEBUG     Starting new HTTPS connection (1): piconnect.flattrade.in:443
2026-07-10 04:18:11  DEBUG     https://piconnect.flattrade.in:443 "POST /PiConnectAPI/SearchScrip HTTP/1.1" 200 None
2026-07-10 04:18:11  INFO      Resolved  BALRAMCHIN       token=341
2026-07-10 04:18:11  DEBUG     Starting new HTTPS connection (1): piconnect.flattrade.in:443
2026-07-10 04:18:11  DEBUG     https://piconnect.flattrade.in:443 "POST /PiConnectAPI/SearchScrip HTTP/1.1" 200 None
2026-07-10 04:18:11  INFO      Resolved  GRANULES         token=11872
2026-07-10 04:18:11  DEBUG     Starting new HTTPS connection (1): piconnect.flattrade.in:443
2026-07-10 04:18:11  DEBUG     https://piconnect.flattrade.in:443 "POST /PiConnectAPI/SearchScrip HTTP/1.1" 200 None
2026-07-10 04:18:11  INFO      Resolved  SUZLON           token=12018
2026-07-10 04:18:11  DEBUG     Starting new HTTPS connection (1): piconnect.flattrade.in:443
2026-07-10 04:18:12  DEBUG     https://piconnect.flattrade.in:443 "POST /PiConnectAPI/PositionBook HTTP/1.1" 200 None
2026-07-10 04:18:12  DEBUG     Starting new HTTPS connection (1): piconnect.flattrade.in:443
2026-07-10 04:18:12  DEBUG     https://piconnect.flattrade.in:443 "POST /PiConnectAPI/Limits HTTP/1.1" 200 None
2026-07-10 04:18:12  INFO      *** LIVE MODE  cash=Rs0  4x=Rs0  K=4  per_trade=Rs1000 ***
2026-07-10 04:18:12  INFO      8 stocks | Rs1000/trade | K=4 | EOD 15:00 IST
2026-07-10 04:18:12  INFO      ============================================================
2026-07-10 04:18:12  INFO      Websocket connected
2026-07-10 04:18:12  INFO      WS CONNECTED  subscribed=8 instruments
2026-07-10 04:18:12  INFO      Ticks -> data/2026-07-10/ticks.jsonl
2026-07-10 04:19:12  DEBUG     Sending ping
2026-07-10 04:19:42  DEBUG     Sending ping
2026-07-10 04:20:12  DEBUG     Sending ping
2026-07-10 04:20:42  DEBUG     Sending ping
2026-07-10 04:21:12  DEBUG     Sending ping
2026-07-10 04:21:42  DEBUG     Sending ping
2026-07-10 04:22:12  DEBUG     Sending ping
2026-07-10 04:22:42  DEBUG     Sending ping
2026-07-10 04:23:12  DEBUG     Sending ping
2026-07-10 04:23:42  DEBUG     Sending ping
2026-07-10 04:24:12  DEBUG     Sending ping
2026-07-10 04:24:42  DEBUG     Sending ping
2026-07-10 04:25:12  DEBUG     Sending ping
2026-07-10 04:25:42  DEBUG     Sending ping
2026-07-10 04:26:12  DEBUG     Sending ping
2026-07-10 04:26:42  DEBUG     Sending ping
2026-07-10 04:27:12  DEBUG     Sending ping
2026-07-10 04:27:42  DEBUG     Sending ping
2026-07-10 04:28:12  DEBUG     Sending ping
2026-07-10 04:28:42  DEBUG     Sending ping
2026-07-10 04:29:12  DEBUG     Sending ping
2026-07-10 04:29:42  DEBUG     Sending ping
2026-07-10 04:30:00  DEBUG     CANDLE  NMDC          O=85.42  H=85.87  L=85.39  C=85.73
2026-07-10 04:30:02  DEBUG     CANDLE  ZEEL          O=100.90  H=101.95  L=100.88  C=101.40
2026-07-10 04:30:02  DEBUG     CANDLE  BANKBARODA    O=247.25  H=248.10  L=247.20  C=248.00
2026-07-10 04:30:03  DEBUG     CANDLE  CESC          O=165.46  H=165.90  L=165.37  C=165.73
2026-07-10 04:30:03  DEBUG     CANDLE  BALRAMCHIN    O=565.95  H=566.50  L=565.20  C=565.35
2026-07-10 04:30:03  DEBUG     Starting new HTTPS connection (1): piconnect.flattrade.in:443
2026-07-10 04:30:03  DEBUG     https://piconnect.flattrade.in:443 "POST /PiConnectAPI/Holdings HTTP/1.1" 200 2
2026-07-10 04:30:03  ERROR     CNC SELL BALRAMCHIN skipped — no holdings found in demat
2026-07-10 04:30:03  DEBUG     CANDLE  HFCL          O=216.84  H=217.21  L=216.10  C=216.80
2026-07-10 04:30:03  DEBUG     Starting new HTTPS connection (1): piconnect.flattrade.in:443
2026-07-10 04:30:03  DEBUG     https://piconnect.flattrade.in:443 "POST /PiConnectAPI/Limits HTTP/1.1" 200 None
2026-07-10 04:30:03  ERROR     CNC BUY HFCL skipped — no capital left (committed=Rs0.00)
2026-07-10 04:30:06  DEBUG     CANDLE  GRANULES      O=895.30  H=898.95  L=894.20  C=898.00
2026-07-10 04:30:06  DEBUG     Starting new HTTPS connection (1): piconnect.flattrade.in:443
2026-07-10 04:30:06  DEBUG     https://piconnect.flattrade.in:443 "POST /PiConnectAPI/Limits HTTP/1.1" 200 None
2026-07-10 04:30:06  ERROR     MIS BUY GRANULES skipped — no capital left (committed=Rs0.00)
2026-07-10 04:30:12  DEBUG     Sending ping
2026-07-10 04:30:18  DEBUG     CANDLE  SUZLON        O=54.28  H=54.36  L=54.26  C=54.28
2026-07-10 04:30:42  DEBUG     Sending ping
2026-07-10 04:31:12  DEBUG     Sending ping
2026-07-10 04:31:42  DEBUG     Sending ping
2026-07-10 04:32:12  DEBUG     Sending ping
2026-07-10 04:32:42  DEBUG     Sending ping
2026-07-10 04:33:12  DEBUG     Sending ping
2026-07-10 04:33:42  DEBUG     Sending ping
2026-07-10 04:34:12  DEBUG     Sending ping
2026-07-10 04:34:42  DEBUG     Sending ping
2026-07-10 04:35:12  DEBUG     Sending ping
2026-07-10 04:35:42  DEBUG     Sending ping
2026-07-10 04:36:12  DEBUG     Sending ping
2026-07-10 04:36:42  DEBUG     Sending ping
2026-07-10 04:37:12  DEBUG     Sending ping
2026-07-10 04:37:42  DEBUG     Sending ping
2026-07-10 04:38:12  DEBUG     Sending ping
2026-07-10 04:38:42  DEBUG     Sending ping
2026-07-10 04:39:12  DEBUG     Sending ping
2026-07-10 04:39:42  DEBUG     Sending ping
2026-07-10 04:40:12  DEBUG     Sending ping
2026-07-10 04:40:42  DEBUG     Sending ping
2026-07-10 04:41:12  DEBUG     Sending ping
2026-07-10 04:41:42  DEBUG     Sending ping
2026-07-10 04:42:12  DEBUG     Sending ping
2026-07-10 04:42:42  DEBUG     Sending ping
2026-07-10 04:43:12  DEBUG     Sending ping
2026-07-10 04:43:42  DEBUG     Sending ping
2026-07-10 04:44:12  DEBUG     Sending ping
2026-07-10 04:44:42  DEBUG     Sending ping
2026-07-10 04:45:00  DEBUG     CANDLE  GRANULES      O=897.55  H=899.35  L=895.00  C=899.35
2026-07-10 04:45:01  DEBUG     CANDLE  NMDC          O=85.74  H=86.05  L=85.63  C=85.71
2026-07-10 04:45:03  DEBUG     CANDLE  ZEEL          O=101.38  H=101.40  L=101.01  C=101.03
2026-07-10 04:45:03  DEBUG     CANDLE  BANKBARODA    O=248.15  H=248.30  L=247.65  C=248.25
2026-07-10 04:45:03  DEBUG     CANDLE  SUZLON        O=54.27  H=54.44  L=54.14  C=54.17
2026-07-10 04:45:04  DEBUG     CANDLE  HFCL          O=216.81  H=217.81  L=216.46  C=217.55
2026-07-10 04:45:07  DEBUG     CANDLE  CESC          O=165.83  H=166.20  L=165.50  C=166.20
2026-07-10 04:45:11  DEBUG     CANDLE  BALRAMCHIN    O=565.45  H=569.15  L=564.00  C=566.75
2026-07-10 04:45:12  DEBUG     Sending ping
2026-07-10 04:45:42  DEBUG     Sending ping
2026-07-10 04:46:12  DEBUG     Sending ping
2026-07-10 04:46:42  DEBUG     Sending ping
2026-07-10 04:47:12  DEBUG     Sending ping
2026-07-10 04:47:42  DEBUG     Sending ping
2026-07-10 04:48:12  DEBUG     Sending ping
2026-07-10 04:48:42  DEBUG     Sending ping
2026-07-10 04:49:12  DEBUG     Sending ping
2026-07-10 04:49:42  DEBUG     Sending ping
2026-07-10 04:49:52  ERROR     WS ERROR  Connection to remote host was lost.
2026-07-10 04:49:52  ERROR     Connection to remote host was lost. - goodbye
2026-07-10 04:49:52  WARNING   WS DISCONNECTED  code=None  reason=None  trades=0  pnl=Rs+0.00
[Fri Jul 10 04:49:52 UTC 2026] Runner exited, restarting in 10s...
[Fri Jul 10 04:50:02 UTC 2026] Starting runner...
2026-07-10 04:50:02  INFO      ============================================================
2026-07-10 04:50:02  INFO      STARTUP  date=2026-07-10  pid=296594
2026-07-10 04:50:02  INFO      Strategy: Supertrend atr=14 mult=1.5 | 15-min | LIVE mode
2026-07-10 04:50:02  INFO      Resolving NSE tokens...
2026-07-10 04:50:02  DEBUG     Starting new HTTPS connection (1): piconnect.flattrade.in:443
2026-07-10 04:50:03  DEBUG     https://piconnect.flattrade.in:443 "POST /PiConnectAPI/SearchScrip HTTP/1.1" 200 None
2026-07-10 04:50:03  INFO      Resolved  HFCL             token=21951
2026-07-10 04:50:03  DEBUG     Starting new HTTPS connection (1): piconnect.flattrade.in:443
2026-07-10 04:50:03  DEBUG     https://piconnect.flattrade.in:443 "POST /PiConnectAPI/SearchScrip HTTP/1.1" 200 None
2026-07-10 04:50:03  INFO      Resolved  BANKBARODA       token=4668
2026-07-10 04:50:03  DEBUG     Starting new HTTPS connection (1): piconnect.flattrade.in:443
2026-07-10 04:50:03  DEBUG     https://piconnect.flattrade.in:443 "POST /PiConnectAPI/SearchScrip HTTP/1.1" 200 None
2026-07-10 04:50:03  INFO      Resolved  NMDC             token=15332
2026-07-10 04:50:03  DEBUG     Starting new HTTPS connection (1): piconnect.flattrade.in:443
2026-07-10 04:50:03  DEBUG     https://piconnect.flattrade.in:443 "POST /PiConnectAPI/SearchScrip HTTP/1.1" 200 None
2026-07-10 04:50:03  INFO      Resolved  CESC             token=628
2026-07-10 04:50:03  DEBUG     Starting new HTTPS connection (1): piconnect.flattrade.in:443
2026-07-10 04:50:04  DEBUG     https://piconnect.flattrade.in:443 "POST /PiConnectAPI/SearchScrip HTTP/1.1" 200 None
2026-07-10 04:50:04  INFO      Resolved  ZEEL             token=3812
2026-07-10 04:50:04  DEBUG     Starting new HTTPS connection (1): piconnect.flattrade.in:443
2026-07-10 04:50:04  DEBUG     https://piconnect.flattrade.in:443 "POST /PiConnectAPI/SearchScrip HTTP/1.1" 200 None
2026-07-10 04:50:04  INFO      Resolved  BALRAMCHIN       token=341
2026-07-10 04:50:04  DEBUG     Starting new HTTPS connection (1): piconnect.flattrade.in:443
2026-07-10 04:50:04  DEBUG     https://piconnect.flattrade.in:443 "POST /PiConnectAPI/SearchScrip HTTP/1.1" 200 None
2026-07-10 04:50:04  INFO      Resolved  GRANULES         token=11872
2026-07-10 04:50:04  DEBUG     Starting new HTTPS connection (1): piconnect.flattrade.in:443
2026-07-10 04:50:04  DEBUG     https://piconnect.flattrade.in:443 "POST /PiConnectAPI/SearchScrip HTTP/1.1" 200 None
2026-07-10 04:50:04  INFO      Resolved  SUZLON           token=12018
2026-07-10 04:50:04  DEBUG     Starting new HTTPS connection (1): piconnect.flattrade.in:443
2026-07-10 04:50:04  DEBUG     https://piconnect.flattrade.in:443 "POST /PiConnectAPI/PositionBook HTTP/1.1" 200 None
2026-07-10 04:50:04  DEBUG     Starting new HTTPS connection (1): piconnect.flattrade.in:443
2026-07-10 04:50:05  DEBUG     https://piconnect.flattrade.in:443 "POST /PiConnectAPI/Limits HTTP/1.1" 200 None
2026-07-10 04:50:05  INFO      *** LIVE MODE  cash=Rs0  4x=Rs0  K=4  per_trade=Rs1000 ***
2026-07-10 04:50:05  INFO      8 stocks | Rs1000/trade | K=4 | EOD 15:00 IST
2026-07-10 04:50:05  INFO      ============================================================
2026-07-10 04:50:05  ERROR     WS ERROR  Handshake status 502 Bad Gateway -+-+- {'date': 'Fri, 10 Jul 2026 04:50:05 GMT', 'content-type': 'text/plain; charset=UTF-8', 'content-length': '15', 'connection': 'keep-alive', 'report-to': '{"endpoints":[{"url":"https:\\/\\/a.nel.cloudflare.com\\/report\\/v4?s=pFGeaXgNd2Ehodza3pZLP9bomoLNHe2U%2FzQB3456FZWH5%2FZK2vJbli4jTMTJD7lic%2BbKKNMEsAmBuA4QnYoFNEyQzskXoXVohIs35DidQa4FeVUDJAM59vhZJArWZNNLktp0uc6m9SM%3D"}],"group":"cf-nel","max_age":604800}', 'nel': '{"success_fraction":0,"report_to":"cf-nel","max_age":604800}', 'x-frame-options': 'SAMEORIGIN', 'referrer-policy': 'same-origin', 'cache-control': 'private, max-age=0, no-store, no-cache, must-revalidate, post-check=0, pre-check=0', 'expires': 'Thu, 01 Jan 1970 00:00:01 GMT', 'server': 'cloudflare', 'cf-ray': 'a18cf20d6ff3dd16-ARN', 'server-timing': 'cfL4;desc="?proto=TCP&rtt=3927&min_rtt=3878&rtt_var=1489&sent=4&recv=6&lost=0&retrans=0&sent_bytes=2825&recv_bytes=835&delivery_rate=746776&cwnd=52&unsent_bytes=0&cid=65b750ba337b0947&ts=457&x=0"'} -+-+- b'error code: 502'
2026-07-10 04:50:05  ERROR     Handshake status 502 Bad Gateway -+-+- {'date': 'Fri, 10 Jul 2026 04:50:05 GMT', 'content-type': 'text/plain; charset=UTF-8', 'content-length': '15', 'connection': 'keep-alive', 'report-to': '{"endpoints":[{"url":"https:\\/\\/a.nel.cloudflare.com\\/report\\/v4?s=pFGeaXgNd2Ehodza3pZLP9bomoLNHe2U%2FzQB3456FZWH5%2FZK2vJbli4jTMTJD7lic%2BbKKNMEsAmBuA4QnYoFNEyQzskXoXVohIs35DidQa4FeVUDJAM59vhZJArWZNNLktp0uc6m9SM%3D"}],"group":"cf-nel","max_age":604800}', 'nel': '{"success_fraction":0,"report_to":"cf-nel","max_age":604800}', 'x-frame-options': 'SAMEORIGIN', 'referrer-policy': 'same-origin', 'cache-control': 'private, max-age=0, no-store, no-cache, must-revalidate, post-check=0, pre-check=0', 'expires': 'Thu, 01 Jan 1970 00:00:01 GMT', 'server': 'cloudflare', 'cf-ray': 'a18cf20d6ff3dd16-ARN', 'server-timing': 'cfL4;desc="?proto=TCP&rtt=3927&min_rtt=3878&rtt_var=1489&sent=4&recv=6&lost=0&retrans=0&sent_bytes=2825&recv_bytes=835&delivery_rate=746776&cwnd=52&unsent_bytes=0&cid=65b750ba337b0947&ts=457&x=0"'} -+-+- b'error code: 502' - goodbye
2026-07-10 04:50:05  WARNING   WS DISCONNECTED  code=None  reason=None  trades=0  pnl=Rs+0.00
[Fri Jul 10 04:50:05 UTC 2026] Runner exited, restarting in 10s...
[Fri Jul 10 04:50:15 UTC 2026] Starting runner...
2026-07-10 04:50:15  INFO      ============================================================
2026-07-10 04:50:15  INFO      STARTUP  date=2026-07-10  pid=296601
2026-07-10 04:50:15  INFO      Strategy: Supertrend atr=14 mult=1.5 | 15-min | LIVE mode
2026-07-10 04:50:15  INFO      Resolving NSE tokens...
2026-07-10 04:50:15  DEBUG     Starting new HTTPS connection (1): piconnect.flattrade.in:443
2026-07-10 04:50:15  DEBUG     https://piconnect.flattrade.in:443 "POST /PiConnectAPI/SearchScrip HTTP/1.1" 200 None
2026-07-10 04:50:15  INFO      Resolved  HFCL             token=21951
2026-07-10 04:50:15  DEBUG     Starting new HTTPS connection (1): piconnect.flattrade.in:443
2026-07-10 04:50:16  DEBUG     https://piconnect.flattrade.in:443 "POST /PiConnectAPI/SearchScrip HTTP/1.1" 200 None
2026-07-10 04:50:16  INFO      Resolved  BANKBARODA       token=4668
2026-07-10 04:50:16  DEBUG     Starting new HTTPS connection (1): piconnect.flattrade.in:443
2026-07-10 04:50:16  DEBUG     https://piconnect.flattrade.in:443 "POST /PiConnectAPI/SearchScrip HTTP/1.1" 200 None
2026-07-10 04:50:16  INFO      Resolved  NMDC             token=15332
2026-07-10 04:50:16  DEBUG     Starting new HTTPS connection (1): piconnect.flattrade.in:443
2026-07-10 04:50:16  DEBUG     https://piconnect.flattrade.in:443 "POST /PiConnectAPI/SearchScrip HTTP/1.1" 200 None
2026-07-10 04:50:16  INFO      Resolved  CESC             token=628
2026-07-10 04:50:16  DEBUG     Starting new HTTPS connection (1): piconnect.flattrade.in:443
2026-07-10 04:50:16  DEBUG     https://piconnect.flattrade.in:443 "POST /PiConnectAPI/SearchScrip HTTP/1.1" 200 None
2026-07-10 04:50:16  INFO      Resolved  ZEEL             token=3812
2026-07-10 04:50:16  DEBUG     Starting new HTTPS connection (1): piconnect.flattrade.in:443
2026-07-10 04:50:16  DEBUG     https://piconnect.flattrade.in:443 "POST /PiConnectAPI/SearchScrip HTTP/1.1" 200 None
2026-07-10 04:50:16  INFO      Resolved  BALRAMCHIN       token=341
2026-07-10 04:50:16  DEBUG     Starting new HTTPS connection (1): piconnect.flattrade.in:443
2026-07-10 04:50:17  DEBUG     https://piconnect.flattrade.in:443 "POST /PiConnectAPI/SearchScrip HTTP/1.1" 200 None
2026-07-10 04:50:17  INFO      Resolved  GRANULES         token=11872
2026-07-10 04:50:17  DEBUG     Starting new HTTPS connection (1): piconnect.flattrade.in:443
2026-07-10 04:50:17  DEBUG     https://piconnect.flattrade.in:443 "POST /PiConnectAPI/SearchScrip HTTP/1.1" 200 None
2026-07-10 04:50:17  INFO      Resolved  SUZLON           token=12018
2026-07-10 04:50:17  DEBUG     Starting new HTTPS connection (1): piconnect.flattrade.in:443
2026-07-10 04:50:17  DEBUG     https://piconnect.flattrade.in:443 "POST /PiConnectAPI/PositionBook HTTP/1.1" 200 None
2026-07-10 04:50:17  DEBUG     Starting new HTTPS connection (1): piconnect.flattrade.in:443
2026-07-10 04:50:17  DEBUG     https://piconnect.flattrade.in:443 "POST /PiConnectAPI/Limits HTTP/1.1" 200 None
2026-07-10 04:50:17  INFO      *** LIVE MODE  cash=Rs0  4x=Rs0  K=4  per_trade=Rs1000 ***
2026-07-10 04:50:17  INFO      8 stocks | Rs1000/trade | K=4 | EOD 15:00 IST
2026-07-10 04:50:17  INFO      ============================================================
2026-07-10 04:50:17  INFO      Websocket connected
2026-07-10 04:50:18  INFO      WS CONNECTED  subscribed=8 instruments
2026-07-10 04:50:18  INFO      Ticks -> data/2026-07-10/ticks.jsonl
2026-07-10 04:51:17  DEBUG     Sending ping
2026-07-10 04:51:47  DEBUG     Sending ping
2026-07-10 04:52:17  DEBUG     Sending ping
2026-07-10 04:52:47  DEBUG     Sending ping
2026-07-10 04:53:17  DEBUG     Sending ping
2026-07-10 04:53:47  DEBUG     Sending ping
2026-07-10 04:54:17  DEBUG     Sending ping
2026-07-10 04:54:47  DEBUG     Sending ping
2026-07-10 04:55:17  DEBUG     Sending ping
2026-07-10 04:55:47  DEBUG     Sending ping
2026-07-10 04:56:17  DEBUG     Sending ping
2026-07-10 04:56:47  DEBUG     Sending ping
2026-07-10 04:57:17  DEBUG     Sending ping
2026-07-10 04:57:47  DEBUG     Sending ping
2026-07-10 04:58:17  DEBUG     Sending ping
2026-07-10 04:58:47  DEBUG     Sending ping
2026-07-10 04:59:17  DEBUG     Sending ping
2026-07-10 04:59:47  DEBUG     Sending ping
2026-07-10 05:00:02  DEBUG     CANDLE  BANKBARODA    O=248.60  H=249.15  L=248.50  C=248.75
2026-07-10 05:00:02  DEBUG     CANDLE  CESC          O=166.26  H=166.79  L=165.89  C=166.40
2026-07-10 05:00:02  DEBUG     CANDLE  BALRAMCHIN    O=566.90  H=567.10  L=565.10  C=565.15
2026-07-10 05:00:02  DEBUG     Starting new HTTPS connection (1): piconnect.flattrade.in:443
2026-07-10 05:00:02  DEBUG     https://piconnect.flattrade.in:443 "POST /PiConnectAPI/Holdings HTTP/1.1" 200 2
2026-07-10 05:00:02  ERROR     CNC SELL BALRAMCHIN skipped — no holdings found in demat
2026-07-10 05:00:02  DEBUG     CANDLE  SUZLON        O=54.20  H=54.29  L=54.16  C=54.23
2026-07-10 05:00:04  DEBUG     CANDLE  NMDC          O=85.60  H=85.73  L=85.41  C=85.43
2026-07-10 05:00:07  DEBUG     CANDLE  GRANULES      O=898.00  H=899.35  L=897.45  C=897.60
2026-07-10 05:00:07  DEBUG     Starting new HTTPS connection (1): piconnect.flattrade.in:443
2026-07-10 05:00:07  DEBUG     https://piconnect.flattrade.in:443 "POST /PiConnectAPI/Limits HTTP/1.1" 200 None
2026-07-10 05:00:07  ERROR     MIS BUY GRANULES skipped — no capital left (committed=Rs0.00)
2026-07-10 05:00:14  DEBUG     CANDLE  HFCL          O=217.00  H=217.45  L=216.56  C=216.81
2026-07-10 05:00:14  DEBUG     Starting new HTTPS connection (1): piconnect.flattrade.in:443
2026-07-10 05:00:15  DEBUG     https://piconnect.flattrade.in:443 "POST /PiConnectAPI/Limits HTTP/1.1" 200 None
2026-07-10 05:00:15  ERROR     CNC BUY HFCL skipped — no capital left (committed=Rs0.00)
2026-07-10 05:00:17  DEBUG     Sending ping
2026-07-10 05:00:18  DEBUG     CANDLE  ZEEL          O=101.41  H=101.60  L=101.11  C=101.20
2026-07-10 05:00:47  DEBUG     Sending ping
2026-07-10 05:01:17  DEBUG     Sending ping
2026-07-10 05:01:47  DEBUG     Sending ping
2026-07-10 05:02:17  DEBUG     Sending ping
2026-07-10 05:02:47  DEBUG     Sending ping
2026-07-10 05:03:17  DEBUG     Sending ping
2026-07-10 05:03:47  DEBUG     Sending ping
2026-07-10 05:04:17  DEBUG     Sending ping
2026-07-10 05:04:47  DEBUG     Sending ping
2026-07-10 05:05:17  DEBUG     Sending ping
2026-07-10 05:05:47  DEBUG     Sending ping
2026-07-10 05:06:17  DEBUG     Sending ping
2026-07-10 05:06:47  DEBUG     Sending ping
2026-07-10 05:07:17  DEBUG     Sending ping
2026-07-10 05:07:47  DEBUG     Sending ping
2026-07-10 05:08:17  DEBUG     Sending ping
2026-07-10 05:08:47  DEBUG     Sending ping
2026-07-10 05:09:17  DEBUG     Sending ping
2026-07-10 05:09:47  DEBUG     Sending ping
2026-07-10 05:10:17  DEBUG     Sending ping
2026-07-10 05:10:47  DEBUG     Sending ping
2026-07-10 05:11:17  DEBUG     Sending ping
2026-07-10 05:11:47  DEBUG     Sending ping
2026-07-10 05:12:17  DEBUG     Sending ping
2026-07-10 05:12:47  DEBUG     Sending ping
2026-07-10 05:13:17  DEBUG     Sending ping
2026-07-10 05:13:47  DEBUG     Sending ping
2026-07-10 05:14:17  DEBUG     Sending ping
2026-07-10 05:14:47  DEBUG     Sending ping
2026-07-10 05:15:00  DEBUG     CANDLE  BANKBARODA    O=248.70  H=248.75  L=248.00  C=248.45
2026-07-10 05:15:00  DEBUG     CANDLE  SUZLON        O=54.22  H=54.34  L=54.10  C=54.32
2026-07-10 05:15:02  DEBUG     CANDLE  ZEEL          O=101.19  H=101.21  L=101.01  C=101.15
2026-07-10 05:15:03  DEBUG     CANDLE  HFCL          O=216.80  H=219.27  L=216.51  C=218.79
2026-07-10 05:15:04  DEBUG     CANDLE  NMDC          O=85.44  H=85.56  L=85.40  C=85.47
2026-07-10 05:15:07  DEBUG     CANDLE  GRANULES      O=897.20  H=899.00  L=896.20  C=897.55
2026-07-10 05:15:17  DEBUG     Sending ping
2026-07-10 05:15:19  DEBUG     CANDLE  CESC          O=166.57  H=166.57  L=166.03  C=166.22
2026-07-10 05:15:27  DEBUG     CANDLE  BALRAMCHIN    O=565.05  H=565.50  L=565.00  C=565.00
2026-07-10 05:15:47  DEBUG     Sending ping
2026-07-10 05:16:17  DEBUG     Sending ping
2026-07-10 05:16:47  DEBUG     Sending ping
2026-07-10 05:17:17  DEBUG     Sending ping
2026-07-10 05:17:47  DEBUG     Sending ping
2026-07-10 05:18:17  DEBUG     Sending ping
2026-07-10 05:18:47  DEBUG     Sending ping
2026-07-10 05:19:17  DEBUG     Sending ping
2026-07-10 05:19:47  DEBUG     Sending ping
2026-07-10 05:20:17  DEBUG     Sending ping
2026-07-10 05:20:48  DEBUG     Sending ping
2026-07-10 05:21:18  DEBUG     Sending ping
2026-07-10 05:21:48  DEBUG     Sending ping
2026-07-10 05:22:18  DEBUG     Sending ping
2026-07-10 05:22:48  DEBUG     Sending ping
2026-07-10 05:23:18  DEBUG     Sending ping
2026-07-10 05:23:48  DEBUG     Sending ping
2026-07-10 05:24:18  DEBUG     Sending ping
2026-07-10 05:24:48  DEBUG     Sending ping
2026-07-10 05:25:18  DEBUG     Sending ping
2026-07-10 05:25:48  DEBUG     Sending ping
2026-07-10 05:26:18  DEBUG     Sending ping
2026-07-10 05:26:48  DEBUG     Sending ping
2026-07-10 05:27:18  DEBUG     Sending ping
2026-07-10 05:27:48  DEBUG     Sending ping
2026-07-10 05:28:18  DEBUG     Sending ping
2026-07-10 05:28:48  DEBUG     Sending ping
2026-07-10 05:29:18  DEBUG     Sending ping
2026-07-10 05:29:48  DEBUG     Sending ping
2026-07-10 05:30:00  DEBUG     CANDLE  HFCL          O=218.78  H=220.99  L=217.71  C=220.57
2026-07-10 05:30:01  DEBUG     CANDLE  GRANULES      O=897.80  H=899.00  L=895.90  C=898.35
2026-07-10 05:30:03  DEBUG     CANDLE  NMDC          O=85.45  H=85.62  L=85.42  C=85.45
2026-07-10 05:30:06  DEBUG     CANDLE  ZEEL          O=101.16  H=101.50  L=101.07  C=101.26
2026-07-10 05:30:06  DEBUG     CANDLE  CESC          O=166.19  H=166.31  L=166.00  C=166.21
2026-07-10 05:30:10  DEBUG     CANDLE  SUZLON        O=54.34  H=54.35  L=54.25  C=54.34
2026-07-10 05:30:12  DEBUG     CANDLE  BANKBARODA    O=248.50  H=248.60  L=248.05  C=248.55
2026-07-10 05:30:18  DEBUG     Sending ping
2026-07-10 05:30:48  DEBUG     Sending ping
2026-07-10 05:31:03  DEBUG     CANDLE  BALRAMCHIN    O=564.70  H=565.00  L=563.20  C=564.00
2026-07-10 05:31:18  DEBUG     Sending ping
2026-07-10 05:31:48  DEBUG     Sending ping
2026-07-10 05:32:12  ERROR     WS ERROR  Connection to remote host was lost.
2026-07-10 05:32:12  ERROR     Connection to remote host was lost. - goodbye
2026-07-10 05:32:12  WARNING   WS DISCONNECTED  code=None  reason=None  trades=0  pnl=Rs+0.00
[Fri Jul 10 05:32:13 UTC 2026] Runner exited, restarting in 10s...
[Fri Jul 10 05:32:23 UTC 2026] Starting runner...
2026-07-10 05:32:23  INFO      ============================================================
2026-07-10 05:32:23  INFO      STARTUP  date=2026-07-10  pid=297820
2026-07-10 05:32:23  INFO      Strategy: Supertrend atr=14 mult=1.5 | 15-min | LIVE mode
2026-07-10 05:32:23  INFO      Resolving NSE tokens...
2026-07-10 05:32:23  DEBUG     Starting new HTTPS connection (1): piconnect.flattrade.in:443
2026-07-10 05:32:23  DEBUG     https://piconnect.flattrade.in:443 "POST /PiConnectAPI/SearchScrip HTTP/1.1" 200 None
2026-07-10 05:32:23  INFO      Resolved  HFCL             token=21951
2026-07-10 05:32:23  DEBUG     Starting new HTTPS connection (1): piconnect.flattrade.in:443
2026-07-10 05:32:23  DEBUG     https://piconnect.flattrade.in:443 "POST /PiConnectAPI/SearchScrip HTTP/1.1" 200 None
2026-07-10 05:32:23  INFO      Resolved  BANKBARODA       token=4668
2026-07-10 05:32:23  DEBUG     Starting new HTTPS connection (1): piconnect.flattrade.in:443
2026-07-10 05:32:23  DEBUG     https://piconnect.flattrade.in:443 "POST /PiConnectAPI/SearchScrip HTTP/1.1" 200 None
2026-07-10 05:32:23  INFO      Resolved  NMDC             token=15332
2026-07-10 05:32:23  DEBUG     Starting new HTTPS connection (1): piconnect.flattrade.in:443
2026-07-10 05:32:24  DEBUG     https://piconnect.flattrade.in:443 "POST /PiConnectAPI/SearchScrip HTTP/1.1" 200 None
2026-07-10 05:32:24  INFO      Resolved  CESC             token=628
2026-07-10 05:32:24  DEBUG     Starting new HTTPS connection (1): piconnect.flattrade.in:443
2026-07-10 05:32:24  DEBUG     https://piconnect.flattrade.in:443 "POST /PiConnectAPI/SearchScrip HTTP/1.1" 200 None
2026-07-10 05:32:24  INFO      Resolved  ZEEL             token=3812
2026-07-10 05:32:24  DEBUG     Starting new HTTPS connection (1): piconnect.flattrade.in:443
2026-07-10 05:32:24  DEBUG     https://piconnect.flattrade.in:443 "POST /PiConnectAPI/SearchScrip HTTP/1.1" 200 None
2026-07-10 05:32:24  INFO      Resolved  BALRAMCHIN       token=341
2026-07-10 05:32:24  DEBUG     Starting new HTTPS connection (1): piconnect.flattrade.in:443
2026-07-10 05:32:24  DEBUG     https://piconnect.flattrade.in:443 "POST /PiConnectAPI/SearchScrip HTTP/1.1" 200 None
2026-07-10 05:32:24  INFO      Resolved  GRANULES         token=11872
2026-07-10 05:32:24  DEBUG     Starting new HTTPS connection (1): piconnect.flattrade.in:443
2026-07-10 05:32:24  DEBUG     https://piconnect.flattrade.in:443 "POST /PiConnectAPI/SearchScrip HTTP/1.1" 200 None
2026-07-10 05:32:24  INFO      Resolved  SUZLON           token=12018
2026-07-10 05:32:24  DEBUG     Starting new HTTPS connection (1): piconnect.flattrade.in:443
2026-07-10 05:32:25  DEBUG     https://piconnect.flattrade.in:443 "POST /PiConnectAPI/PositionBook HTTP/1.1" 200 None
2026-07-10 05:32:25  DEBUG     Starting new HTTPS connection (1): piconnect.flattrade.in:443
2026-07-10 05:32:25  DEBUG     https://piconnect.flattrade.in:443 "POST /PiConnectAPI/Limits HTTP/1.1" 200 None
2026-07-10 05:32:25  INFO      *** LIVE MODE  cash=Rs0  4x=Rs0  K=4  per_trade=Rs1000 ***
2026-07-10 05:32:25  INFO      8 stocks | Rs1000/trade | K=4 | EOD 15:00 IST
2026-07-10 05:32:25  INFO      ============================================================
2026-07-10 05:32:25  ERROR     WS ERROR  Handshake status 502 Bad Gateway -+-+- {'date': 'Fri, 10 Jul 2026 05:32:25 GMT', 'content-type': 'text/plain; charset=UTF-8', 'content-length': '15', 'connection': 'keep-alive', 'report-to': '{"endpoints":[{"url":"https:\\/\\/a.nel.cloudflare.com\\/report\\/v4?s=VG5wNqNjfSRlEBvrtBePI7xlF3H%2BVRr%2BXe4N0qyLMS69mXql3kPpzVgJhbqY%2BlrKvcDSpQoAH850q6WdVnyVb07qb4J8WvquRNHx6QyYMjkpcov76mDQ0Y%2BRdvYdUlEbhQoALAkbVrs%3D"}],"group":"cf-nel","max_age":604800}', 'nel': '{"success_fraction":0,"report_to":"cf-nel","max_age":604800}', 'x-frame-options': 'SAMEORIGIN', 'referrer-policy': 'same-origin', 'cache-control': 'private, max-age=0, no-store, no-cache, must-revalidate, post-check=0, pre-check=0', 'expires': 'Thu, 01 Jan 1970 00:00:01 GMT', 'server': 'cloudflare', 'cf-ray': 'a18d3012084027f7-ARN', 'server-timing': 'cfL4;desc="?proto=TCP&rtt=3872&min_rtt=3862&rtt_var=1455&sent=4&recv=6&lost=0&retrans=0&sent_bytes=2826&recv_bytes=835&delivery_rate=749870&cwnd=52&unsent_bytes=0&cid=e28c6401e4dc24aa&ts=443&x=0"'} -+-+- b'error code: 502'
2026-07-10 05:32:25  ERROR     Handshake status 502 Bad Gateway -+-+- {'date': 'Fri, 10 Jul 2026 05:32:25 GMT', 'content-type': 'text/plain; charset=UTF-8', 'content-length': '15', 'connection': 'keep-alive', 'report-to': '{"endpoints":[{"url":"https:\\/\\/a.nel.cloudflare.com\\/report\\/v4?s=VG5wNqNjfSRlEBvrtBePI7xlF3H%2BVRr%2BXe4N0qyLMS69mXql3kPpzVgJhbqY%2BlrKvcDSpQoAH850q6WdVnyVb07qb4J8WvquRNHx6QyYMjkpcov76mDQ0Y%2BRdvYdUlEbhQoALAkbVrs%3D"}],"group":"cf-nel","max_age":604800}', 'nel': '{"success_fraction":0,"report_to":"cf-nel","max_age":604800}', 'x-frame-options': 'SAMEORIGIN', 'referrer-policy': 'same-origin', 'cache-control': 'private, max-age=0, no-store, no-cache, must-revalidate, post-check=0, pre-check=0', 'expires': 'Thu, 01 Jan 1970 00:00:01 GMT', 'server': 'cloudflare', 'cf-ray': 'a18d3012084027f7-ARN', 'server-timing': 'cfL4;desc="?proto=TCP&rtt=3872&min_rtt=3862&rtt_var=1455&sent=4&recv=6&lost=0&retrans=0&sent_bytes=2826&recv_bytes=835&delivery_rate=749870&cwnd=52&unsent_bytes=0&cid=e28c6401e4dc24aa&ts=443&x=0"'} -+-+- b'error code: 502' - goodbye
2026-07-10 05:32:25  WARNING   WS DISCONNECTED  code=None  reason=None  trades=0  pnl=Rs+0.00
[Fri Jul 10 05:32:25 UTC 2026] Runner exited, restarting in 10s...
[Fri Jul 10 05:32:35 UTC 2026] Starting runner...
2026-07-10 05:32:35  INFO      ============================================================
2026-07-10 05:32:35  INFO      STARTUP  date=2026-07-10  pid=297827
2026-07-10 05:32:35  INFO      Strategy: Supertrend atr=14 mult=1.5 | 15-min | LIVE mode
2026-07-10 05:32:35  INFO      Resolving NSE tokens...
2026-07-10 05:32:35  DEBUG     Starting new HTTPS connection (1): piconnect.flattrade.in:443
2026-07-10 05:32:36  DEBUG     https://piconnect.flattrade.in:443 "POST /PiConnectAPI/SearchScrip HTTP/1.1" 200 None
2026-07-10 05:32:36  INFO      Resolved  HFCL             token=21951
2026-07-10 05:32:36  DEBUG     Starting new HTTPS connection (1): piconnect.flattrade.in:443
2026-07-10 05:32:36  DEBUG     https://piconnect.flattrade.in:443 "POST /PiConnectAPI/SearchScrip HTTP/1.1" 200 None
2026-07-10 05:32:36  INFO      Resolved  BANKBARODA       token=4668
2026-07-10 05:32:36  DEBUG     Starting new HTTPS connection (1): piconnect.flattrade.in:443
2026-07-10 05:32:36  DEBUG     https://piconnect.flattrade.in:443 "POST /PiConnectAPI/SearchScrip HTTP/1.1" 200 None
2026-07-10 05:32:36  INFO      Resolved  NMDC             token=15332
2026-07-10 05:32:36  DEBUG     Starting new HTTPS connection (1): piconnect.flattrade.in:443
2026-07-10 05:32:36  DEBUG     https://piconnect.flattrade.in:443 "POST /PiConnectAPI/SearchScrip HTTP/1.1" 200 None
2026-07-10 05:32:36  INFO      Resolved  CESC             token=628
2026-07-10 05:32:36  DEBUG     Starting new HTTPS connection (1): piconnect.flattrade.in:443
2026-07-10 05:32:36  DEBUG     https://piconnect.flattrade.in:443 "POST /PiConnectAPI/SearchScrip HTTP/1.1" 200 None
2026-07-10 05:32:36  INFO      Resolved  ZEEL             token=3812
2026-07-10 05:32:36  DEBUG     Starting new HTTPS connection (1): piconnect.flattrade.in:443
2026-07-10 05:32:37  DEBUG     https://piconnect.flattrade.in:443 "POST /PiConnectAPI/SearchScrip HTTP/1.1" 200 None
2026-07-10 05:32:37  INFO      Resolved  BALRAMCHIN       token=341
2026-07-10 05:32:37  DEBUG     Starting new HTTPS connection (1): piconnect.flattrade.in:443
2026-07-10 05:32:37  DEBUG     https://piconnect.flattrade.in:443 "POST /PiConnectAPI/SearchScrip HTTP/1.1" 200 None
2026-07-10 05:32:37  INFO      Resolved  GRANULES         token=11872
2026-07-10 05:32:37  DEBUG     Starting new HTTPS connection (1): piconnect.flattrade.in:443
2026-07-10 05:32:37  DEBUG     https://piconnect.flattrade.in:443 "POST /PiConnectAPI/SearchScrip HTTP/1.1" 200 None
2026-07-10 05:32:37  INFO      Resolved  SUZLON           token=12018
2026-07-10 05:32:37  DEBUG     Starting new HTTPS connection (1): piconnect.flattrade.in:443
2026-07-10 05:32:37  DEBUG     https://piconnect.flattrade.in:443 "POST /PiConnectAPI/PositionBook HTTP/1.1" 200 None
2026-07-10 05:32:37  DEBUG     Starting new HTTPS connection (1): piconnect.flattrade.in:443
2026-07-10 05:32:37  DEBUG     https://piconnect.flattrade.in:443 "POST /PiConnectAPI/Limits HTTP/1.1" 200 None
2026-07-10 05:32:37  INFO      *** LIVE MODE  cash=Rs0  4x=Rs0  K=4  per_trade=Rs1000 ***
2026-07-10 05:32:37  INFO      8 stocks | Rs1000/trade | K=4 | EOD 15:00 IST
2026-07-10 05:32:37  INFO      ============================================================
2026-07-10 05:32:38  ERROR     WS ERROR  Handshake status 502 Bad Gateway -+-+- {'date': 'Fri, 10 Jul 2026 05:32:38 GMT', 'content-type': 'text/plain; charset=UTF-8', 'content-length': '15', 'connection': 'keep-alive', 'report-to': '{"endpoints":[{"url":"https:\\/\\/a.nel.cloudflare.com\\/report\\/v4?s=J%2FqrXy7jfPt0kfIZ2vB4Qh5m7Se8zmKMDKfqEFD%2FL0yLJnKWjYn86MwA9zZOKY1E66qR0n1%2BMyPcJD88MolyU%2Bqr0RjTjNcBc%2BrmaaRa9sBOE4CkLMgaEYF9fZzpKhHfGKZowvibvNY%3D"}],"group":"cf-nel","max_age":604800}', 'nel': '{"success_fraction":0,"report_to":"cf-nel","max_age":604800}', 'x-frame-options': 'SAMEORIGIN', 'referrer-policy': 'same-origin', 'cache-control': 'private, max-age=0, no-store, no-cache, must-revalidate, post-check=0, pre-check=0', 'expires': 'Thu, 01 Jan 1970 00:00:01 GMT', 'server': 'cloudflare', 'cf-ray': 'a18d30611dbc1f50-ARN', 'server-timing': 'cfL4;desc="?proto=TCP&rtt=2915&min_rtt=2906&rtt_var=1096&sent=4&recv=6&lost=0&retrans=0&sent_bytes=2826&recv_bytes=835&delivery_rate=996558&cwnd=52&unsent_bytes=0&cid=51c44d4bcbdf9ab0&ts=462&x=0"'} -+-+- b'error code: 502'
2026-07-10 05:32:38  ERROR     Handshake status 502 Bad Gateway -+-+- {'date': 'Fri, 10 Jul 2026 05:32:38 GMT', 'content-type': 'text/plain; charset=UTF-8', 'content-length': '15', 'connection': 'keep-alive', 'report-to': '{"endpoints":[{"url":"https:\\/\\/a.nel.cloudflare.com\\/report\\/v4?s=J%2FqrXy7jfPt0kfIZ2vB4Qh5m7Se8zmKMDKfqEFD%2FL0yLJnKWjYn86MwA9zZOKY1E66qR0n1%2BMyPcJD88MolyU%2Bqr0RjTjNcBc%2BrmaaRa9sBOE4CkLMgaEYF9fZzpKhHfGKZowvibvNY%3D"}],"group":"cf-nel","max_age":604800}', 'nel': '{"success_fraction":0,"report_to":"cf-nel","max_age":604800}', 'x-frame-options': 'SAMEORIGIN', 'referrer-policy': 'same-origin', 'cache-control': 'private, max-age=0, no-store, no-cache, must-revalidate, post-check=0, pre-check=0', 'expires': 'Thu, 01 Jan 1970 00:00:01 GMT', 'server': 'cloudflare', 'cf-ray': 'a18d30611dbc1f50-ARN', 'server-timing': 'cfL4;desc="?proto=TCP&rtt=2915&min_rtt=2906&rtt_var=1096&sent=4&recv=6&lost=0&retrans=0&sent_bytes=2826&recv_bytes=835&delivery_rate=996558&cwnd=52&unsent_bytes=0&cid=51c44d4bcbdf9ab0&ts=462&x=0"'} -+-+- b'error code: 502' - goodbye
2026-07-10 05:32:38  WARNING   WS DISCONNECTED  code=None  reason=None  trades=0  pnl=Rs+0.00
[Fri Jul 10 05:32:38 UTC 2026] Runner exited, restarting in 10s...
[Fri Jul 10 05:32:48 UTC 2026] Starting runner...
2026-07-10 05:32:48  INFO      ============================================================
2026-07-10 05:32:48  INFO      STARTUP  date=2026-07-10  pid=297834
2026-07-10 05:32:48  INFO      Strategy: Supertrend atr=14 mult=1.5 | 15-min | LIVE mode
2026-07-10 05:32:48  INFO      Resolving NSE tokens...
2026-07-10 05:32:48  DEBUG     Starting new HTTPS connection (1): piconnect.flattrade.in:443
2026-07-10 05:32:48  DEBUG     https://piconnect.flattrade.in:443 "POST /PiConnectAPI/SearchScrip HTTP/1.1" 200 None
2026-07-10 05:32:48  INFO      Resolved  HFCL             token=21951
2026-07-10 05:32:48  DEBUG     Starting new HTTPS connection (1): piconnect.flattrade.in:443
2026-07-10 05:32:48  DEBUG     https://piconnect.flattrade.in:443 "POST /PiConnectAPI/SearchScrip HTTP/1.1" 200 None
2026-07-10 05:32:48  INFO      Resolved  BANKBARODA       token=4668
2026-07-10 05:32:48  DEBUG     Starting new HTTPS connection (1): piconnect.flattrade.in:443
2026-07-10 05:32:49  DEBUG     https://piconnect.flattrade.in:443 "POST /PiConnectAPI/SearchScrip HTTP/1.1" 200 None
2026-07-10 05:32:49  INFO      Resolved  NMDC             token=15332
2026-07-10 05:32:49  DEBUG     Starting new HTTPS connection (1): piconnect.flattrade.in:443
2026-07-10 05:32:49  DEBUG     https://piconnect.flattrade.in:443 "POST /PiConnectAPI/SearchScrip HTTP/1.1" 200 None
2026-07-10 05:32:49  INFO      Resolved  CESC             token=628
2026-07-10 05:32:49  DEBUG     Starting new HTTPS connection (1): piconnect.flattrade.in:443
2026-07-10 05:32:49  DEBUG     https://piconnect.flattrade.in:443 "POST /PiConnectAPI/SearchScrip HTTP/1.1" 200 None
2026-07-10 05:32:49  INFO      Resolved  ZEEL             token=3812
2026-07-10 05:32:49  DEBUG     Starting new HTTPS connection (1): piconnect.flattrade.in:443
2026-07-10 05:32:49  DEBUG     https://piconnect.flattrade.in:443 "POST /PiConnectAPI/SearchScrip HTTP/1.1" 200 None
2026-07-10 05:32:49  INFO      Resolved  BALRAMCHIN       token=341
2026-07-10 05:32:49  DEBUG     Starting new HTTPS connection (1): piconnect.flattrade.in:443
2026-07-10 05:32:50  DEBUG     https://piconnect.flattrade.in:443 "POST /PiConnectAPI/SearchScrip HTTP/1.1" 200 None
2026-07-10 05:32:50  INFO      Resolved  GRANULES         token=11872
2026-07-10 05:32:50  DEBUG     Starting new HTTPS connection (1): piconnect.flattrade.in:443
2026-07-10 05:32:50  DEBUG     https://piconnect.flattrade.in:443 "POST /PiConnectAPI/SearchScrip HTTP/1.1" 200 None
2026-07-10 05:32:50  INFO      Resolved  SUZLON           token=12018
2026-07-10 05:32:50  DEBUG     Starting new HTTPS connection (1): piconnect.flattrade.in:443
2026-07-10 05:32:50  DEBUG     https://piconnect.flattrade.in:443 "POST /PiConnectAPI/PositionBook HTTP/1.1" 200 None
2026-07-10 05:32:50  DEBUG     Starting new HTTPS connection (1): piconnect.flattrade.in:443
2026-07-10 05:32:50  DEBUG     https://piconnect.flattrade.in:443 "POST /PiConnectAPI/Limits HTTP/1.1" 200 None
2026-07-10 05:32:50  INFO      *** LIVE MODE  cash=Rs0  4x=Rs0  K=4  per_trade=Rs1000 ***
2026-07-10 05:32:50  INFO      8 stocks | Rs1000/trade | K=4 | EOD 15:00 IST
2026-07-10 05:32:50  INFO      ============================================================
2026-07-10 05:32:50  ERROR     WS ERROR  Handshake status 502 Bad Gateway -+-+- {'date': 'Fri, 10 Jul 2026 05:32:50 GMT', 'content-type': 'text/plain; charset=UTF-8', 'content-length': '15', 'connection': 'keep-alive', 'report-to': '{"endpoints":[{"url":"https:\\/\\/a.nel.cloudflare.com\\/report\\/v4?s=SpBviMg9ejmIugIavwTCs6FGoHPZd%2FDTCLevch2hy3pRUYjensPfRNCZzj73IAA80%2BhtuYlvFafb1EeTGvSDKEkY3J%2F0cx7yxGhtnHEyDakx3sBdOpZazgU08ouSWSTGhwFwTGKDZ4s%3D"}],"group":"cf-nel","max_age":604800}', 'nel': '{"success_fraction":0,"report_to":"cf-nel","max_age":604800}', 'x-frame-options': 'SAMEORIGIN', 'referrer-policy': 'same-origin', 'cache-control': 'private, max-age=0, no-store, no-cache, must-revalidate, post-check=0, pre-check=0', 'expires': 'Thu, 01 Jan 1970 00:00:01 GMT', 'server': 'cloudflare', 'cf-ray': 'a18d30b06f83a455-ARN', 'server-timing': 'cfL4;desc="?proto=TCP&rtt=3119&min_rtt=3116&rtt_var=1171&sent=4&recv=6&lost=0&retrans=0&sent_bytes=2825&recv_bytes=835&delivery_rate=929396&cwnd=52&unsent_bytes=0&cid=d6c214339f94c18b&ts=160&x=0"'} -+-+- b'error code: 502'
2026-07-10 05:32:50  ERROR     Handshake status 502 Bad Gateway -+-+- {'date': 'Fri, 10 Jul 2026 05:32:50 GMT', 'content-type': 'text/plain; charset=UTF-8', 'content-length': '15', 'connection': 'keep-alive', 'report-to': '{"endpoints":[{"url":"https:\\/\\/a.nel.cloudflare.com\\/report\\/v4?s=SpBviMg9ejmIugIavwTCs6FGoHPZd%2FDTCLevch2hy3pRUYjensPfRNCZzj73IAA80%2BhtuYlvFafb1EeTGvSDKEkY3J%2F0cx7yxGhtnHEyDakx3sBdOpZazgU08ouSWSTGhwFwTGKDZ4s%3D"}],"group":"cf-nel","max_age":604800}', 'nel': '{"success_fraction":0,"report_to":"cf-nel","max_age":604800}', 'x-frame-options': 'SAMEORIGIN', 'referrer-policy': 'same-origin', 'cache-control': 'private, max-age=0, no-store, no-cache, must-revalidate, post-check=0, pre-check=0', 'expires': 'Thu, 01 Jan 1970 00:00:01 GMT', 'server': 'cloudflare', 'cf-ray': 'a18d30b06f83a455-ARN', 'server-timing': 'cfL4;desc="?proto=TCP&rtt=3119&min_rtt=3116&rtt_var=1171&sent=4&recv=6&lost=0&retrans=0&sent_bytes=2825&recv_bytes=835&delivery_rate=929396&cwnd=52&unsent_bytes=0&cid=d6c214339f94c18b&ts=160&x=0"'} -+-+- b'error code: 502' - goodbye
2026-07-10 05:32:50  WARNING   WS DISCONNECTED  code=None  reason=None  trades=0  pnl=Rs+0.00
[Fri Jul 10 05:32:50 UTC 2026] Runner exited, restarting in 10s...
[Fri Jul 10 05:33:00 UTC 2026] Starting runner...
2026-07-10 05:33:00  INFO      ============================================================
2026-07-10 05:33:00  INFO      STARTUP  date=2026-07-10  pid=297841
2026-07-10 05:33:00  INFO      Strategy: Supertrend atr=14 mult=1.5 | 15-min | LIVE mode
2026-07-10 05:33:00  INFO      Resolving NSE tokens...
2026-07-10 05:33:00  DEBUG     Starting new HTTPS connection (1): piconnect.flattrade.in:443
2026-07-10 05:33:01  DEBUG     https://piconnect.flattrade.in:443 "POST /PiConnectAPI/SearchScrip HTTP/1.1" 200 None
2026-07-10 05:33:01  INFO      Resolved  HFCL             token=21951
2026-07-10 05:33:01  DEBUG     Starting new HTTPS connection (1): piconnect.flattrade.in:443
2026-07-10 05:33:01  DEBUG     https://piconnect.flattrade.in:443 "POST /PiConnectAPI/SearchScrip HTTP/1.1" 200 None
2026-07-10 05:33:01  INFO      Resolved  BANKBARODA       token=4668
2026-07-10 05:33:01  DEBUG     Starting new HTTPS connection (1): piconnect.flattrade.in:443
2026-07-10 05:33:01  DEBUG     https://piconnect.flattrade.in:443 "POST /PiConnectAPI/SearchScrip HTTP/1.1" 200 None
2026-07-10 05:33:01  INFO      Resolved  NMDC             token=15332
2026-07-10 05:33:01  DEBUG     Starting new HTTPS connection (1): piconnect.flattrade.in:443
2026-07-10 05:33:01  DEBUG     https://piconnect.flattrade.in:443 "POST /PiConnectAPI/SearchScrip HTTP/1.1" 200 None
2026-07-10 05:33:01  INFO      Resolved  CESC             token=628
2026-07-10 05:33:01  DEBUG     Starting new HTTPS connection (1): piconnect.flattrade.in:443
2026-07-10 05:33:02  DEBUG     https://piconnect.flattrade.in:443 "POST /PiConnectAPI/SearchScrip HTTP/1.1" 200 None
2026-07-10 05:33:02  INFO      Resolved  ZEEL             token=3812
2026-07-10 05:33:02  DEBUG     Starting new HTTPS connection (1): piconnect.flattrade.in:443
2026-07-10 05:33:02  DEBUG     https://piconnect.flattrade.in:443 "POST /PiConnectAPI/SearchScrip HTTP/1.1" 200 None
2026-07-10 05:33:02  INFO      Resolved  BALRAMCHIN       token=341
2026-07-10 05:33:02  DEBUG     Starting new HTTPS connection (1): piconnect.flattrade.in:443
2026-07-10 05:33:02  DEBUG     https://piconnect.flattrade.in:443 "POST /PiConnectAPI/SearchScrip HTTP/1.1" 200 None
2026-07-10 05:33:02  INFO      Resolved  GRANULES         token=11872
2026-07-10 05:33:02  DEBUG     Starting new HTTPS connection (1): piconnect.flattrade.in:443
2026-07-10 05:33:02  DEBUG     https://piconnect.flattrade.in:443 "POST /PiConnectAPI/SearchScrip HTTP/1.1" 200 None
2026-07-10 05:33:02  INFO      Resolved  SUZLON           token=12018
2026-07-10 05:33:02  DEBUG     Starting new HTTPS connection (1): piconnect.flattrade.in:443
2026-07-10 05:33:02  DEBUG     https://piconnect.flattrade.in:443 "POST /PiConnectAPI/PositionBook HTTP/1.1" 200 None
2026-07-10 05:33:02  DEBUG     Starting new HTTPS connection (1): piconnect.flattrade.in:443
2026-07-10 05:33:03  DEBUG     https://piconnect.flattrade.in:443 "POST /PiConnectAPI/Limits HTTP/1.1" 200 None
2026-07-10 05:33:03  INFO      *** LIVE MODE  cash=Rs0  4x=Rs0  K=4  per_trade=Rs1000 ***
2026-07-10 05:33:03  INFO      8 stocks | Rs1000/trade | K=4 | EOD 15:00 IST
2026-07-10 05:33:03  INFO      ============================================================
2026-07-10 05:33:03  ERROR     WS ERROR  Handshake status 502 Bad Gateway -+-+- {'date': 'Fri, 10 Jul 2026 05:33:03 GMT', 'content-type': 'text/plain; charset=UTF-8', 'content-length': '15', 'connection': 'keep-alive', 'report-to': '{"endpoints":[{"url":"https:\\/\\/a.nel.cloudflare.com\\/report\\/v4?s=5gZiEsPULfpKEj6ljASDDxlql9FLDjTf9vGWXnKiCM75o4JcVrgs3aMRvcp7PfARrE0e%2BxisXCjKFcuYN%2BBepcu%2BwHt%2BNiaI4fUwBtiejCpDEEd09Dyz83bDSy0zWHZ5ZVJar%2BGO3AY%3D"}],"group":"cf-nel","max_age":604800}', 'nel': '{"success_fraction":0,"report_to":"cf-nel","max_age":604800}', 'x-frame-options': 'SAMEORIGIN', 'referrer-policy': 'same-origin', 'cache-control': 'private, max-age=0, no-store, no-cache, must-revalidate, post-check=0, pre-check=0', 'expires': 'Thu, 01 Jan 1970 00:00:01 GMT', 'server': 'cloudflare', 'cf-ray': 'a18d30fe1a609082-ARN', 'server-timing': 'cfL4;desc="?proto=TCP&rtt=3870&min_rtt=3840&rtt_var=1462&sent=4&recv=6&lost=0&retrans=0&sent_bytes=2825&recv_bytes=835&delivery_rate=754166&cwnd=52&unsent_bytes=0&cid=a412183926deb277&ts=459&x=0"'} -+-+- b'error code: 502'
2026-07-10 05:33:03  ERROR     Handshake status 502 Bad Gateway -+-+- {'date': 'Fri, 10 Jul 2026 05:33:03 GMT', 'content-type': 'text/plain; charset=UTF-8', 'content-length': '15', 'connection': 'keep-alive', 'report-to': '{"endpoints":[{"url":"https:\\/\\/a.nel.cloudflare.com\\/report\\/v4?s=5gZiEsPULfpKEj6ljASDDxlql9FLDjTf9vGWXnKiCM75o4JcVrgs3aMRvcp7PfARrE0e%2BxisXCjKFcuYN%2BBepcu%2BwHt%2BNiaI4fUwBtiejCpDEEd09Dyz83bDSy0zWHZ5ZVJar%2BGO3AY%3D"}],"group":"cf-nel","max_age":604800}', 'nel': '{"success_fraction":0,"report_to":"cf-nel","max_age":604800}', 'x-frame-options': 'SAMEORIGIN', 'referrer-policy': 'same-origin', 'cache-control': 'private, max-age=0, no-store, no-cache, must-revalidate, post-check=0, pre-check=0', 'expires': 'Thu, 01 Jan 1970 00:00:01 GMT', 'server': 'cloudflare', 'cf-ray': 'a18d30fe1a609082-ARN', 'server-timing': 'cfL4;desc="?proto=TCP&rtt=3870&min_rtt=3840&rtt_var=1462&sent=4&recv=6&lost=0&retrans=0&sent_bytes=2825&recv_bytes=835&delivery_rate=754166&cwnd=52&unsent_bytes=0&cid=a412183926deb277&ts=459&x=0"'} -+-+- b'error code: 502' - goodbye
2026-07-10 05:33:03  WARNING   WS DISCONNECTED  code=None  reason=None  trades=0  pnl=Rs+0.00
[Fri Jul 10 05:33:03 UTC 2026] Runner exited, restarting in 10s...
[Fri Jul 10 05:33:13 UTC 2026] Starting runner...
2026-07-10 05:33:13  INFO      ============================================================
2026-07-10 05:33:13  INFO      STARTUP  date=2026-07-10  pid=297848
2026-07-10 05:33:13  INFO      Strategy: Supertrend atr=14 mult=1.5 | 15-min | LIVE mode
2026-07-10 05:33:13  INFO      Resolving NSE tokens...
2026-07-10 05:33:13  DEBUG     Starting new HTTPS connection (1): piconnect.flattrade.in:443
2026-07-10 05:33:13  DEBUG     https://piconnect.flattrade.in:443 "POST /PiConnectAPI/SearchScrip HTTP/1.1" 200 None
2026-07-10 05:33:13  INFO      Resolved  HFCL             token=21951
2026-07-10 05:33:13  DEBUG     Starting new HTTPS connection (1): piconnect.flattrade.in:443
2026-07-10 05:33:14  DEBUG     https://piconnect.flattrade.in:443 "POST /PiConnectAPI/SearchScrip HTTP/1.1" 200 None
2026-07-10 05:33:14  INFO      Resolved  BANKBARODA       token=4668
2026-07-10 05:33:14  DEBUG     Starting new HTTPS connection (1): piconnect.flattrade.in:443
2026-07-10 05:33:14  DEBUG     https://piconnect.flattrade.in:443 "POST /PiConnectAPI/SearchScrip HTTP/1.1" 200 None
2026-07-10 05:33:14  INFO      Resolved  NMDC             token=15332
2026-07-10 05:33:14  DEBUG     Starting new HTTPS connection (1): piconnect.flattrade.in:443
2026-07-10 05:33:14  DEBUG     https://piconnect.flattrade.in:443 "POST /PiConnectAPI/SearchScrip HTTP/1.1" 200 None
2026-07-10 05:33:14  INFO      Resolved  CESC             token=628
2026-07-10 05:33:14  DEBUG     Starting new HTTPS connection (1): piconnect.flattrade.in:443
2026-07-10 05:33:14  DEBUG     https://piconnect.flattrade.in:443 "POST /PiConnectAPI/SearchScrip HTTP/1.1" 200 None
2026-07-10 05:33:14  INFO      Resolved  ZEEL             token=3812
2026-07-10 05:33:14  DEBUG     Starting new HTTPS connection (1): piconnect.flattrade.in:443
2026-07-10 05:33:14  DEBUG     https://piconnect.flattrade.in:443 "POST /PiConnectAPI/SearchScrip HTTP/1.1" 200 None
2026-07-10 05:33:14  INFO      Resolved  BALRAMCHIN       token=341
2026-07-10 05:33:14  DEBUG     Starting new HTTPS connection (1): piconnect.flattrade.in:443
2026-07-10 05:33:15  DEBUG     https://piconnect.flattrade.in:443 "POST /PiConnectAPI/SearchScrip HTTP/1.1" 200 None
2026-07-10 05:33:15  INFO      Resolved  GRANULES         token=11872
2026-07-10 05:33:15  DEBUG     Starting new HTTPS connection (1): piconnect.flattrade.in:443
2026-07-10 05:33:15  DEBUG     https://piconnect.flattrade.in:443 "POST /PiConnectAPI/SearchScrip HTTP/1.1" 200 None
2026-07-10 05:33:15  INFO      Resolved  SUZLON           token=12018
2026-07-10 05:33:15  DEBUG     Starting new HTTPS connection (1): piconnect.flattrade.in:443
2026-07-10 05:33:15  DEBUG     https://piconnect.flattrade.in:443 "POST /PiConnectAPI/PositionBook HTTP/1.1" 200 None
2026-07-10 05:33:15  DEBUG     Starting new HTTPS connection (1): piconnect.flattrade.in:443
2026-07-10 05:33:15  DEBUG     https://piconnect.flattrade.in:443 "POST /PiConnectAPI/Limits HTTP/1.1" 200 None
2026-07-10 05:33:15  INFO      *** LIVE MODE  cash=Rs0  4x=Rs0  K=4  per_trade=Rs1000 ***
2026-07-10 05:33:15  INFO      8 stocks | Rs1000/trade | K=4 | EOD 15:00 IST
2026-07-10 05:33:15  INFO      ============================================================
2026-07-10 05:33:16  INFO      Websocket connected
2026-07-10 05:33:16  INFO      WS CONNECTED  subscribed=8 instruments
2026-07-10 05:33:16  INFO      Ticks -> data/2026-07-10/ticks.jsonl
2026-07-10 05:34:16  DEBUG     Sending ping
2026-07-10 05:34:46  DEBUG     Sending ping
2026-07-10 05:35:16  DEBUG     Sending ping
2026-07-10 05:35:46  DEBUG     Sending ping
2026-07-10 05:36:16  DEBUG     Sending ping
2026-07-10 05:36:46  DEBUG     Sending ping
2026-07-10 05:37:16  DEBUG     Sending ping
2026-07-10 05:37:46  DEBUG     Sending ping
2026-07-10 05:38:16  DEBUG     Sending ping
2026-07-10 05:38:46  DEBUG     Sending ping
2026-07-10 05:39:16  DEBUG     Sending ping
2026-07-10 05:39:46  DEBUG     Sending ping
2026-07-10 05:40:16  DEBUG     Sending ping
2026-07-10 05:40:46  DEBUG     Sending ping
2026-07-10 05:41:16  DEBUG     Sending ping
2026-07-10 05:41:46  DEBUG     Sending ping
2026-07-10 05:42:16  DEBUG     Sending ping
2026-07-10 05:42:46  DEBUG     Sending ping
2026-07-10 05:43:16  DEBUG     Sending ping
2026-07-10 05:43:46  DEBUG     Sending ping
2026-07-10 05:44:16  DEBUG     Sending ping
2026-07-10 05:44:46  DEBUG     Sending ping
2026-07-10 05:45:02  DEBUG     CANDLE  ZEEL          O=101.15  H=101.15  L=100.71  C=100.80
2026-07-10 05:45:02  DEBUG     CANDLE  BANKBARODA    O=248.60  H=249.20  L=248.55  C=249.05
2026-07-10 05:45:02  DEBUG     CANDLE  HFCL          O=220.50  H=221.60  L=219.70  C=220.31
2026-07-10 05:45:02  DEBUG     Starting new HTTPS connection (1): piconnect.flattrade.in:443
2026-07-10 05:45:02  DEBUG     https://piconnect.flattrade.in:443 "POST /PiConnectAPI/Limits HTTP/1.1" 200 None
2026-07-10 05:45:02  ERROR     CNC BUY HFCL skipped — no capital left (committed=Rs0.00)
2026-07-10 05:45:03  DEBUG     CANDLE  NMDC          O=85.40  H=85.42  L=85.31  C=85.34
2026-07-10 05:45:10  DEBUG     CANDLE  SUZLON        O=54.26  H=54.27  L=54.12  C=54.14
2026-07-10 05:45:10  DEBUG     CANDLE  CESC          O=166.13  H=166.19  L=164.80  C=165.64
2026-07-10 05:45:15  DEBUG     CANDLE  GRANULES      O=897.45  H=901.55  L=897.40  C=899.70
2026-07-10 05:45:15  DEBUG     Starting new HTTPS connection (1): piconnect.flattrade.in:443
2026-07-10 05:45:16  DEBUG     https://piconnect.flattrade.in:443 "POST /PiConnectAPI/Limits HTTP/1.1" 200 None
2026-07-10 05:45:16  ERROR     MIS BUY GRANULES skipped — no capital left (committed=Rs0.00)
2026-07-10 05:45:16  DEBUG     Sending ping
2026-07-10 05:45:20  DEBUG     CANDLE  BALRAMCHIN    O=564.10  H=565.65  L=564.00  C=564.00
2026-07-10 05:45:20  DEBUG     Starting new HTTPS connection (1): piconnect.flattrade.in:443
2026-07-10 05:45:20  DEBUG     https://piconnect.flattrade.in:443 "POST /PiConnectAPI/Holdings HTTP/1.1" 200 2
2026-07-10 05:45:20  ERROR     CNC SELL BALRAMCHIN skipped — no holdings found in demat
2026-07-10 05:45:46  DEBUG     Sending ping
2026-07-10 05:46:16  DEBUG     Sending ping
2026-07-10 05:46:46  DEBUG     Sending ping
2026-07-10 05:47:16  DEBUG     Sending ping
2026-07-10 05:47:46  DEBUG     Sending ping
2026-07-10 05:48:16  DEBUG     Sending ping
2026-07-10 05:48:46  DEBUG     Sending ping
2026-07-10 05:49:16  DEBUG     Sending ping
2026-07-10 05:49:46  DEBUG     Sending ping
2026-07-10 05:50:16  DEBUG     Sending ping
2026-07-10 05:50:46  DEBUG     Sending ping
2026-07-10 05:51:16  DEBUG     Sending ping
2026-07-10 05:51:46  DEBUG     Sending ping
2026-07-10 05:52:16  DEBUG     Sending ping
2026-07-10 05:52:46  DEBUG     Sending ping
2026-07-10 05:53:16  DEBUG     Sending ping
2026-07-10 05:53:46  DEBUG     Sending ping
2026-07-10 05:54:16  DEBUG     Sending ping
2026-07-10 05:54:46  DEBUG     Sending ping
2026-07-10 05:55:16  DEBUG     Sending ping
2026-07-10 05:55:46  DEBUG     Sending ping
2026-07-10 05:56:16  DEBUG     Sending ping
2026-07-10 05:56:46  DEBUG     Sending ping
2026-07-10 05:57:16  DEBUG     Sending ping
2026-07-10 05:57:46  DEBUG     Sending ping
2026-07-10 05:58:16  DEBUG     Sending ping
2026-07-10 05:58:46  DEBUG     Sending ping
2026-07-10 05:59:16  DEBUG     Sending ping
2026-07-10 05:59:46  DEBUG     Sending ping
2026-07-10 06:00:00  DEBUG     CANDLE  BALRAMCHIN    O=564.50  H=564.95  L=564.15  C=564.65
2026-07-10 06:00:01  DEBUG     CANDLE  HFCL          O=220.33  H=221.25  L=219.88  C=220.60
2026-07-10 06:00:01  DEBUG     CANDLE  BANKBARODA    O=249.00  H=249.20  L=248.65  C=248.70
2026-07-10 06:00:01  DEBUG     CANDLE  SUZLON        O=54.13  H=54.16  L=54.05  C=54.06
2026-07-10 06:00:06  DEBUG     CANDLE  GRANULES      O=899.35  H=901.00  L=898.70  C=900.50
2026-07-10 06:00:09  DEBUG     CANDLE  ZEEL          O=100.76  H=100.83  L=100.61  C=100.73
2026-07-10 06:00:10  DEBUG     CANDLE  NMDC          O=85.35  H=85.50  L=85.33  C=85.39
2026-07-10 06:00:16  DEBUG     Sending ping
2026-07-10 06:00:26  DEBUG     CANDLE  CESC          O=165.68  H=165.76  L=164.90  C=165.46
2026-07-10 06:00:46  DEBUG     Sending ping
2026-07-10 06:01:16  DEBUG     Sending ping
2026-07-10 06:01:46  DEBUG     Sending ping
2026-07-10 06:02:16  DEBUG     Sending ping
2026-07-10 06:02:46  DEBUG     Sending ping
2026-07-10 06:03:16  DEBUG     Sending ping
2026-07-10 06:03:46  DEBUG     Sending ping
2026-07-10 06:04:16  DEBUG     Sending ping
2026-07-10 06:04:46  DEBUG     Sending ping
2026-07-10 06:05:16  DEBUG     Sending ping
2026-07-10 06:05:46  DEBUG     Sending ping
2026-07-10 06:06:16  DEBUG     Sending ping
2026-07-10 06:06:46  DEBUG     Sending ping
2026-07-10 06:07:16  DEBUG     Sending ping
2026-07-10 06:07:46  DEBUG     Sending ping
2026-07-10 06:08:16  DEBUG     Sending ping
2026-07-10 06:08:46  DEBUG     Sending ping
2026-07-10 06:09:16  DEBUG     Sending ping
2026-07-10 06:09:46  DEBUG     Sending ping
2026-07-10 06:10:16  DEBUG     Sending ping
2026-07-10 06:10:46  DEBUG     Sending ping
2026-07-10 06:11:16  DEBUG     Sending ping
2026-07-10 06:11:46  DEBUG     Sending ping
2026-07-10 06:12:16  DEBUG     Sending ping
2026-07-10 06:12:46  DEBUG     Sending ping
2026-07-10 06:13:16  DEBUG     Sending ping
2026-07-10 06:13:46  DEBUG     Sending ping
2026-07-10 06:14:16  DEBUG     Sending ping
2026-07-10 06:14:46  DEBUG     Sending ping
2026-07-10 06:15:02  DEBUG     CANDLE  ZEEL          O=100.76  H=100.83  L=100.58  C=100.60
2026-07-10 06:15:02  DEBUG     CANDLE  BANKBARODA    O=248.80  H=248.85  L=248.30  C=248.40
2026-07-10 06:15:02  DEBUG     CANDLE  GRANULES      O=900.35  H=900.65  L=895.20  C=895.20
2026-07-10 06:15:03  DEBUG     CANDLE  SUZLON        O=54.05  H=54.14  L=54.01  C=54.03
2026-07-10 06:15:05  DEBUG     CANDLE  NMDC          O=85.37  H=85.41  L=85.26  C=85.28
2026-07-10 06:15:08  DEBUG     CANDLE  BALRAMCHIN    O=564.90  H=565.20  L=564.00  C=564.00
2026-07-10 06:15:10  DEBUG     CANDLE  CESC          O=165.47  H=165.65  L=164.96  C=165.02
2026-07-10 06:15:10  DEBUG     CANDLE  HFCL          O=220.56  H=220.90  L=219.35  C=219.36
2026-07-10 06:15:16  DEBUG     Sending ping
2026-07-10 06:15:46  DEBUG     Sending ping
2026-07-10 06:16:16  DEBUG     Sending ping
2026-07-10 06:16:46  DEBUG     Sending ping
2026-07-10 06:17:16  DEBUG     Sending ping
2026-07-10 06:17:46  DEBUG     Sending ping
2026-07-10 06:18:16  DEBUG     Sending ping
2026-07-10 06:18:46  DEBUG     Sending ping
2026-07-10 06:19:16  DEBUG     Sending ping
2026-07-10 06:19:46  DEBUG     Sending ping
2026-07-10 06:20:16  DEBUG     Sending ping
2026-07-10 06:20:46  DEBUG     Sending ping
2026-07-10 06:21:16  DEBUG     Sending ping
2026-07-10 06:21:46  DEBUG     Sending ping
2026-07-10 06:22:16  DEBUG     Sending ping
2026-07-10 06:22:46  DEBUG     Sending ping
2026-07-10 06:23:16  DEBUG     Sending ping
2026-07-10 06:23:46  DEBUG     Sending ping
2026-07-10 06:24:16  DEBUG     Sending ping
2026-07-10 06:24:46  DEBUG     Sending ping
2026-07-10 06:25:16  DEBUG     Sending ping
2026-07-10 06:25:46  DEBUG     Sending ping
2026-07-10 06:26:16  DEBUG     Sending ping
2026-07-10 06:26:46  DEBUG     Sending ping
2026-07-10 06:27:16  DEBUG     Sending ping
2026-07-10 06:27:46  DEBUG     Sending ping
2026-07-10 06:28:16  DEBUG     Sending ping
2026-07-10 06:28:46  DEBUG     Sending ping
2026-07-10 06:29:16  DEBUG     Sending ping
2026-07-10 06:29:46  DEBUG     Sending ping
2026-07-10 06:30:00  DEBUG     CANDLE  BANKBARODA    O=248.45  H=248.80  L=248.35  C=248.75
2026-07-10 06:30:02  DEBUG     CANDLE  NMDC          O=85.27  H=85.28  L=85.08  C=85.21
2026-07-10 06:30:03  DEBUG     CANDLE  ZEEL          O=100.64  H=100.71  L=100.54  C=100.55
2026-07-10 06:30:03  DEBUG     CANDLE  SUZLON        O=54.01  H=54.09  L=53.99  C=54.07
2026-07-10 06:30:03  DEBUG     CANDLE  HFCL          O=219.40  H=220.98  L=219.40  C=220.10
2026-07-10 06:30:04  DEBUG     CANDLE  GRANULES      O=895.60  H=896.80  L=890.10  C=892.00
2026-07-10 06:30:06  DEBUG     CANDLE  CESC          O=165.04  H=165.25  L=163.80  C=163.99
2026-07-10 06:30:06  DEBUG     Starting new HTTPS connection (1): piconnect.flattrade.in:443
2026-07-10 06:30:06  DEBUG     https://piconnect.flattrade.in:443 "POST /PiConnectAPI/Holdings HTTP/1.1" 200 2
2026-07-10 06:30:06  ERROR     CNC SELL CESC skipped — no holdings found in demat
2026-07-10 06:30:10  DEBUG     CANDLE  BALRAMCHIN    O=564.40  H=564.40  L=563.20  C=563.20
2026-07-10 06:30:16  DEBUG     Sending ping
2026-07-10 06:30:46  DEBUG     Sending ping
2026-07-10 06:31:16  DEBUG     Sending ping
2026-07-10 06:31:46  DEBUG     Sending ping
2026-07-10 06:32:16  DEBUG     Sending ping
2026-07-10 06:32:46  DEBUG     Sending ping
2026-07-10 06:33:16  DEBUG     Sending ping
2026-07-10 06:33:46  DEBUG     Sending ping
2026-07-10 06:34:16  DEBUG     Sending ping
2026-07-10 06:34:46  DEBUG     Sending ping
2026-07-10 06:35:16  DEBUG     Sending ping
2026-07-10 06:35:46  DEBUG     Sending ping
2026-07-10 06:36:16  DEBUG     Sending ping
2026-07-10 06:36:46  DEBUG     Sending ping
2026-07-10 06:37:16  DEBUG     Sending ping
2026-07-10 06:37:46  DEBUG     Sending ping
2026-07-10 06:38:16  DEBUG     Sending ping
2026-07-10 06:38:46  DEBUG     Sending ping
2026-07-10 06:39:16  DEBUG     Sending ping
2026-07-10 06:39:46  DEBUG     Sending ping
2026-07-10 06:40:16  DEBUG     Sending ping
2026-07-10 06:40:46  DEBUG     Sending ping
2026-07-10 06:41:16  DEBUG     Sending ping
2026-07-10 06:41:46  DEBUG     Sending ping
2026-07-10 06:42:16  DEBUG     Sending ping
2026-07-10 06:42:46  DEBUG     Sending ping
2026-07-10 06:43:16  DEBUG     Sending ping
2026-07-10 06:43:46  DEBUG     Sending ping
2026-07-10 06:44:16  DEBUG     Sending ping
2026-07-10 06:44:46  DEBUG     Sending ping
2026-07-10 06:45:00  DEBUG     CANDLE  HFCL          O=220.06  H=220.43  L=219.50  C=219.63
2026-07-10 06:45:02  DEBUG     CANDLE  BANKBARODA    O=248.80  H=249.05  L=248.60  C=249.05
2026-07-10 06:45:04  DEBUG     CANDLE  GRANULES      O=891.90  H=893.95  L=886.70  C=887.00
2026-07-10 06:45:06  DEBUG     CANDLE  ZEEL          O=100.56  H=100.75  L=100.51  C=100.52
2026-07-10 06:45:06  DEBUG     CANDLE  CESC          O=164.05  H=164.41  L=163.93  C=164.27
2026-07-10 06:45:07  DEBUG     CANDLE  NMDC          O=85.22  H=85.22  L=84.92  C=85.00
2026-07-10 06:45:10  DEBUG     CANDLE  SUZLON        O=54.08  H=54.19  L=54.07  C=54.15
2026-07-10 06:45:16  DEBUG     Sending ping
2026-07-10 06:45:46  DEBUG     Sending ping
2026-07-10 06:46:04  DEBUG     CANDLE  BALRAMCHIN    O=563.60  H=563.85  L=563.10  C=563.45
2026-07-10 06:46:16  DEBUG     Sending ping
2026-07-10 06:46:46  DEBUG     Sending ping
2026-07-10 06:47:16  DEBUG     Sending ping
2026-07-10 06:47:46  DEBUG     Sending ping
2026-07-10 06:48:16  DEBUG     Sending ping
2026-07-10 06:48:46  DEBUG     Sending ping
2026-07-10 06:49:16  DEBUG     Sending ping
2026-07-10 06:49:46  DEBUG     Sending ping
2026-07-10 06:50:16  DEBUG     Sending ping
2026-07-10 06:50:46  DEBUG     Sending ping
2026-07-10 06:51:16  DEBUG     Sending ping
2026-07-10 06:51:46  DEBUG     Sending ping
2026-07-10 06:52:16  DEBUG     Sending ping
2026-07-10 06:52:46  DEBUG     Sending ping
2026-07-10 06:53:16  DEBUG     Sending ping
2026-07-10 06:53:46  DEBUG     Sending ping
2026-07-10 06:54:16  DEBUG     Sending ping
2026-07-10 06:54:46  DEBUG     Sending ping
2026-07-10 06:55:16  DEBUG     Sending ping
2026-07-10 06:55:46  DEBUG     Sending ping
2026-07-10 06:56:16  DEBUG     Sending ping
2026-07-10 06:56:46  DEBUG     Sending ping
2026-07-10 06:57:16  DEBUG     Sending ping
2026-07-10 06:57:46  DEBUG     Sending ping
2026-07-10 06:58:16  DEBUG     Sending ping
2026-07-10 06:58:46  DEBUG     Sending ping
2026-07-10 06:59:16  DEBUG     Sending ping
2026-07-10 06:59:46  DEBUG     Sending ping
2026-07-10 07:00:01  DEBUG     CANDLE  BANKBARODA    O=249.00  H=249.45  L=248.85  C=249.25
2026-07-10 07:00:02  DEBUG     CANDLE  NMDC          O=84.98  H=85.10  L=84.94  C=85.07
2026-07-10 07:00:07  DEBUG     CANDLE  ZEEL          O=100.56  H=100.73  L=100.50  C=100.55
2026-07-10 07:00:07  DEBUG     CANDLE  SUZLON        O=54.16  H=54.23  L=54.10  C=54.20
2026-07-10 07:00:07  DEBUG     CANDLE  CESC          O=164.30  H=164.50  L=164.11  C=164.16
2026-07-10 07:00:08  DEBUG     CANDLE  HFCL          O=219.75  H=219.81  L=218.20  C=218.95
2026-07-10 07:00:13  DEBUG     CANDLE  GRANULES      O=886.95  H=889.00  L=885.65  C=888.75
2026-07-10 07:00:16  DEBUG     Sending ping
2026-07-10 07:00:35  DEBUG     CANDLE  BALRAMCHIN    O=563.15  H=567.60  L=562.60  C=563.70
2026-07-10 07:00:46  DEBUG     Sending ping
2026-07-10 07:01:16  DEBUG     Sending ping
2026-07-10 07:01:46  DEBUG     Sending ping
2026-07-10 07:02:16  DEBUG     Sending ping
2026-07-10 07:02:46  DEBUG     Sending ping
2026-07-10 07:03:16  DEBUG     Sending ping
2026-07-10 07:03:46  DEBUG     Sending ping
2026-07-10 07:04:16  DEBUG     Sending ping
2026-07-10 07:04:46  DEBUG     Sending ping
2026-07-10 07:05:16  DEBUG     Sending ping
2026-07-10 07:05:46  DEBUG     Sending ping
2026-07-10 07:06:16  DEBUG     Sending ping
2026-07-10 07:06:46  DEBUG     Sending ping
2026-07-10 07:07:16  DEBUG     Sending ping
2026-07-10 07:07:46  DEBUG     Sending ping
2026-07-10 07:08:16  DEBUG     Sending ping
2026-07-10 07:08:46  DEBUG     Sending ping
2026-07-10 07:09:16  DEBUG     Sending ping
2026-07-10 07:09:46  DEBUG     Sending ping
2026-07-10 07:10:16  DEBUG     Sending ping
2026-07-10 07:10:46  DEBUG     Sending ping
2026-07-10 07:11:16  DEBUG     Sending ping
2026-07-10 07:11:46  DEBUG     Sending ping
2026-07-10 07:12:16  DEBUG     Sending ping
2026-07-10 07:12:46  DEBUG     Sending ping
2026-07-10 07:13:16  DEBUG     Sending ping
2026-07-10 07:13:46  DEBUG     Sending ping
2026-07-10 07:14:16  DEBUG     Sending ping
2026-07-10 07:14:46  DEBUG     Sending ping
2026-07-10 07:15:00  DEBUG     CANDLE  BANKBARODA    O=249.40  H=250.75  L=248.75  C=250.45
2026-07-10 07:15:01  DEBUG     CANDLE  SUZLON        O=54.17  H=54.23  L=54.12  C=54.15
2026-07-10 07:15:01  DEBUG     CANDLE  CESC          O=164.25  H=164.61  L=164.14  C=164.48
2026-07-10 07:15:03  DEBUG     CANDLE  GRANULES      O=888.25  H=888.85  L=887.00  C=888.20
2026-07-10 07:15:04  DEBUG     CANDLE  HFCL          O=218.91  H=219.36  L=217.54  C=217.75
2026-07-10 07:15:06  DEBUG     CANDLE  NMDC          O=85.09  H=85.09  L=84.85  C=84.94
2026-07-10 07:15:06  DEBUG     Starting new HTTPS connection (1): piconnect.flattrade.in:443
2026-07-10 07:15:07  DEBUG     https://piconnect.flattrade.in:443 "POST /PiConnectAPI/Holdings HTTP/1.1" 200 2
2026-07-10 07:15:07  ERROR     CNC SELL NMDC skipped — no holdings found in demat
2026-07-10 07:15:16  DEBUG     Sending ping
2026-07-10 07:15:39  DEBUG     CANDLE  ZEEL          O=100.59  H=100.60  L=100.26  C=100.40
2026-07-10 07:15:46  DEBUG     Sending ping
2026-07-10 07:16:16  DEBUG     Sending ping
2026-07-10 07:16:46  DEBUG     Sending ping
2026-07-10 07:16:57  DEBUG     CANDLE  BALRAMCHIN    O=563.50  H=566.95  L=563.05  C=564.00
2026-07-10 07:17:16  DEBUG     Sending ping
2026-07-10 07:17:46  DEBUG     Sending ping
2026-07-10 07:18:16  DEBUG     Sending ping
2026-07-10 07:18:46  DEBUG     Sending ping
2026-07-10 07:19:16  DEBUG     Sending ping
2026-07-10 07:19:46  DEBUG     Sending ping
2026-07-10 07:20:16  DEBUG     Sending ping
2026-07-10 07:20:46  DEBUG     Sending ping
2026-07-10 07:21:16  DEBUG     Sending ping
2026-07-10 07:21:46  DEBUG     Sending ping
2026-07-10 07:22:16  DEBUG     Sending ping
2026-07-10 07:22:46  DEBUG     Sending ping
2026-07-10 07:23:16  DEBUG     Sending ping
2026-07-10 07:23:46  DEBUG     Sending ping
2026-07-10 07:24:16  DEBUG     Sending ping
2026-07-10 07:24:46  DEBUG     Sending ping
2026-07-10 07:25:16  DEBUG     Sending ping
2026-07-10 07:25:46  DEBUG     Sending ping
2026-07-10 07:26:16  DEBUG     Sending ping
2026-07-10 07:26:46  DEBUG     Sending ping
2026-07-10 07:27:16  DEBUG     Sending ping
2026-07-10 07:27:46  DEBUG     Sending ping
2026-07-10 07:28:16  DEBUG     Sending ping
2026-07-10 07:28:46  DEBUG     Sending ping
2026-07-10 07:29:16  DEBUG     Sending ping
2026-07-10 07:29:46  DEBUG     Sending ping
2026-07-10 07:30:01  DEBUG     CANDLE  GRANULES      O=888.35  H=888.50  L=886.45  C=886.65
2026-07-10 07:30:01  DEBUG     CANDLE  BANKBARODA    O=250.55  H=252.25  L=250.25  C=251.75
2026-07-10 07:30:04  DEBUG     CANDLE  ZEEL          O=100.33  H=100.53  L=100.30  C=100.35
2026-07-10 07:30:04  DEBUG     CANDLE  BALRAMCHIN    O=564.15  H=566.40  L=563.70  C=566.20
2026-07-10 07:30:04  DEBUG     CANDLE  HFCL          O=217.70  H=218.64  L=217.25  C=218.19
2026-07-10 07:30:05  DEBUG     CANDLE  SUZLON        O=54.16  H=54.20  L=54.10  C=54.13
2026-07-10 07:30:07  DEBUG     CANDLE  NMDC          O=84.95  H=85.22  L=84.92  C=85.18
2026-07-10 07:30:10  DEBUG     CANDLE  CESC          O=164.49  H=164.73  L=164.31  C=164.40
2026-07-10 07:30:16  DEBUG     Sending ping
2026-07-10 07:30:46  DEBUG     Sending ping
2026-07-10 07:31:16  DEBUG     Sending ping
2026-07-10 07:31:46  DEBUG     Sending ping
2026-07-10 07:32:16  DEBUG     Sending ping
2026-07-10 07:32:46  DEBUG     Sending ping
2026-07-10 07:33:16  DEBUG     Sending ping
2026-07-10 07:33:46  DEBUG     Sending ping
2026-07-10 07:34:16  DEBUG     Sending ping
2026-07-10 07:34:46  DEBUG     Sending ping
2026-07-10 07:35:16  DEBUG     Sending ping
2026-07-10 07:35:46  DEBUG     Sending ping
2026-07-10 07:36:16  DEBUG     Sending ping
2026-07-10 07:36:46  DEBUG     Sending ping
2026-07-10 07:37:16  DEBUG     Sending ping
2026-07-10 07:37:46  DEBUG     Sending ping
2026-07-10 07:38:16  DEBUG     Sending ping
2026-07-10 07:38:46  DEBUG     Sending ping
2026-07-10 07:39:16  DEBUG     Sending ping
2026-07-10 07:39:46  DEBUG     Sending ping
2026-07-10 07:40:16  DEBUG     Sending ping
2026-07-10 07:40:46  DEBUG     Sending ping
2026-07-10 07:41:16  DEBUG     Sending ping
2026-07-10 07:41:46  DEBUG     Sending ping
2026-07-10 07:42:16  DEBUG     Sending ping
2026-07-10 07:42:46  DEBUG     Sending ping
2026-07-10 07:43:16  DEBUG     Sending ping
2026-07-10 07:43:46  DEBUG     Sending ping
2026-07-10 07:44:16  DEBUG     Sending ping
2026-07-10 07:44:46  DEBUG     Sending ping
2026-07-10 07:45:00  DEBUG     CANDLE  BANKBARODA    O=251.70  H=254.35  L=251.30  C=251.50
2026-07-10 07:45:01  DEBUG     CANDLE  SUZLON        O=54.12  H=54.18  L=54.10  C=54.12
2026-07-10 07:45:01  DEBUG     CANDLE  BALRAMCHIN    O=566.10  H=566.10  L=563.85  C=563.90
2026-07-10 07:45:02  DEBUG     CANDLE  NMDC          O=85.15  H=85.46  L=85.15  C=85.32
2026-07-10 07:45:03  DEBUG     CANDLE  ZEEL          O=100.37  H=100.48  L=100.20  C=100.39
2026-07-10 07:45:03  DEBUG     CANDLE  HFCL          O=218.15  H=218.33  L=217.50  C=217.95
2026-07-10 07:45:08  DEBUG     CANDLE  CESC          O=164.32  H=164.51  L=164.18  C=164.27
2026-07-10 07:45:09  DEBUG     CANDLE  GRANULES      O=886.90  H=890.00  L=886.50  C=890.00
2026-07-10 07:45:16  DEBUG     Sending ping
2026-07-10 07:45:46  DEBUG     Sending ping
2026-07-10 07:46:16  DEBUG     Sending ping
2026-07-10 07:46:46  DEBUG     Sending ping
2026-07-10 07:47:16  DEBUG     Sending ping
2026-07-10 07:47:46  DEBUG     Sending ping
2026-07-10 07:48:16  DEBUG     Sending ping
2026-07-10 07:48:46  DEBUG     Sending ping
2026-07-10 07:49:16  DEBUG     Sending ping
2026-07-10 07:49:46  DEBUG     Sending ping
2026-07-10 07:50:16  DEBUG     Sending ping
2026-07-10 07:50:46  DEBUG     Sending ping
2026-07-10 07:51:16  DEBUG     Sending ping
2026-07-10 07:51:46  DEBUG     Sending ping
2026-07-10 07:52:16  DEBUG     Sending ping
2026-07-10 07:52:46  DEBUG     Sending ping
2026-07-10 07:53:16  DEBUG     Sending ping
2026-07-10 07:53:46  DEBUG     Sending ping
2026-07-10 07:54:16  DEBUG     Sending ping
2026-07-10 07:54:46  DEBUG     Sending ping
2026-07-10 07:55:16  DEBUG     Sending ping
2026-07-10 07:55:46  DEBUG     Sending ping
2026-07-10 07:56:16  DEBUG     Sending ping
2026-07-10 07:56:46  DEBUG     Sending ping
2026-07-10 07:57:16  DEBUG     Sending ping
2026-07-10 07:57:46  DEBUG     Sending ping
2026-07-10 07:58:16  DEBUG     Sending ping
2026-07-10 07:58:46  DEBUG     Sending ping
2026-07-10 07:59:16  DEBUG     Sending ping
2026-07-10 07:59:46  DEBUG     Sending ping
2026-07-10 08:00:00  DEBUG     CANDLE  BANKBARODA    O=251.60  H=251.90  L=250.15  C=250.95
2026-07-10 08:00:00  DEBUG     Starting new HTTPS connection (1): piconnect.flattrade.in:443
2026-07-10 08:00:00  DEBUG     https://piconnect.flattrade.in:443 "POST /PiConnectAPI/Holdings HTTP/1.1" 200 2
2026-07-10 08:00:00  ERROR     CNC SELL BANKBARODA skipped — no holdings found in demat
2026-07-10 08:00:03  DEBUG     CANDLE  HFCL          O=218.00  H=218.10  L=216.23  C=216.31
2026-07-10 08:00:06  DEBUG     CANDLE  ZEEL          O=100.37  H=100.69  L=100.06  C=100.15
2026-07-10 08:00:06  DEBUG     CANDLE  SUZLON        O=54.14  H=54.15  L=54.02  C=54.05
2026-07-10 08:00:08  DEBUG     CANDLE  GRANULES      O=889.95  H=890.60  L=883.60  C=885.70
2026-07-10 08:00:10  DEBUG     CANDLE  CESC          O=164.36  H=164.37  L=163.91  C=163.98
2026-07-10 08:00:10  DEBUG     CANDLE  BALRAMCHIN    O=564.40  H=565.25  L=563.70  C=565.25
2026-07-10 08:00:16  DEBUG     Sending ping
2026-07-10 08:00:22  DEBUG     CANDLE  NMDC          O=85.31  H=85.31  L=85.04  C=85.18
2026-07-10 08:00:46  DEBUG     Sending ping
2026-07-10 08:01:16  DEBUG     Sending ping
2026-07-10 08:01:46  DEBUG     Sending ping
2026-07-10 08:02:16  DEBUG     Sending ping
2026-07-10 08:02:46  DEBUG     Sending ping
2026-07-10 08:03:16  DEBUG     Sending ping
2026-07-10 08:03:46  DEBUG     Sending ping
2026-07-10 08:04:16  DEBUG     Sending ping
2026-07-10 08:04:46  DEBUG     Sending ping
2026-07-10 08:05:16  DEBUG     Sending ping
2026-07-10 08:05:46  DEBUG     Sending ping
2026-07-10 08:06:16  DEBUG     Sending ping
2026-07-10 08:06:46  DEBUG     Sending ping
2026-07-10 08:07:16  DEBUG     Sending ping
2026-07-10 08:07:46  DEBUG     Sending ping
2026-07-10 08:08:16  DEBUG     Sending ping
2026-07-10 08:08:46  DEBUG     Sending ping
2026-07-10 08:09:16  DEBUG     Sending ping
2026-07-10 08:09:46  DEBUG     Sending ping
2026-07-10 08:10:16  DEBUG     Sending ping
2026-07-10 08:10:46  DEBUG     Sending ping
2026-07-10 08:11:16  DEBUG     Sending ping
2026-07-10 08:11:46  DEBUG     Sending ping
2026-07-10 08:12:16  DEBUG     Sending ping
2026-07-10 08:12:46  DEBUG     Sending ping
2026-07-10 08:13:16  DEBUG     Sending ping
2026-07-10 08:13:46  DEBUG     Sending ping
2026-07-10 08:14:16  DEBUG     Sending ping
2026-07-10 08:14:46  DEBUG     Sending ping
2026-07-10 08:15:00  DEBUG     CANDLE  BANKBARODA    O=251.10  H=251.60  L=250.60  C=251.35
2026-07-10 08:15:01  DEBUG     CANDLE  SUZLON        O=54.04  H=54.08  L=53.99  C=54.06
2026-07-10 08:15:01  DEBUG     CANDLE  HFCL          O=216.35  H=216.90  L=216.34  C=216.65
2026-07-10 08:15:03  DEBUG     CANDLE  ZEEL          O=100.10  H=100.50  L=100.09  C=100.26
2026-07-10 08:15:05  DEBUG     CANDLE  NMDC          O=85.17  H=85.25  L=85.10  C=85.22
2026-07-10 08:15:14  DEBUG     CANDLE  GRANULES      O=886.00  H=886.70  L=884.20  C=885.40
2026-07-10 08:15:16  DEBUG     Sending ping
2026-07-10 08:15:31  DEBUG     CANDLE  CESC          O=163.99  H=164.14  L=163.92  C=163.99
2026-07-10 08:15:46  DEBUG     Sending ping
2026-07-10 08:15:57  DEBUG     CANDLE  BALRAMCHIN    O=564.90  H=565.25  L=564.30  C=564.50
2026-07-10 08:16:16  DEBUG     Sending ping
2026-07-10 08:16:46  DEBUG     Sending ping
2026-07-10 08:17:16  DEBUG     Sending ping
2026-07-10 08:17:46  DEBUG     Sending ping
2026-07-10 08:18:16  DEBUG     Sending ping
2026-07-10 08:18:46  DEBUG     Sending ping
2026-07-10 08:19:16  DEBUG     Sending ping
2026-07-10 08:19:46  DEBUG     Sending ping
2026-07-10 08:20:16  DEBUG     Sending ping
2026-07-10 08:20:46  DEBUG     Sending ping
2026-07-10 08:21:16  DEBUG     Sending ping
2026-07-10 08:21:46  DEBUG     Sending ping
2026-07-10 08:22:16  DEBUG     Sending ping
2026-07-10 08:22:46  DEBUG     Sending ping
2026-07-10 08:23:16  DEBUG     Sending ping
2026-07-10 08:23:46  DEBUG     Sending ping
2026-07-10 08:24:16  DEBUG     Sending ping
2026-07-10 08:24:46  DEBUG     Sending ping
2026-07-10 08:25:16  DEBUG     Sending ping
2026-07-10 08:25:46  DEBUG     Sending ping
2026-07-10 08:26:16  DEBUG     Sending ping
2026-07-10 08:26:46  DEBUG     Sending ping
2026-07-10 08:27:16  DEBUG     Sending ping
2026-07-10 08:27:46  DEBUG     Sending ping
2026-07-10 08:28:16  DEBUG     Sending ping
2026-07-10 08:28:46  DEBUG     Sending ping
2026-07-10 08:29:16  DEBUG     Sending ping
2026-07-10 08:29:46  DEBUG     Sending ping
2026-07-10 08:30:00  DEBUG     CANDLE  HFCL          O=216.68  H=216.75  L=215.26  C=215.53
2026-07-10 08:30:01  DEBUG     CANDLE  BANKBARODA    O=251.45  H=252.30  L=251.00  C=251.40
2026-07-10 08:30:02  DEBUG     CANDLE  ZEEL          O=100.28  H=100.35  L=99.91  C=100.09
2026-07-10 08:30:02  DEBUG     Starting new HTTPS connection (1): piconnect.flattrade.in:443
2026-07-10 08:30:02  DEBUG     https://piconnect.flattrade.in:443 "POST /PiConnectAPI/Holdings HTTP/1.1" 200 2
2026-07-10 08:30:02  ERROR     CNC SELL ZEEL skipped — no holdings found in demat
2026-07-10 08:30:03  DEBUG     CANDLE  CESC          O=164.03  H=164.22  L=163.93  C=163.97
2026-07-10 08:30:03  DEBUG     CANDLE  GRANULES      O=885.15  H=888.75  L=884.55  C=888.10
2026-07-10 08:30:05  DEBUG     CANDLE  NMDC          O=85.21  H=85.37  L=85.18  C=85.36
2026-07-10 08:30:13  DEBUG     CANDLE  SUZLON        O=54.05  H=54.06  L=53.92  C=53.96
2026-07-10 08:30:16  DEBUG     Sending ping
2026-07-10 08:30:46  DEBUG     Sending ping
2026-07-10 08:30:53  DEBUG     CANDLE  BALRAMCHIN    O=564.35  H=567.85  L=564.10  C=566.15
2026-07-10 08:31:16  DEBUG     Sending ping
2026-07-10 08:31:46  DEBUG     Sending ping
2026-07-10 08:32:16  DEBUG     Sending ping
2026-07-10 08:32:46  DEBUG     Sending ping
2026-07-10 08:33:16  DEBUG     Sending ping
2026-07-10 08:33:46  DEBUG     Sending ping
2026-07-10 08:34:16  DEBUG     Sending ping
2026-07-10 08:34:46  DEBUG     Sending ping
2026-07-10 08:35:16  DEBUG     Sending ping
2026-07-10 08:35:46  DEBUG     Sending ping
2026-07-10 08:36:16  DEBUG     Sending ping
2026-07-10 08:36:46  DEBUG     Sending ping
2026-07-10 08:37:16  DEBUG     Sending ping
2026-07-10 08:37:46  DEBUG     Sending ping
2026-07-10 08:38:16  DEBUG     Sending ping
2026-07-10 08:38:46  DEBUG     Sending ping
2026-07-10 08:39:16  DEBUG     Sending ping
2026-07-10 08:39:46  DEBUG     Sending ping
2026-07-10 08:40:16  DEBUG     Sending ping
2026-07-10 08:40:46  DEBUG     Sending ping
2026-07-10 08:41:16  DEBUG     Sending ping
2026-07-10 08:41:46  DEBUG     Sending ping
2026-07-10 08:42:16  DEBUG     Sending ping
2026-07-10 08:42:46  DEBUG     Sending ping
2026-07-10 08:43:16  DEBUG     Sending ping
2026-07-10 08:43:46  DEBUG     Sending ping
2026-07-10 08:44:16  DEBUG     Sending ping
2026-07-10 08:44:44  ERROR     WS ERROR  Connection to remote host was lost.
2026-07-10 08:44:44  ERROR     Connection to remote host was lost. - goodbye
2026-07-10 08:44:44  WARNING   WS DISCONNECTED  code=None  reason=None  trades=0  pnl=Rs+0.00
[Fri Jul 10 08:44:44 UTC 2026] Runner exited, restarting in 10s...
[Fri Jul 10 08:44:54 UTC 2026] Starting runner...
2026-07-10 08:44:54  INFO      ============================================================
2026-07-10 08:44:54  INFO      STARTUP  date=2026-07-10  pid=302916
2026-07-10 08:44:54  INFO      Strategy: Supertrend atr=14 mult=1.5 | 15-min | LIVE mode
2026-07-10 08:44:54  INFO      Resolving NSE tokens...
2026-07-10 08:44:54  DEBUG     Starting new HTTPS connection (1): piconnect.flattrade.in:443
2026-07-10 08:44:54  DEBUG     https://piconnect.flattrade.in:443 "POST /PiConnectAPI/SearchScrip HTTP/1.1" 200 None
2026-07-10 08:44:54  INFO      Resolved  HFCL             token=21951
2026-07-10 08:44:54  DEBUG     Starting new HTTPS connection (1): piconnect.flattrade.in:443
2026-07-10 08:44:54  DEBUG     https://piconnect.flattrade.in:443 "POST /PiConnectAPI/SearchScrip HTTP/1.1" 200 None
2026-07-10 08:44:54  INFO      Resolved  BANKBARODA       token=4668
2026-07-10 08:44:54  DEBUG     Starting new HTTPS connection (1): piconnect.flattrade.in:443
2026-07-10 08:44:55  DEBUG     https://piconnect.flattrade.in:443 "POST /PiConnectAPI/SearchScrip HTTP/1.1" 200 None
2026-07-10 08:44:55  INFO      Resolved  NMDC             token=15332
2026-07-10 08:44:55  DEBUG     Starting new HTTPS connection (1): piconnect.flattrade.in:443
2026-07-10 08:44:55  DEBUG     https://piconnect.flattrade.in:443 "POST /PiConnectAPI/SearchScrip HTTP/1.1" 200 None
2026-07-10 08:44:55  INFO      Resolved  CESC             token=628
2026-07-10 08:44:55  DEBUG     Starting new HTTPS connection (1): piconnect.flattrade.in:443
2026-07-10 08:44:55  DEBUG     https://piconnect.flattrade.in:443 "POST /PiConnectAPI/SearchScrip HTTP/1.1" 200 None
2026-07-10 08:44:55  INFO      Resolved  ZEEL             token=3812
2026-07-10 08:44:55  DEBUG     Starting new HTTPS connection (1): piconnect.flattrade.in:443
2026-07-10 08:44:55  DEBUG     https://piconnect.flattrade.in:443 "POST /PiConnectAPI/SearchScrip HTTP/1.1" 200 None
2026-07-10 08:44:55  INFO      Resolved  BALRAMCHIN       token=341
2026-07-10 08:44:55  DEBUG     Starting new HTTPS connection (1): piconnect.flattrade.in:443
2026-07-10 08:44:55  DEBUG     https://piconnect.flattrade.in:443 "POST /PiConnectAPI/SearchScrip HTTP/1.1" 200 None
2026-07-10 08:44:55  INFO      Resolved  GRANULES         token=11872
2026-07-10 08:44:55  DEBUG     Starting new HTTPS connection (1): piconnect.flattrade.in:443
2026-07-10 08:44:56  DEBUG     https://piconnect.flattrade.in:443 "POST /PiConnectAPI/SearchScrip HTTP/1.1" 200 None
2026-07-10 08:44:56  INFO      Resolved  SUZLON           token=12018
2026-07-10 08:44:56  DEBUG     Starting new HTTPS connection (1): piconnect.flattrade.in:443
2026-07-10 08:44:56  DEBUG     https://piconnect.flattrade.in:443 "POST /PiConnectAPI/PositionBook HTTP/1.1" 200 None
2026-07-10 08:44:56  DEBUG     Starting new HTTPS connection (1): piconnect.flattrade.in:443
2026-07-10 08:44:56  DEBUG     https://piconnect.flattrade.in:443 "POST /PiConnectAPI/Limits HTTP/1.1" 200 None
2026-07-10 08:44:56  INFO      *** LIVE MODE  cash=Rs0  4x=Rs0  K=4  per_trade=Rs1000 ***
2026-07-10 08:44:56  INFO      8 stocks | Rs1000/trade | K=4 | EOD 15:00 IST
2026-07-10 08:44:56  INFO      ============================================================
2026-07-10 08:44:57  ERROR     WS ERROR  Handshake status 502 Bad Gateway -+-+- {'date': 'Fri, 10 Jul 2026 08:44:57 GMT', 'content-type': 'text/plain; charset=UTF-8', 'content-length': '15', 'connection': 'keep-alive', 'report-to': '{"endpoints":[{"url":"https:\\/\\/a.nel.cloudflare.com\\/report\\/v4?s=59e05DFulKgiz94QmRmxGGG9GtiQQ%2FUh3sQC5%2FF3CINrxDkwyX23Ytjom50UKWw7wrhjveaFjwgwFivUY0%2BM3GZeGKFQ5zVBOC%2BdcYimebKpNfOj%2FCFcJqOYTWRV5QrW6FAb6aa5vgo%3D"}],"group":"cf-nel","max_age":604800}', 'nel': '{"success_fraction":0,"report_to":"cf-nel","max_age":604800}', 'x-frame-options': 'SAMEORIGIN', 'referrer-policy': 'same-origin', 'cache-control': 'private, max-age=0, no-store, no-cache, must-revalidate, post-check=0, pre-check=0', 'expires': 'Thu, 01 Jan 1970 00:00:01 GMT', 'server': 'cloudflare', 'cf-ray': 'a18e4a158dd779a6-ARN', 'server-timing': 'cfL4;desc="?proto=TCP&rtt=2914&min_rtt=2911&rtt_var=1098&sent=4&recv=6&lost=0&retrans=0&sent_bytes=2825&recv_bytes=835&delivery_rate=985704&cwnd=52&unsent_bytes=0&cid=8873b7a6dae6a4ff&ts=450&x=0"'} -+-+- b'error code: 502'
2026-07-10 08:44:57  ERROR     Handshake status 502 Bad Gateway -+-+- {'date': 'Fri, 10 Jul 2026 08:44:57 GMT', 'content-type': 'text/plain; charset=UTF-8', 'content-length': '15', 'connection': 'keep-alive', 'report-to': '{"endpoints":[{"url":"https:\\/\\/a.nel.cloudflare.com\\/report\\/v4?s=59e05DFulKgiz94QmRmxGGG9GtiQQ%2FUh3sQC5%2FF3CINrxDkwyX23Ytjom50UKWw7wrhjveaFjwgwFivUY0%2BM3GZeGKFQ5zVBOC%2BdcYimebKpNfOj%2FCFcJqOYTWRV5QrW6FAb6aa5vgo%3D"}],"group":"cf-nel","max_age":604800}', 'nel': '{"success_fraction":0,"report_to":"cf-nel","max_age":604800}', 'x-frame-options': 'SAMEORIGIN', 'referrer-policy': 'same-origin', 'cache-control': 'private, max-age=0, no-store, no-cache, must-revalidate, post-check=0, pre-check=0', 'expires': 'Thu, 01 Jan 1970 00:00:01 GMT', 'server': 'cloudflare', 'cf-ray': 'a18e4a158dd779a6-ARN', 'server-timing': 'cfL4;desc="?proto=TCP&rtt=2914&min_rtt=2911&rtt_var=1098&sent=4&recv=6&lost=0&retrans=0&sent_bytes=2825&recv_bytes=835&delivery_rate=985704&cwnd=52&unsent_bytes=0&cid=8873b7a6dae6a4ff&ts=450&x=0"'} -+-+- b'error code: 502' - goodbye
2026-07-10 08:44:57  WARNING   WS DISCONNECTED  code=None  reason=None  trades=0  pnl=Rs+0.00
[Fri Jul 10 08:44:57 UTC 2026] Runner exited, restarting in 10s...
[Fri Jul 10 08:45:07 UTC 2026] Starting runner...
2026-07-10 08:45:07  INFO      ============================================================
2026-07-10 08:45:07  INFO      STARTUP  date=2026-07-10  pid=302923
2026-07-10 08:45:07  INFO      Strategy: Supertrend atr=14 mult=1.5 | 15-min | LIVE mode
2026-07-10 08:45:07  INFO      Resolving NSE tokens...
2026-07-10 08:45:07  DEBUG     Starting new HTTPS connection (1): piconnect.flattrade.in:443
2026-07-10 08:45:07  DEBUG     https://piconnect.flattrade.in:443 "POST /PiConnectAPI/SearchScrip HTTP/1.1" 200 None
2026-07-10 08:45:07  INFO      Resolved  HFCL             token=21951
2026-07-10 08:45:07  DEBUG     Starting new HTTPS connection (1): piconnect.flattrade.in:443
2026-07-10 08:45:07  DEBUG     https://piconnect.flattrade.in:443 "POST /PiConnectAPI/SearchScrip HTTP/1.1" 200 None
2026-07-10 08:45:07  INFO      Resolved  BANKBARODA       token=4668
2026-07-10 08:45:07  DEBUG     Starting new HTTPS connection (1): piconnect.flattrade.in:443
2026-07-10 08:45:07  DEBUG     https://piconnect.flattrade.in:443 "POST /PiConnectAPI/SearchScrip HTTP/1.1" 200 None
2026-07-10 08:45:07  INFO      Resolved  NMDC             token=15332
2026-07-10 08:45:07  DEBUG     Starting new HTTPS connection (1): piconnect.flattrade.in:443
2026-07-10 08:45:08  DEBUG     https://piconnect.flattrade.in:443 "POST /PiConnectAPI/SearchScrip HTTP/1.1" 200 None
2026-07-10 08:45:08  INFO      Resolved  CESC             token=628
2026-07-10 08:45:08  DEBUG     Starting new HTTPS connection (1): piconnect.flattrade.in:443
2026-07-10 08:45:08  DEBUG     https://piconnect.flattrade.in:443 "POST /PiConnectAPI/SearchScrip HTTP/1.1" 200 None
2026-07-10 08:45:08  INFO      Resolved  ZEEL             token=3812
2026-07-10 08:45:08  DEBUG     Starting new HTTPS connection (1): piconnect.flattrade.in:443
2026-07-10 08:45:08  DEBUG     https://piconnect.flattrade.in:443 "POST /PiConnectAPI/SearchScrip HTTP/1.1" 200 None
2026-07-10 08:45:08  INFO      Resolved  BALRAMCHIN       token=341
2026-07-10 08:45:08  DEBUG     Starting new HTTPS connection (1): piconnect.flattrade.in:443
2026-07-10 08:45:08  DEBUG     https://piconnect.flattrade.in:443 "POST /PiConnectAPI/SearchScrip HTTP/1.1" 200 None
2026-07-10 08:45:08  INFO      Resolved  GRANULES         token=11872
2026-07-10 08:45:08  DEBUG     Starting new HTTPS connection (1): piconnect.flattrade.in:443
2026-07-10 08:45:08  DEBUG     https://piconnect.flattrade.in:443 "POST /PiConnectAPI/SearchScrip HTTP/1.1" 200 None
2026-07-10 08:45:08  INFO      Resolved  SUZLON           token=12018
2026-07-10 08:45:08  DEBUG     Starting new HTTPS connection (1): piconnect.flattrade.in:443
2026-07-10 08:45:09  DEBUG     https://piconnect.flattrade.in:443 "POST /PiConnectAPI/PositionBook HTTP/1.1" 200 None
2026-07-10 08:45:09  DEBUG     Starting new HTTPS connection (1): piconnect.flattrade.in:443
2026-07-10 08:45:09  DEBUG     https://piconnect.flattrade.in:443 "POST /PiConnectAPI/Limits HTTP/1.1" 200 None
2026-07-10 08:45:09  INFO      *** LIVE MODE  cash=Rs0  4x=Rs0  K=4  per_trade=Rs1000 ***
2026-07-10 08:45:09  INFO      8 stocks | Rs1000/trade | K=4 | EOD 15:00 IST
2026-07-10 08:45:09  INFO      ============================================================
2026-07-10 08:45:09  ERROR     WS ERROR  Handshake status 502 Bad Gateway -+-+- {'date': 'Fri, 10 Jul 2026 08:45:09 GMT', 'content-type': 'text/plain; charset=UTF-8', 'content-length': '15', 'connection': 'keep-alive', 'report-to': '{"endpoints":[{"url":"https:\\/\\/a.nel.cloudflare.com\\/report\\/v4?s=HDNG9Au9VLPuUUwNROEQHmcaukfEfmGeCihGMC3suHvZ%2Big9VZdPaoiJs%2FNd81jtu52DfBiW2t%2BN31wvrgQGxt57GtI%2BJ39ONMti%2BtAM5lg315zVvW3Vw1EdxLaDFbd6qN0NwlW6npY%3D"}],"group":"cf-nel","max_age":604800}', 'nel': '{"success_fraction":0,"report_to":"cf-nel","max_age":604800}', 'x-frame-options': 'SAMEORIGIN', 'referrer-policy': 'same-origin', 'cache-control': 'private, max-age=0, no-store, no-cache, must-revalidate, post-check=0, pre-check=0', 'expires': 'Thu, 01 Jan 1970 00:00:01 GMT', 'server': 'cloudflare', 'cf-ray': 'a18e4a653fe99926-ARN', 'server-timing': 'cfL4;desc="?proto=TCP&rtt=4060&min_rtt=4047&rtt_var=1527&sent=4&recv=6&lost=0&retrans=0&sent_bytes=2826&recv_bytes=835&delivery_rate=715591&cwnd=52&unsent_bytes=0&cid=ce67fb14a74e8353&ts=463&x=0"'} -+-+- b'error code: 502'
2026-07-10 08:45:09  ERROR     Handshake status 502 Bad Gateway -+-+- {'date': 'Fri, 10 Jul 2026 08:45:09 GMT', 'content-type': 'text/plain; charset=UTF-8', 'content-length': '15', 'connection': 'keep-alive', 'report-to': '{"endpoints":[{"url":"https:\\/\\/a.nel.cloudflare.com\\/report\\/v4?s=HDNG9Au9VLPuUUwNROEQHmcaukfEfmGeCihGMC3suHvZ%2Big9VZdPaoiJs%2FNd81jtu52DfBiW2t%2BN31wvrgQGxt57GtI%2BJ39ONMti%2BtAM5lg315zVvW3Vw1EdxLaDFbd6qN0NwlW6npY%3D"}],"group":"cf-nel","max_age":604800}', 'nel': '{"success_fraction":0,"report_to":"cf-nel","max_age":604800}', 'x-frame-options': 'SAMEORIGIN', 'referrer-policy': 'same-origin', 'cache-control': 'private, max-age=0, no-store, no-cache, must-revalidate, post-check=0, pre-check=0', 'expires': 'Thu, 01 Jan 1970 00:00:01 GMT', 'server': 'cloudflare', 'cf-ray': 'a18e4a653fe99926-ARN', 'server-timing': 'cfL4;desc="?proto=TCP&rtt=4060&min_rtt=4047&rtt_var=1527&sent=4&recv=6&lost=0&retrans=0&sent_bytes=2826&recv_bytes=835&delivery_rate=715591&cwnd=52&unsent_bytes=0&cid=ce67fb14a74e8353&ts=463&x=0"'} -+-+- b'error code: 502' - goodbye
2026-07-10 08:45:09  WARNING   WS DISCONNECTED  code=None  reason=None  trades=0  pnl=Rs+0.00
[Fri Jul 10 08:45:09 UTC 2026] Runner exited, restarting in 10s...
[Fri Jul 10 08:45:19 UTC 2026] Starting runner...
2026-07-10 08:45:19  INFO      ============================================================
2026-07-10 08:45:19  INFO      STARTUP  date=2026-07-10  pid=302930
2026-07-10 08:45:19  INFO      Strategy: Supertrend atr=14 mult=1.5 | 15-min | LIVE mode
2026-07-10 08:45:19  INFO      Resolving NSE tokens...
2026-07-10 08:45:19  DEBUG     Starting new HTTPS connection (1): piconnect.flattrade.in:443
2026-07-10 08:45:20  DEBUG     https://piconnect.flattrade.in:443 "POST /PiConnectAPI/SearchScrip HTTP/1.1" 200 None
2026-07-10 08:45:20  INFO      Resolved  HFCL             token=21951
2026-07-10 08:45:20  DEBUG     Starting new HTTPS connection (1): piconnect.flattrade.in:443
2026-07-10 08:45:20  DEBUG     https://piconnect.flattrade.in:443 "POST /PiConnectAPI/SearchScrip HTTP/1.1" 200 None
2026-07-10 08:45:20  INFO      Resolved  BANKBARODA       token=4668
2026-07-10 08:45:20  DEBUG     Starting new HTTPS connection (1): piconnect.flattrade.in:443
2026-07-10 08:45:20  DEBUG     https://piconnect.flattrade.in:443 "POST /PiConnectAPI/SearchScrip HTTP/1.1" 200 None
2026-07-10 08:45:20  INFO      Resolved  NMDC             token=15332
2026-07-10 08:45:20  DEBUG     Starting new HTTPS connection (1): piconnect.flattrade.in:443
2026-07-10 08:45:20  DEBUG     https://piconnect.flattrade.in:443 "POST /PiConnectAPI/SearchScrip HTTP/1.1" 200 None
2026-07-10 08:45:20  INFO      Resolved  CESC             token=628
2026-07-10 08:45:20  DEBUG     Starting new HTTPS connection (1): piconnect.flattrade.in:443
2026-07-10 08:45:21  DEBUG     https://piconnect.flattrade.in:443 "POST /PiConnectAPI/SearchScrip HTTP/1.1" 200 None
2026-07-10 08:45:21  INFO      Resolved  ZEEL             token=3812
2026-07-10 08:45:21  DEBUG     Starting new HTTPS connection (1): piconnect.flattrade.in:443
2026-07-10 08:45:21  DEBUG     https://piconnect.flattrade.in:443 "POST /PiConnectAPI/SearchScrip HTTP/1.1" 200 None
2026-07-10 08:45:21  INFO      Resolved  BALRAMCHIN       token=341
2026-07-10 08:45:21  DEBUG     Starting new HTTPS connection (1): piconnect.flattrade.in:443
2026-07-10 08:45:21  DEBUG     https://piconnect.flattrade.in:443 "POST /PiConnectAPI/SearchScrip HTTP/1.1" 200 None
2026-07-10 08:45:21  INFO      Resolved  GRANULES         token=11872
2026-07-10 08:45:21  DEBUG     Starting new HTTPS connection (1): piconnect.flattrade.in:443
2026-07-10 08:45:21  DEBUG     https://piconnect.flattrade.in:443 "POST /PiConnectAPI/SearchScrip HTTP/1.1" 200 None
2026-07-10 08:45:21  INFO      Resolved  SUZLON           token=12018
2026-07-10 08:45:21  DEBUG     Starting new HTTPS connection (1): piconnect.flattrade.in:443
2026-07-10 08:45:21  DEBUG     https://piconnect.flattrade.in:443 "POST /PiConnectAPI/PositionBook HTTP/1.1" 200 None
2026-07-10 08:45:21  DEBUG     Starting new HTTPS connection (1): piconnect.flattrade.in:443
2026-07-10 08:45:22  DEBUG     https://piconnect.flattrade.in:443 "POST /PiConnectAPI/Limits HTTP/1.1" 200 None
2026-07-10 08:45:22  INFO      *** LIVE MODE  cash=Rs0  4x=Rs0  K=4  per_trade=Rs1000 ***
2026-07-10 08:45:22  INFO      8 stocks | Rs1000/trade | K=4 | EOD 15:00 IST
2026-07-10 08:45:22  INFO      ============================================================
2026-07-10 08:45:22  INFO      Websocket connected
2026-07-10 08:45:22  INFO      WS CONNECTED  subscribed=8 instruments
2026-07-10 08:45:22  INFO      Ticks -> data/2026-07-10/ticks.jsonl
2026-07-10 08:46:22  DEBUG     Sending ping
2026-07-10 08:46:52  DEBUG     Sending ping
2026-07-10 08:47:22  DEBUG     Sending ping
2026-07-10 08:47:52  DEBUG     Sending ping
2026-07-10 08:48:22  DEBUG     Sending ping
2026-07-10 08:48:52  DEBUG     Sending ping
2026-07-10 08:49:22  DEBUG     Sending ping
2026-07-10 08:49:52  DEBUG     Sending ping
2026-07-10 08:50:22  DEBUG     Sending ping
2026-07-10 08:50:52  DEBUG     Sending ping
2026-07-10 08:51:22  DEBUG     Sending ping
2026-07-10 08:51:52  DEBUG     Sending ping
2026-07-10 08:52:22  DEBUG     Sending ping
2026-07-10 08:52:52  DEBUG     Sending ping
2026-07-10 08:53:22  DEBUG     Sending ping
2026-07-10 08:53:52  DEBUG     Sending ping
2026-07-10 08:54:22  DEBUG     Sending ping
2026-07-10 08:54:52  DEBUG     Sending ping
2026-07-10 08:55:22  DEBUG     Sending ping
2026-07-10 08:55:52  DEBUG     Sending ping
2026-07-10 08:56:22  DEBUG     Sending ping
2026-07-10 08:56:52  DEBUG     Sending ping
2026-07-10 08:57:22  DEBUG     Sending ping
2026-07-10 08:57:52  DEBUG     Sending ping
2026-07-10 08:58:22  DEBUG     Sending ping
2026-07-10 08:58:52  DEBUG     Sending ping
2026-07-10 08:59:22  DEBUG     Sending ping
2026-07-10 08:59:52  DEBUG     Sending ping
2026-07-10 09:00:00  DEBUG     CANDLE  ZEEL          O=100.04  H=100.14  L=99.65  C=99.69
2026-07-10 09:00:00  DEBUG     Starting new HTTPS connection (1): piconnect.flattrade.in:443
2026-07-10 09:00:00  DEBUG     https://piconnect.flattrade.in:443 "POST /PiConnectAPI/Holdings HTTP/1.1" 200 2
2026-07-10 09:00:00  ERROR     CNC SELL ZEEL skipped — no holdings found in demat
2026-07-10 09:00:00  DEBUG     CANDLE  SUZLON        O=53.91  H=53.93  L=53.75  C=53.89
2026-07-10 09:00:02  DEBUG     CANDLE  NMDC          O=85.12  H=85.22  L=85.06  C=85.15
2026-07-10 09:00:02  DEBUG     CANDLE  HFCL          O=216.09  H=216.10  L=214.76  C=215.21
2026-07-10 09:00:02  DEBUG     Starting new HTTPS connection (1): piconnect.flattrade.in:443
2026-07-10 09:00:03  DEBUG     https://piconnect.flattrade.in:443 "POST /PiConnectAPI/Limits HTTP/1.1" 200 None
2026-07-10 09:00:03  ERROR     CNC BUY HFCL skipped — no capital left (committed=Rs0.00)
2026-07-10 09:00:06  DEBUG     CANDLE  GRANULES      O=889.00  H=892.75  L=888.40  C=892.30
2026-07-10 09:00:09  DEBUG     CANDLE  BANKBARODA    O=251.60  H=251.70  L=250.90  C=251.20
2026-07-10 09:00:18  DEBUG     CANDLE  CESC          O=163.92  H=164.29  L=163.80  C=164.00
2026-07-10 09:00:22  DEBUG     Sending ping
2026-07-10 09:00:26  DEBUG     CANDLE  BALRAMCHIN    O=566.80  H=566.80  L=564.05  C=564.10
2026-07-10 09:00:26  DEBUG     Starting new HTTPS connection (1): piconnect.flattrade.in:443
2026-07-10 09:00:27  DEBUG     https://piconnect.flattrade.in:443 "POST /PiConnectAPI/Holdings HTTP/1.1" 200 2
2026-07-10 09:00:27  ERROR     CNC SELL BALRAMCHIN skipped — no holdings found in demat
2026-07-10 09:00:52  DEBUG     Sending ping
2026-07-10 09:01:22  DEBUG     Sending ping
2026-07-10 09:01:52  DEBUG     Sending ping
2026-07-10 09:02:22  DEBUG     Sending ping
2026-07-10 09:02:52  DEBUG     Sending ping
2026-07-10 09:03:22  DEBUG     Sending ping
2026-07-10 09:03:52  DEBUG     Sending ping
2026-07-10 09:04:22  DEBUG     Sending ping
2026-07-10 09:04:52  DEBUG     Sending ping
2026-07-10 09:05:22  DEBUG     Sending ping
2026-07-10 09:05:52  DEBUG     Sending ping
2026-07-10 09:06:22  DEBUG     Sending ping
2026-07-10 09:06:52  DEBUG     Sending ping
2026-07-10 09:07:22  DEBUG     Sending ping
2026-07-10 09:07:52  DEBUG     Sending ping
2026-07-10 09:08:22  DEBUG     Sending ping
2026-07-10 09:08:52  DEBUG     Sending ping
2026-07-10 09:09:22  DEBUG     Sending ping
2026-07-10 09:09:52  DEBUG     Sending ping
2026-07-10 09:10:22  DEBUG     Sending ping
2026-07-10 09:10:52  DEBUG     Sending ping
2026-07-10 09:11:22  DEBUG     Sending ping
2026-07-10 09:11:52  DEBUG     Sending ping
2026-07-10 09:12:22  DEBUG     Sending ping
2026-07-10 09:12:52  DEBUG     Sending ping
2026-07-10 09:13:22  DEBUG     Sending ping
2026-07-10 09:13:52  DEBUG     Sending ping
2026-07-10 09:14:22  DEBUG     Sending ping
2026-07-10 09:14:52  DEBUG     Sending ping
2026-07-10 09:15:01  DEBUG     CANDLE  ZEEL          O=99.68  H=99.83  L=98.53  C=98.66
2026-07-10 09:15:01  DEBUG     CANDLE  BANKBARODA    O=251.30  H=251.55  L=250.25  C=250.55
2026-07-10 09:15:01  DEBUG     CANDLE  SUZLON        O=53.90  H=53.95  L=53.86  C=53.94
2026-07-10 09:15:02  DEBUG     CANDLE  GRANULES      O=892.75  H=893.40  L=889.85  C=890.05
2026-07-10 09:15:03  DEBUG     CANDLE  NMDC          O=85.12  H=85.15  L=85.00  C=85.12
2026-07-10 09:15:06  DEBUG     CANDLE  BALRAMCHIN    O=564.65  H=567.05  L=563.55  C=566.90
2026-07-10 09:15:06  DEBUG     CANDLE  HFCL          O=215.32  H=215.80  L=215.14  C=215.34
2026-07-10 09:15:13  DEBUG     CANDLE  CESC          O=164.01  H=164.20  L=163.80  C=164.03
2026-07-10 09:15:22  DEBUG     Sending ping
2026-07-10 09:15:52  DEBUG     Sending ping
2026-07-10 09:16:22  DEBUG     Sending ping
2026-07-10 09:16:52  DEBUG     Sending ping
2026-07-10 09:17:22  DEBUG     Sending ping
2026-07-10 09:17:52  DEBUG     Sending ping
2026-07-10 09:18:22  DEBUG     Sending ping
2026-07-10 09:18:52  DEBUG     Sending ping
2026-07-10 09:19:22  DEBUG     Sending ping
2026-07-10 09:19:52  DEBUG     Sending ping
2026-07-10 09:20:22  DEBUG     Sending ping
2026-07-10 09:20:52  DEBUG     Sending ping
2026-07-10 09:21:22  DEBUG     Sending ping
2026-07-10 09:21:52  DEBUG     Sending ping
2026-07-10 09:22:22  DEBUG     Sending ping
2026-07-10 09:22:52  DEBUG     Sending ping
2026-07-10 09:23:22  DEBUG     Sending ping
2026-07-10 09:23:52  DEBUG     Sending ping
2026-07-10 09:24:22  DEBUG     Sending ping
2026-07-10 09:24:52  DEBUG     Sending ping
2026-07-10 09:25:22  DEBUG     Sending ping
2026-07-10 09:25:52  DEBUG     Sending ping
2026-07-10 09:26:22  DEBUG     Sending ping
2026-07-10 09:26:48  ERROR     WS ERROR  Connection to remote host was lost.
2026-07-10 09:26:48  ERROR     Connection to remote host was lost. - goodbye
2026-07-10 09:26:48  WARNING   WS DISCONNECTED  code=None  reason=None  trades=0  pnl=Rs+0.00
[Fri Jul 10 09:26:48 UTC 2026] Runner exited, restarting in 10s...
[Fri Jul 10 09:26:58 UTC 2026] Starting runner...
2026-07-10 09:26:58  INFO      ============================================================
2026-07-10 09:26:58  INFO      STARTUP  date=2026-07-10  pid=304071
2026-07-10 09:26:58  INFO      Strategy: Supertrend atr=14 mult=1.5 | 15-min | LIVE mode
2026-07-10 09:26:58  INFO      Resolving NSE tokens...
2026-07-10 09:26:58  DEBUG     Starting new HTTPS connection (1): piconnect.flattrade.in:443
2026-07-10 09:26:58  DEBUG     https://piconnect.flattrade.in:443 "POST /PiConnectAPI/SearchScrip HTTP/1.1" 200 None
2026-07-10 09:26:58  INFO      Resolved  HFCL             token=21951
2026-07-10 09:26:58  DEBUG     Starting new HTTPS connection (1): piconnect.flattrade.in:443
2026-07-10 09:26:58  DEBUG     https://piconnect.flattrade.in:443 "POST /PiConnectAPI/SearchScrip HTTP/1.1" 200 None
2026-07-10 09:26:58  INFO      Resolved  BANKBARODA       token=4668
2026-07-10 09:26:58  DEBUG     Starting new HTTPS connection (1): piconnect.flattrade.in:443
2026-07-10 09:26:59  DEBUG     https://piconnect.flattrade.in:443 "POST /PiConnectAPI/SearchScrip HTTP/1.1" 200 None
2026-07-10 09:26:59  INFO      Resolved  NMDC             token=15332
2026-07-10 09:26:59  DEBUG     Starting new HTTPS connection (1): piconnect.flattrade.in:443
2026-07-10 09:26:59  DEBUG     https://piconnect.flattrade.in:443 "POST /PiConnectAPI/SearchScrip HTTP/1.1" 200 None
2026-07-10 09:26:59  INFO      Resolved  CESC             token=628
2026-07-10 09:26:59  DEBUG     Starting new HTTPS connection (1): piconnect.flattrade.in:443
2026-07-10 09:26:59  DEBUG     https://piconnect.flattrade.in:443 "POST /PiConnectAPI/SearchScrip HTTP/1.1" 200 None
2026-07-10 09:26:59  INFO      Resolved  ZEEL             token=3812
2026-07-10 09:26:59  DEBUG     Starting new HTTPS connection (1): piconnect.flattrade.in:443
2026-07-10 09:26:59  DEBUG     https://piconnect.flattrade.in:443 "POST /PiConnectAPI/SearchScrip HTTP/1.1" 200 None
2026-07-10 09:26:59  INFO      Resolved  BALRAMCHIN       token=341
2026-07-10 09:26:59  DEBUG     Starting new HTTPS connection (1): piconnect.flattrade.in:443
2026-07-10 09:27:00  DEBUG     https://piconnect.flattrade.in:443 "POST /PiConnectAPI/SearchScrip HTTP/1.1" 200 None
2026-07-10 09:27:00  INFO      Resolved  GRANULES         token=11872
2026-07-10 09:27:00  DEBUG     Starting new HTTPS connection (1): piconnect.flattrade.in:443
2026-07-10 09:27:00  DEBUG     https://piconnect.flattrade.in:443 "POST /PiConnectAPI/SearchScrip HTTP/1.1" 200 None
2026-07-10 09:27:00  INFO      Resolved  SUZLON           token=12018
2026-07-10 09:27:00  DEBUG     Starting new HTTPS connection (1): piconnect.flattrade.in:443
2026-07-10 09:27:00  DEBUG     https://piconnect.flattrade.in:443 "POST /PiConnectAPI/PositionBook HTTP/1.1" 200 None
2026-07-10 09:27:00  DEBUG     Starting new HTTPS connection (1): piconnect.flattrade.in:443
2026-07-10 09:27:00  DEBUG     https://piconnect.flattrade.in:443 "POST /PiConnectAPI/Limits HTTP/1.1" 200 None
2026-07-10 09:27:00  INFO      *** LIVE MODE  cash=Rs0  4x=Rs0  K=4  per_trade=Rs1000 ***
2026-07-10 09:27:00  INFO      8 stocks | Rs1000/trade | K=4 | EOD 15:00 IST
2026-07-10 09:27:00  INFO      ============================================================
2026-07-10 09:27:01  ERROR     WS ERROR  Handshake status 502 Bad Gateway -+-+- {'date': 'Fri, 10 Jul 2026 09:27:01 GMT', 'content-type': 'text/plain; charset=UTF-8', 'content-length': '15', 'connection': 'keep-alive', 'report-to': '{"endpoints":[{"url":"https:\\/\\/a.nel.cloudflare.com\\/report\\/v4?s=sk2x8yHSGWDvaebLGfLhvT0iyebQrn152b%2FMUD%2BZKVRvknCssMJJfVGScZlw7DrGBsc5P8uCLSp7ZhOZ8in5w4Qp8swbYXrVyNiOZYQvTCAepSxDSRt4kBCvMcXskjHg%2FSbNYpJRk6k%3D"}],"group":"cf-nel","max_age":604800}', 'nel': '{"success_fraction":0,"report_to":"cf-nel","max_age":604800}', 'x-frame-options': 'SAMEORIGIN', 'referrer-policy': 'same-origin', 'cache-control': 'private, max-age=0, no-store, no-cache, must-revalidate, post-check=0, pre-check=0', 'expires': 'Thu, 01 Jan 1970 00:00:01 GMT', 'server': 'cloudflare', 'cf-ray': 'a18e87b558e538b7-ARN', 'server-timing': 'cfL4;desc="?proto=TCP&rtt=3081&min_rtt=3075&rtt_var=1157&sent=4&recv=6&lost=0&retrans=0&sent_bytes=2825&recv_bytes=835&delivery_rate=941788&cwnd=52&unsent_bytes=0&cid=450a2d3390e6608c&ts=463&x=0"'} -+-+- b'error code: 502'
2026-07-10 09:27:01  ERROR     Handshake status 502 Bad Gateway -+-+- {'date': 'Fri, 10 Jul 2026 09:27:01 GMT', 'content-type': 'text/plain; charset=UTF-8', 'content-length': '15', 'connection': 'keep-alive', 'report-to': '{"endpoints":[{"url":"https:\\/\\/a.nel.cloudflare.com\\/report\\/v4?s=sk2x8yHSGWDvaebLGfLhvT0iyebQrn152b%2FMUD%2BZKVRvknCssMJJfVGScZlw7DrGBsc5P8uCLSp7ZhOZ8in5w4Qp8swbYXrVyNiOZYQvTCAepSxDSRt4kBCvMcXskjHg%2FSbNYpJRk6k%3D"}],"group":"cf-nel","max_age":604800}', 'nel': '{"success_fraction":0,"report_to":"cf-nel","max_age":604800}', 'x-frame-options': 'SAMEORIGIN', 'referrer-policy': 'same-origin', 'cache-control': 'private, max-age=0, no-store, no-cache, must-revalidate, post-check=0, pre-check=0', 'expires': 'Thu, 01 Jan 1970 00:00:01 GMT', 'server': 'cloudflare', 'cf-ray': 'a18e87b558e538b7-ARN', 'server-timing': 'cfL4;desc="?proto=TCP&rtt=3081&min_rtt=3075&rtt_var=1157&sent=4&recv=6&lost=0&retrans=0&sent_bytes=2825&recv_bytes=835&delivery_rate=941788&cwnd=52&unsent_bytes=0&cid=450a2d3390e6608c&ts=463&x=0"'} -+-+- b'error code: 502' - goodbye
2026-07-10 09:27:01  WARNING   WS DISCONNECTED  code=None  reason=None  trades=0  pnl=Rs+0.00
[Fri Jul 10 09:27:01 UTC 2026] Runner exited, restarting in 10s...
[Fri Jul 10 09:27:11 UTC 2026] Starting runner...
2026-07-10 09:27:11  INFO      ============================================================
2026-07-10 09:27:11  INFO      STARTUP  date=2026-07-10  pid=304080
2026-07-10 09:27:11  INFO      Strategy: Supertrend atr=14 mult=1.5 | 15-min | LIVE mode
2026-07-10 09:27:11  INFO      Resolving NSE tokens...
2026-07-10 09:27:11  DEBUG     Starting new HTTPS connection (1): piconnect.flattrade.in:443
2026-07-10 09:27:11  DEBUG     https://piconnect.flattrade.in:443 "POST /PiConnectAPI/SearchScrip HTTP/1.1" 200 None
2026-07-10 09:27:11  INFO      Resolved  HFCL             token=21951
2026-07-10 09:27:11  DEBUG     Starting new HTTPS connection (1): piconnect.flattrade.in:443
2026-07-10 09:27:11  DEBUG     https://piconnect.flattrade.in:443 "POST /PiConnectAPI/SearchScrip HTTP/1.1" 200 None
2026-07-10 09:27:11  INFO      Resolved  BANKBARODA       token=4668
2026-07-10 09:27:11  DEBUG     Starting new HTTPS connection (1): piconnect.flattrade.in:443
2026-07-10 09:27:11  DEBUG     https://piconnect.flattrade.in:443 "POST /PiConnectAPI/SearchScrip HTTP/1.1" 200 None
2026-07-10 09:27:11  INFO      Resolved  NMDC             token=15332
2026-07-10 09:27:11  DEBUG     Starting new HTTPS connection (1): piconnect.flattrade.in:443
2026-07-10 09:27:12  DEBUG     https://piconnect.flattrade.in:443 "POST /PiConnectAPI/SearchScrip HTTP/1.1" 200 None
2026-07-10 09:27:12  INFO      Resolved  CESC             token=628
2026-07-10 09:27:12  DEBUG     Starting new HTTPS connection (1): piconnect.flattrade.in:443
2026-07-10 09:27:12  DEBUG     https://piconnect.flattrade.in:443 "POST /PiConnectAPI/SearchScrip HTTP/1.1" 200 None
2026-07-10 09:27:12  INFO      Resolved  ZEEL             token=3812
2026-07-10 09:27:12  DEBUG     Starting new HTTPS connection (1): piconnect.flattrade.in:443
2026-07-10 09:27:12  DEBUG     https://piconnect.flattrade.in:443 "POST /PiConnectAPI/SearchScrip HTTP/1.1" 200 None
2026-07-10 09:27:12  INFO      Resolved  BALRAMCHIN       token=341
2026-07-10 09:27:12  DEBUG     Starting new HTTPS connection (1): piconnect.flattrade.in:443
2026-07-10 09:27:12  DEBUG     https://piconnect.flattrade.in:443 "POST /PiConnectAPI/SearchScrip HTTP/1.1" 200 None
2026-07-10 09:27:12  INFO      Resolved  GRANULES         token=11872
2026-07-10 09:27:12  DEBUG     Starting new HTTPS connection (1): piconnect.flattrade.in:443
2026-07-10 09:27:13  DEBUG     https://piconnect.flattrade.in:443 "POST /PiConnectAPI/SearchScrip HTTP/1.1" 200 None
2026-07-10 09:27:13  INFO      Resolved  SUZLON           token=12018
2026-07-10 09:27:13  DEBUG     Starting new HTTPS connection (1): piconnect.flattrade.in:443
2026-07-10 09:27:13  DEBUG     https://piconnect.flattrade.in:443 "POST /PiConnectAPI/PositionBook HTTP/1.1" 200 None
2026-07-10 09:27:13  DEBUG     Starting new HTTPS connection (1): piconnect.flattrade.in:443
2026-07-10 09:27:13  DEBUG     https://piconnect.flattrade.in:443 "POST /PiConnectAPI/Limits HTTP/1.1" 200 None
2026-07-10 09:27:13  INFO      *** LIVE MODE  cash=Rs0  4x=Rs0  K=4  per_trade=Rs1000 ***
2026-07-10 09:27:13  INFO      8 stocks | Rs1000/trade | K=4 | EOD 15:00 IST
2026-07-10 09:27:13  INFO      ============================================================
2026-07-10 09:27:14  INFO      Websocket connected
2026-07-10 09:27:14  INFO      WS CONNECTED  subscribed=8 instruments
2026-07-10 09:27:14  INFO      Ticks -> data/2026-07-10/ticks.jsonl
2026-07-10 09:28:14  DEBUG     Sending ping
2026-07-10 09:28:44  DEBUG     Sending ping
2026-07-10 09:29:14  DEBUG     Sending ping
2026-07-10 09:29:44  DEBUG     Sending ping
2026-07-10 09:30:00  INFO      ────────────────────────────────────────────────────────────
2026-07-10 09:30:00  INFO      EOD SUMMARY  date=2026-07-10  trades=0  total_pnl=Rs0.00
2026-07-10 09:30:00  INFO      All positions flat at EOD
2026-07-10 09:30:00  INFO      Ticks  -> data/2026-07-10/ticks.jsonl
2026-07-10 09:30:00  INFO      Trades -> logs/trades_2026-07-10.csv
2026-07-10 09:30:00  INFO      ────────────────────────────────────────────────────────────
2026-07-10 09:30:14  DEBUG     Sending ping
2026-07-10 09:30:44  DEBUG     Sending ping
2026-07-10 09:31:14  DEBUG     Sending ping
2026-07-10 09:31:44  DEBUG     Sending ping
2026-07-10 09:32:14  DEBUG     Sending ping
2026-07-10 09:32:44  DEBUG     Sending ping
2026-07-10 09:33:02  ERROR     WS ERROR  Connection to remote host was lost.
2026-07-10 09:33:02  ERROR     Connection to remote host was lost. - goodbye
2026-07-10 09:33:02  WARNING   WS DISCONNECTED  code=None  reason=None  trades=0  pnl=Rs+0.00
[Fri Jul 10 09:33:02 UTC 2026] Runner exited, restarting in 10s...
[Fri Jul 10 09:33:12 UTC 2026] Starting runner...
2026-07-10 09:33:12  INFO      ============================================================
2026-07-10 09:33:12  INFO      STARTUP  date=2026-07-10  pid=304240
2026-07-10 09:33:12  INFO      Strategy: Supertrend atr=14 mult=1.5 | 15-min | LIVE mode
2026-07-10 09:33:12  INFO      Resolving NSE tokens...
2026-07-10 09:33:12  DEBUG     Starting new HTTPS connection (1): piconnect.flattrade.in:443
2026-07-10 09:33:13  DEBUG     https://piconnect.flattrade.in:443 "POST /PiConnectAPI/SearchScrip HTTP/1.1" 200 None
2026-07-10 09:33:13  INFO      Resolved  HFCL             token=21951
2026-07-10 09:33:13  DEBUG     Starting new HTTPS connection (1): piconnect.flattrade.in:443
2026-07-10 09:33:13  DEBUG     https://piconnect.flattrade.in:443 "POST /PiConnectAPI/SearchScrip HTTP/1.1" 200 None
2026-07-10 09:33:13  INFO      Resolved  BANKBARODA       token=4668
2026-07-10 09:33:13  DEBUG     Starting new HTTPS connection (1): piconnect.flattrade.in:443
2026-07-10 09:33:13  DEBUG     https://piconnect.flattrade.in:443 "POST /PiConnectAPI/SearchScrip HTTP/1.1" 200 None
2026-07-10 09:33:13  INFO      Resolved  NMDC             token=15332
2026-07-10 09:33:13  DEBUG     Starting new HTTPS connection (1): piconnect.flattrade.in:443
2026-07-10 09:33:13  DEBUG     https://piconnect.flattrade.in:443 "POST /PiConnectAPI/SearchScrip HTTP/1.1" 200 None
2026-07-10 09:33:13  INFO      Resolved  CESC             token=628
2026-07-10 09:33:13  DEBUG     Starting new HTTPS connection (1): piconnect.flattrade.in:443
2026-07-10 09:33:14  DEBUG     https://piconnect.flattrade.in:443 "POST /PiConnectAPI/SearchScrip HTTP/1.1" 200 None
2026-07-10 09:33:14  INFO      Resolved  ZEEL             token=3812
2026-07-10 09:33:14  DEBUG     Starting new HTTPS connection (1): piconnect.flattrade.in:443
2026-07-10 09:33:14  DEBUG     https://piconnect.flattrade.in:443 "POST /PiConnectAPI/SearchScrip HTTP/1.1" 200 None
2026-07-10 09:33:14  INFO      Resolved  BALRAMCHIN       token=341
2026-07-10 09:33:14  DEBUG     Starting new HTTPS connection (1): piconnect.flattrade.in:443
2026-07-10 09:33:14  DEBUG     https://piconnect.flattrade.in:443 "POST /PiConnectAPI/SearchScrip HTTP/1.1" 200 None
2026-07-10 09:33:14  INFO      Resolved  GRANULES         token=11872
2026-07-10 09:33:14  DEBUG     Starting new HTTPS connection (1): piconnect.flattrade.in:443
2026-07-10 09:33:14  DEBUG     https://piconnect.flattrade.in:443 "POST /PiConnectAPI/SearchScrip HTTP/1.1" 200 None
2026-07-10 09:33:14  INFO      Resolved  SUZLON           token=12018
2026-07-10 09:33:14  DEBUG     Starting new HTTPS connection (1): piconnect.flattrade.in:443
2026-07-10 09:33:14  DEBUG     https://piconnect.flattrade.in:443 "POST /PiConnectAPI/PositionBook HTTP/1.1" 200 None
2026-07-10 09:33:14  DEBUG     Starting new HTTPS connection (1): piconnect.flattrade.in:443
2026-07-10 09:33:15  DEBUG     https://piconnect.flattrade.in:443 "POST /PiConnectAPI/Limits HTTP/1.1" 200 None
2026-07-10 09:33:15  INFO      *** LIVE MODE  cash=Rs0  4x=Rs0  K=4  per_trade=Rs1000 ***
2026-07-10 09:33:15  INFO      8 stocks | Rs1000/trade | K=4 | EOD 15:00 IST
2026-07-10 09:33:15  INFO      ============================================================
2026-07-10 09:33:15  ERROR     WS ERROR  Handshake status 502 Bad Gateway -+-+- {'date': 'Fri, 10 Jul 2026 09:33:15 GMT', 'content-type': 'text/plain; charset=UTF-8', 'content-length': '15', 'connection': 'keep-alive', 'report-to': '{"endpoints":[{"url":"https:\\/\\/a.nel.cloudflare.com\\/report\\/v4?s=aIbbYEx4M1b%2ByCkNEpfwG6SXbFUv6XcHPnbQGdaxWFyKSsZczLbmo6mPWP%2F8og8q2c41CMEzXwiWCV57xhsissalvijQPgG1qp2%2BMlf9iGUrpkBJZ%2BQi90NdqwLet1P2eKyzP9Ad%2BPY%3D"}],"group":"cf-nel","max_age":604800}', 'nel': '{"success_fraction":0,"report_to":"cf-nel","max_age":604800}', 'x-frame-options': 'SAMEORIGIN', 'referrer-policy': 'same-origin', 'cache-control': 'private, max-age=0, no-store, no-cache, must-revalidate, post-check=0, pre-check=0', 'expires': 'Thu, 01 Jan 1970 00:00:01 GMT', 'server': 'cloudflare', 'cf-ray': 'a18e90d92f9cddf7-ARN', 'server-timing': 'cfL4;desc="?proto=TCP&rtt=2971&min_rtt=2970&rtt_var=1116&sent=4&recv=6&lost=0&retrans=0&sent_bytes=2826&recv_bytes=835&delivery_rate=971812&cwnd=52&unsent_bytes=0&cid=c9a2021b0c8a5a66&ts=445&x=0"'} -+-+- b'error code: 502'
2026-07-10 09:33:15  ERROR     Handshake status 502 Bad Gateway -+-+- {'date': 'Fri, 10 Jul 2026 09:33:15 GMT', 'content-type': 'text/plain; charset=UTF-8', 'content-length': '15', 'connection': 'keep-alive', 'report-to': '{"endpoints":[{"url":"https:\\/\\/a.nel.cloudflare.com\\/report\\/v4?s=aIbbYEx4M1b%2ByCkNEpfwG6SXbFUv6XcHPnbQGdaxWFyKSsZczLbmo6mPWP%2F8og8q2c41CMEzXwiWCV57xhsissalvijQPgG1qp2%2BMlf9iGUrpkBJZ%2BQi90NdqwLet1P2eKyzP9Ad%2BPY%3D"}],"group":"cf-nel","max_age":604800}', 'nel': '{"success_fraction":0,"report_to":"cf-nel","max_age":604800}', 'x-frame-options': 'SAMEORIGIN', 'referrer-policy': 'same-origin', 'cache-control': 'private, max-age=0, no-store, no-cache, must-revalidate, post-check=0, pre-check=0', 'expires': 'Thu, 01 Jan 1970 00:00:01 GMT', 'server': 'cloudflare', 'cf-ray': 'a18e90d92f9cddf7-ARN', 'server-timing': 'cfL4;desc="?proto=TCP&rtt=2971&min_rtt=2970&rtt_var=1116&sent=4&recv=6&lost=0&retrans=0&sent_bytes=2826&recv_bytes=835&delivery_rate=971812&cwnd=52&unsent_bytes=0&cid=c9a2021b0c8a5a66&ts=445&x=0"'} -+-+- b'error code: 502' - goodbye
2026-07-10 09:33:15  WARNING   WS DISCONNECTED  code=None  reason=None  trades=0  pnl=Rs+0.00
[Fri Jul 10 09:33:15 UTC 2026] Runner exited, restarting in 10s...
[Fri Jul 10 09:33:25 UTC 2026] Starting runner...
2026-07-10 09:33:25  INFO      ============================================================
2026-07-10 09:33:25  INFO      STARTUP  date=2026-07-10  pid=304248
2026-07-10 09:33:25  INFO      Strategy: Supertrend atr=14 mult=1.5 | 15-min | LIVE mode
2026-07-10 09:33:25  INFO      Resolving NSE tokens...
2026-07-10 09:33:25  DEBUG     Starting new HTTPS connection (1): piconnect.flattrade.in:443
2026-07-10 09:33:25  DEBUG     https://piconnect.flattrade.in:443 "POST /PiConnectAPI/SearchScrip HTTP/1.1" 200 None
2026-07-10 09:33:25  INFO      Resolved  HFCL             token=21951
2026-07-10 09:33:25  DEBUG     Starting new HTTPS connection (1): piconnect.flattrade.in:443
2026-07-10 09:33:26  DEBUG     https://piconnect.flattrade.in:443 "POST /PiConnectAPI/SearchScrip HTTP/1.1" 200 None
2026-07-10 09:33:26  INFO      Resolved  BANKBARODA       token=4668
2026-07-10 09:33:26  DEBUG     Starting new HTTPS connection (1): piconnect.flattrade.in:443
2026-07-10 09:33:26  DEBUG     https://piconnect.flattrade.in:443 "POST /PiConnectAPI/SearchScrip HTTP/1.1" 200 None
2026-07-10 09:33:26  INFO      Resolved  NMDC             token=15332
2026-07-10 09:33:26  DEBUG     Starting new HTTPS connection (1): piconnect.flattrade.in:443
2026-07-10 09:33:26  DEBUG     https://piconnect.flattrade.in:443 "POST /PiConnectAPI/SearchScrip HTTP/1.1" 200 None
2026-07-10 09:33:26  INFO      Resolved  CESC             token=628
2026-07-10 09:33:26  DEBUG     Starting new HTTPS connection (1): piconnect.flattrade.in:443
2026-07-10 09:33:26  DEBUG     https://piconnect.flattrade.in:443 "POST /PiConnectAPI/SearchScrip HTTP/1.1" 200 None
2026-07-10 09:33:26  INFO      Resolved  ZEEL             token=3812
2026-07-10 09:33:26  DEBUG     Starting new HTTPS connection (1): piconnect.flattrade.in:443
2026-07-10 09:33:27  DEBUG     https://piconnect.flattrade.in:443 "POST /PiConnectAPI/SearchScrip HTTP/1.1" 200 None
2026-07-10 09:33:27  INFO      Resolved  BALRAMCHIN       token=341
2026-07-10 09:33:27  DEBUG     Starting new HTTPS connection (1): piconnect.flattrade.in:443
2026-07-10 09:33:27  DEBUG     https://piconnect.flattrade.in:443 "POST /PiConnectAPI/SearchScrip HTTP/1.1" 200 None
2026-07-10 09:33:27  INFO      Resolved  GRANULES         token=11872
2026-07-10 09:33:27  DEBUG     Starting new HTTPS connection (1): piconnect.flattrade.in:443
2026-07-10 09:33:27  DEBUG     https://piconnect.flattrade.in:443 "POST /PiConnectAPI/SearchScrip HTTP/1.1" 200 None
2026-07-10 09:33:27  INFO      Resolved  SUZLON           token=12018
2026-07-10 09:33:27  DEBUG     Starting new HTTPS connection (1): piconnect.flattrade.in:443
2026-07-10 09:33:27  DEBUG     https://piconnect.flattrade.in:443 "POST /PiConnectAPI/PositionBook HTTP/1.1" 200 None
2026-07-10 09:33:27  DEBUG     Starting new HTTPS connection (1): piconnect.flattrade.in:443
2026-07-10 09:33:27  DEBUG     https://piconnect.flattrade.in:443 "POST /PiConnectAPI/Limits HTTP/1.1" 200 None
2026-07-10 09:33:27  INFO      *** LIVE MODE  cash=Rs0  4x=Rs0  K=4  per_trade=Rs1000 ***
2026-07-10 09:33:27  INFO      8 stocks | Rs1000/trade | K=4 | EOD 15:00 IST
2026-07-10 09:33:27  INFO      ============================================================
2026-07-10 09:33:28  ERROR     WS ERROR  Handshake status 502 Bad Gateway -+-+- {'date': 'Fri, 10 Jul 2026 09:33:28 GMT', 'content-type': 'text/plain; charset=UTF-8', 'content-length': '15', 'connection': 'keep-alive', 'report-to': '{"endpoints":[{"url":"https:\\/\\/a.nel.cloudflare.com\\/report\\/v4?s=2aF1gV1l9wJnoPU3JXMOYFbjKZD6Zaxd87THF2F99NvB0SWyDCv7hJc9vlld9Uy6ubZabjsebsUvecrC9UnF4ppUNxekF8Q1W4KWbISJiDxshzlz%2FUNgDCo8un6BvaTOub2Db4AiZCw%3D"}],"group":"cf-nel","max_age":604800}', 'nel': '{"success_fraction":0,"report_to":"cf-nel","max_age":604800}', 'x-frame-options': 'SAMEORIGIN', 'referrer-policy': 'same-origin', 'cache-control': 'private, max-age=0, no-store, no-cache, must-revalidate, post-check=0, pre-check=0', 'expires': 'Thu, 01 Jan 1970 00:00:01 GMT', 'server': 'cloudflare', 'cf-ray': 'a18e9128fe6623a0-ARN', 'server-timing': 'cfL4;desc="?proto=TCP&rtt=2884&min_rtt=2883&rtt_var=1083&sent=4&recv=6&lost=0&retrans=0&sent_bytes=2824&recv_bytes=835&delivery_rate=1001383&cwnd=52&unsent_bytes=0&cid=273407d79da350bf&ts=453&x=0"'} -+-+- b'error code: 502'
2026-07-10 09:33:28  ERROR     Handshake status 502 Bad Gateway -+-+- {'date': 'Fri, 10 Jul 2026 09:33:28 GMT', 'content-type': 'text/plain; charset=UTF-8', 'content-length': '15', 'connection': 'keep-alive', 'report-to': '{"endpoints":[{"url":"https:\\/\\/a.nel.cloudflare.com\\/report\\/v4?s=2aF1gV1l9wJnoPU3JXMOYFbjKZD6Zaxd87THF2F99NvB0SWyDCv7hJc9vlld9Uy6ubZabjsebsUvecrC9UnF4ppUNxekF8Q1W4KWbISJiDxshzlz%2FUNgDCo8un6BvaTOub2Db4AiZCw%3D"}],"group":"cf-nel","max_age":604800}', 'nel': '{"success_fraction":0,"report_to":"cf-nel","max_age":604800}', 'x-frame-options': 'SAMEORIGIN', 'referrer-policy': 'same-origin', 'cache-control': 'private, max-age=0, no-store, no-cache, must-revalidate, post-check=0, pre-check=0', 'expires': 'Thu, 01 Jan 1970 00:00:01 GMT', 'server': 'cloudflare', 'cf-ray': 'a18e9128fe6623a0-ARN', 'server-timing': 'cfL4;desc="?proto=TCP&rtt=2884&min_rtt=2883&rtt_var=1083&sent=4&recv=6&lost=0&retrans=0&sent_bytes=2824&recv_bytes=835&delivery_rate=1001383&cwnd=52&unsent_bytes=0&cid=273407d79da350bf&ts=453&x=0"'} -+-+- b'error code: 502' - goodbye
2026-07-10 09:33:28  WARNING   WS DISCONNECTED  code=None  reason=None  trades=0  pnl=Rs+0.00
[Fri Jul 10 09:33:28 UTC 2026] Runner exited, restarting in 10s...
[Fri Jul 10 09:33:38 UTC 2026] Starting runner...
2026-07-10 09:33:38  INFO      ============================================================
2026-07-10 09:33:38  INFO      STARTUP  date=2026-07-10  pid=304255
2026-07-10 09:33:38  INFO      Strategy: Supertrend atr=14 mult=1.5 | 15-min | LIVE mode
2026-07-10 09:33:38  INFO      Resolving NSE tokens...
2026-07-10 09:33:38  DEBUG     Starting new HTTPS connection (1): piconnect.flattrade.in:443
2026-07-10 09:33:38  DEBUG     https://piconnect.flattrade.in:443 "POST /PiConnectAPI/SearchScrip HTTP/1.1" 200 None
2026-07-10 09:33:38  INFO      Resolved  HFCL             token=21951
2026-07-10 09:33:38  DEBUG     Starting new HTTPS connection (1): piconnect.flattrade.in:443
2026-07-10 09:33:38  DEBUG     https://piconnect.flattrade.in:443 "POST /PiConnectAPI/SearchScrip HTTP/1.1" 200 None
2026-07-10 09:33:38  INFO      Resolved  BANKBARODA       token=4668
2026-07-10 09:33:38  DEBUG     Starting new HTTPS connection (1): piconnect.flattrade.in:443
2026-07-10 09:33:39  DEBUG     https://piconnect.flattrade.in:443 "POST /PiConnectAPI/SearchScrip HTTP/1.1" 200 None
2026-07-10 09:33:39  INFO      Resolved  NMDC             token=15332
2026-07-10 09:33:39  DEBUG     Starting new HTTPS connection (1): piconnect.flattrade.in:443
2026-07-10 09:33:39  DEBUG     https://piconnect.flattrade.in:443 "POST /PiConnectAPI/SearchScrip HTTP/1.1" 200 None
2026-07-10 09:33:39  INFO      Resolved  CESC             token=628
2026-07-10 09:33:39  DEBUG     Starting new HTTPS connection (1): piconnect.flattrade.in:443
2026-07-10 09:33:39  DEBUG     https://piconnect.flattrade.in:443 "POST /PiConnectAPI/SearchScrip HTTP/1.1" 200 None
2026-07-10 09:33:39  INFO      Resolved  ZEEL             token=3812
2026-07-10 09:33:39  DEBUG     Starting new HTTPS connection (1): piconnect.flattrade.in:443
2026-07-10 09:33:39  DEBUG     https://piconnect.flattrade.in:443 "POST /PiConnectAPI/SearchScrip HTTP/1.1" 200 None
2026-07-10 09:33:39  INFO      Resolved  BALRAMCHIN       token=341
2026-07-10 09:33:39  DEBUG     Starting new HTTPS connection (1): piconnect.flattrade.in:443
2026-07-10 09:33:39  DEBUG     https://piconnect.flattrade.in:443 "POST /PiConnectAPI/SearchScrip HTTP/1.1" 200 None
2026-07-10 09:33:39  INFO      Resolved  GRANULES         token=11872
2026-07-10 09:33:39  DEBUG     Starting new HTTPS connection (1): piconnect.flattrade.in:443
2026-07-10 09:33:40  DEBUG     https://piconnect.flattrade.in:443 "POST /PiConnectAPI/SearchScrip HTTP/1.1" 200 None
2026-07-10 09:33:40  INFO      Resolved  SUZLON           token=12018
2026-07-10 09:33:40  DEBUG     Starting new HTTPS connection (1): piconnect.flattrade.in:443
2026-07-10 09:33:40  DEBUG     https://piconnect.flattrade.in:443 "POST /PiConnectAPI/PositionBook HTTP/1.1" 200 None
2026-07-10 09:33:40  DEBUG     Starting new HTTPS connection (1): piconnect.flattrade.in:443
2026-07-10 09:33:40  DEBUG     https://piconnect.flattrade.in:443 "POST /PiConnectAPI/Limits HTTP/1.1" 200 None
2026-07-10 09:33:40  INFO      *** LIVE MODE  cash=Rs0  4x=Rs0  K=4  per_trade=Rs1000 ***
2026-07-10 09:33:40  INFO      8 stocks | Rs1000/trade | K=4 | EOD 15:00 IST
2026-07-10 09:33:40  INFO      ============================================================
2026-07-10 09:33:41  ERROR     WS ERROR  Handshake status 502 Bad Gateway -+-+- {'date': 'Fri, 10 Jul 2026 09:33:41 GMT', 'content-type': 'text/plain; charset=UTF-8', 'content-length': '15', 'connection': 'keep-alive', 'report-to': '{"endpoints":[{"url":"https:\\/\\/a.nel.cloudflare.com\\/report\\/v4?s=pFTA6nCxMRXQRHj%2B0npKcnMnryxyX2XWJqyzIZ2KaV%2Bd469LTbO6%2F0RLG6mTv1OXj2HKROpmMHJs4cltAzbP3PwV2F2EPCLS6Qrm7CfUkD%2Fm9i1L5bLf4inLtIwdYU744ukqVocXDR8%3D"}],"group":"cf-nel","max_age":604800}', 'nel': '{"success_fraction":0,"report_to":"cf-nel","max_age":604800}', 'x-frame-options': 'SAMEORIGIN', 'referrer-policy': 'same-origin', 'cache-control': 'private, max-age=0, no-store, no-cache, must-revalidate, post-check=0, pre-check=0', 'expires': 'Thu, 01 Jan 1970 00:00:01 GMT', 'server': 'cloudflare', 'cf-ray': 'a18e91787ae90d2b-ARN', 'server-timing': 'cfL4;desc="?proto=TCP&rtt=3928&min_rtt=3926&rtt_var=1474&sent=4&recv=6&lost=0&retrans=0&sent_bytes=2825&recv_bytes=835&delivery_rate=737646&cwnd=52&unsent_bytes=0&cid=52bfd9e6c3cb16c9&ts=455&x=0"'} -+-+- b'error code: 502'
2026-07-10 09:33:41  ERROR     Handshake status 502 Bad Gateway -+-+- {'date': 'Fri, 10 Jul 2026 09:33:41 GMT', 'content-type': 'text/plain; charset=UTF-8', 'content-length': '15', 'connection': 'keep-alive', 'report-to': '{"endpoints":[{"url":"https:\\/\\/a.nel.cloudflare.com\\/report\\/v4?s=pFTA6nCxMRXQRHj%2B0npKcnMnryxyX2XWJqyzIZ2KaV%2Bd469LTbO6%2F0RLG6mTv1OXj2HKROpmMHJs4cltAzbP3PwV2F2EPCLS6Qrm7CfUkD%2Fm9i1L5bLf4inLtIwdYU744ukqVocXDR8%3D"}],"group":"cf-nel","max_age":604800}', 'nel': '{"success_fraction":0,"report_to":"cf-nel","max_age":604800}', 'x-frame-options': 'SAMEORIGIN', 'referrer-policy': 'same-origin', 'cache-control': 'private, max-age=0, no-store, no-cache, must-revalidate, post-check=0, pre-check=0', 'expires': 'Thu, 01 Jan 1970 00:00:01 GMT', 'server': 'cloudflare', 'cf-ray': 'a18e91787ae90d2b-ARN', 'server-timing': 'cfL4;desc="?proto=TCP&rtt=3928&min_rtt=3926&rtt_var=1474&sent=4&recv=6&lost=0&retrans=0&sent_bytes=2825&recv_bytes=835&delivery_rate=737646&cwnd=52&unsent_bytes=0&cid=52bfd9e6c3cb16c9&ts=455&x=0"'} -+-+- b'error code: 502' - goodbye
2026-07-10 09:33:41  WARNING   WS DISCONNECTED  code=None  reason=None  trades=0  pnl=Rs+0.00
[Fri Jul 10 09:33:41 UTC 2026] Runner exited, restarting in 10s...
[Fri Jul 10 09:33:51 UTC 2026] Starting runner...
2026-07-10 09:33:51  INFO      ============================================================
2026-07-10 09:33:51  INFO      STARTUP  date=2026-07-10  pid=304310
2026-07-10 09:33:51  INFO      Strategy: Supertrend atr=14 mult=1.5 | 15-min | LIVE mode
2026-07-10 09:33:51  INFO      Resolving NSE tokens...
2026-07-10 09:33:51  DEBUG     Starting new HTTPS connection (1): piconnect.flattrade.in:443
2026-07-10 09:33:51  DEBUG     https://piconnect.flattrade.in:443 "POST /PiConnectAPI/SearchScrip HTTP/1.1" 200 None
2026-07-10 09:33:51  INFO      Resolved  HFCL             token=21951
2026-07-10 09:33:51  DEBUG     Starting new HTTPS connection (1): piconnect.flattrade.in:443
2026-07-10 09:33:51  DEBUG     https://piconnect.flattrade.in:443 "POST /PiConnectAPI/SearchScrip HTTP/1.1" 200 None
2026-07-10 09:33:51  INFO      Resolved  BANKBARODA       token=4668
2026-07-10 09:33:51  DEBUG     Starting new HTTPS connection (1): piconnect.flattrade.in:443
2026-07-10 09:33:51  DEBUG     https://piconnect.flattrade.in:443 "POST /PiConnectAPI/SearchScrip HTTP/1.1" 200 None
2026-07-10 09:33:51  INFO      Resolved  NMDC             token=15332
2026-07-10 09:33:51  DEBUG     Starting new HTTPS connection (1): piconnect.flattrade.in:443
2026-07-10 09:33:52  DEBUG     https://piconnect.flattrade.in:443 "POST /PiConnectAPI/SearchScrip HTTP/1.1" 200 None
2026-07-10 09:33:52  INFO      Resolved  CESC             token=628
2026-07-10 09:33:52  DEBUG     Starting new HTTPS connection (1): piconnect.flattrade.in:443
2026-07-10 09:33:52  DEBUG     https://piconnect.flattrade.in:443 "POST /PiConnectAPI/SearchScrip HTTP/1.1" 200 None
2026-07-10 09:33:52  INFO      Resolved  ZEEL             token=3812
2026-07-10 09:33:52  DEBUG     Starting new HTTPS connection (1): piconnect.flattrade.in:443
2026-07-10 09:33:52  DEBUG     https://piconnect.flattrade.in:443 "POST /PiConnectAPI/SearchScrip HTTP/1.1" 200 None
2026-07-10 09:33:52  INFO      Resolved  BALRAMCHIN       token=341
2026-07-10 09:33:52  DEBUG     Starting new HTTPS connection (1): piconnect.flattrade.in:443
2026-07-10 09:33:52  DEBUG     https://piconnect.flattrade.in:443 "POST /PiConnectAPI/SearchScrip HTTP/1.1" 200 None
2026-07-10 09:33:52  INFO      Resolved  GRANULES         token=11872
2026-07-10 09:33:52  DEBUG     Starting new HTTPS connection (1): piconnect.flattrade.in:443
2026-07-10 09:33:52  DEBUG     https://piconnect.flattrade.in:443 "POST /PiConnectAPI/SearchScrip HTTP/1.1" 200 None
2026-07-10 09:33:52  INFO      Resolved  SUZLON           token=12018
2026-07-10 09:33:52  DEBUG     Starting new HTTPS connection (1): piconnect.flattrade.in:443
2026-07-10 09:33:53  DEBUG     https://piconnect.flattrade.in:443 "POST /PiConnectAPI/PositionBook HTTP/1.1" 200 None
2026-07-10 09:33:53  DEBUG     Starting new HTTPS connection (1): piconnect.flattrade.in:443
2026-07-10 09:33:53  DEBUG     https://piconnect.flattrade.in:443 "POST /PiConnectAPI/Limits HTTP/1.1" 200 None
2026-07-10 09:33:53  INFO      *** LIVE MODE  cash=Rs0  4x=Rs0  K=4  per_trade=Rs1000 ***
2026-07-10 09:33:53  INFO      8 stocks | Rs1000/trade | K=4 | EOD 15:00 IST
2026-07-10 09:33:53  INFO      ============================================================
2026-07-10 09:33:53  ERROR     WS ERROR  Handshake status 502 Bad Gateway -+-+- {'date': 'Fri, 10 Jul 2026 09:33:53 GMT', 'content-type': 'text/plain; charset=UTF-8', 'content-length': '15', 'connection': 'keep-alive', 'report-to': '{"endpoints":[{"url":"https:\\/\\/a.nel.cloudflare.com\\/report\\/v4?s=EhVA%2F8sdwCdOSAzUfarnyn7SwkAkXo592chtpcEIOU%2FCZcdSi7uuegfi8mR4uZkEjov3Sqevc8gJeohWMFIJeHFo%2BkfEwjfiKFPLHKuHpbaT4wcvVyiu%2FEg2fZOa04NGeIpul3yEG8U%3D"}],"group":"cf-nel","max_age":604800}', 'nel': '{"success_fraction":0,"report_to":"cf-nel","max_age":604800}', 'x-frame-options': 'SAMEORIGIN', 'referrer-policy': 'same-origin', 'cache-control': 'private, max-age=0, no-store, no-cache, must-revalidate, post-check=0, pre-check=0', 'expires': 'Thu, 01 Jan 1970 00:00:01 GMT', 'server': 'cloudflare', 'cf-ray': 'a18e91c7b9c409b4-ARN', 'server-timing': 'cfL4;desc="?proto=TCP&rtt=3409&min_rtt=3405&rtt_var=1285&sent=4&recv=6&lost=0&retrans=0&sent_bytes=2826&recv_bytes=835&delivery_rate=842350&cwnd=52&unsent_bytes=0&cid=e42a757d0880dbb1&ts=460&x=0"'} -+-+- b'error code: 502'
2026-07-10 09:33:53  ERROR     Handshake status 502 Bad Gateway -+-+- {'date': 'Fri, 10 Jul 2026 09:33:53 GMT', 'content-type': 'text/plain; charset=UTF-8', 'content-length': '15', 'connection': 'keep-alive', 'report-to': '{"endpoints":[{"url":"https:\\/\\/a.nel.cloudflare.com\\/report\\/v4?s=EhVA%2F8sdwCdOSAzUfarnyn7SwkAkXo592chtpcEIOU%2FCZcdSi7uuegfi8mR4uZkEjov3Sqevc8gJeohWMFIJeHFo%2BkfEwjfiKFPLHKuHpbaT4wcvVyiu%2FEg2fZOa04NGeIpul3yEG8U%3D"}],"group":"cf-nel","max_age":604800}', 'nel': '{"success_fraction":0,"report_to":"cf-nel","max_age":604800}', 'x-frame-options': 'SAMEORIGIN', 'referrer-policy': 'same-origin', 'cache-control': 'private, max-age=0, no-store, no-cache, must-revalidate, post-check=0, pre-check=0', 'expires': 'Thu, 01 Jan 1970 00:00:01 GMT', 'server': 'cloudflare', 'cf-ray': 'a18e91c7b9c409b4-ARN', 'server-timing': 'cfL4;desc="?proto=TCP&rtt=3409&min_rtt=3405&rtt_var=1285&sent=4&recv=6&lost=0&retrans=0&sent_bytes=2826&recv_bytes=835&delivery_rate=842350&cwnd=52&unsent_bytes=0&cid=e42a757d0880dbb1&ts=460&x=0"'} -+-+- b'error code: 502' - goodbye
2026-07-10 09:33:53  WARNING   WS DISCONNECTED  code=None  reason=None  trades=0  pnl=Rs+0.00
[Fri Jul 10 09:33:53 UTC 2026] Runner exited, restarting in 10s...
[Fri Jul 10 09:34:03 UTC 2026] Starting runner...
2026-07-10 09:34:03  INFO      ============================================================
2026-07-10 09:34:03  INFO      STARTUP  date=2026-07-10  pid=304317
2026-07-10 09:34:03  INFO      Strategy: Supertrend atr=14 mult=1.5 | 15-min | LIVE mode
2026-07-10 09:34:03  INFO      Resolving NSE tokens...
2026-07-10 09:34:03  DEBUG     Starting new HTTPS connection (1): piconnect.flattrade.in:443
2026-07-10 09:34:04  DEBUG     https://piconnect.flattrade.in:443 "POST /PiConnectAPI/SearchScrip HTTP/1.1" 200 None
2026-07-10 09:34:04  INFO      Resolved  HFCL             token=21951
2026-07-10 09:34:04  DEBUG     Starting new HTTPS connection (1): piconnect.flattrade.in:443
2026-07-10 09:34:04  DEBUG     https://piconnect.flattrade.in:443 "POST /PiConnectAPI/SearchScrip HTTP/1.1" 200 None
2026-07-10 09:34:04  INFO      Resolved  BANKBARODA       token=4668
2026-07-10 09:34:04  DEBUG     Starting new HTTPS connection (1): piconnect.flattrade.in:443
2026-07-10 09:34:04  DEBUG     https://piconnect.flattrade.in:443 "POST /PiConnectAPI/SearchScrip HTTP/1.1" 200 None
2026-07-10 09:34:04  INFO      Resolved  NMDC             token=15332
2026-07-10 09:34:04  DEBUG     Starting new HTTPS connection (1): piconnect.flattrade.in:443
2026-07-10 09:34:04  DEBUG     https://piconnect.flattrade.in:443 "POST /PiConnectAPI/SearchScrip HTTP/1.1" 200 None
2026-07-10 09:34:04  INFO      Resolved  CESC             token=628
2026-07-10 09:34:04  DEBUG     Starting new HTTPS connection (1): piconnect.flattrade.in:443
2026-07-10 09:34:04  DEBUG     https://piconnect.flattrade.in:443 "POST /PiConnectAPI/SearchScrip HTTP/1.1" 200 None
2026-07-10 09:34:04  INFO      Resolved  ZEEL             token=3812
2026-07-10 09:34:04  DEBUG     Starting new HTTPS connection (1): piconnect.flattrade.in:443
2026-07-10 09:34:05  DEBUG     https://piconnect.flattrade.in:443 "POST /PiConnectAPI/SearchScrip HTTP/1.1" 200 None
2026-07-10 09:34:05  INFO      Resolved  BALRAMCHIN       token=341
2026-07-10 09:34:05  DEBUG     Starting new HTTPS connection (1): piconnect.flattrade.in:443
2026-07-10 09:34:05  DEBUG     https://piconnect.flattrade.in:443 "POST /PiConnectAPI/SearchScrip HTTP/1.1" 200 None
2026-07-10 09:34:05  INFO      Resolved  GRANULES         token=11872
2026-07-10 09:34:05  DEBUG     Starting new HTTPS connection (1): piconnect.flattrade.in:443
2026-07-10 09:34:05  DEBUG     https://piconnect.flattrade.in:443 "POST /PiConnectAPI/SearchScrip HTTP/1.1" 200 None
2026-07-10 09:34:05  INFO      Resolved  SUZLON           token=12018
2026-07-10 09:34:05  DEBUG     Starting new HTTPS connection (1): piconnect.flattrade.in:443
2026-07-10 09:34:05  DEBUG     https://piconnect.flattrade.in:443 "POST /PiConnectAPI/PositionBook HTTP/1.1" 200 None
2026-07-10 09:34:05  DEBUG     Starting new HTTPS connection (1): piconnect.flattrade.in:443
2026-07-10 09:34:05  DEBUG     https://piconnect.flattrade.in:443 "POST /PiConnectAPI/Limits HTTP/1.1" 200 None
2026-07-10 09:34:05  INFO      *** LIVE MODE  cash=Rs0  4x=Rs0  K=4  per_trade=Rs1000 ***
2026-07-10 09:34:05  INFO      8 stocks | Rs1000/trade | K=4 | EOD 15:00 IST
2026-07-10 09:34:05  INFO      ============================================================
2026-07-10 09:34:06  ERROR     WS ERROR  Handshake status 502 Bad Gateway -+-+- {'date': 'Fri, 10 Jul 2026 09:34:06 GMT', 'content-type': 'text/plain; charset=UTF-8', 'content-length': '15', 'connection': 'keep-alive', 'report-to': '{"endpoints":[{"url":"https:\\/\\/a.nel.cloudflare.com\\/report\\/v4?s=D%2FEtiWtFOqYn58qHp0nlM6%2FiA77xSHMtdOfgfjhFjfpnG8vXn0fWaI7NhrFiDyZDHJHj9wJl5t6P3mgihtv2RBd0RxVRe8Gg3KhWXJTp9tD6mWRAdkJ7R9UXWB4EmEGQCDroUUw0THQ%3D"}],"group":"cf-nel","max_age":604800}', 'nel': '{"success_fraction":0,"report_to":"cf-nel","max_age":604800}', 'x-frame-options': 'SAMEORIGIN', 'referrer-policy': 'same-origin', 'cache-control': 'private, max-age=0, no-store, no-cache, must-revalidate, post-check=0, pre-check=0', 'expires': 'Thu, 01 Jan 1970 00:00:01 GMT', 'server': 'cloudflare', 'cf-ray': 'a18e921799c42d75-ARN', 'server-timing': 'cfL4;desc="?proto=TCP&rtt=3030&min_rtt=3030&rtt_var=1137&sent=4&recv=6&lost=0&retrans=0&sent_bytes=2825&recv_bytes=835&delivery_rate=954830&cwnd=52&unsent_bytes=0&cid=0303a5c4108d5fda&ts=467&x=0"'} -+-+- b'error code: 502'
2026-07-10 09:34:06  ERROR     Handshake status 502 Bad Gateway -+-+- {'date': 'Fri, 10 Jul 2026 09:34:06 GMT', 'content-type': 'text/plain; charset=UTF-8', 'content-length': '15', 'connection': 'keep-alive', 'report-to': '{"endpoints":[{"url":"https:\\/\\/a.nel.cloudflare.com\\/report\\/v4?s=D%2FEtiWtFOqYn58qHp0nlM6%2FiA77xSHMtdOfgfjhFjfpnG8vXn0fWaI7NhrFiDyZDHJHj9wJl5t6P3mgihtv2RBd0RxVRe8Gg3KhWXJTp9tD6mWRAdkJ7R9UXWB4EmEGQCDroUUw0THQ%3D"}],"group":"cf-nel","max_age":604800}', 'nel': '{"success_fraction":0,"report_to":"cf-nel","max_age":604800}', 'x-frame-options': 'SAMEORIGIN', 'referrer-policy': 'same-origin', 'cache-control': 'private, max-age=0, no-store, no-cache, must-revalidate, post-check=0, pre-check=0', 'expires': 'Thu, 01 Jan 1970 00:00:01 GMT', 'server': 'cloudflare', 'cf-ray': 'a18e921799c42d75-ARN', 'server-timing': 'cfL4;desc="?proto=TCP&rtt=3030&min_rtt=3030&rtt_var=1137&sent=4&recv=6&lost=0&retrans=0&sent_bytes=2825&recv_bytes=835&delivery_rate=954830&cwnd=52&unsent_bytes=0&cid=0303a5c4108d5fda&ts=467&x=0"'} -+-+- b'error code: 502' - goodbye
2026-07-10 09:34:06  WARNING   WS DISCONNECTED  code=None  reason=None  trades=0  pnl=Rs+0.00
[Fri Jul 10 09:34:06 UTC 2026] Runner exited, restarting in 10s...
[Fri Jul 10 09:34:16 UTC 2026] Starting runner...
2026-07-10 09:34:16  INFO      ============================================================
2026-07-10 09:34:16  INFO      STARTUP  date=2026-07-10  pid=304324
2026-07-10 09:34:16  INFO      Strategy: Supertrend atr=14 mult=1.5 | 15-min | LIVE mode
2026-07-10 09:34:16  INFO      Resolving NSE tokens...
2026-07-10 09:34:16  DEBUG     Starting new HTTPS connection (1): piconnect.flattrade.in:443
2026-07-10 09:34:16  DEBUG     https://piconnect.flattrade.in:443 "POST /PiConnectAPI/SearchScrip HTTP/1.1" 200 None
2026-07-10 09:34:16  INFO      Resolved  HFCL             token=21951
2026-07-10 09:34:16  DEBUG     Starting new HTTPS connection (1): piconnect.flattrade.in:443
2026-07-10 09:34:17  DEBUG     https://piconnect.flattrade.in:443 "POST /PiConnectAPI/SearchScrip HTTP/1.1" 200 None
2026-07-10 09:34:17  INFO      Resolved  BANKBARODA       token=4668
2026-07-10 09:34:17  DEBUG     Starting new HTTPS connection (1): piconnect.flattrade.in:443
2026-07-10 09:34:17  DEBUG     https://piconnect.flattrade.in:443 "POST /PiConnectAPI/SearchScrip HTTP/1.1" 200 None
2026-07-10 09:34:17  INFO      Resolved  NMDC             token=15332
2026-07-10 09:34:17  DEBUG     Starting new HTTPS connection (1): piconnect.flattrade.in:443
2026-07-10 09:34:17  DEBUG     https://piconnect.flattrade.in:443 "POST /PiConnectAPI/SearchScrip HTTP/1.1" 200 None
2026-07-10 09:34:17  INFO      Resolved  CESC             token=628
2026-07-10 09:34:17  DEBUG     Starting new HTTPS connection (1): piconnect.flattrade.in:443
2026-07-10 09:34:17  DEBUG     https://piconnect.flattrade.in:443 "POST /PiConnectAPI/SearchScrip HTTP/1.1" 200 None
2026-07-10 09:34:17  INFO      Resolved  ZEEL             token=3812
2026-07-10 09:34:17  DEBUG     Starting new HTTPS connection (1): piconnect.flattrade.in:443
2026-07-10 09:34:17  DEBUG     https://piconnect.flattrade.in:443 "POST /PiConnectAPI/SearchScrip HTTP/1.1" 200 None
2026-07-10 09:34:17  INFO      Resolved  BALRAMCHIN       token=341
2026-07-10 09:34:17  DEBUG     Starting new HTTPS connection (1): piconnect.flattrade.in:443
2026-07-10 09:34:18  DEBUG     https://piconnect.flattrade.in:443 "POST /PiConnectAPI/SearchScrip HTTP/1.1" 200 None
2026-07-10 09:34:18  INFO      Resolved  GRANULES         token=11872
2026-07-10 09:34:18  DEBUG     Starting new HTTPS connection (1): piconnect.flattrade.in:443
2026-07-10 09:34:18  DEBUG     https://piconnect.flattrade.in:443 "POST /PiConnectAPI/SearchScrip HTTP/1.1" 200 None
2026-07-10 09:34:18  INFO      Resolved  SUZLON           token=12018
2026-07-10 09:34:18  DEBUG     Starting new HTTPS connection (1): piconnect.flattrade.in:443
2026-07-10 09:34:18  DEBUG     https://piconnect.flattrade.in:443 "POST /PiConnectAPI/PositionBook HTTP/1.1" 200 None
2026-07-10 09:34:18  DEBUG     Starting new HTTPS connection (1): piconnect.flattrade.in:443
2026-07-10 09:34:18  DEBUG     https://piconnect.flattrade.in:443 "POST /PiConnectAPI/Limits HTTP/1.1" 200 None
2026-07-10 09:34:18  INFO      *** LIVE MODE  cash=Rs0  4x=Rs0  K=4  per_trade=Rs1000 ***
2026-07-10 09:34:18  INFO      8 stocks | Rs1000/trade | K=4 | EOD 15:00 IST
2026-07-10 09:34:18  INFO      ============================================================
2026-07-10 09:34:19  INFO      Websocket connected
2026-07-10 09:34:19  INFO      WS CONNECTED  subscribed=8 instruments
2026-07-10 09:34:19  INFO      Ticks -> data/2026-07-10/ticks.jsonl
2026-07-10 09:34:19  INFO      ────────────────────────────────────────────────────────────
2026-07-10 09:34:19  INFO      EOD SUMMARY  date=2026-07-10  trades=0  total_pnl=Rs0.00
2026-07-10 09:34:19  INFO      All positions flat at EOD
2026-07-10 09:34:19  INFO      Ticks  -> data/2026-07-10/ticks.jsonl
2026-07-10 09:34:19  INFO      Trades -> logs/trades_2026-07-10.csv
2026-07-10 09:34:19  INFO      ────────────────────────────────────────────────────────────
2026-07-10 09:35:01  INFO      SIGINT received — flushing and shutting down
2026-07-10 09:35:01  INFO      ────────────────────────────────────────────────────────────
2026-07-10 09:35:01  INFO      EOD SUMMARY  date=2026-07-10  trades=0  total_pnl=Rs0.00
2026-07-10 09:35:01  INFO      All positions flat at EOD
2026-07-10 09:35:01  INFO      Ticks  -> data/2026-07-10/ticks.jsonl
2026-07-10 09:35:01  INFO      Trades -> logs/trades_2026-07-10.csv
2026-07-10 09:35:01  INFO      ────────────────────────────────────────────────────────────
2026-07-10 09:35:01  ERROR     WS ERROR  0
[Fri Jul 10 09:35:01 UTC 2026] Runner stopped
2026-07-10 09:35:01  WARNING   WS DISCONNECTED  code=None  reason=None  trades=0  pnl=Rs+0.00
2026-07-10 09:35:01  ERROR     error from callback <bound method FlattradeClient._ws_close of <client.FlattradeClient object at 0x7f9eb4491ee0>>: I/O operation on closed file.
2026-07-10 09:35:01  ERROR     WS ERROR  I/O operation on closed file.
[Fri Jul 10 09:35:01 UTC 2026] Runner exited, restarting in 10s...
